embedding_model,topic_id,topic_label,document_id,score,x,y,density,color,label,cohesive
all-MiniLM-L6-v2,-1,Misinformation & Propaganda,2,,5.6154656,6.870125,3.568258047103882,"(np.float64(0.12156862745098039), np.float64(0.4666666666666667), np.float64(0.7058823529411765), np.float64(1.0))","T-1
3.57",False
all-MiniLM-L6-v2,-1,Misinformation & Propaganda,4,,5.9003673,6.5979047,3.568258047103882,"(np.float64(0.12156862745098039), np.float64(0.4666666666666667), np.float64(0.7058823529411765), np.float64(1.0))","T-1
3.57",False
all-MiniLM-L6-v2,-1,Misinformation & Propaganda,7,,2.3881218,8.147994,3.568258047103882,"(np.float64(0.12156862745098039), np.float64(0.4666666666666667), np.float64(0.7058823529411765), np.float64(1.0))","T-1
3.57",False
all-MiniLM-L6-v2,-1,Misinformation & Propaganda,11,,3.7662175,6.483745,3.568258047103882,"(np.float64(0.12156862745098039), np.float64(0.4666666666666667), np.float64(0.7058823529411765), np.float64(1.0))","T-1
3.57",False
all-MiniLM-L6-v2,-1,Misinformation & Propaganda,14,,-1.22805,9.167215,3.568258047103882,"(np.float64(0.12156862745098039), np.float64(0.4666666666666667), np.float64(0.7058823529411765), np.float64(1.0))","T-1
3.57",False
all-MiniLM-L6-v2,-1,Misinformation & Propaganda,15,,6.1269,6.95305,3.568258047103882,"(np.float64(0.12156862745098039), np.float64(0.4666666666666667), np.float64(0.7058823529411765), np.float64(1.0))","T-1
3.57",False
all-MiniLM-L6-v2,-1,Misinformation & Propaganda,21,,2.3643653,7.950801,3.568258047103882,"(np.float64(0.12156862745098039), np.float64(0.4666666666666667), np.float64(0.7058823529411765), np.float64(1.0))","T-1
3.57",False
all-MiniLM-L6-v2,-1,Misinformation & Propaganda,28,,-1.0375535,9.33342,3.568258047103882,"(np.float64(0.12156862745098039), np.float64(0.4666666666666667), np.float64(0.7058823529411765), np.float64(1.0))","T-1
3.57",False
all-MiniLM-L6-v2,-1,Misinformation & Propaganda,33,,3.9805257,5.701055,3.568258047103882,"(np.float64(0.12156862745098039), np.float64(0.4666666666666667), np.float64(0.7058823529411765), np.float64(1.0))","T-1
3.57",False
all-MiniLM-L6-v2,-1,Misinformation & Propaganda,34,,0.5169536,8.565581,3.568258047103882,"(np.float64(0.12156862745098039), np.float64(0.4666666666666667), np.float64(0.7058823529411765), np.float64(1.0))","T-1
3.57",False
all-MiniLM-L6-v2,-1,Misinformation & Propaganda,35,,0.88513327,8.520643,3.568258047103882,"(np.float64(0.12156862745098039), np.float64(0.4666666666666667), np.float64(0.7058823529411765), np.float64(1.0))","T-1
3.57",False
all-MiniLM-L6-v2,-1,Misinformation & Propaganda,40,,7.2192454,7.631787,3.568258047103882,"(np.float64(0.12156862745098039), np.float64(0.4666666666666667), np.float64(0.7058823529411765), np.float64(1.0))","T-1
3.57",False
all-MiniLM-L6-v2,-1,Misinformation & Propaganda,41,,1.1007956,8.36097,3.568258047103882,"(np.float64(0.12156862745098039), np.float64(0.4666666666666667), np.float64(0.7058823529411765), np.float64(1.0))","T-1
3.57",False
all-MiniLM-L6-v2,-1,Misinformation & Propaganda,42,,4.647144,7.117077,3.568258047103882,"(np.float64(0.12156862745098039), np.float64(0.4666666666666667), np.float64(0.7058823529411765), np.float64(1.0))","T-1
3.57",False
all-MiniLM-L6-v2,-1,Misinformation & Propaganda,46,,6.320052,9.732818,3.568258047103882,"(np.float64(0.12156862745098039), np.float64(0.4666666666666667), np.float64(0.7058823529411765), np.float64(1.0))","T-1
3.57",False
all-MiniLM-L6-v2,-1,Misinformation & Propaganda,50,,4.9848256,8.348526,3.568258047103882,"(np.float64(0.12156862745098039), np.float64(0.4666666666666667), np.float64(0.7058823529411765), np.float64(1.0))","T-1
3.57",False
all-MiniLM-L6-v2,-1,Misinformation & Propaganda,55,,5.602374,9.59844,3.568258047103882,"(np.float64(0.12156862745098039), np.float64(0.4666666666666667), np.float64(0.7058823529411765), np.float64(1.0))","T-1
3.57",False
all-MiniLM-L6-v2,-1,Misinformation & Propaganda,59,,3.8684943,8.183453,3.568258047103882,"(np.float64(0.12156862745098039), np.float64(0.4666666666666667), np.float64(0.7058823529411765), np.float64(1.0))","T-1
3.57",False
all-MiniLM-L6-v2,-1,Misinformation & Propaganda,61,,7.0905147,9.513937,3.568258047103882,"(np.float64(0.12156862745098039), np.float64(0.4666666666666667), np.float64(0.7058823529411765), np.float64(1.0))","T-1
3.57",False
all-MiniLM-L6-v2,-1,Misinformation & Propaganda,64,,3.4595833,6.6935925,3.568258047103882,"(np.float64(0.12156862745098039), np.float64(0.4666666666666667), np.float64(0.7058823529411765), np.float64(1.0))","T-1
3.57",False
all-MiniLM-L6-v2,-1,Misinformation & Propaganda,66,,8.654202,7.20747,3.568258047103882,"(np.float64(0.12156862745098039), np.float64(0.4666666666666667), np.float64(0.7058823529411765), np.float64(1.0))","T-1
3.57",False
all-MiniLM-L6-v2,-1,Misinformation & Propaganda,67,,6.702315,9.1473875,3.568258047103882,"(np.float64(0.12156862745098039), np.float64(0.4666666666666667), np.float64(0.7058823529411765), np.float64(1.0))","T-1
3.57",False
all-MiniLM-L6-v2,-1,Misinformation & Propaganda,71,,-1.061871,9.474204,3.568258047103882,"(np.float64(0.12156862745098039), np.float64(0.4666666666666667), np.float64(0.7058823529411765), np.float64(1.0))","T-1
3.57",False
all-MiniLM-L6-v2,-1,Misinformation & Propaganda,72,,-0.4808907,10.015127,3.568258047103882,"(np.float64(0.12156862745098039), np.float64(0.4666666666666667), np.float64(0.7058823529411765), np.float64(1.0))","T-1
3.57",False
all-MiniLM-L6-v2,-1,Misinformation & Propaganda,76,,5.7190123,9.811651,3.568258047103882,"(np.float64(0.12156862745098039), np.float64(0.4666666666666667), np.float64(0.7058823529411765), np.float64(1.0))","T-1
3.57",False
all-MiniLM-L6-v2,-1,Misinformation & Propaganda,78,,3.743053,5.4552875,3.568258047103882,"(np.float64(0.12156862745098039), np.float64(0.4666666666666667), np.float64(0.7058823529411765), np.float64(1.0))","T-1
3.57",False
all-MiniLM-L6-v2,-1,Misinformation & Propaganda,80,,6.8036833,9.487519,3.568258047103882,"(np.float64(0.12156862745098039), np.float64(0.4666666666666667), np.float64(0.7058823529411765), np.float64(1.0))","T-1
3.57",False
all-MiniLM-L6-v2,-1,Misinformation & Propaganda,81,,4.9609814,6.103257,3.568258047103882,"(np.float64(0.12156862745098039), np.float64(0.4666666666666667), np.float64(0.7058823529411765), np.float64(1.0))","T-1
3.57",False
all-MiniLM-L6-v2,-1,Misinformation & Propaganda,83,,8.31027,8.036201,3.568258047103882,"(np.float64(0.12156862745098039), np.float64(0.4666666666666667), np.float64(0.7058823529411765), np.float64(1.0))","T-1
3.57",False
all-MiniLM-L6-v2,-1,Misinformation & Propaganda,84,,3.7856383,7.003902,3.568258047103882,"(np.float64(0.12156862745098039), np.float64(0.4666666666666667), np.float64(0.7058823529411765), np.float64(1.0))","T-1
3.57",False
all-MiniLM-L6-v2,-1,Misinformation & Propaganda,89,,3.9052942,5.7113733,3.568258047103882,"(np.float64(0.12156862745098039), np.float64(0.4666666666666667), np.float64(0.7058823529411765), np.float64(1.0))","T-1
3.57",False
all-MiniLM-L6-v2,-1,Misinformation & Propaganda,91,,3.8220758,5.999889,3.568258047103882,"(np.float64(0.12156862745098039), np.float64(0.4666666666666667), np.float64(0.7058823529411765), np.float64(1.0))","T-1
3.57",False
all-MiniLM-L6-v2,-1,Misinformation & Propaganda,92,,5.050181,5.129163,3.568258047103882,"(np.float64(0.12156862745098039), np.float64(0.4666666666666667), np.float64(0.7058823529411765), np.float64(1.0))","T-1
3.57",False
all-MiniLM-L6-v2,-1,Misinformation & Propaganda,94,,4.718382,5.328473,3.568258047103882,"(np.float64(0.12156862745098039), np.float64(0.4666666666666667), np.float64(0.7058823529411765), np.float64(1.0))","T-1
3.57",False
all-MiniLM-L6-v2,-1,Misinformation & Propaganda,98,,4.741382,5.4684587,3.568258047103882,"(np.float64(0.12156862745098039), np.float64(0.4666666666666667), np.float64(0.7058823529411765), np.float64(1.0))","T-1
3.57",False
all-MiniLM-L6-v2,-1,Misinformation & Propaganda,99,,4.050504,6.289376,3.568258047103882,"(np.float64(0.12156862745098039), np.float64(0.4666666666666667), np.float64(0.7058823529411765), np.float64(1.0))","T-1
3.57",False
all-MiniLM-L6-v2,-1,Misinformation & Propaganda,100,,0.12285183,8.720037,3.568258047103882,"(np.float64(0.12156862745098039), np.float64(0.4666666666666667), np.float64(0.7058823529411765), np.float64(1.0))","T-1
3.57",False
all-MiniLM-L6-v2,-1,Misinformation & Propaganda,101,,3.2208352,6.988442,3.568258047103882,"(np.float64(0.12156862745098039), np.float64(0.4666666666666667), np.float64(0.7058823529411765), np.float64(1.0))","T-1
3.57",False
all-MiniLM-L6-v2,-1,Misinformation & Propaganda,102,,4.3706865,6.0103106,3.568258047103882,"(np.float64(0.12156862745098039), np.float64(0.4666666666666667), np.float64(0.7058823529411765), np.float64(1.0))","T-1
3.57",False
all-MiniLM-L6-v2,-1,Misinformation & Propaganda,105,,3.380371,6.504586,3.568258047103882,"(np.float64(0.12156862745098039), np.float64(0.4666666666666667), np.float64(0.7058823529411765), np.float64(1.0))","T-1
3.57",False
all-MiniLM-L6-v2,-1,Misinformation & Propaganda,110,,3.9559627,5.5562572,3.568258047103882,"(np.float64(0.12156862745098039), np.float64(0.4666666666666667), np.float64(0.7058823529411765), np.float64(1.0))","T-1
3.57",False
all-MiniLM-L6-v2,-1,Misinformation & Propaganda,111,,3.8075237,6.616752,3.568258047103882,"(np.float64(0.12156862745098039), np.float64(0.4666666666666667), np.float64(0.7058823529411765), np.float64(1.0))","T-1
3.57",False
all-MiniLM-L6-v2,-1,Misinformation & Propaganda,113,,4.248623,5.2521935,3.568258047103882,"(np.float64(0.12156862745098039), np.float64(0.4666666666666667), np.float64(0.7058823529411765), np.float64(1.0))","T-1
3.57",False
all-MiniLM-L6-v2,-1,Misinformation & Propaganda,116,,4.453423,5.41227,3.568258047103882,"(np.float64(0.12156862745098039), np.float64(0.4666666666666667), np.float64(0.7058823529411765), np.float64(1.0))","T-1
3.57",False
all-MiniLM-L6-v2,-1,Misinformation & Propaganda,119,,3.282375,6.070549,3.568258047103882,"(np.float64(0.12156862745098039), np.float64(0.4666666666666667), np.float64(0.7058823529411765), np.float64(1.0))","T-1
3.57",False
all-MiniLM-L6-v2,-1,Misinformation & Propaganda,120,,3.4220748,6.1546254,3.568258047103882,"(np.float64(0.12156862745098039), np.float64(0.4666666666666667), np.float64(0.7058823529411765), np.float64(1.0))","T-1
3.57",False
all-MiniLM-L6-v2,-1,Misinformation & Propaganda,124,,3.9758184,5.701301,3.568258047103882,"(np.float64(0.12156862745098039), np.float64(0.4666666666666667), np.float64(0.7058823529411765), np.float64(1.0))","T-1
3.57",False
all-MiniLM-L6-v2,-1,Misinformation & Propaganda,125,,4.1836853,5.960418,3.568258047103882,"(np.float64(0.12156862745098039), np.float64(0.4666666666666667), np.float64(0.7058823529411765), np.float64(1.0))","T-1
3.57",False
all-MiniLM-L6-v2,-1,Misinformation & Propaganda,126,,3.2733428,6.7324514,3.568258047103882,"(np.float64(0.12156862745098039), np.float64(0.4666666666666667), np.float64(0.7058823529411765), np.float64(1.0))","T-1
3.57",False
all-MiniLM-L6-v2,-1,Misinformation & Propaganda,136,,-0.7033955,9.395585,3.568258047103882,"(np.float64(0.12156862745098039), np.float64(0.4666666666666667), np.float64(0.7058823529411765), np.float64(1.0))","T-1
3.57",False
all-MiniLM-L6-v2,-1,Misinformation & Propaganda,137,,0.16685791,9.704929,3.568258047103882,"(np.float64(0.12156862745098039), np.float64(0.4666666666666667), np.float64(0.7058823529411765), np.float64(1.0))","T-1
3.57",False
all-MiniLM-L6-v2,-1,Misinformation & Propaganda,138,,-1.2177018,9.266561,3.568258047103882,"(np.float64(0.12156862745098039), np.float64(0.4666666666666667), np.float64(0.7058823529411765), np.float64(1.0))","T-1
3.57",False
all-MiniLM-L6-v2,-1,Misinformation & Propaganda,140,,-1.0208979,9.217838,3.568258047103882,"(np.float64(0.12156862745098039), np.float64(0.4666666666666667), np.float64(0.7058823529411765), np.float64(1.0))","T-1
3.57",False
all-MiniLM-L6-v2,-1,Misinformation & Propaganda,142,,-0.41847673,9.569536,3.568258047103882,"(np.float64(0.12156862745098039), np.float64(0.4666666666666667), np.float64(0.7058823529411765), np.float64(1.0))","T-1
3.57",False
all-MiniLM-L6-v2,-1,Misinformation & Propaganda,147,,-1.2252313,9.314669,3.568258047103882,"(np.float64(0.12156862745098039), np.float64(0.4666666666666667), np.float64(0.7058823529411765), np.float64(1.0))","T-1
3.57",False
all-MiniLM-L6-v2,-1,Misinformation & Propaganda,148,,-0.69466645,9.713813,3.568258047103882,"(np.float64(0.12156862745098039), np.float64(0.4666666666666667), np.float64(0.7058823529411765), np.float64(1.0))","T-1
3.57",False
all-MiniLM-L6-v2,-1,Misinformation & Propaganda,153,,-1.3392336,9.13022,3.568258047103882,"(np.float64(0.12156862745098039), np.float64(0.4666666666666667), np.float64(0.7058823529411765), np.float64(1.0))","T-1
3.57",False
all-MiniLM-L6-v2,-1,Misinformation & Propaganda,154,,10.544212,3.909425,3.568258047103882,"(np.float64(0.12156862745098039), np.float64(0.4666666666666667), np.float64(0.7058823529411765), np.float64(1.0))","T-1
3.57",False
all-MiniLM-L6-v2,-1,Misinformation & Propaganda,160,,-0.45478165,9.559344,3.568258047103882,"(np.float64(0.12156862745098039), np.float64(0.4666666666666667), np.float64(0.7058823529411765), np.float64(1.0))","T-1
3.57",False
all-MiniLM-L6-v2,-1,Misinformation & Propaganda,162,,-0.6920091,9.518025,3.568258047103882,"(np.float64(0.12156862745098039), np.float64(0.4666666666666667), np.float64(0.7058823529411765), np.float64(1.0))","T-1
3.57",False
all-MiniLM-L6-v2,-1,Misinformation & Propaganda,167,,0.63555074,9.807946,3.568258047103882,"(np.float64(0.12156862745098039), np.float64(0.4666666666666667), np.float64(0.7058823529411765), np.float64(1.0))","T-1
3.57",False
all-MiniLM-L6-v2,-1,Misinformation & Propaganda,170,,7.1007886,9.51946,3.568258047103882,"(np.float64(0.12156862745098039), np.float64(0.4666666666666667), np.float64(0.7058823529411765), np.float64(1.0))","T-1
3.57",False
all-MiniLM-L6-v2,-1,Misinformation & Propaganda,176,,5.0260797,6.019061,3.568258047103882,"(np.float64(0.12156862745098039), np.float64(0.4666666666666667), np.float64(0.7058823529411765), np.float64(1.0))","T-1
3.57",False
all-MiniLM-L6-v2,-1,Misinformation & Propaganda,178,,7.752234,8.709476,3.568258047103882,"(np.float64(0.12156862745098039), np.float64(0.4666666666666667), np.float64(0.7058823529411765), np.float64(1.0))","T-1
3.57",False
all-MiniLM-L6-v2,-1,Misinformation & Propaganda,182,,-1.3207282,9.039744,3.568258047103882,"(np.float64(0.12156862745098039), np.float64(0.4666666666666667), np.float64(0.7058823529411765), np.float64(1.0))","T-1
3.57",False
all-MiniLM-L6-v2,-1,Misinformation & Propaganda,186,,4.040468,8.10523,3.568258047103882,"(np.float64(0.12156862745098039), np.float64(0.4666666666666667), np.float64(0.7058823529411765), np.float64(1.0))","T-1
3.57",False
all-MiniLM-L6-v2,-1,Misinformation & Propaganda,188,,4.210881,8.218555,3.568258047103882,"(np.float64(0.12156862745098039), np.float64(0.4666666666666667), np.float64(0.7058823529411765), np.float64(1.0))","T-1
3.57",False
all-MiniLM-L6-v2,-1,Misinformation & Propaganda,189,,7.9733024,8.3515,3.568258047103882,"(np.float64(0.12156862745098039), np.float64(0.4666666666666667), np.float64(0.7058823529411765), np.float64(1.0))","T-1
3.57",False
all-MiniLM-L6-v2,-1,Misinformation & Propaganda,190,,-0.6688154,8.826272,3.568258047103882,"(np.float64(0.12156862745098039), np.float64(0.4666666666666667), np.float64(0.7058823529411765), np.float64(1.0))","T-1
3.57",False
all-MiniLM-L6-v2,-1,Misinformation & Propaganda,191,,-1.0055776,9.387381,3.568258047103882,"(np.float64(0.12156862745098039), np.float64(0.4666666666666667), np.float64(0.7058823529411765), np.float64(1.0))","T-1
3.57",False
all-MiniLM-L6-v2,-1,Misinformation & Propaganda,194,,4.44341,5.0035443,3.568258047103882,"(np.float64(0.12156862745098039), np.float64(0.4666666666666667), np.float64(0.7058823529411765), np.float64(1.0))","T-1
3.57",False
all-MiniLM-L6-v2,-1,Misinformation & Propaganda,205,,5.9500904,10.240772,3.568258047103882,"(np.float64(0.12156862745098039), np.float64(0.4666666666666667), np.float64(0.7058823529411765), np.float64(1.0))","T-1
3.57",False
all-MiniLM-L6-v2,-1,Misinformation & Propaganda,206,,6.8241735,6.752263,3.568258047103882,"(np.float64(0.12156862745098039), np.float64(0.4666666666666667), np.float64(0.7058823529411765), np.float64(1.0))","T-1
3.57",False
all-MiniLM-L6-v2,-1,Misinformation & Propaganda,210,,5.6654944,8.232709,3.568258047103882,"(np.float64(0.12156862745098039), np.float64(0.4666666666666667), np.float64(0.7058823529411765), np.float64(1.0))","T-1
3.57",False
all-MiniLM-L6-v2,-1,Misinformation & Propaganda,211,,6.136583,10.062331,3.568258047103882,"(np.float64(0.12156862745098039), np.float64(0.4666666666666667), np.float64(0.7058823529411765), np.float64(1.0))","T-1
3.57",False
all-MiniLM-L6-v2,-1,Misinformation & Propaganda,213,,4.6157265,6.4042325,3.568258047103882,"(np.float64(0.12156862745098039), np.float64(0.4666666666666667), np.float64(0.7058823529411765), np.float64(1.0))","T-1
3.57",False
all-MiniLM-L6-v2,-1,Misinformation & Propaganda,215,,3.8601701,5.8071084,3.568258047103882,"(np.float64(0.12156862745098039), np.float64(0.4666666666666667), np.float64(0.7058823529411765), np.float64(1.0))","T-1
3.57",False
all-MiniLM-L6-v2,-1,Misinformation & Propaganda,218,,3.6616454,5.4608917,3.568258047103882,"(np.float64(0.12156862745098039), np.float64(0.4666666666666667), np.float64(0.7058823529411765), np.float64(1.0))","T-1
3.57",False
all-MiniLM-L6-v2,-1,Misinformation & Propaganda,220,,4.7408056,6.766781,3.568258047103882,"(np.float64(0.12156862745098039), np.float64(0.4666666666666667), np.float64(0.7058823529411765), np.float64(1.0))","T-1
3.57",False
all-MiniLM-L6-v2,-1,Misinformation & Propaganda,227,,4.7651653,5.287014,3.568258047103882,"(np.float64(0.12156862745098039), np.float64(0.4666666666666667), np.float64(0.7058823529411765), np.float64(1.0))","T-1
3.57",False
all-MiniLM-L6-v2,-1,Misinformation & Propaganda,231,,-0.90450084,9.849859,3.568258047103882,"(np.float64(0.12156862745098039), np.float64(0.4666666666666667), np.float64(0.7058823529411765), np.float64(1.0))","T-1
3.57",False
all-MiniLM-L6-v2,-1,Misinformation & Propaganda,236,,3.2268424,6.455079,3.568258047103882,"(np.float64(0.12156862745098039), np.float64(0.4666666666666667), np.float64(0.7058823529411765), np.float64(1.0))","T-1
3.57",False
all-MiniLM-L6-v2,-1,Misinformation & Propaganda,240,,4.8011603,5.611687,3.568258047103882,"(np.float64(0.12156862745098039), np.float64(0.4666666666666667), np.float64(0.7058823529411765), np.float64(1.0))","T-1
3.57",False
all-MiniLM-L6-v2,-1,Misinformation & Propaganda,243,,6.42587,8.1564045,3.568258047103882,"(np.float64(0.12156862745098039), np.float64(0.4666666666666667), np.float64(0.7058823529411765), np.float64(1.0))","T-1
3.57",False
all-MiniLM-L6-v2,-1,Misinformation & Propaganda,246,,-0.71478564,9.381234,3.568258047103882,"(np.float64(0.12156862745098039), np.float64(0.4666666666666667), np.float64(0.7058823529411765), np.float64(1.0))","T-1
3.57",False
all-MiniLM-L6-v2,-1,Misinformation & Propaganda,248,,0.5006508,9.628055,3.568258047103882,"(np.float64(0.12156862745098039), np.float64(0.4666666666666667), np.float64(0.7058823529411765), np.float64(1.0))","T-1
3.57",False
all-MiniLM-L6-v2,-1,Misinformation & Propaganda,252,,6.7350264,7.9646554,3.568258047103882,"(np.float64(0.12156862745098039), np.float64(0.4666666666666667), np.float64(0.7058823529411765), np.float64(1.0))","T-1
3.57",False
all-MiniLM-L6-v2,-1,Misinformation & Propaganda,253,,6.812977,8.931756,3.568258047103882,"(np.float64(0.12156862745098039), np.float64(0.4666666666666667), np.float64(0.7058823529411765), np.float64(1.0))","T-1
3.57",False
all-MiniLM-L6-v2,-1,Misinformation & Propaganda,255,,5.748406,8.671905,3.568258047103882,"(np.float64(0.12156862745098039), np.float64(0.4666666666666667), np.float64(0.7058823529411765), np.float64(1.0))","T-1
3.57",False
all-MiniLM-L6-v2,-1,Misinformation & Propaganda,265,,5.780876,6.3622584,3.568258047103882,"(np.float64(0.12156862745098039), np.float64(0.4666666666666667), np.float64(0.7058823529411765), np.float64(1.0))","T-1
3.57",False
all-MiniLM-L6-v2,-1,Misinformation & Propaganda,266,,6.2900276,8.89656,3.568258047103882,"(np.float64(0.12156862745098039), np.float64(0.4666666666666667), np.float64(0.7058823529411765), np.float64(1.0))","T-1
3.57",False
all-MiniLM-L6-v2,-1,Misinformation & Propaganda,267,,3.1144464,6.858598,3.568258047103882,"(np.float64(0.12156862745098039), np.float64(0.4666666666666667), np.float64(0.7058823529411765), np.float64(1.0))","T-1
3.57",False
all-MiniLM-L6-v2,-1,Misinformation & Propaganda,272,,0.47160983,9.471102,3.568258047103882,"(np.float64(0.12156862745098039), np.float64(0.4666666666666667), np.float64(0.7058823529411765), np.float64(1.0))","T-1
3.57",False
all-MiniLM-L6-v2,-1,Misinformation & Propaganda,275,,4.5504365,7.0489407,3.568258047103882,"(np.float64(0.12156862745098039), np.float64(0.4666666666666667), np.float64(0.7058823529411765), np.float64(1.0))","T-1
3.57",False
all-MiniLM-L6-v2,-1,Misinformation & Propaganda,277,,0.52731556,9.36696,3.568258047103882,"(np.float64(0.12156862745098039), np.float64(0.4666666666666667), np.float64(0.7058823529411765), np.float64(1.0))","T-1
3.57",False
all-MiniLM-L6-v2,-1,Misinformation & Propaganda,280,,3.8977873,5.4263196,3.568258047103882,"(np.float64(0.12156862745098039), np.float64(0.4666666666666667), np.float64(0.7058823529411765), np.float64(1.0))","T-1
3.57",False
all-MiniLM-L6-v2,-1,Misinformation & Propaganda,281,,5.431708,5.432854,3.568258047103882,"(np.float64(0.12156862745098039), np.float64(0.4666666666666667), np.float64(0.7058823529411765), np.float64(1.0))","T-1
3.57",False
all-MiniLM-L6-v2,-1,Misinformation & Propaganda,282,,4.19198,6.48579,3.568258047103882,"(np.float64(0.12156862745098039), np.float64(0.4666666666666667), np.float64(0.7058823529411765), np.float64(1.0))","T-1
3.57",False
all-MiniLM-L6-v2,-1,Misinformation & Propaganda,288,,4.124799,6.516822,3.568258047103882,"(np.float64(0.12156862745098039), np.float64(0.4666666666666667), np.float64(0.7058823529411765), np.float64(1.0))","T-1
3.57",False
all-MiniLM-L6-v2,-1,Misinformation & Propaganda,291,,3.9367766,5.2545147,3.568258047103882,"(np.float64(0.12156862745098039), np.float64(0.4666666666666667), np.float64(0.7058823529411765), np.float64(1.0))","T-1
3.57",False
all-MiniLM-L6-v2,-1,Misinformation & Propaganda,293,,3.9490807,5.834397,3.568258047103882,"(np.float64(0.12156862745098039), np.float64(0.4666666666666667), np.float64(0.7058823529411765), np.float64(1.0))","T-1
3.57",False
all-MiniLM-L6-v2,-1,Misinformation & Propaganda,294,,3.3531606,6.141066,3.568258047103882,"(np.float64(0.12156862745098039), np.float64(0.4666666666666667), np.float64(0.7058823529411765), np.float64(1.0))","T-1
3.57",False
all-MiniLM-L6-v2,-1,Misinformation & Propaganda,295,,4.8984666,5.0916376,3.568258047103882,"(np.float64(0.12156862745098039), np.float64(0.4666666666666667), np.float64(0.7058823529411765), np.float64(1.0))","T-1
3.57",False
all-MiniLM-L6-v2,-1,Misinformation & Propaganda,297,,4.5443254,5.274344,3.568258047103882,"(np.float64(0.12156862745098039), np.float64(0.4666666666666667), np.float64(0.7058823529411765), np.float64(1.0))","T-1
3.57",False
all-MiniLM-L6-v2,-1,Misinformation & Propaganda,300,,4.537669,5.152143,3.568258047103882,"(np.float64(0.12156862745098039), np.float64(0.4666666666666667), np.float64(0.7058823529411765), np.float64(1.0))","T-1
3.57",False
all-MiniLM-L6-v2,-1,Misinformation & Propaganda,301,,2.3824642,7.669394,3.568258047103882,"(np.float64(0.12156862745098039), np.float64(0.4666666666666667), np.float64(0.7058823529411765), np.float64(1.0))","T-1
3.57",False
all-MiniLM-L6-v2,-1,Misinformation & Propaganda,307,,3.8081203,6.605916,3.568258047103882,"(np.float64(0.12156862745098039), np.float64(0.4666666666666667), np.float64(0.7058823529411765), np.float64(1.0))","T-1
3.57",False
all-MiniLM-L6-v2,-1,Misinformation & Propaganda,308,,3.5851903,7.1453238,3.568258047103882,"(np.float64(0.12156862745098039), np.float64(0.4666666666666667), np.float64(0.7058823529411765), np.float64(1.0))","T-1
3.57",False
all-MiniLM-L6-v2,-1,Misinformation & Propaganda,310,,5.0921926,5.1799984,3.568258047103882,"(np.float64(0.12156862745098039), np.float64(0.4666666666666667), np.float64(0.7058823529411765), np.float64(1.0))","T-1
3.57",False
all-MiniLM-L6-v2,-1,Misinformation & Propaganda,311,,2.775721,7.5209966,3.568258047103882,"(np.float64(0.12156862745098039), np.float64(0.4666666666666667), np.float64(0.7058823529411765), np.float64(1.0))","T-1
3.57",False
all-MiniLM-L6-v2,-1,Misinformation & Propaganda,312,,4.228235,5.5503235,3.568258047103882,"(np.float64(0.12156862745098039), np.float64(0.4666666666666667), np.float64(0.7058823529411765), np.float64(1.0))","T-1
3.57",False
all-MiniLM-L6-v2,-1,Misinformation & Propaganda,315,,4.031254,6.6557817,3.568258047103882,"(np.float64(0.12156862745098039), np.float64(0.4666666666666667), np.float64(0.7058823529411765), np.float64(1.0))","T-1
3.57",False
all-MiniLM-L6-v2,-1,Misinformation & Propaganda,323,,-0.9604021,9.808276,3.568258047103882,"(np.float64(0.12156862745098039), np.float64(0.4666666666666667), np.float64(0.7058823529411765), np.float64(1.0))","T-1
3.57",False
all-MiniLM-L6-v2,-1,Misinformation & Propaganda,325,,0.2761745,10.229376,3.568258047103882,"(np.float64(0.12156862745098039), np.float64(0.4666666666666667), np.float64(0.7058823529411765), np.float64(1.0))","T-1
3.57",False
all-MiniLM-L6-v2,-1,Misinformation & Propaganda,332,,0.42351905,8.687848,3.568258047103882,"(np.float64(0.12156862745098039), np.float64(0.4666666666666667), np.float64(0.7058823529411765), np.float64(1.0))","T-1
3.57",False
all-MiniLM-L6-v2,-1,Misinformation & Propaganda,337,,-0.5776377,9.489503,3.568258047103882,"(np.float64(0.12156862745098039), np.float64(0.4666666666666667), np.float64(0.7058823529411765), np.float64(1.0))","T-1
3.57",False
all-MiniLM-L6-v2,-1,Misinformation & Propaganda,338,,-0.6643602,9.330128,3.568258047103882,"(np.float64(0.12156862745098039), np.float64(0.4666666666666667), np.float64(0.7058823529411765), np.float64(1.0))","T-1
3.57",False
all-MiniLM-L6-v2,-1,Misinformation & Propaganda,342,,-0.54851073,9.472929,3.568258047103882,"(np.float64(0.12156862745098039), np.float64(0.4666666666666667), np.float64(0.7058823529411765), np.float64(1.0))","T-1
3.57",False
all-MiniLM-L6-v2,-1,Misinformation & Propaganda,343,,7.2270427,7.0725555,3.568258047103882,"(np.float64(0.12156862745098039), np.float64(0.4666666666666667), np.float64(0.7058823529411765), np.float64(1.0))","T-1
3.57",False
all-MiniLM-L6-v2,-1,Misinformation & Propaganda,351,,-1.3423355,9.67662,3.568258047103882,"(np.float64(0.12156862745098039), np.float64(0.4666666666666667), np.float64(0.7058823529411765), np.float64(1.0))","T-1
3.57",False
all-MiniLM-L6-v2,-1,Misinformation & Propaganda,352,,5.5575113,6.8280444,3.568258047103882,"(np.float64(0.12156862745098039), np.float64(0.4666666666666667), np.float64(0.7058823529411765), np.float64(1.0))","T-1
3.57",False
all-MiniLM-L6-v2,-1,Misinformation & Propaganda,358,,6.77498,8.478174,3.568258047103882,"(np.float64(0.12156862745098039), np.float64(0.4666666666666667), np.float64(0.7058823529411765), np.float64(1.0))","T-1
3.57",False
all-MiniLM-L6-v2,-1,Misinformation & Propaganda,365,,3.6325767,6.341984,3.568258047103882,"(np.float64(0.12156862745098039), np.float64(0.4666666666666667), np.float64(0.7058823529411765), np.float64(1.0))","T-1
3.57",False
all-MiniLM-L6-v2,-1,Misinformation & Propaganda,369,,5.0408697,7.737505,3.568258047103882,"(np.float64(0.12156862745098039), np.float64(0.4666666666666667), np.float64(0.7058823529411765), np.float64(1.0))","T-1
3.57",False
all-MiniLM-L6-v2,-1,Misinformation & Propaganda,381,,4.7354417,5.2529616,3.568258047103882,"(np.float64(0.12156862745098039), np.float64(0.4666666666666667), np.float64(0.7058823529411765), np.float64(1.0))","T-1
3.57",False
all-MiniLM-L6-v2,-1,Misinformation & Propaganda,382,,6.125808,6.541264,3.568258047103882,"(np.float64(0.12156862745098039), np.float64(0.4666666666666667), np.float64(0.7058823529411765), np.float64(1.0))","T-1
3.57",False
all-MiniLM-L6-v2,-1,Misinformation & Propaganda,384,,-1.1346722,8.918242,3.568258047103882,"(np.float64(0.12156862745098039), np.float64(0.4666666666666667), np.float64(0.7058823529411765), np.float64(1.0))","T-1
3.57",False
all-MiniLM-L6-v2,-1,Misinformation & Propaganda,393,,5.6752014,9.340779,3.568258047103882,"(np.float64(0.12156862745098039), np.float64(0.4666666666666667), np.float64(0.7058823529411765), np.float64(1.0))","T-1
3.57",False
all-MiniLM-L6-v2,-1,Misinformation & Propaganda,394,,5.7720437,10.157151,3.568258047103882,"(np.float64(0.12156862745098039), np.float64(0.4666666666666667), np.float64(0.7058823529411765), np.float64(1.0))","T-1
3.57",False
all-MiniLM-L6-v2,-1,Misinformation & Propaganda,395,,3.5239196,8.176244,3.568258047103882,"(np.float64(0.12156862745098039), np.float64(0.4666666666666667), np.float64(0.7058823529411765), np.float64(1.0))","T-1
3.57",False
all-MiniLM-L6-v2,-1,Misinformation & Propaganda,399,,-0.36587477,8.776047,3.568258047103882,"(np.float64(0.12156862745098039), np.float64(0.4666666666666667), np.float64(0.7058823529411765), np.float64(1.0))","T-1
3.57",False
all-MiniLM-L6-v2,-1,Misinformation & Propaganda,403,,7.3708453,7.0394397,3.568258047103882,"(np.float64(0.12156862745098039), np.float64(0.4666666666666667), np.float64(0.7058823529411765), np.float64(1.0))","T-1
3.57",False
all-MiniLM-L6-v2,-1,Misinformation & Propaganda,408,,-1.3834326,9.261613,3.568258047103882,"(np.float64(0.12156862745098039), np.float64(0.4666666666666667), np.float64(0.7058823529411765), np.float64(1.0))","T-1
3.57",False
all-MiniLM-L6-v2,-1,Misinformation & Propaganda,410,,5.4421396,8.166819,3.568258047103882,"(np.float64(0.12156862745098039), np.float64(0.4666666666666667), np.float64(0.7058823529411765), np.float64(1.0))","T-1
3.57",False
all-MiniLM-L6-v2,-1,Misinformation & Propaganda,414,,2.6171985,8.189808,3.568258047103882,"(np.float64(0.12156862745098039), np.float64(0.4666666666666667), np.float64(0.7058823529411765), np.float64(1.0))","T-1
3.57",False
all-MiniLM-L6-v2,-1,Misinformation & Propaganda,415,,6.100963,6.5578876,3.568258047103882,"(np.float64(0.12156862745098039), np.float64(0.4666666666666667), np.float64(0.7058823529411765), np.float64(1.0))","T-1
3.57",False
all-MiniLM-L6-v2,-1,Misinformation & Propaganda,416,,2.566039,7.5689735,3.568258047103882,"(np.float64(0.12156862745098039), np.float64(0.4666666666666667), np.float64(0.7058823529411765), np.float64(1.0))","T-1
3.57",False
all-MiniLM-L6-v2,-1,Misinformation & Propaganda,417,,5.2913227,5.755462,3.568258047103882,"(np.float64(0.12156862745098039), np.float64(0.4666666666666667), np.float64(0.7058823529411765), np.float64(1.0))","T-1
3.57",False
all-MiniLM-L6-v2,-1,Misinformation & Propaganda,418,,3.5130033,5.876387,3.568258047103882,"(np.float64(0.12156862745098039), np.float64(0.4666666666666667), np.float64(0.7058823529411765), np.float64(1.0))","T-1
3.57",False
all-MiniLM-L6-v2,-1,Misinformation & Propaganda,420,,0.4028208,9.596426,3.568258047103882,"(np.float64(0.12156862745098039), np.float64(0.4666666666666667), np.float64(0.7058823529411765), np.float64(1.0))","T-1
3.57",False
all-MiniLM-L6-v2,-1,Misinformation & Propaganda,421,,4.2675295,6.6404305,3.568258047103882,"(np.float64(0.12156862745098039), np.float64(0.4666666666666667), np.float64(0.7058823529411765), np.float64(1.0))","T-1
3.57",False
all-MiniLM-L6-v2,-1,Misinformation & Propaganda,423,,5.866011,6.2835755,3.568258047103882,"(np.float64(0.12156862745098039), np.float64(0.4666666666666667), np.float64(0.7058823529411765), np.float64(1.0))","T-1
3.57",False
all-MiniLM-L6-v2,-1,Misinformation & Propaganda,425,,3.9951415,5.69591,3.568258047103882,"(np.float64(0.12156862745098039), np.float64(0.4666666666666667), np.float64(0.7058823529411765), np.float64(1.0))","T-1
3.57",False
all-MiniLM-L6-v2,-1,Misinformation & Propaganda,428,,4.850196,5.805237,3.568258047103882,"(np.float64(0.12156862745098039), np.float64(0.4666666666666667), np.float64(0.7058823529411765), np.float64(1.0))","T-1
3.57",False
all-MiniLM-L6-v2,-1,Misinformation & Propaganda,429,,3.3830087,5.8506923,3.568258047103882,"(np.float64(0.12156862745098039), np.float64(0.4666666666666667), np.float64(0.7058823529411765), np.float64(1.0))","T-1
3.57",False
all-MiniLM-L6-v2,-1,Misinformation & Propaganda,432,,0.352329,9.625839,3.568258047103882,"(np.float64(0.12156862745098039), np.float64(0.4666666666666667), np.float64(0.7058823529411765), np.float64(1.0))","T-1
3.57",False
all-MiniLM-L6-v2,-1,Misinformation & Propaganda,434,,3.295369,5.9958444,3.568258047103882,"(np.float64(0.12156862745098039), np.float64(0.4666666666666667), np.float64(0.7058823529411765), np.float64(1.0))","T-1
3.57",False
all-MiniLM-L6-v2,-1,Misinformation & Propaganda,436,,4.8362575,5.404173,3.568258047103882,"(np.float64(0.12156862745098039), np.float64(0.4666666666666667), np.float64(0.7058823529411765), np.float64(1.0))","T-1
3.57",False
all-MiniLM-L6-v2,-1,Misinformation & Propaganda,437,,5.8485417,6.461938,3.568258047103882,"(np.float64(0.12156862745098039), np.float64(0.4666666666666667), np.float64(0.7058823529411765), np.float64(1.0))","T-1
3.57",False
all-MiniLM-L6-v2,-1,Misinformation & Propaganda,439,,4.054683,7.1446624,3.568258047103882,"(np.float64(0.12156862745098039), np.float64(0.4666666666666667), np.float64(0.7058823529411765), np.float64(1.0))","T-1
3.57",False
all-MiniLM-L6-v2,-1,Misinformation & Propaganda,440,,5.3576756,7.3893332,3.568258047103882,"(np.float64(0.12156862745098039), np.float64(0.4666666666666667), np.float64(0.7058823529411765), np.float64(1.0))","T-1
3.57",False
all-MiniLM-L6-v2,-1,Misinformation & Propaganda,441,,2.3320704,7.720514,3.568258047103882,"(np.float64(0.12156862745098039), np.float64(0.4666666666666667), np.float64(0.7058823529411765), np.float64(1.0))","T-1
3.57",False
all-MiniLM-L6-v2,-1,Misinformation & Propaganda,442,,3.6761065,8.149254,3.568258047103882,"(np.float64(0.12156862745098039), np.float64(0.4666666666666667), np.float64(0.7058823529411765), np.float64(1.0))","T-1
3.57",False
all-MiniLM-L6-v2,-1,Misinformation & Propaganda,444,,3.3324778,5.915632,3.568258047103882,"(np.float64(0.12156862745098039), np.float64(0.4666666666666667), np.float64(0.7058823529411765), np.float64(1.0))","T-1
3.57",False
all-MiniLM-L6-v2,-1,Misinformation & Propaganda,445,,3.9468226,6.628034,3.568258047103882,"(np.float64(0.12156862745098039), np.float64(0.4666666666666667), np.float64(0.7058823529411765), np.float64(1.0))","T-1
3.57",False
all-MiniLM-L6-v2,-1,Misinformation & Propaganda,446,,3.9848788,8.1695795,3.568258047103882,"(np.float64(0.12156862745098039), np.float64(0.4666666666666667), np.float64(0.7058823529411765), np.float64(1.0))","T-1
3.57",False
all-MiniLM-L6-v2,-1,Misinformation & Propaganda,451,,2.1972768,7.641818,3.568258047103882,"(np.float64(0.12156862745098039), np.float64(0.4666666666666667), np.float64(0.7058823529411765), np.float64(1.0))","T-1
3.57",False
all-MiniLM-L6-v2,-1,Misinformation & Propaganda,452,,4.866642,5.612969,3.568258047103882,"(np.float64(0.12156862745098039), np.float64(0.4666666666666667), np.float64(0.7058823529411765), np.float64(1.0))","T-1
3.57",False
all-MiniLM-L6-v2,-1,Misinformation & Propaganda,455,,4.1911654,6.0023427,3.568258047103882,"(np.float64(0.12156862745098039), np.float64(0.4666666666666667), np.float64(0.7058823529411765), np.float64(1.0))","T-1
3.57",False
all-MiniLM-L6-v2,-1,Misinformation & Propaganda,459,,-0.74653035,9.758412,3.568258047103882,"(np.float64(0.12156862745098039), np.float64(0.4666666666666667), np.float64(0.7058823529411765), np.float64(1.0))","T-1
3.57",False
all-MiniLM-L6-v2,-1,Misinformation & Propaganda,469,,0.6776017,10.017684,3.568258047103882,"(np.float64(0.12156862745098039), np.float64(0.4666666666666667), np.float64(0.7058823529411765), np.float64(1.0))","T-1
3.57",False
all-MiniLM-L6-v2,-1,Misinformation & Propaganda,471,,6.2594647,7.625673,3.568258047103882,"(np.float64(0.12156862745098039), np.float64(0.4666666666666667), np.float64(0.7058823529411765), np.float64(1.0))","T-1
3.57",False
all-MiniLM-L6-v2,-1,Misinformation & Propaganda,472,,4.5226574,5.3258524,3.568258047103882,"(np.float64(0.12156862745098039), np.float64(0.4666666666666667), np.float64(0.7058823529411765), np.float64(1.0))","T-1
3.57",False
all-MiniLM-L6-v2,-1,Misinformation & Propaganda,474,,6.795804,6.315041,3.568258047103882,"(np.float64(0.12156862745098039), np.float64(0.4666666666666667), np.float64(0.7058823529411765), np.float64(1.0))","T-1
3.57",False
all-MiniLM-L6-v2,-1,Misinformation & Propaganda,475,,0.7546369,9.458254,3.568258047103882,"(np.float64(0.12156862745098039), np.float64(0.4666666666666667), np.float64(0.7058823529411765), np.float64(1.0))","T-1
3.57",False
all-MiniLM-L6-v2,-1,Misinformation & Propaganda,478,,5.850293,10.1346,3.568258047103882,"(np.float64(0.12156862745098039), np.float64(0.4666666666666667), np.float64(0.7058823529411765), np.float64(1.0))","T-1
3.57",False
all-MiniLM-L6-v2,-1,Misinformation & Propaganda,479,,2.224112,8.221026,3.568258047103882,"(np.float64(0.12156862745098039), np.float64(0.4666666666666667), np.float64(0.7058823529411765), np.float64(1.0))","T-1
3.57",False
all-MiniLM-L6-v2,-1,Misinformation & Propaganda,485,,6.6704707,6.8214426,3.568258047103882,"(np.float64(0.12156862745098039), np.float64(0.4666666666666667), np.float64(0.7058823529411765), np.float64(1.0))","T-1
3.57",False
all-MiniLM-L6-v2,-1,Misinformation & Propaganda,487,,4.9281244,5.0412145,3.568258047103882,"(np.float64(0.12156862745098039), np.float64(0.4666666666666667), np.float64(0.7058823529411765), np.float64(1.0))","T-1
3.57",False
all-MiniLM-L6-v2,-1,Misinformation & Propaganda,488,,4.561211,6.091969,3.568258047103882,"(np.float64(0.12156862745098039), np.float64(0.4666666666666667), np.float64(0.7058823529411765), np.float64(1.0))","T-1
3.57",False
all-MiniLM-L6-v2,-1,Misinformation & Propaganda,498,,5.4030085,9.7500925,3.568258047103882,"(np.float64(0.12156862745098039), np.float64(0.4666666666666667), np.float64(0.7058823529411765), np.float64(1.0))","T-1
3.57",False
all-MiniLM-L6-v2,-1,Misinformation & Propaganda,501,,5.019668,7.091742,3.568258047103882,"(np.float64(0.12156862745098039), np.float64(0.4666666666666667), np.float64(0.7058823529411765), np.float64(1.0))","T-1
3.57",False
all-MiniLM-L6-v2,-1,Misinformation & Propaganda,502,,5.436821,6.5371237,3.568258047103882,"(np.float64(0.12156862745098039), np.float64(0.4666666666666667), np.float64(0.7058823529411765), np.float64(1.0))","T-1
3.57",False
all-MiniLM-L6-v2,-1,Misinformation & Propaganda,503,,6.8277464,7.7339606,3.568258047103882,"(np.float64(0.12156862745098039), np.float64(0.4666666666666667), np.float64(0.7058823529411765), np.float64(1.0))","T-1
3.57",False
all-MiniLM-L6-v2,-1,Misinformation & Propaganda,504,,4.804766,5.7049294,3.568258047103882,"(np.float64(0.12156862745098039), np.float64(0.4666666666666667), np.float64(0.7058823529411765), np.float64(1.0))","T-1
3.57",False
all-MiniLM-L6-v2,-1,Misinformation & Propaganda,506,,7.778776,8.024427,3.568258047103882,"(np.float64(0.12156862745098039), np.float64(0.4666666666666667), np.float64(0.7058823529411765), np.float64(1.0))","T-1
3.57",False
all-MiniLM-L6-v2,-1,Misinformation & Propaganda,513,,4.4350524,6.210549,3.568258047103882,"(np.float64(0.12156862745098039), np.float64(0.4666666666666667), np.float64(0.7058823529411765), np.float64(1.0))","T-1
3.57",False
all-MiniLM-L6-v2,-1,Misinformation & Propaganda,518,,4.9009438,5.083474,3.568258047103882,"(np.float64(0.12156862745098039), np.float64(0.4666666666666667), np.float64(0.7058823529411765), np.float64(1.0))","T-1
3.57",False
all-MiniLM-L6-v2,-1,Misinformation & Propaganda,519,,4.367731,8.22732,3.568258047103882,"(np.float64(0.12156862745098039), np.float64(0.4666666666666667), np.float64(0.7058823529411765), np.float64(1.0))","T-1
3.57",False
all-MiniLM-L6-v2,-1,Misinformation & Propaganda,520,,3.1113603,6.957943,3.568258047103882,"(np.float64(0.12156862745098039), np.float64(0.4666666666666667), np.float64(0.7058823529411765), np.float64(1.0))","T-1
3.57",False
all-MiniLM-L6-v2,-1,Misinformation & Propaganda,521,,-1.1292372,9.5993395,3.568258047103882,"(np.float64(0.12156862745098039), np.float64(0.4666666666666667), np.float64(0.7058823529411765), np.float64(1.0))","T-1
3.57",False
all-MiniLM-L6-v2,-1,Misinformation & Propaganda,524,,0.60600483,10.090731,3.568258047103882,"(np.float64(0.12156862745098039), np.float64(0.4666666666666667), np.float64(0.7058823529411765), np.float64(1.0))","T-1
3.57",False
all-MiniLM-L6-v2,-1,Misinformation & Propaganda,526,,3.9406297,6.674995,3.568258047103882,"(np.float64(0.12156862745098039), np.float64(0.4666666666666667), np.float64(0.7058823529411765), np.float64(1.0))","T-1
3.57",False
all-MiniLM-L6-v2,-1,Misinformation & Propaganda,529,,5.1654625,5.150184,3.568258047103882,"(np.float64(0.12156862745098039), np.float64(0.4666666666666667), np.float64(0.7058823529411765), np.float64(1.0))","T-1
3.57",False
all-MiniLM-L6-v2,-1,Misinformation & Propaganda,534,,3.724101,6.0706964,3.568258047103882,"(np.float64(0.12156862745098039), np.float64(0.4666666666666667), np.float64(0.7058823529411765), np.float64(1.0))","T-1
3.57",False
all-MiniLM-L6-v2,-1,Misinformation & Propaganda,535,,4.196183,5.526031,3.568258047103882,"(np.float64(0.12156862745098039), np.float64(0.4666666666666667), np.float64(0.7058823529411765), np.float64(1.0))","T-1
3.57",False
all-MiniLM-L6-v2,-1,Misinformation & Propaganda,543,,5.3796535,5.9104805,3.568258047103882,"(np.float64(0.12156862745098039), np.float64(0.4666666666666667), np.float64(0.7058823529411765), np.float64(1.0))","T-1
3.57",False
all-MiniLM-L6-v2,-1,Misinformation & Propaganda,544,,4.6799693,5.6103444,3.568258047103882,"(np.float64(0.12156862745098039), np.float64(0.4666666666666667), np.float64(0.7058823529411765), np.float64(1.0))","T-1
3.57",False
all-MiniLM-L6-v2,-1,Misinformation & Propaganda,545,,3.1387112,6.500496,3.568258047103882,"(np.float64(0.12156862745098039), np.float64(0.4666666666666667), np.float64(0.7058823529411765), np.float64(1.0))","T-1
3.57",False
all-MiniLM-L6-v2,-1,Misinformation & Propaganda,546,,4.3259897,8.29179,3.568258047103882,"(np.float64(0.12156862745098039), np.float64(0.4666666666666667), np.float64(0.7058823529411765), np.float64(1.0))","T-1
3.57",False
all-MiniLM-L6-v2,-1,Misinformation & Propaganda,550,,3.9772706,5.713456,3.568258047103882,"(np.float64(0.12156862745098039), np.float64(0.4666666666666667), np.float64(0.7058823529411765), np.float64(1.0))","T-1
3.57",False
all-MiniLM-L6-v2,-1,Misinformation & Propaganda,551,,3.7801218,6.512599,3.568258047103882,"(np.float64(0.12156862745098039), np.float64(0.4666666666666667), np.float64(0.7058823529411765), np.float64(1.0))","T-1
3.57",False
all-MiniLM-L6-v2,-1,Misinformation & Propaganda,552,,3.1980033,5.765698,3.568258047103882,"(np.float64(0.12156862745098039), np.float64(0.4666666666666667), np.float64(0.7058823529411765), np.float64(1.0))","T-1
3.57",False
all-MiniLM-L6-v2,-1,Misinformation & Propaganda,561,,-1.068472,9.392959,3.568258047103882,"(np.float64(0.12156862745098039), np.float64(0.4666666666666667), np.float64(0.7058823529411765), np.float64(1.0))","T-1
3.57",False
all-MiniLM-L6-v2,-1,Misinformation & Propaganda,562,,5.3356113,5.407391,3.568258047103882,"(np.float64(0.12156862745098039), np.float64(0.4666666666666667), np.float64(0.7058823529411765), np.float64(1.0))","T-1
3.57",False
all-MiniLM-L6-v2,-1,Misinformation & Propaganda,566,,5.9976606,10.253728,3.568258047103882,"(np.float64(0.12156862745098039), np.float64(0.4666666666666667), np.float64(0.7058823529411765), np.float64(1.0))","T-1
3.57",False
all-MiniLM-L6-v2,-1,Misinformation & Propaganda,567,,4.9127426,7.945585,3.568258047103882,"(np.float64(0.12156862745098039), np.float64(0.4666666666666667), np.float64(0.7058823529411765), np.float64(1.0))","T-1
3.57",False
all-MiniLM-L6-v2,-1,Misinformation & Propaganda,574,,5.349827,5.7554164,3.568258047103882,"(np.float64(0.12156862745098039), np.float64(0.4666666666666667), np.float64(0.7058823529411765), np.float64(1.0))","T-1
3.57",False
all-MiniLM-L6-v2,-1,Misinformation & Propaganda,577,,-0.8979404,9.180028,3.568258047103882,"(np.float64(0.12156862745098039), np.float64(0.4666666666666667), np.float64(0.7058823529411765), np.float64(1.0))","T-1
3.57",False
all-MiniLM-L6-v2,-1,Misinformation & Propaganda,580,,4.2942734,8.081282,3.568258047103882,"(np.float64(0.12156862745098039), np.float64(0.4666666666666667), np.float64(0.7058823529411765), np.float64(1.0))","T-1
3.57",False
all-MiniLM-L6-v2,-1,Misinformation & Propaganda,581,,3.8832514,7.849223,3.568258047103882,"(np.float64(0.12156862745098039), np.float64(0.4666666666666667), np.float64(0.7058823529411765), np.float64(1.0))","T-1
3.57",False
all-MiniLM-L6-v2,-1,Misinformation & Propaganda,582,,4.283049,8.296315,3.568258047103882,"(np.float64(0.12156862745098039), np.float64(0.4666666666666667), np.float64(0.7058823529411765), np.float64(1.0))","T-1
3.57",False
all-MiniLM-L6-v2,-1,Misinformation & Propaganda,584,,5.1257534,5.967985,3.568258047103882,"(np.float64(0.12156862745098039), np.float64(0.4666666666666667), np.float64(0.7058823529411765), np.float64(1.0))","T-1
3.57",False
all-MiniLM-L6-v2,-1,Misinformation & Propaganda,585,,5.059169,7.736725,3.568258047103882,"(np.float64(0.12156862745098039), np.float64(0.4666666666666667), np.float64(0.7058823529411765), np.float64(1.0))","T-1
3.57",False
all-MiniLM-L6-v2,-1,Misinformation & Propaganda,586,,5.6034994,6.5993776,3.568258047103882,"(np.float64(0.12156862745098039), np.float64(0.4666666666666667), np.float64(0.7058823529411765), np.float64(1.0))","T-1
3.57",False
all-MiniLM-L6-v2,-1,Misinformation & Propaganda,587,,4.6523566,7.4059014,3.568258047103882,"(np.float64(0.12156862745098039), np.float64(0.4666666666666667), np.float64(0.7058823529411765), np.float64(1.0))","T-1
3.57",False
all-MiniLM-L6-v2,-1,Misinformation & Propaganda,590,,5.519873,5.7560763,3.568258047103882,"(np.float64(0.12156862745098039), np.float64(0.4666666666666667), np.float64(0.7058823529411765), np.float64(1.0))","T-1
3.57",False
all-MiniLM-L6-v2,-1,Misinformation & Propaganda,597,,3.7987757,6.905235,3.568258047103882,"(np.float64(0.12156862745098039), np.float64(0.4666666666666667), np.float64(0.7058823529411765), np.float64(1.0))","T-1
3.57",False
all-MiniLM-L6-v2,-1,Misinformation & Propaganda,599,,6.0864644,9.249582,3.568258047103882,"(np.float64(0.12156862745098039), np.float64(0.4666666666666667), np.float64(0.7058823529411765), np.float64(1.0))","T-1
3.57",False
all-MiniLM-L6-v2,-1,Misinformation & Propaganda,600,,0.38379186,8.612604,3.568258047103882,"(np.float64(0.12156862745098039), np.float64(0.4666666666666667), np.float64(0.7058823529411765), np.float64(1.0))","T-1
3.57",False
all-MiniLM-L6-v2,-1,Misinformation & Propaganda,601,,1.1811839,9.413171,3.568258047103882,"(np.float64(0.12156862745098039), np.float64(0.4666666666666667), np.float64(0.7058823529411765), np.float64(1.0))","T-1
3.57",False
all-MiniLM-L6-v2,-1,Misinformation & Propaganda,603,,8.048332,8.066069,3.568258047103882,"(np.float64(0.12156862745098039), np.float64(0.4666666666666667), np.float64(0.7058823529411765), np.float64(1.0))","T-1
3.57",False
all-MiniLM-L6-v2,-1,Misinformation & Propaganda,605,,6.944115,8.126481,3.568258047103882,"(np.float64(0.12156862745098039), np.float64(0.4666666666666667), np.float64(0.7058823529411765), np.float64(1.0))","T-1
3.57",False
all-MiniLM-L6-v2,-1,Misinformation & Propaganda,606,,4.36455,6.5644665,3.568258047103882,"(np.float64(0.12156862745098039), np.float64(0.4666666666666667), np.float64(0.7058823529411765), np.float64(1.0))","T-1
3.57",False
all-MiniLM-L6-v2,-1,Misinformation & Propaganda,607,,4.5481467,5.761431,3.568258047103882,"(np.float64(0.12156862745098039), np.float64(0.4666666666666667), np.float64(0.7058823529411765), np.float64(1.0))","T-1
3.57",False
all-MiniLM-L6-v2,-1,Misinformation & Propaganda,608,,5.211589,5.345854,3.568258047103882,"(np.float64(0.12156862745098039), np.float64(0.4666666666666667), np.float64(0.7058823529411765), np.float64(1.0))","T-1
3.57",False
all-MiniLM-L6-v2,-1,Misinformation & Propaganda,613,,5.8878093,6.0600123,3.568258047103882,"(np.float64(0.12156862745098039), np.float64(0.4666666666666667), np.float64(0.7058823529411765), np.float64(1.0))","T-1
3.57",False
all-MiniLM-L6-v2,-1,Misinformation & Propaganda,614,,7.048366,6.5616693,3.568258047103882,"(np.float64(0.12156862745098039), np.float64(0.4666666666666667), np.float64(0.7058823529411765), np.float64(1.0))","T-1
3.57",False
all-MiniLM-L6-v2,-1,Misinformation & Propaganda,617,,8.241757,7.1655083,3.568258047103882,"(np.float64(0.12156862745098039), np.float64(0.4666666666666667), np.float64(0.7058823529411765), np.float64(1.0))","T-1
3.57",False
all-MiniLM-L6-v2,-1,Misinformation & Propaganda,620,,5.302632,6.196349,3.568258047103882,"(np.float64(0.12156862745098039), np.float64(0.4666666666666667), np.float64(0.7058823529411765), np.float64(1.0))","T-1
3.57",False
all-MiniLM-L6-v2,-1,Misinformation & Propaganda,623,,5.2025094,5.515774,3.568258047103882,"(np.float64(0.12156862745098039), np.float64(0.4666666666666667), np.float64(0.7058823529411765), np.float64(1.0))","T-1
3.57",False
all-MiniLM-L6-v2,-1,Misinformation & Propaganda,625,,-0.94944334,9.738568,3.568258047103882,"(np.float64(0.12156862745098039), np.float64(0.4666666666666667), np.float64(0.7058823529411765), np.float64(1.0))","T-1
3.57",False
all-MiniLM-L6-v2,-1,Misinformation & Propaganda,626,,-0.5609274,9.7611475,3.568258047103882,"(np.float64(0.12156862745098039), np.float64(0.4666666666666667), np.float64(0.7058823529411765), np.float64(1.0))","T-1
3.57",False
all-MiniLM-L6-v2,-1,Misinformation & Propaganda,629,,-1.2197663,9.536523,3.568258047103882,"(np.float64(0.12156862745098039), np.float64(0.4666666666666667), np.float64(0.7058823529411765), np.float64(1.0))","T-1
3.57",False
all-MiniLM-L6-v2,-1,Misinformation & Propaganda,635,,5.895727,9.432016,3.568258047103882,"(np.float64(0.12156862745098039), np.float64(0.4666666666666667), np.float64(0.7058823529411765), np.float64(1.0))","T-1
3.57",False
all-MiniLM-L6-v2,-1,Misinformation & Propaganda,636,,5.8599095,6.5252943,3.568258047103882,"(np.float64(0.12156862745098039), np.float64(0.4666666666666667), np.float64(0.7058823529411765), np.float64(1.0))","T-1
3.57",False
all-MiniLM-L6-v2,-1,Misinformation & Propaganda,638,,4.4071674,7.2953477,3.568258047103882,"(np.float64(0.12156862745098039), np.float64(0.4666666666666667), np.float64(0.7058823529411765), np.float64(1.0))","T-1
3.57",False
all-MiniLM-L6-v2,-1,Misinformation & Propaganda,643,,4.286311,5.2333736,3.568258047103882,"(np.float64(0.12156862745098039), np.float64(0.4666666666666667), np.float64(0.7058823529411765), np.float64(1.0))","T-1
3.57",False
all-MiniLM-L6-v2,-1,Misinformation & Propaganda,644,,4.1078253,8.177732,3.568258047103882,"(np.float64(0.12156862745098039), np.float64(0.4666666666666667), np.float64(0.7058823529411765), np.float64(1.0))","T-1
3.57",False
all-MiniLM-L6-v2,-1,Misinformation & Propaganda,646,,4.8033595,6.6444335,3.568258047103882,"(np.float64(0.12156862745098039), np.float64(0.4666666666666667), np.float64(0.7058823529411765), np.float64(1.0))","T-1
3.57",False
all-MiniLM-L6-v2,-1,Misinformation & Propaganda,647,,5.6679,9.822964,3.568258047103882,"(np.float64(0.12156862745098039), np.float64(0.4666666666666667), np.float64(0.7058823529411765), np.float64(1.0))","T-1
3.57",False
all-MiniLM-L6-v2,-1,Misinformation & Propaganda,649,,5.345867,6.604362,3.568258047103882,"(np.float64(0.12156862745098039), np.float64(0.4666666666666667), np.float64(0.7058823529411765), np.float64(1.0))","T-1
3.57",False
all-MiniLM-L6-v2,-1,Misinformation & Propaganda,650,,6.10749,9.348167,3.568258047103882,"(np.float64(0.12156862745098039), np.float64(0.4666666666666667), np.float64(0.7058823529411765), np.float64(1.0))","T-1
3.57",False
all-MiniLM-L6-v2,-1,Misinformation & Propaganda,654,,8.105115,7.225742,3.568258047103882,"(np.float64(0.12156862745098039), np.float64(0.4666666666666667), np.float64(0.7058823529411765), np.float64(1.0))","T-1
3.57",False
all-MiniLM-L6-v2,-1,Misinformation & Propaganda,657,,1.17045,9.084474,3.568258047103882,"(np.float64(0.12156862745098039), np.float64(0.4666666666666667), np.float64(0.7058823529411765), np.float64(1.0))","T-1
3.57",False
all-MiniLM-L6-v2,-1,Misinformation & Propaganda,659,,4.4830017,6.5825152,3.568258047103882,"(np.float64(0.12156862745098039), np.float64(0.4666666666666667), np.float64(0.7058823529411765), np.float64(1.0))","T-1
3.57",False
all-MiniLM-L6-v2,-1,Misinformation & Propaganda,660,,5.642152,6.2630296,3.568258047103882,"(np.float64(0.12156862745098039), np.float64(0.4666666666666667), np.float64(0.7058823529411765), np.float64(1.0))","T-1
3.57",False
all-MiniLM-L6-v2,-1,Misinformation & Propaganda,661,,4.1192913,5.482006,3.568258047103882,"(np.float64(0.12156862745098039), np.float64(0.4666666666666667), np.float64(0.7058823529411765), np.float64(1.0))","T-1
3.57",False
all-MiniLM-L6-v2,-1,Misinformation & Propaganda,663,,0.93651915,9.644598,3.568258047103882,"(np.float64(0.12156862745098039), np.float64(0.4666666666666667), np.float64(0.7058823529411765), np.float64(1.0))","T-1
3.57",False
all-MiniLM-L6-v2,-1,Misinformation & Propaganda,664,,0.56803685,10.150499,3.568258047103882,"(np.float64(0.12156862745098039), np.float64(0.4666666666666667), np.float64(0.7058823529411765), np.float64(1.0))","T-1
3.57",False
all-MiniLM-L6-v2,-1,Misinformation & Propaganda,665,,5.3046365,7.2790833,3.568258047103882,"(np.float64(0.12156862745098039), np.float64(0.4666666666666667), np.float64(0.7058823529411765), np.float64(1.0))","T-1
3.57",False
all-MiniLM-L6-v2,-1,Misinformation & Propaganda,666,,6.9557967,6.2410846,3.568258047103882,"(np.float64(0.12156862745098039), np.float64(0.4666666666666667), np.float64(0.7058823529411765), np.float64(1.0))","T-1
3.57",False
all-MiniLM-L6-v2,-1,Misinformation & Propaganda,667,,8.300621,7.6992097,3.568258047103882,"(np.float64(0.12156862745098039), np.float64(0.4666666666666667), np.float64(0.7058823529411765), np.float64(1.0))","T-1
3.57",False
all-MiniLM-L6-v2,-1,Misinformation & Propaganda,668,,7.0232205,7.3754683,3.568258047103882,"(np.float64(0.12156862745098039), np.float64(0.4666666666666667), np.float64(0.7058823529411765), np.float64(1.0))","T-1
3.57",False
all-MiniLM-L6-v2,-1,Misinformation & Propaganda,670,,6.830939,7.260611,3.568258047103882,"(np.float64(0.12156862745098039), np.float64(0.4666666666666667), np.float64(0.7058823529411765), np.float64(1.0))","T-1
3.57",False
all-MiniLM-L6-v2,-1,Misinformation & Propaganda,675,,6.186178,6.177233,3.568258047103882,"(np.float64(0.12156862745098039), np.float64(0.4666666666666667), np.float64(0.7058823529411765), np.float64(1.0))","T-1
3.57",False
all-MiniLM-L6-v2,-1,Misinformation & Propaganda,676,,5.0261145,8.153687,3.568258047103882,"(np.float64(0.12156862745098039), np.float64(0.4666666666666667), np.float64(0.7058823529411765), np.float64(1.0))","T-1
3.57",False
all-MiniLM-L6-v2,-1,Misinformation & Propaganda,679,,4.289543,6.6833577,3.568258047103882,"(np.float64(0.12156862745098039), np.float64(0.4666666666666667), np.float64(0.7058823529411765), np.float64(1.0))","T-1
3.57",False
all-MiniLM-L6-v2,-1,Misinformation & Propaganda,680,,6.109392,9.384998,3.568258047103882,"(np.float64(0.12156862745098039), np.float64(0.4666666666666667), np.float64(0.7058823529411765), np.float64(1.0))","T-1
3.57",False
all-MiniLM-L6-v2,-1,Misinformation & Propaganda,682,,4.927026,8.38903,3.568258047103882,"(np.float64(0.12156862745098039), np.float64(0.4666666666666667), np.float64(0.7058823529411765), np.float64(1.0))","T-1
3.57",False
all-MiniLM-L6-v2,-1,Misinformation & Propaganda,684,,3.0929859,5.87274,3.568258047103882,"(np.float64(0.12156862745098039), np.float64(0.4666666666666667), np.float64(0.7058823529411765), np.float64(1.0))","T-1
3.57",False
all-MiniLM-L6-v2,-1,Misinformation & Propaganda,686,,4.994361,8.1356945,3.568258047103882,"(np.float64(0.12156862745098039), np.float64(0.4666666666666667), np.float64(0.7058823529411765), np.float64(1.0))","T-1
3.57",False
all-MiniLM-L6-v2,-1,Misinformation & Propaganda,692,,3.6363924,7.248477,3.568258047103882,"(np.float64(0.12156862745098039), np.float64(0.4666666666666667), np.float64(0.7058823529411765), np.float64(1.0))","T-1
3.57",False
all-MiniLM-L6-v2,-1,Misinformation & Propaganda,698,,5.8814907,5.7328734,3.568258047103882,"(np.float64(0.12156862745098039), np.float64(0.4666666666666667), np.float64(0.7058823529411765), np.float64(1.0))","T-1
3.57",False
all-MiniLM-L6-v2,-1,Misinformation & Propaganda,700,,6.83813,6.706909,3.568258047103882,"(np.float64(0.12156862745098039), np.float64(0.4666666666666667), np.float64(0.7058823529411765), np.float64(1.0))","T-1
3.57",False
all-MiniLM-L6-v2,-1,Misinformation & Propaganda,703,,4.443947,5.9590526,3.568258047103882,"(np.float64(0.12156862745098039), np.float64(0.4666666666666667), np.float64(0.7058823529411765), np.float64(1.0))","T-1
3.57",False
all-MiniLM-L6-v2,-1,Misinformation & Propaganda,706,,6.0601606,6.7497916,3.568258047103882,"(np.float64(0.12156862745098039), np.float64(0.4666666666666667), np.float64(0.7058823529411765), np.float64(1.0))","T-1
3.57",False
all-MiniLM-L6-v2,-1,Misinformation & Propaganda,707,,6.00783,9.615977,3.568258047103882,"(np.float64(0.12156862745098039), np.float64(0.4666666666666667), np.float64(0.7058823529411765), np.float64(1.0))","T-1
3.57",False
all-MiniLM-L6-v2,-1,Misinformation & Propaganda,708,,6.13573,9.283918,3.568258047103882,"(np.float64(0.12156862745098039), np.float64(0.4666666666666667), np.float64(0.7058823529411765), np.float64(1.0))","T-1
3.57",False
all-MiniLM-L6-v2,-1,Misinformation & Propaganda,709,,5.5726295,9.301694,3.568258047103882,"(np.float64(0.12156862745098039), np.float64(0.4666666666666667), np.float64(0.7058823529411765), np.float64(1.0))","T-1
3.57",False
all-MiniLM-L6-v2,-1,Misinformation & Propaganda,711,,7.112483,7.8076715,3.568258047103882,"(np.float64(0.12156862745098039), np.float64(0.4666666666666667), np.float64(0.7058823529411765), np.float64(1.0))","T-1
3.57",False
all-MiniLM-L6-v2,-1,Misinformation & Propaganda,715,,7.6798997,7.466939,3.568258047103882,"(np.float64(0.12156862745098039), np.float64(0.4666666666666667), np.float64(0.7058823529411765), np.float64(1.0))","T-1
3.57",False
all-MiniLM-L6-v2,-1,Misinformation & Propaganda,716,,6.8509283,8.25006,3.568258047103882,"(np.float64(0.12156862745098039), np.float64(0.4666666666666667), np.float64(0.7058823529411765), np.float64(1.0))","T-1
3.57",False
all-MiniLM-L6-v2,-1,Misinformation & Propaganda,724,,6.360485,6.542643,3.568258047103882,"(np.float64(0.12156862745098039), np.float64(0.4666666666666667), np.float64(0.7058823529411765), np.float64(1.0))","T-1
3.57",False
all-MiniLM-L6-v2,-1,Misinformation & Propaganda,727,,5.4003367,8.748195,3.568258047103882,"(np.float64(0.12156862745098039), np.float64(0.4666666666666667), np.float64(0.7058823529411765), np.float64(1.0))","T-1
3.57",False
all-MiniLM-L6-v2,-1,Misinformation & Propaganda,733,,6.9208646,6.723516,3.568258047103882,"(np.float64(0.12156862745098039), np.float64(0.4666666666666667), np.float64(0.7058823529411765), np.float64(1.0))","T-1
3.57",False
all-MiniLM-L6-v2,-1,Misinformation & Propaganda,735,,5.646379,7.4720573,3.568258047103882,"(np.float64(0.12156862745098039), np.float64(0.4666666666666667), np.float64(0.7058823529411765), np.float64(1.0))","T-1
3.57",False
all-MiniLM-L6-v2,-1,Misinformation & Propaganda,741,,5.6694446,7.352003,3.568258047103882,"(np.float64(0.12156862745098039), np.float64(0.4666666666666667), np.float64(0.7058823529411765), np.float64(1.0))","T-1
3.57",False
all-MiniLM-L6-v2,-1,Misinformation & Propaganda,742,,5.4120383,7.5974364,3.568258047103882,"(np.float64(0.12156862745098039), np.float64(0.4666666666666667), np.float64(0.7058823529411765), np.float64(1.0))","T-1
3.57",False
all-MiniLM-L6-v2,-1,Misinformation & Propaganda,751,,5.164911,5.048826,3.568258047103882,"(np.float64(0.12156862745098039), np.float64(0.4666666666666667), np.float64(0.7058823529411765), np.float64(1.0))","T-1
3.57",False
all-MiniLM-L6-v2,-1,Misinformation & Propaganda,755,,5.8543797,6.8147945,3.568258047103882,"(np.float64(0.12156862745098039), np.float64(0.4666666666666667), np.float64(0.7058823529411765), np.float64(1.0))","T-1
3.57",False
all-MiniLM-L6-v2,-1,Misinformation & Propaganda,759,,5.7558117,6.912661,3.568258047103882,"(np.float64(0.12156862745098039), np.float64(0.4666666666666667), np.float64(0.7058823529411765), np.float64(1.0))","T-1
3.57",False
all-MiniLM-L6-v2,-1,Misinformation & Propaganda,761,,6.851715,7.7866216,3.568258047103882,"(np.float64(0.12156862745098039), np.float64(0.4666666666666667), np.float64(0.7058823529411765), np.float64(1.0))","T-1
3.57",False
all-MiniLM-L6-v2,-1,Misinformation & Propaganda,763,,10.338033,3.9173672,3.568258047103882,"(np.float64(0.12156862745098039), np.float64(0.4666666666666667), np.float64(0.7058823529411765), np.float64(1.0))","T-1
3.57",False
all-MiniLM-L6-v2,-1,Misinformation & Propaganda,766,,7.765734,7.239985,3.568258047103882,"(np.float64(0.12156862745098039), np.float64(0.4666666666666667), np.float64(0.7058823529411765), np.float64(1.0))","T-1
3.57",False
all-MiniLM-L6-v2,-1,Misinformation & Propaganda,768,,6.9269776,7.352506,3.568258047103882,"(np.float64(0.12156862745098039), np.float64(0.4666666666666667), np.float64(0.7058823529411765), np.float64(1.0))","T-1
3.57",False
all-MiniLM-L6-v2,-1,Misinformation & Propaganda,771,,6.6860104,7.6573725,3.568258047103882,"(np.float64(0.12156862745098039), np.float64(0.4666666666666667), np.float64(0.7058823529411765), np.float64(1.0))","T-1
3.57",False
all-MiniLM-L6-v2,-1,Misinformation & Propaganda,773,,7.0511646,6.7443295,3.568258047103882,"(np.float64(0.12156862745098039), np.float64(0.4666666666666667), np.float64(0.7058823529411765), np.float64(1.0))","T-1
3.57",False
all-MiniLM-L6-v2,-1,Misinformation & Propaganda,774,,8.063965,7.6996856,3.568258047103882,"(np.float64(0.12156862745098039), np.float64(0.4666666666666667), np.float64(0.7058823529411765), np.float64(1.0))","T-1
3.57",False
all-MiniLM-L6-v2,-1,Misinformation & Propaganda,775,,6.703837,6.997344,3.568258047103882,"(np.float64(0.12156862745098039), np.float64(0.4666666666666667), np.float64(0.7058823529411765), np.float64(1.0))","T-1
3.57",False
all-MiniLM-L6-v2,-1,Misinformation & Propaganda,777,,5.772708,7.0107536,3.568258047103882,"(np.float64(0.12156862745098039), np.float64(0.4666666666666667), np.float64(0.7058823529411765), np.float64(1.0))","T-1
3.57",False
all-MiniLM-L6-v2,-1,Misinformation & Propaganda,778,,4.598723,5.415661,3.568258047103882,"(np.float64(0.12156862745098039), np.float64(0.4666666666666667), np.float64(0.7058823529411765), np.float64(1.0))","T-1
3.57",False
all-MiniLM-L6-v2,-1,Misinformation & Propaganda,784,,6.6405144,8.424028,3.568258047103882,"(np.float64(0.12156862745098039), np.float64(0.4666666666666667), np.float64(0.7058823529411765), np.float64(1.0))","T-1
3.57",False
all-MiniLM-L6-v2,-1,Misinformation & Propaganda,786,,6.811825,7.4783726,3.568258047103882,"(np.float64(0.12156862745098039), np.float64(0.4666666666666667), np.float64(0.7058823529411765), np.float64(1.0))","T-1
3.57",False
all-MiniLM-L6-v2,-1,Misinformation & Propaganda,789,,10.265542,4.130576,3.568258047103882,"(np.float64(0.12156862745098039), np.float64(0.4666666666666667), np.float64(0.7058823529411765), np.float64(1.0))","T-1
3.57",False
all-MiniLM-L6-v2,-1,Misinformation & Propaganda,794,,7.0312986,7.3111563,3.568258047103882,"(np.float64(0.12156862745098039), np.float64(0.4666666666666667), np.float64(0.7058823529411765), np.float64(1.0))","T-1
3.57",False
all-MiniLM-L6-v2,-1,Misinformation & Propaganda,795,,6.088651,6.7998877,3.568258047103882,"(np.float64(0.12156862745098039), np.float64(0.4666666666666667), np.float64(0.7058823529411765), np.float64(1.0))","T-1
3.57",False
all-MiniLM-L6-v2,-1,Misinformation & Propaganda,797,,7.6272674,6.991297,3.568258047103882,"(np.float64(0.12156862745098039), np.float64(0.4666666666666667), np.float64(0.7058823529411765), np.float64(1.0))","T-1
3.57",False
all-MiniLM-L6-v2,-1,Misinformation & Propaganda,803,,6.978972,7.2459764,3.568258047103882,"(np.float64(0.12156862745098039), np.float64(0.4666666666666667), np.float64(0.7058823529411765), np.float64(1.0))","T-1
3.57",False
all-MiniLM-L6-v2,0,Misinformation & Propaganda,52,,8.690051,7.1509175,1.202856183052063,"(np.float64(0.6823529411764706), np.float64(0.7803921568627451), np.float64(0.9098039215686274), np.float64(1.0))","T0
1.20",False
all-MiniLM-L6-v2,0,Misinformation & Propaganda,87,,8.12523,7.3485317,1.202856183052063,"(np.float64(0.6823529411764706), np.float64(0.7803921568627451), np.float64(0.9098039215686274), np.float64(1.0))","T0
1.20",False
all-MiniLM-L6-v2,0,Misinformation & Propaganda,123,,8.650187,7.087036,1.202856183052063,"(np.float64(0.6823529411764706), np.float64(0.7803921568627451), np.float64(0.9098039215686274), np.float64(1.0))","T0
1.20",False
all-MiniLM-L6-v2,0,Misinformation & Propaganda,166,,7.925219,7.438271,1.202856183052063,"(np.float64(0.6823529411764706), np.float64(0.7803921568627451), np.float64(0.9098039215686274), np.float64(1.0))","T0
1.20",False
all-MiniLM-L6-v2,0,Misinformation & Propaganda,234,,7.859395,7.3420362,1.202856183052063,"(np.float64(0.6823529411764706), np.float64(0.7803921568627451), np.float64(0.9098039215686274), np.float64(1.0))","T0
1.20",False
all-MiniLM-L6-v2,0,Misinformation & Propaganda,278,,-0.43314534,8.702661,1.202856183052063,"(np.float64(0.6823529411764706), np.float64(0.7803921568627451), np.float64(0.9098039215686274), np.float64(1.0))","T0
1.20",False
all-MiniLM-L6-v2,0,Misinformation & Propaganda,292,,8.041065,7.0088835,1.202856183052063,"(np.float64(0.6823529411764706), np.float64(0.7803921568627451), np.float64(0.9098039215686274), np.float64(1.0))","T0
1.20",False
all-MiniLM-L6-v2,0,Misinformation & Propaganda,350,,8.6800785,7.11898,1.202856183052063,"(np.float64(0.6823529411764706), np.float64(0.7803921568627451), np.float64(0.9098039215686274), np.float64(1.0))","T0
1.20",False
all-MiniLM-L6-v2,0,Misinformation & Propaganda,362,,8.150081,7.1013484,1.202856183052063,"(np.float64(0.6823529411764706), np.float64(0.7803921568627451), np.float64(0.9098039215686274), np.float64(1.0))","T0
1.20",False
all-MiniLM-L6-v2,0,Misinformation & Propaganda,401,,8.324464,7.4091287,1.202856183052063,"(np.float64(0.6823529411764706), np.float64(0.7803921568627451), np.float64(0.9098039215686274), np.float64(1.0))","T0
1.20",False
all-MiniLM-L6-v2,0,Misinformation & Propaganda,402,,8.236927,7.3944335,1.202856183052063,"(np.float64(0.6823529411764706), np.float64(0.7803921568627451), np.float64(0.9098039215686274), np.float64(1.0))","T0
1.20",False
all-MiniLM-L6-v2,0,Misinformation & Propaganda,405,,8.426221,7.0620246,1.202856183052063,"(np.float64(0.6823529411764706), np.float64(0.7803921568627451), np.float64(0.9098039215686274), np.float64(1.0))","T0
1.20",False
all-MiniLM-L6-v2,0,Misinformation & Propaganda,406,,8.161052,7.513217,1.202856183052063,"(np.float64(0.6823529411764706), np.float64(0.7803921568627451), np.float64(0.9098039215686274), np.float64(1.0))","T0
1.20",False
all-MiniLM-L6-v2,0,Misinformation & Propaganda,448,,8.477238,7.143577,1.202856183052063,"(np.float64(0.6823529411764706), np.float64(0.7803921568627451), np.float64(0.9098039215686274), np.float64(1.0))","T0
1.20",False
all-MiniLM-L6-v2,0,Misinformation & Propaganda,456,,8.223847,7.0140004,1.202856183052063,"(np.float64(0.6823529411764706), np.float64(0.7803921568627451), np.float64(0.9098039215686274), np.float64(1.0))","T0
1.20",False
all-MiniLM-L6-v2,0,Misinformation & Propaganda,476,,8.656696,7.089423,1.202856183052063,"(np.float64(0.6823529411764706), np.float64(0.7803921568627451), np.float64(0.9098039215686274), np.float64(1.0))","T0
1.20",False
all-MiniLM-L6-v2,0,Misinformation & Propaganda,489,,8.289706,7.104065,1.202856183052063,"(np.float64(0.6823529411764706), np.float64(0.7803921568627451), np.float64(0.9098039215686274), np.float64(1.0))","T0
1.20",False
all-MiniLM-L6-v2,0,Misinformation & Propaganda,494,,7.926899,7.237092,1.202856183052063,"(np.float64(0.6823529411764706), np.float64(0.7803921568627451), np.float64(0.9098039215686274), np.float64(1.0))","T0
1.20",False
all-MiniLM-L6-v2,0,Misinformation & Propaganda,525,,8.407247,7.0203214,1.202856183052063,"(np.float64(0.6823529411764706), np.float64(0.7803921568627451), np.float64(0.9098039215686274), np.float64(1.0))","T0
1.20",False
all-MiniLM-L6-v2,0,Misinformation & Propaganda,548,,8.363416,7.0540323,1.202856183052063,"(np.float64(0.6823529411764706), np.float64(0.7803921568627451), np.float64(0.9098039215686274), np.float64(1.0))","T0
1.20",False
all-MiniLM-L6-v2,0,Misinformation & Propaganda,616,,8.719369,7.1470957,1.202856183052063,"(np.float64(0.6823529411764706), np.float64(0.7803921568627451), np.float64(0.9098039215686274), np.float64(1.0))","T0
1.20",False
all-MiniLM-L6-v2,1,Fact-Checking & Verification,0,,4.1239963,8.647864,0.30586424469947815,"(np.float64(1.0), np.float64(0.4980392156862745), np.float64(0.054901960784313725), np.float64(1.0))","T1
0.31",False
all-MiniLM-L6-v2,1,Fact-Checking & Verification,19,,4.1728106,8.655113,0.30586424469947815,"(np.float64(1.0), np.float64(0.4980392156862745), np.float64(0.054901960784313725), np.float64(1.0))","T1
0.31",False
all-MiniLM-L6-v2,1,Fact-Checking & Verification,43,,4.4916654,8.569784,0.30586424469947815,"(np.float64(1.0), np.float64(0.4980392156862745), np.float64(0.054901960784313725), np.float64(1.0))","T1
0.31",False
all-MiniLM-L6-v2,1,Fact-Checking & Verification,183,,4.143458,8.587667,0.30586424469947815,"(np.float64(1.0), np.float64(0.4980392156862745), np.float64(0.054901960784313725), np.float64(1.0))","T1
0.31",False
all-MiniLM-L6-v2,1,Fact-Checking & Verification,201,,4.1450744,8.663557,0.30586424469947815,"(np.float64(1.0), np.float64(0.4980392156862745), np.float64(0.054901960784313725), np.float64(1.0))","T1
0.31",False
all-MiniLM-L6-v2,1,Fact-Checking & Verification,212,,4.646595,8.341117,0.30586424469947815,"(np.float64(1.0), np.float64(0.4980392156862745), np.float64(0.054901960784313725), np.float64(1.0))","T1
0.31",False
all-MiniLM-L6-v2,1,Fact-Checking & Verification,224,,4.6892896,8.333215,0.30586424469947815,"(np.float64(1.0), np.float64(0.4980392156862745), np.float64(0.054901960784313725), np.float64(1.0))","T1
0.31",False
all-MiniLM-L6-v2,1,Fact-Checking & Verification,305,,4.100492,8.599846,0.30586424469947815,"(np.float64(1.0), np.float64(0.4980392156862745), np.float64(0.054901960784313725), np.float64(1.0))","T1
0.31",False
all-MiniLM-L6-v2,1,Fact-Checking & Verification,346,,4.5525675,8.34849,0.30586424469947815,"(np.float64(1.0), np.float64(0.4980392156862745), np.float64(0.054901960784313725), np.float64(1.0))","T1
0.31",False
all-MiniLM-L6-v2,1,Fact-Checking & Verification,348,,4.49958,8.410426,0.30586424469947815,"(np.float64(1.0), np.float64(0.4980392156862745), np.float64(0.054901960784313725), np.float64(1.0))","T1
0.31",False
all-MiniLM-L6-v2,1,Fact-Checking & Verification,353,,4.6818886,8.395439,0.30586424469947815,"(np.float64(1.0), np.float64(0.4980392156862745), np.float64(0.054901960784313725), np.float64(1.0))","T1
0.31",False
all-MiniLM-L6-v2,1,Fact-Checking & Verification,366,,4.0985785,8.618413,0.30586424469947815,"(np.float64(1.0), np.float64(0.4980392156862745), np.float64(0.054901960784313725), np.float64(1.0))","T1
0.31",False
all-MiniLM-L6-v2,1,Fact-Checking & Verification,385,,4.205081,8.578104,0.30586424469947815,"(np.float64(1.0), np.float64(0.4980392156862745), np.float64(0.054901960784313725), np.float64(1.0))","T1
0.31",False
all-MiniLM-L6-v2,1,Fact-Checking & Verification,473,,4.0868387,8.687852,0.30586424469947815,"(np.float64(1.0), np.float64(0.4980392156862745), np.float64(0.054901960784313725), np.float64(1.0))","T1
0.31",False
all-MiniLM-L6-v2,1,Fact-Checking & Verification,505,,4.197825,8.65315,0.30586424469947815,"(np.float64(1.0), np.float64(0.4980392156862745), np.float64(0.054901960784313725), np.float64(1.0))","T1
0.31",False
all-MiniLM-L6-v2,1,Fact-Checking & Verification,637,,4.1377363,8.624487,0.30586424469947815,"(np.float64(1.0), np.float64(0.4980392156862745), np.float64(0.054901960784313725), np.float64(1.0))","T1
0.31",False
all-MiniLM-L6-v2,1,Fact-Checking & Verification,651,,4.5640817,8.159186,0.30586424469947815,"(np.float64(1.0), np.float64(0.4980392156862745), np.float64(0.054901960784313725), np.float64(1.0))","T1
0.31",False
all-MiniLM-L6-v2,1,Fact-Checking & Verification,678,,4.4086003,8.553253,0.30586424469947815,"(np.float64(1.0), np.float64(0.4980392156862745), np.float64(0.054901960784313725), np.float64(1.0))","T1
0.31",False
all-MiniLM-L6-v2,1,Fact-Checking & Verification,695,,4.348991,8.523696,0.30586424469947815,"(np.float64(1.0), np.float64(0.4980392156862745), np.float64(0.054901960784313725), np.float64(1.0))","T1
0.31",False
all-MiniLM-L6-v2,1,Fact-Checking & Verification,737,,4.29348,8.511586,0.30586424469947815,"(np.float64(1.0), np.float64(0.4980392156862745), np.float64(0.054901960784313725), np.float64(1.0))","T1
0.31",False
all-MiniLM-L6-v2,2,Misinformation & Propaganda,20,,7.1567597,9.072549,0.3479512631893158,"(np.float64(1.0), np.float64(0.7333333333333333), np.float64(0.47058823529411764), np.float64(1.0))","T2
0.35",False
all-MiniLM-L6-v2,2,Misinformation & Propaganda,82,,7.2306533,8.908466,0.3479512631893158,"(np.float64(1.0), np.float64(0.7333333333333333), np.float64(0.47058823529411764), np.float64(1.0))","T2
0.35",False
all-MiniLM-L6-v2,2,Misinformation & Propaganda,103,,7.4912953,8.423611,0.3479512631893158,"(np.float64(1.0), np.float64(0.7333333333333333), np.float64(0.47058823529411764), np.float64(1.0))","T2
0.35",False
all-MiniLM-L6-v2,2,Misinformation & Propaganda,180,,7.265474,8.640592,0.3479512631893158,"(np.float64(1.0), np.float64(0.7333333333333333), np.float64(0.47058823529411764), np.float64(1.0))","T2
0.35",False
all-MiniLM-L6-v2,2,Misinformation & Propaganda,196,,7.167891,8.968123,0.3479512631893158,"(np.float64(1.0), np.float64(0.7333333333333333), np.float64(0.47058823529411764), np.float64(1.0))","T2
0.35",False
all-MiniLM-L6-v2,2,Misinformation & Propaganda,203,,7.0844827,9.174538,0.3479512631893158,"(np.float64(1.0), np.float64(0.7333333333333333), np.float64(0.47058823529411764), np.float64(1.0))","T2
0.35",False
all-MiniLM-L6-v2,2,Misinformation & Propaganda,221,,7.1662827,9.069627,0.3479512631893158,"(np.float64(1.0), np.float64(0.7333333333333333), np.float64(0.47058823529411764), np.float64(1.0))","T2
0.35",False
all-MiniLM-L6-v2,2,Misinformation & Propaganda,228,,7.39454,8.762019,0.3479512631893158,"(np.float64(1.0), np.float64(0.7333333333333333), np.float64(0.47058823529411764), np.float64(1.0))","T2
0.35",False
all-MiniLM-L6-v2,2,Misinformation & Propaganda,235,,7.397746,8.598394,0.3479512631893158,"(np.float64(1.0), np.float64(0.7333333333333333), np.float64(0.47058823529411764), np.float64(1.0))","T2
0.35",False
all-MiniLM-L6-v2,2,Misinformation & Propaganda,349,,7.2378736,8.903663,0.3479512631893158,"(np.float64(1.0), np.float64(0.7333333333333333), np.float64(0.47058823529411764), np.float64(1.0))","T2
0.35",False
all-MiniLM-L6-v2,2,Misinformation & Propaganda,387,,7.563149,8.353344,0.3479512631893158,"(np.float64(1.0), np.float64(0.7333333333333333), np.float64(0.47058823529411764), np.float64(1.0))","T2
0.35",False
all-MiniLM-L6-v2,2,Misinformation & Propaganda,404,,7.3356204,8.510323,0.3479512631893158,"(np.float64(1.0), np.float64(0.7333333333333333), np.float64(0.47058823529411764), np.float64(1.0))","T2
0.35",False
all-MiniLM-L6-v2,2,Misinformation & Propaganda,490,,7.03014,9.029188,0.3479512631893158,"(np.float64(1.0), np.float64(0.7333333333333333), np.float64(0.47058823529411764), np.float64(1.0))","T2
0.35",False
all-MiniLM-L6-v2,2,Misinformation & Propaganda,493,,7.451557,8.561317,0.3479512631893158,"(np.float64(1.0), np.float64(0.7333333333333333), np.float64(0.47058823529411764), np.float64(1.0))","T2
0.35",False
all-MiniLM-L6-v2,2,Misinformation & Propaganda,508,,7.3507195,8.665988,0.3479512631893158,"(np.float64(1.0), np.float64(0.7333333333333333), np.float64(0.47058823529411764), np.float64(1.0))","T2
0.35",False
all-MiniLM-L6-v2,2,Misinformation & Propaganda,547,,6.9862075,8.684951,0.3479512631893158,"(np.float64(1.0), np.float64(0.7333333333333333), np.float64(0.47058823529411764), np.float64(1.0))","T2
0.35",False
all-MiniLM-L6-v2,2,Misinformation & Propaganda,560,,7.344313,8.579729,0.3479512631893158,"(np.float64(1.0), np.float64(0.7333333333333333), np.float64(0.47058823529411764), np.float64(1.0))","T2
0.35",False
all-MiniLM-L6-v2,2,Misinformation & Propaganda,591,,7.1292663,8.87756,0.3479512631893158,"(np.float64(1.0), np.float64(0.7333333333333333), np.float64(0.47058823529411764), np.float64(1.0))","T2
0.35",False
all-MiniLM-L6-v2,2,Misinformation & Propaganda,697,,7.3472686,8.536422,0.3479512631893158,"(np.float64(1.0), np.float64(0.7333333333333333), np.float64(0.47058823529411764), np.float64(1.0))","T2
0.35",False
all-MiniLM-L6-v2,2,Misinformation & Propaganda,785,,7.2082562,8.599293,0.3479512631893158,"(np.float64(1.0), np.float64(0.7333333333333333), np.float64(0.47058823529411764), np.float64(1.0))","T2
0.35",False
all-MiniLM-L6-v2,3,"health, quality",5,,7.8606267,8.228717,0.4725119471549988,"(np.float64(0.17254901960784313), np.float64(0.6274509803921569), np.float64(0.17254901960784313), np.float64(1.0))","T3
0.47",False
all-MiniLM-L6-v2,3,"health, quality",74,,7.9537797,8.413193,0.4725119471549988,"(np.float64(0.17254901960784313), np.float64(0.6274509803921569), np.float64(0.17254901960784313), np.float64(1.0))","T3
0.47",False
all-MiniLM-L6-v2,3,"health, quality",169,,7.8904295,8.14484,0.4725119471549988,"(np.float64(0.17254901960784313), np.float64(0.6274509803921569), np.float64(0.17254901960784313), np.float64(1.0))","T3
0.47",False
all-MiniLM-L6-v2,3,"health, quality",179,,7.735527,7.769892,0.4725119471549988,"(np.float64(0.17254901960784313), np.float64(0.6274509803921569), np.float64(0.17254901960784313), np.float64(1.0))","T3
0.47",False
all-MiniLM-L6-v2,3,"health, quality",181,,7.887837,8.521517,0.4725119471549988,"(np.float64(0.17254901960784313), np.float64(0.6274509803921569), np.float64(0.17254901960784313), np.float64(1.0))","T3
0.47",False
all-MiniLM-L6-v2,3,"health, quality",208,,8.111069,7.597087,0.4725119471549988,"(np.float64(0.17254901960784313), np.float64(0.6274509803921569), np.float64(0.17254901960784313), np.float64(1.0))","T3
0.47",False
all-MiniLM-L6-v2,3,"health, quality",511,,8.059366,8.011606,0.4725119471549988,"(np.float64(0.17254901960784313), np.float64(0.6274509803921569), np.float64(0.17254901960784313), np.float64(1.0))","T3
0.47",False
all-MiniLM-L6-v2,3,"health, quality",563,,7.688425,8.054886,0.4725119471549988,"(np.float64(0.17254901960784313), np.float64(0.6274509803921569), np.float64(0.17254901960784313), np.float64(1.0))","T3
0.47",False
all-MiniLM-L6-v2,3,"health, quality",592,,8.08537,8.081731,0.4725119471549988,"(np.float64(0.17254901960784313), np.float64(0.6274509803921569), np.float64(0.17254901960784313), np.float64(1.0))","T3
0.47",False
all-MiniLM-L6-v2,3,"health, quality",596,,8.052444,7.896595,0.4725119471549988,"(np.float64(0.17254901960784313), np.float64(0.6274509803921569), np.float64(0.17254901960784313), np.float64(1.0))","T3
0.47",False
all-MiniLM-L6-v2,3,"health, quality",604,,8.059108,7.785812,0.4725119471549988,"(np.float64(0.17254901960784313), np.float64(0.6274509803921569), np.float64(0.17254901960784313), np.float64(1.0))","T3
0.47",False
all-MiniLM-L6-v2,3,"health, quality",631,,7.796981,8.138856,0.4725119471549988,"(np.float64(0.17254901960784313), np.float64(0.6274509803921569), np.float64(0.17254901960784313), np.float64(1.0))","T3
0.47",False
all-MiniLM-L6-v2,3,"health, quality",655,,7.690708,8.422496,0.4725119471549988,"(np.float64(0.17254901960784313), np.float64(0.6274509803921569), np.float64(0.17254901960784313), np.float64(1.0))","T3
0.47",False
all-MiniLM-L6-v2,3,"health, quality",673,,7.6548486,8.292532,0.4725119471549988,"(np.float64(0.17254901960784313), np.float64(0.6274509803921569), np.float64(0.17254901960784313), np.float64(1.0))","T3
0.47",False
all-MiniLM-L6-v2,3,"health, quality",776,,7.470043,7.5408635,0.4725119471549988,"(np.float64(0.17254901960784313), np.float64(0.6274509803921569), np.float64(0.17254901960784313), np.float64(1.0))","T3
0.47",False
all-MiniLM-L6-v2,3,"health, quality",782,,8.155682,8.066421,0.4725119471549988,"(np.float64(0.17254901960784313), np.float64(0.6274509803921569), np.float64(0.17254901960784313), np.float64(1.0))","T3
0.47",False
all-MiniLM-L6-v2,3,"health, quality",790,,7.5064306,7.783375,0.4725119471549988,"(np.float64(0.17254901960784313), np.float64(0.6274509803921569), np.float64(0.17254901960784313), np.float64(1.0))","T3
0.47",False
all-MiniLM-L6-v2,3,"health, quality",792,,7.347543,7.819744,0.4725119471549988,"(np.float64(0.17254901960784313), np.float64(0.6274509803921569), np.float64(0.17254901960784313), np.float64(1.0))","T3
0.47",False
all-MiniLM-L6-v2,3,"health, quality",808,,7.715566,8.033837,0.4725119471549988,"(np.float64(0.17254901960784313), np.float64(0.6274509803921569), np.float64(0.17254901960784313), np.float64(1.0))","T3
0.47",False
all-MiniLM-L6-v2,3,"health, quality",811,,8.111132,7.597741,0.4725119471549988,"(np.float64(0.17254901960784313), np.float64(0.6274509803921569), np.float64(0.17254901960784313), np.float64(1.0))","T3
0.47",False
all-MiniLM-L6-v2,4,"reviews, review",141,,10.4153385,4.0337634,0.1622707098722458,"(np.float64(0.596078431372549), np.float64(0.8745098039215686), np.float64(0.5411764705882353), np.float64(1.0))","T4
0.16",True
all-MiniLM-L6-v2,4,"reviews, review",150,,10.298179,4.090025,0.1622707098722458,"(np.float64(0.596078431372549), np.float64(0.8745098039215686), np.float64(0.5411764705882353), np.float64(1.0))","T4
0.16",True
all-MiniLM-L6-v2,4,"reviews, review",261,,10.449217,3.9778316,0.1622707098722458,"(np.float64(0.596078431372549), np.float64(0.8745098039215686), np.float64(0.5411764705882353), np.float64(1.0))","T4
0.16",True
all-MiniLM-L6-v2,4,"reviews, review",319,,10.431908,3.881976,0.1622707098722458,"(np.float64(0.596078431372549), np.float64(0.8745098039215686), np.float64(0.5411764705882353), np.float64(1.0))","T4
0.16",True
all-MiniLM-L6-v2,4,"reviews, review",321,,10.504576,3.9609442,0.1622707098722458,"(np.float64(0.596078431372549), np.float64(0.8745098039215686), np.float64(0.5411764705882353), np.float64(1.0))","T4
0.16",True
all-MiniLM-L6-v2,4,"reviews, review",327,,10.24392,4.133804,0.1622707098722458,"(np.float64(0.596078431372549), np.float64(0.8745098039215686), np.float64(0.5411764705882353), np.float64(1.0))","T4
0.16",True
all-MiniLM-L6-v2,4,"reviews, review",341,,10.513161,3.9408176,0.1622707098722458,"(np.float64(0.596078431372549), np.float64(0.8745098039215686), np.float64(0.5411764705882353), np.float64(1.0))","T4
0.16",True
all-MiniLM-L6-v2,4,"reviews, review",376,,10.370654,4.0633845,0.1622707098722458,"(np.float64(0.596078431372549), np.float64(0.8745098039215686), np.float64(0.5411764705882353), np.float64(1.0))","T4
0.16",True
all-MiniLM-L6-v2,4,"reviews, review",457,,10.306341,4.2737412,0.1622707098722458,"(np.float64(0.596078431372549), np.float64(0.8745098039215686), np.float64(0.5411764705882353), np.float64(1.0))","T4
0.16",True
all-MiniLM-L6-v2,4,"reviews, review",559,,10.402424,3.9951608,0.1622707098722458,"(np.float64(0.596078431372549), np.float64(0.8745098039215686), np.float64(0.5411764705882353), np.float64(1.0))","T4
0.16",True
all-MiniLM-L6-v2,4,"reviews, review",717,,10.4139185,4.0005836,0.1622707098722458,"(np.float64(0.596078431372549), np.float64(0.8745098039215686), np.float64(0.5411764705882353), np.float64(1.0))","T4
0.16",True
all-MiniLM-L6-v2,4,"reviews, review",729,,10.50502,3.8795695,0.1622707098722458,"(np.float64(0.596078431372549), np.float64(0.8745098039215686), np.float64(0.5411764705882353), np.float64(1.0))","T4
0.16",True
all-MiniLM-L6-v2,4,"reviews, review",732,,10.370438,4.0046515,0.1622707098722458,"(np.float64(0.596078431372549), np.float64(0.8745098039215686), np.float64(0.5411764705882353), np.float64(1.0))","T4
0.16",True
all-MiniLM-L6-v2,4,"reviews, review",734,,10.296412,4.0976114,0.1622707098722458,"(np.float64(0.596078431372549), np.float64(0.8745098039215686), np.float64(0.5411764705882353), np.float64(1.0))","T4
0.16",True
all-MiniLM-L6-v2,4,"reviews, review",760,,10.191923,4.173012,0.1622707098722458,"(np.float64(0.596078431372549), np.float64(0.8745098039215686), np.float64(0.5411764705882353), np.float64(1.0))","T4
0.16",True
all-MiniLM-L6-v2,4,"reviews, review",767,,10.370972,4.072063,0.1622707098722458,"(np.float64(0.596078431372549), np.float64(0.8745098039215686), np.float64(0.5411764705882353), np.float64(1.0))","T4
0.16",True
all-MiniLM-L6-v2,4,"reviews, review",781,,10.418518,4.0470138,0.1622707098722458,"(np.float64(0.596078431372549), np.float64(0.8745098039215686), np.float64(0.5411764705882353), np.float64(1.0))","T4
0.16",True
all-MiniLM-L6-v2,4,"reviews, review",788,,10.295021,4.0911837,0.1622707098722458,"(np.float64(0.596078431372549), np.float64(0.8745098039215686), np.float64(0.5411764705882353), np.float64(1.0))","T4
0.16",True
all-MiniLM-L6-v2,5,Misinformation & Propaganda,22,,8.773366,8.386944,0.2428964376449585,"(np.float64(0.8392156862745098), np.float64(0.15294117647058825), np.float64(0.1568627450980392), np.float64(1.0))","T5
0.24",True
all-MiniLM-L6-v2,5,Misinformation & Propaganda,45,,8.801663,8.398588,0.2428964376449585,"(np.float64(0.8392156862745098), np.float64(0.15294117647058825), np.float64(0.1568627450980392), np.float64(1.0))","T5
0.24",True
all-MiniLM-L6-v2,5,Misinformation & Propaganda,49,,8.728585,8.374987,0.2428964376449585,"(np.float64(0.8392156862745098), np.float64(0.15294117647058825), np.float64(0.1568627450980392), np.float64(1.0))","T5
0.24",True
all-MiniLM-L6-v2,5,Misinformation & Propaganda,75,,8.800392,8.442777,0.2428964376449585,"(np.float64(0.8392156862745098), np.float64(0.15294117647058825), np.float64(0.1568627450980392), np.float64(1.0))","T5
0.24",True
all-MiniLM-L6-v2,5,Misinformation & Propaganda,168,,8.377294,8.23294,0.2428964376449585,"(np.float64(0.8392156862745098), np.float64(0.15294117647058825), np.float64(0.1568627450980392), np.float64(1.0))","T5
0.24",True
all-MiniLM-L6-v2,5,Misinformation & Propaganda,195,,8.707949,8.243942,0.2428964376449585,"(np.float64(0.8392156862745098), np.float64(0.15294117647058825), np.float64(0.1568627450980392), np.float64(1.0))","T5
0.24",True
all-MiniLM-L6-v2,5,Misinformation & Propaganda,262,,8.592458,8.297397,0.2428964376449585,"(np.float64(0.8392156862745098), np.float64(0.15294117647058825), np.float64(0.1568627450980392), np.float64(1.0))","T5
0.24",True
all-MiniLM-L6-v2,5,Misinformation & Propaganda,264,,8.472352,8.395065,0.2428964376449585,"(np.float64(0.8392156862745098), np.float64(0.15294117647058825), np.float64(0.1568627450980392), np.float64(1.0))","T5
0.24",True
all-MiniLM-L6-v2,5,Misinformation & Propaganda,268,,8.739006,8.135765,0.2428964376449585,"(np.float64(0.8392156862745098), np.float64(0.15294117647058825), np.float64(0.1568627450980392), np.float64(1.0))","T5
0.24",True
all-MiniLM-L6-v2,5,Misinformation & Propaganda,359,,8.725979,8.356276,0.2428964376449585,"(np.float64(0.8392156862745098), np.float64(0.15294117647058825), np.float64(0.1568627450980392), np.float64(1.0))","T5
0.24",True
all-MiniLM-L6-v2,5,Misinformation & Propaganda,372,,8.802516,8.432537,0.2428964376449585,"(np.float64(0.8392156862745098), np.float64(0.15294117647058825), np.float64(0.1568627450980392), np.float64(1.0))","T5
0.24",True
all-MiniLM-L6-v2,5,Misinformation & Propaganda,386,,8.730978,8.3550825,0.2428964376449585,"(np.float64(0.8392156862745098), np.float64(0.15294117647058825), np.float64(0.1568627450980392), np.float64(1.0))","T5
0.24",True
all-MiniLM-L6-v2,5,Misinformation & Propaganda,388,,8.548203,8.2325535,0.2428964376449585,"(np.float64(0.8392156862745098), np.float64(0.15294117647058825), np.float64(0.1568627450980392), np.float64(1.0))","T5
0.24",True
all-MiniLM-L6-v2,5,Misinformation & Propaganda,509,,8.064577,8.38763,0.2428964376449585,"(np.float64(0.8392156862745098), np.float64(0.15294117647058825), np.float64(0.1568627450980392), np.float64(1.0))","T5
0.24",True
all-MiniLM-L6-v2,5,Misinformation & Propaganda,537,,8.73255,8.335508,0.2428964376449585,"(np.float64(0.8392156862745098), np.float64(0.15294117647058825), np.float64(0.1568627450980392), np.float64(1.0))","T5
0.24",True
all-MiniLM-L6-v2,5,Misinformation & Propaganda,579,,8.466479,8.241119,0.2428964376449585,"(np.float64(0.8392156862745098), np.float64(0.15294117647058825), np.float64(0.1568627450980392), np.float64(1.0))","T5
0.24",True
all-MiniLM-L6-v2,5,Misinformation & Propaganda,583,,8.790236,8.392345,0.2428964376449585,"(np.float64(0.8392156862745098), np.float64(0.15294117647058825), np.float64(0.1568627450980392), np.float64(1.0))","T5
0.24",True
all-MiniLM-L6-v2,5,Misinformation & Propaganda,694,,8.746032,8.229118,0.2428964376449585,"(np.float64(0.8392156862745098), np.float64(0.15294117647058825), np.float64(0.1568627450980392), np.float64(1.0))","T5
0.24",True
all-MiniLM-L6-v2,6,"image, images",70,,-0.07992151,9.830602,0.20915992558002472,"(np.float64(1.0), np.float64(0.596078431372549), np.float64(0.5882352941176471), np.float64(1.0))","T6
0.21",True
all-MiniLM-L6-v2,6,"image, images",144,,-0.07659522,9.883571,0.20915992558002472,"(np.float64(1.0), np.float64(0.596078431372549), np.float64(0.5882352941176471), np.float64(1.0))","T6
0.21",True
all-MiniLM-L6-v2,6,"image, images",145,,-0.10964466,9.920496,0.20915992558002472,"(np.float64(1.0), np.float64(0.596078431372549), np.float64(0.5882352941176471), np.float64(1.0))","T6
0.21",True
all-MiniLM-L6-v2,6,"image, images",152,,-0.19524045,9.765766,0.20915992558002472,"(np.float64(1.0), np.float64(0.596078431372549), np.float64(0.5882352941176471), np.float64(1.0))","T6
0.21",True
all-MiniLM-L6-v2,6,"image, images",159,,0.12062941,9.897431,0.20915992558002472,"(np.float64(1.0), np.float64(0.596078431372549), np.float64(0.5882352941176471), np.float64(1.0))","T6
0.21",True
all-MiniLM-L6-v2,6,"image, images",184,,-0.10532148,9.80127,0.20915992558002472,"(np.float64(1.0), np.float64(0.596078431372549), np.float64(0.5882352941176471), np.float64(1.0))","T6
0.21",True
all-MiniLM-L6-v2,6,"image, images",185,,0.09105519,9.730467,0.20915992558002472,"(np.float64(1.0), np.float64(0.596078431372549), np.float64(0.5882352941176471), np.float64(1.0))","T6
0.21",True
all-MiniLM-L6-v2,6,"image, images",187,,-0.051070455,9.816194,0.20915992558002472,"(np.float64(1.0), np.float64(0.596078431372549), np.float64(0.5882352941176471), np.float64(1.0))","T6
0.21",True
all-MiniLM-L6-v2,6,"image, images",245,,-0.055845086,9.793495,0.20915992558002472,"(np.float64(1.0), np.float64(0.596078431372549), np.float64(0.5882352941176471), np.float64(1.0))","T6
0.21",True
all-MiniLM-L6-v2,6,"image, images",259,,-0.026592746,9.714583,0.20915992558002472,"(np.float64(1.0), np.float64(0.596078431372549), np.float64(0.5882352941176471), np.float64(1.0))","T6
0.21",True
all-MiniLM-L6-v2,6,"image, images",316,,-0.3447597,9.611369,0.20915992558002472,"(np.float64(1.0), np.float64(0.596078431372549), np.float64(0.5882352941176471), np.float64(1.0))","T6
0.21",True
all-MiniLM-L6-v2,6,"image, images",318,,0.06055268,9.80254,0.20915992558002472,"(np.float64(1.0), np.float64(0.596078431372549), np.float64(0.5882352941176471), np.float64(1.0))","T6
0.21",True
all-MiniLM-L6-v2,6,"image, images",336,,-0.3881162,9.787708,0.20915992558002472,"(np.float64(1.0), np.float64(0.596078431372549), np.float64(0.5882352941176471), np.float64(1.0))","T6
0.21",True
all-MiniLM-L6-v2,6,"image, images",522,,-0.28871128,9.824058,0.20915992558002472,"(np.float64(1.0), np.float64(0.596078431372549), np.float64(0.5882352941176471), np.float64(1.0))","T6
0.21",True
all-MiniLM-L6-v2,6,"image, images",758,,-0.1996186,9.82927,0.20915992558002472,"(np.float64(1.0), np.float64(0.596078431372549), np.float64(0.5882352941176471), np.float64(1.0))","T6
0.21",True
all-MiniLM-L6-v2,7,Misinformation & Propaganda,25,,6.29055,7.82366,0.7079417109489441,"(np.float64(0.5803921568627451), np.float64(0.403921568627451), np.float64(0.7411764705882353), np.float64(1.0))","T7
0.71",False
all-MiniLM-L6-v2,7,Misinformation & Propaganda,207,,6.382349,8.265716,0.7079417109489441,"(np.float64(0.5803921568627451), np.float64(0.403921568627451), np.float64(0.7411764705882353), np.float64(1.0))","T7
0.71",False
all-MiniLM-L6-v2,7,Misinformation & Propaganda,355,,6.5224957,7.719771,0.7079417109489441,"(np.float64(0.5803921568627451), np.float64(0.403921568627451), np.float64(0.7411764705882353), np.float64(1.0))","T7
0.71",False
all-MiniLM-L6-v2,7,Misinformation & Propaganda,364,,6.235155,8.149759,0.7079417109489441,"(np.float64(0.5803921568627451), np.float64(0.403921568627451), np.float64(0.7411764705882353), np.float64(1.0))","T7
0.71",False
all-MiniLM-L6-v2,7,Misinformation & Propaganda,392,,6.1749835,8.084365,0.7079417109489441,"(np.float64(0.5803921568627451), np.float64(0.403921568627451), np.float64(0.7411764705882353), np.float64(1.0))","T7
0.71",False
all-MiniLM-L6-v2,7,Misinformation & Propaganda,400,,6.1224203,8.214368,0.7079417109489441,"(np.float64(0.5803921568627451), np.float64(0.403921568627451), np.float64(0.7411764705882353), np.float64(1.0))","T7
0.71",False
all-MiniLM-L6-v2,7,Misinformation & Propaganda,467,,7.313938,7.9958067,0.7079417109489441,"(np.float64(0.5803921568627451), np.float64(0.403921568627451), np.float64(0.7411764705882353), np.float64(1.0))","T7
0.71",False
all-MiniLM-L6-v2,7,Misinformation & Propaganda,468,,7.320135,7.265236,0.7079417109489441,"(np.float64(0.5803921568627451), np.float64(0.403921568627451), np.float64(0.7411764705882353), np.float64(1.0))","T7
0.71",False
all-MiniLM-L6-v2,7,Misinformation & Propaganda,483,,6.1163664,8.363799,0.7079417109489441,"(np.float64(0.5803921568627451), np.float64(0.403921568627451), np.float64(0.7411764705882353), np.float64(1.0))","T7
0.71",False
all-MiniLM-L6-v2,7,Misinformation & Propaganda,484,,6.002381,8.406205,0.7079417109489441,"(np.float64(0.5803921568627451), np.float64(0.403921568627451), np.float64(0.7411764705882353), np.float64(1.0))","T7
0.71",False
all-MiniLM-L6-v2,7,Misinformation & Propaganda,500,,5.9263315,7.7992244,0.7079417109489441,"(np.float64(0.5803921568627451), np.float64(0.403921568627451), np.float64(0.7411764705882353), np.float64(1.0))","T7
0.71",False
all-MiniLM-L6-v2,7,Misinformation & Propaganda,578,,6.2988133,7.882041,0.7079417109489441,"(np.float64(0.5803921568627451), np.float64(0.403921568627451), np.float64(0.7411764705882353), np.float64(1.0))","T7
0.71",False
all-MiniLM-L6-v2,7,Misinformation & Propaganda,754,,5.858515,7.777777,0.7079417109489441,"(np.float64(0.5803921568627451), np.float64(0.403921568627451), np.float64(0.7411764705882353), np.float64(1.0))","T7
0.71",False
all-MiniLM-L6-v2,7,Misinformation & Propaganda,762,,6.561507,7.6922674,0.7079417109489441,"(np.float64(0.5803921568627451), np.float64(0.403921568627451), np.float64(0.7411764705882353), np.float64(1.0))","T7
0.71",False
all-MiniLM-L6-v2,7,Misinformation & Propaganda,796,,7.332092,7.7401037,0.7079417109489441,"(np.float64(0.5803921568627451), np.float64(0.403921568627451), np.float64(0.7411764705882353), np.float64(1.0))","T7
0.71",False
all-MiniLM-L6-v2,8,"fact, checking",56,,6.1697,10.636384,0.1764349490404129,"(np.float64(0.7725490196078432), np.float64(0.6901960784313725), np.float64(0.8352941176470589), np.float64(1.0))","T8
0.18",True
all-MiniLM-L6-v2,8,"fact, checking",57,,6.213878,10.502941,0.1764349490404129,"(np.float64(0.7725490196078432), np.float64(0.6901960784313725), np.float64(0.8352941176470589), np.float64(1.0))","T8
0.18",True
all-MiniLM-L6-v2,8,"fact, checking",225,,6.197263,10.280859,0.1764349490404129,"(np.float64(0.7725490196078432), np.float64(0.6901960784313725), np.float64(0.8352941176470589), np.float64(1.0))","T8
0.18",True
all-MiniLM-L6-v2,8,"fact, checking",396,,6.226038,10.598241,0.1764349490404129,"(np.float64(0.7725490196078432), np.float64(0.6901960784313725), np.float64(0.8352941176470589), np.float64(1.0))","T8
0.18",True
all-MiniLM-L6-v2,8,"fact, checking",491,,6.187948,10.656612,0.1764349490404129,"(np.float64(0.7725490196078432), np.float64(0.6901960784313725), np.float64(0.8352941176470589), np.float64(1.0))","T8
0.18",True
all-MiniLM-L6-v2,8,"fact, checking",495,,6.159036,10.553733,0.1764349490404129,"(np.float64(0.7725490196078432), np.float64(0.6901960784313725), np.float64(0.8352941176470589), np.float64(1.0))","T8
0.18",True
all-MiniLM-L6-v2,8,"fact, checking",570,,6.3895288,10.458748,0.1764349490404129,"(np.float64(0.7725490196078432), np.float64(0.6901960784313725), np.float64(0.8352941176470589), np.float64(1.0))","T8
0.18",True
all-MiniLM-L6-v2,8,"fact, checking",594,,6.3016243,10.550006,0.1764349490404129,"(np.float64(0.7725490196078432), np.float64(0.6901960784313725), np.float64(0.8352941176470589), np.float64(1.0))","T8
0.18",True
all-MiniLM-L6-v2,8,"fact, checking",690,,6.1919203,10.406479,0.1764349490404129,"(np.float64(0.7725490196078432), np.float64(0.6901960784313725), np.float64(0.8352941176470589), np.float64(1.0))","T8
0.18",True
all-MiniLM-L6-v2,8,"fact, checking",691,,6.415101,10.517819,0.1764349490404129,"(np.float64(0.7725490196078432), np.float64(0.6901960784313725), np.float64(0.8352941176470589), np.float64(1.0))","T8
0.18",True
all-MiniLM-L6-v2,8,"fact, checking",696,,6.3633566,10.5724535,0.1764349490404129,"(np.float64(0.7725490196078432), np.float64(0.6901960784313725), np.float64(0.8352941176470589), np.float64(1.0))","T8
0.18",True
all-MiniLM-L6-v2,8,"fact, checking",720,,6.347356,10.601248,0.1764349490404129,"(np.float64(0.7725490196078432), np.float64(0.6901960784313725), np.float64(0.8352941176470589), np.float64(1.0))","T8
0.18",True
all-MiniLM-L6-v2,8,"fact, checking",740,,6.4015155,10.518315,0.1764349490404129,"(np.float64(0.7725490196078432), np.float64(0.6901960784313725), np.float64(0.8352941176470589), np.float64(1.0))","T8
0.18",True
all-MiniLM-L6-v2,8,"fact, checking",765,,6.3780923,10.463339,0.1764349490404129,"(np.float64(0.7725490196078432), np.float64(0.6901960784313725), np.float64(0.8352941176470589), np.float64(1.0))","T8
0.18",True
all-MiniLM-L6-v2,9,"evidence, claim",48,,5.7485204,10.500858,0.21594607830047607,"(np.float64(0.5490196078431373), np.float64(0.33725490196078434), np.float64(0.29411764705882354), np.float64(1.0))","T9
0.22",True
all-MiniLM-L6-v2,9,"evidence, claim",177,,5.6073008,10.4909,0.21594607830047607,"(np.float64(0.5490196078431373), np.float64(0.33725490196078434), np.float64(0.29411764705882354), np.float64(1.0))","T9
0.22",True
all-MiniLM-L6-v2,9,"evidence, claim",199,,5.6315985,10.376479,0.21594607830047607,"(np.float64(0.5490196078431373), np.float64(0.33725490196078434), np.float64(0.29411764705882354), np.float64(1.0))","T9
0.22",True
all-MiniLM-L6-v2,9,"evidence, claim",209,,5.6538506,10.550548,0.21594607830047607,"(np.float64(0.5490196078431373), np.float64(0.33725490196078434), np.float64(0.29411764705882354), np.float64(1.0))","T9
0.22",True
all-MiniLM-L6-v2,9,"evidence, claim",226,,5.5214624,10.328883,0.21594607830047607,"(np.float64(0.5490196078431373), np.float64(0.33725490196078434), np.float64(0.29411764705882354), np.float64(1.0))","T9
0.22",True
all-MiniLM-L6-v2,9,"evidence, claim",239,,5.6656265,10.427651,0.21594607830047607,"(np.float64(0.5490196078431373), np.float64(0.33725490196078434), np.float64(0.29411764705882354), np.float64(1.0))","T9
0.22",True
all-MiniLM-L6-v2,9,"evidence, claim",370,,5.8364983,10.526286,0.21594607830047607,"(np.float64(0.5490196078431373), np.float64(0.33725490196078434), np.float64(0.29411764705882354), np.float64(1.0))","T9
0.22",True
all-MiniLM-L6-v2,9,"evidence, claim",391,,5.736653,10.487867,0.21594607830047607,"(np.float64(0.5490196078431373), np.float64(0.33725490196078434), np.float64(0.29411764705882354), np.float64(1.0))","T9
0.22",True
all-MiniLM-L6-v2,9,"evidence, claim",486,,5.448823,10.400291,0.21594607830047607,"(np.float64(0.5490196078431373), np.float64(0.33725490196078434), np.float64(0.29411764705882354), np.float64(1.0))","T9
0.22",True
all-MiniLM-L6-v2,9,"evidence, claim",492,,5.626424,10.098114,0.21594607830047607,"(np.float64(0.5490196078431373), np.float64(0.33725490196078434), np.float64(0.29411764705882354), np.float64(1.0))","T9
0.22",True
all-MiniLM-L6-v2,9,"evidence, claim",507,,5.8035016,10.635935,0.21594607830047607,"(np.float64(0.5490196078431373), np.float64(0.33725490196078434), np.float64(0.29411764705882354), np.float64(1.0))","T9
0.22",True
all-MiniLM-L6-v2,9,"evidence, claim",510,,5.7655373,10.533815,0.21594607830047607,"(np.float64(0.5490196078431373), np.float64(0.33725490196078434), np.float64(0.29411764705882354), np.float64(1.0))","T9
0.22",True
all-MiniLM-L6-v2,9,"evidence, claim",569,,5.7206254,10.639387,0.21594607830047607,"(np.float64(0.5490196078431373), np.float64(0.33725490196078434), np.float64(0.29411764705882354), np.float64(1.0))","T9
0.22",True
all-MiniLM-L6-v2,9,"evidence, claim",634,,5.7215385,10.594712,0.21594607830047607,"(np.float64(0.5490196078431373), np.float64(0.33725490196078434), np.float64(0.29411764705882354), np.float64(1.0))","T9
0.22",True
all-MiniLM-L6-v2,10,Misinformation & Propaganda,62,,3.384656,6.5168386,0.27241408824920654,"(np.float64(0.7686274509803922), np.float64(0.611764705882353), np.float64(0.5803921568627451), np.float64(1.0))","T10
0.27",True
all-MiniLM-L6-v2,10,Misinformation & Propaganda,86,,2.990458,6.674266,0.27241408824920654,"(np.float64(0.7686274509803922), np.float64(0.611764705882353), np.float64(0.5803921568627451), np.float64(1.0))","T10
0.27",True
all-MiniLM-L6-v2,10,Misinformation & Propaganda,104,,3.1608703,6.801815,0.27241408824920654,"(np.float64(0.7686274509803922), np.float64(0.611764705882353), np.float64(0.5803921568627451), np.float64(1.0))","T10
0.27",True
all-MiniLM-L6-v2,10,Misinformation & Propaganda,112,,2.9098926,6.275967,0.27241408824920654,"(np.float64(0.7686274509803922), np.float64(0.611764705882353), np.float64(0.5803921568627451), np.float64(1.0))","T10
0.27",True
all-MiniLM-L6-v2,10,Misinformation & Propaganda,122,,3.060751,6.551851,0.27241408824920654,"(np.float64(0.7686274509803922), np.float64(0.611764705882353), np.float64(0.5803921568627451), np.float64(1.0))","T10
0.27",True
all-MiniLM-L6-v2,10,Misinformation & Propaganda,249,,3.2921567,6.711732,0.27241408824920654,"(np.float64(0.7686274509803922), np.float64(0.611764705882353), np.float64(0.5803921568627451), np.float64(1.0))","T10
0.27",True
all-MiniLM-L6-v2,10,Misinformation & Propaganda,271,,3.0318453,6.489724,0.27241408824920654,"(np.float64(0.7686274509803922), np.float64(0.611764705882353), np.float64(0.5803921568627451), np.float64(1.0))","T10
0.27",True
all-MiniLM-L6-v2,10,Misinformation & Propaganda,289,,2.9406548,6.3721952,0.27241408824920654,"(np.float64(0.7686274509803922), np.float64(0.611764705882353), np.float64(0.5803921568627451), np.float64(1.0))","T10
0.27",True
all-MiniLM-L6-v2,10,Misinformation & Propaganda,313,,3.1015644,6.766542,0.27241408824920654,"(np.float64(0.7686274509803922), np.float64(0.611764705882353), np.float64(0.5803921568627451), np.float64(1.0))","T10
0.27",True
all-MiniLM-L6-v2,10,Misinformation & Propaganda,360,,3.1426795,6.573745,0.27241408824920654,"(np.float64(0.7686274509803922), np.float64(0.611764705882353), np.float64(0.5803921568627451), np.float64(1.0))","T10
0.27",True
all-MiniLM-L6-v2,10,Misinformation & Propaganda,380,,2.9160411,6.6024623,0.27241408824920654,"(np.float64(0.7686274509803922), np.float64(0.611764705882353), np.float64(0.5803921568627451), np.float64(1.0))","T10
0.27",True
all-MiniLM-L6-v2,10,Misinformation & Propaganda,575,,3.1571884,6.632522,0.27241408824920654,"(np.float64(0.7686274509803922), np.float64(0.611764705882353), np.float64(0.5803921568627451), np.float64(1.0))","T10
0.27",True
all-MiniLM-L6-v2,10,Misinformation & Propaganda,701,,2.9789011,6.28586,0.27241408824920654,"(np.float64(0.7686274509803922), np.float64(0.611764705882353), np.float64(0.5803921568627451), np.float64(1.0))","T10
0.27",True
all-MiniLM-L6-v2,10,Misinformation & Propaganda,702,,3.0105007,6.510345,0.27241408824920654,"(np.float64(0.7686274509803922), np.float64(0.611764705882353), np.float64(0.5803921568627451), np.float64(1.0))","T10
0.27",True
all-MiniLM-L6-v2,11,Misinformation & Propaganda,8,,2.2014656,7.7732286,0.26784446835517883,"(np.float64(0.8901960784313725), np.float64(0.4666666666666667), np.float64(0.7607843137254902), np.float64(1.0))","T11
0.27",True
all-MiniLM-L6-v2,11,Misinformation & Propaganda,10,,2.063939,7.8295264,0.26784446835517883,"(np.float64(0.8901960784313725), np.float64(0.4666666666666667), np.float64(0.7607843137254902), np.float64(1.0))","T11
0.27",True
all-MiniLM-L6-v2,11,Misinformation & Propaganda,24,,1.9330804,7.863304,0.26784446835517883,"(np.float64(0.8901960784313725), np.float64(0.4666666666666667), np.float64(0.7607843137254902), np.float64(1.0))","T11
0.27",True
all-MiniLM-L6-v2,11,Misinformation & Propaganda,26,,1.975509,7.8760533,0.26784446835517883,"(np.float64(0.8901960784313725), np.float64(0.4666666666666667), np.float64(0.7607843137254902), np.float64(1.0))","T11
0.27",True
all-MiniLM-L6-v2,11,Misinformation & Propaganda,118,,2.1159873,7.8583465,0.26784446835517883,"(np.float64(0.8901960784313725), np.float64(0.4666666666666667), np.float64(0.7607843137254902), np.float64(1.0))","T11
0.27",True
all-MiniLM-L6-v2,11,Misinformation & Propaganda,135,,2.147063,7.7775183,0.26784446835517883,"(np.float64(0.8901960784313725), np.float64(0.4666666666666667), np.float64(0.7607843137254902), np.float64(1.0))","T11
0.27",True
all-MiniLM-L6-v2,11,Misinformation & Propaganda,217,,1.9464966,7.811822,0.26784446835517883,"(np.float64(0.8901960784313725), np.float64(0.4666666666666667), np.float64(0.7607843137254902), np.float64(1.0))","T11
0.27",True
all-MiniLM-L6-v2,11,Misinformation & Propaganda,285,,2.2183125,8.018613,0.26784446835517883,"(np.float64(0.8901960784313725), np.float64(0.4666666666666667), np.float64(0.7607843137254902), np.float64(1.0))","T11
0.27",True
all-MiniLM-L6-v2,11,Misinformation & Propaganda,298,,2.044585,7.8899074,0.26784446835517883,"(np.float64(0.8901960784313725), np.float64(0.4666666666666667), np.float64(0.7607843137254902), np.float64(1.0))","T11
0.27",True
all-MiniLM-L6-v2,11,Misinformation & Propaganda,354,,2.4812102,8.245239,0.26784446835517883,"(np.float64(0.8901960784313725), np.float64(0.4666666666666667), np.float64(0.7607843137254902), np.float64(1.0))","T11
0.27",True
all-MiniLM-L6-v2,11,Misinformation & Propaganda,375,,1.9640057,7.9315405,0.26784446835517883,"(np.float64(0.8901960784313725), np.float64(0.4666666666666667), np.float64(0.7607843137254902), np.float64(1.0))","T11
0.27",True
all-MiniLM-L6-v2,11,Misinformation & Propaganda,453,,1.9081631,8.017741,0.26784446835517883,"(np.float64(0.8901960784313725), np.float64(0.4666666666666667), np.float64(0.7607843137254902), np.float64(1.0))","T11
0.27",True
all-MiniLM-L6-v2,11,Misinformation & Propaganda,542,,2.297105,8.290003,0.26784446835517883,"(np.float64(0.8901960784313725), np.float64(0.4666666666666667), np.float64(0.7607843137254902), np.float64(1.0))","T11
0.27",True
all-MiniLM-L6-v2,11,Misinformation & Propaganda,640,,2.079352,7.797713,0.26784446835517883,"(np.float64(0.8901960784313725), np.float64(0.4666666666666667), np.float64(0.7607843137254902), np.float64(1.0))","T11
0.27",True
all-MiniLM-L6-v2,12,"sensing, discovery",514,,5.9364157,7.3368115,0.20156271755695343,"(np.float64(0.9686274509803922), np.float64(0.7137254901960784), np.float64(0.8235294117647058), np.float64(1.0))","T12
0.20",True
all-MiniLM-L6-v2,12,"sensing, discovery",648,,6.1976376,7.4766407,0.20156271755695343,"(np.float64(0.9686274509803922), np.float64(0.7137254901960784), np.float64(0.8235294117647058), np.float64(1.0))","T12
0.20",True
all-MiniLM-L6-v2,12,"sensing, discovery",677,,6.133377,7.2275224,0.20156271755695343,"(np.float64(0.9686274509803922), np.float64(0.7137254901960784), np.float64(0.8235294117647058), np.float64(1.0))","T12
0.20",True
all-MiniLM-L6-v2,12,"sensing, discovery",687,,5.976679,7.1994214,0.20156271755695343,"(np.float64(0.9686274509803922), np.float64(0.7137254901960784), np.float64(0.8235294117647058), np.float64(1.0))","T12
0.20",True
all-MiniLM-L6-v2,12,"sensing, discovery",739,,6.15999,7.3750157,0.20156271755695343,"(np.float64(0.9686274509803922), np.float64(0.7137254901960784), np.float64(0.8235294117647058), np.float64(1.0))","T12
0.20",True
all-MiniLM-L6-v2,12,"sensing, discovery",743,,6.176267,7.5773025,0.20156271755695343,"(np.float64(0.9686274509803922), np.float64(0.7137254901960784), np.float64(0.8235294117647058), np.float64(1.0))","T12
0.20",True
all-MiniLM-L6-v2,12,"sensing, discovery",744,,6.1189966,7.3064375,0.20156271755695343,"(np.float64(0.9686274509803922), np.float64(0.7137254901960784), np.float64(0.8235294117647058), np.float64(1.0))","T12
0.20",True
all-MiniLM-L6-v2,12,"sensing, discovery",745,,6.151902,7.356839,0.20156271755695343,"(np.float64(0.9686274509803922), np.float64(0.7137254901960784), np.float64(0.8235294117647058), np.float64(1.0))","T12
0.20",True
all-MiniLM-L6-v2,12,"sensing, discovery",746,,6.2183022,7.591554,0.20156271755695343,"(np.float64(0.9686274509803922), np.float64(0.7137254901960784), np.float64(0.8235294117647058), np.float64(1.0))","T12
0.20",True
all-MiniLM-L6-v2,12,"sensing, discovery",756,,6.1367464,7.2317843,0.20156271755695343,"(np.float64(0.9686274509803922), np.float64(0.7137254901960784), np.float64(0.8235294117647058), np.float64(1.0))","T12
0.20",True
all-MiniLM-L6-v2,12,"sensing, discovery",757,,6.104536,7.3212004,0.20156271755695343,"(np.float64(0.9686274509803922), np.float64(0.7137254901960784), np.float64(0.8235294117647058), np.float64(1.0))","T12
0.20",True
all-MiniLM-L6-v2,12,"sensing, discovery",793,,6.094528,7.1663065,0.20156271755695343,"(np.float64(0.9686274509803922), np.float64(0.7137254901960784), np.float64(0.8235294117647058), np.float64(1.0))","T12
0.20",True
all-MiniLM-L6-v2,13,Credibility Assessment,192,,6.178366,5.4649973,0.41904667019844055,"(np.float64(0.4980392156862745), np.float64(0.4980392156862745), np.float64(0.4980392156862745), np.float64(1.0))","T13
0.42",False
all-MiniLM-L6-v2,13,Credibility Assessment,230,,6.1738043,5.472973,0.41904667019844055,"(np.float64(0.4980392156862745), np.float64(0.4980392156862745), np.float64(0.4980392156862745), np.float64(1.0))","T13
0.42",False
all-MiniLM-L6-v2,13,Credibility Assessment,250,,6.218367,5.437766,0.41904667019844055,"(np.float64(0.4980392156862745), np.float64(0.4980392156862745), np.float64(0.4980392156862745), np.float64(1.0))","T13
0.42",False
all-MiniLM-L6-v2,13,Credibility Assessment,345,,6.5580153,5.8136497,0.41904667019844055,"(np.float64(0.4980392156862745), np.float64(0.4980392156862745), np.float64(0.4980392156862745), np.float64(1.0))","T13
0.42",False
all-MiniLM-L6-v2,13,Credibility Assessment,361,,5.781772,5.379324,0.41904667019844055,"(np.float64(0.4980392156862745), np.float64(0.4980392156862745), np.float64(0.4980392156862745), np.float64(1.0))","T13
0.42",False
all-MiniLM-L6-v2,13,Credibility Assessment,377,,6.2154293,5.7258463,0.41904667019844055,"(np.float64(0.4980392156862745), np.float64(0.4980392156862745), np.float64(0.4980392156862745), np.float64(1.0))","T13
0.42",False
all-MiniLM-L6-v2,13,Credibility Assessment,536,,5.9455433,5.479224,0.41904667019844055,"(np.float64(0.4980392156862745), np.float64(0.4980392156862745), np.float64(0.4980392156862745), np.float64(1.0))","T13
0.42",False
all-MiniLM-L6-v2,13,Credibility Assessment,541,,6.0930457,5.6156807,0.41904667019844055,"(np.float64(0.4980392156862745), np.float64(0.4980392156862745), np.float64(0.4980392156862745), np.float64(1.0))","T13
0.42",False
all-MiniLM-L6-v2,13,Credibility Assessment,611,,6.1295524,5.5158725,0.41904667019844055,"(np.float64(0.4980392156862745), np.float64(0.4980392156862745), np.float64(0.4980392156862745), np.float64(1.0))","T13
0.42",False
all-MiniLM-L6-v2,13,Credibility Assessment,642,,6.610719,5.9035463,0.41904667019844055,"(np.float64(0.4980392156862745), np.float64(0.4980392156862745), np.float64(0.4980392156862745), np.float64(1.0))","T13
0.42",False
all-MiniLM-L6-v2,13,Credibility Assessment,722,,6.7298374,5.972908,0.41904667019844055,"(np.float64(0.4980392156862745), np.float64(0.4980392156862745), np.float64(0.4980392156862745), np.float64(1.0))","T13
0.42",False
all-MiniLM-L6-v2,14,Rumor on Social Media,328,,4.7416773,8.220353,0.3266340494155884,"(np.float64(0.7803921568627451), np.float64(0.7803921568627451), np.float64(0.7803921568627451), np.float64(1.0))","T14
0.33",False
all-MiniLM-L6-v2,14,Rumor on Social Media,412,,5.3253436,7.9160833,0.3266340494155884,"(np.float64(0.7803921568627451), np.float64(0.7803921568627451), np.float64(0.7803921568627451), np.float64(1.0))","T14
0.33",False
all-MiniLM-L6-v2,14,Rumor on Social Media,461,,4.7627773,8.195642,0.3266340494155884,"(np.float64(0.7803921568627451), np.float64(0.7803921568627451), np.float64(0.7803921568627451), np.float64(1.0))","T14
0.33",False
all-MiniLM-L6-v2,14,Rumor on Social Media,512,,4.8531713,8.299047,0.3266340494155884,"(np.float64(0.7803921568627451), np.float64(0.7803921568627451), np.float64(0.7803921568627451), np.float64(1.0))","T14
0.33",False
all-MiniLM-L6-v2,14,Rumor on Social Media,621,,4.822672,8.139294,0.3266340494155884,"(np.float64(0.7803921568627451), np.float64(0.7803921568627451), np.float64(0.7803921568627451), np.float64(1.0))","T14
0.33",False
all-MiniLM-L6-v2,14,Rumor on Social Media,632,,4.8829646,8.176039,0.3266340494155884,"(np.float64(0.7803921568627451), np.float64(0.7803921568627451), np.float64(0.7803921568627451), np.float64(1.0))","T14
0.33",False
all-MiniLM-L6-v2,14,Rumor on Social Media,633,,5.2375484,8.148357,0.3266340494155884,"(np.float64(0.7803921568627451), np.float64(0.7803921568627451), np.float64(0.7803921568627451), np.float64(1.0))","T14
0.33",False
all-MiniLM-L6-v2,14,Rumor on Social Media,719,,5.2017384,8.01005,0.3266340494155884,"(np.float64(0.7803921568627451), np.float64(0.7803921568627451), np.float64(0.7803921568627451), np.float64(1.0))","T14
0.33",False
all-MiniLM-L6-v2,14,Rumor on Social Media,736,,5.348695,8.068477,0.3266340494155884,"(np.float64(0.7803921568627451), np.float64(0.7803921568627451), np.float64(0.7803921568627451), np.float64(1.0))","T14
0.33",False
all-MiniLM-L6-v2,14,Rumor on Social Media,747,,5.1430354,8.159029,0.3266340494155884,"(np.float64(0.7803921568627451), np.float64(0.7803921568627451), np.float64(0.7803921568627451), np.float64(1.0))","T14
0.33",False
all-MiniLM-L6-v2,15,"face, deepfake",13,,-1.0167234,9.760172,0.19437462091445923,"(np.float64(0.7372549019607844), np.float64(0.7411764705882353), np.float64(0.13333333333333333), np.float64(1.0))","T15
0.19",True
all-MiniLM-L6-v2,15,"face, deepfake",69,,-0.9776844,9.680503,0.19437462091445923,"(np.float64(0.7372549019607844), np.float64(0.7411764705882353), np.float64(0.13333333333333333), np.float64(1.0))","T15
0.19",True
all-MiniLM-L6-v2,15,"face, deepfake",73,,-0.9419516,9.805267,0.19437462091445923,"(np.float64(0.7372549019607844), np.float64(0.7411764705882353), np.float64(0.13333333333333333), np.float64(1.0))","T15
0.19",True
all-MiniLM-L6-v2,15,"face, deepfake",146,,-1.05408,9.664853,0.19437462091445923,"(np.float64(0.7372549019607844), np.float64(0.7411764705882353), np.float64(0.13333333333333333), np.float64(1.0))","T15
0.19",True
all-MiniLM-L6-v2,15,"face, deepfake",149,,-1.1511647,9.776004,0.19437462091445923,"(np.float64(0.7372549019607844), np.float64(0.7411764705882353), np.float64(0.13333333333333333), np.float64(1.0))","T15
0.19",True
all-MiniLM-L6-v2,15,"face, deepfake",164,,-1.0326267,9.725048,0.19437462091445923,"(np.float64(0.7372549019607844), np.float64(0.7411764705882353), np.float64(0.13333333333333333), np.float64(1.0))","T15
0.19",True
all-MiniLM-L6-v2,15,"face, deepfake",165,,-0.88731974,9.883144,0.19437462091445923,"(np.float64(0.7372549019607844), np.float64(0.7411764705882353), np.float64(0.13333333333333333), np.float64(1.0))","T15
0.19",True
all-MiniLM-L6-v2,15,"face, deepfake",317,,-0.7879751,9.946605,0.19437462091445923,"(np.float64(0.7372549019607844), np.float64(0.7411764705882353), np.float64(0.13333333333333333), np.float64(1.0))","T15
0.19",True
all-MiniLM-L6-v2,15,"face, deepfake",554,,-0.8050854,9.919753,0.19437462091445923,"(np.float64(0.7372549019607844), np.float64(0.7411764705882353), np.float64(0.13333333333333333), np.float64(1.0))","T15
0.19",True
all-MiniLM-L6-v2,15,"face, deepfake",622,,-0.817001,9.865051,0.19437462091445923,"(np.float64(0.7372549019607844), np.float64(0.7411764705882353), np.float64(0.13333333333333333), np.float64(1.0))","T15
0.19",True
all-MiniLM-L6-v2,16,Fact-Checking & Verification,17,,6.2948785,9.969163,0.1732492595911026,"(np.float64(0.8588235294117647), np.float64(0.8588235294117647), np.float64(0.5529411764705883), np.float64(1.0))","T16
0.17",True
all-MiniLM-L6-v2,16,Fact-Checking & Verification,51,,6.247091,9.871137,0.1732492595911026,"(np.float64(0.8588235294117647), np.float64(0.8588235294117647), np.float64(0.5529411764705883), np.float64(1.0))","T16
0.17",True
all-MiniLM-L6-v2,16,Fact-Checking & Verification,244,,6.2011466,9.803848,0.1732492595911026,"(np.float64(0.8588235294117647), np.float64(0.8588235294117647), np.float64(0.5529411764705883), np.float64(1.0))","T16
0.17",True
all-MiniLM-L6-v2,16,Fact-Checking & Verification,482,,6.304979,9.716197,0.1732492595911026,"(np.float64(0.8588235294117647), np.float64(0.8588235294117647), np.float64(0.5529411764705883), np.float64(1.0))","T16
0.17",True
all-MiniLM-L6-v2,16,Fact-Checking & Verification,496,,6.204317,9.800911,0.1732492595911026,"(np.float64(0.8588235294117647), np.float64(0.8588235294117647), np.float64(0.5529411764705883), np.float64(1.0))","T16
0.17",True
all-MiniLM-L6-v2,16,Fact-Checking & Verification,516,,6.152245,9.905418,0.1732492595911026,"(np.float64(0.8588235294117647), np.float64(0.8588235294117647), np.float64(0.5529411764705883), np.float64(1.0))","T16
0.17",True
all-MiniLM-L6-v2,16,Fact-Checking & Verification,593,,6.1382074,9.657156,0.1732492595911026,"(np.float64(0.8588235294117647), np.float64(0.8588235294117647), np.float64(0.5529411764705883), np.float64(1.0))","T16
0.17",True
all-MiniLM-L6-v2,16,Fact-Checking & Verification,595,,6.2306223,10.027181,0.1732492595911026,"(np.float64(0.8588235294117647), np.float64(0.8588235294117647), np.float64(0.5529411764705883), np.float64(1.0))","T16
0.17",True
all-MiniLM-L6-v2,16,Fact-Checking & Verification,681,,6.1585045,9.701007,0.1732492595911026,"(np.float64(0.8588235294117647), np.float64(0.8588235294117647), np.float64(0.5529411764705883), np.float64(1.0))","T16
0.17",True
all-MiniLM-L6-v2,16,Fact-Checking & Verification,779,,6.1682234,9.709107,0.1732492595911026,"(np.float64(0.8588235294117647), np.float64(0.8588235294117647), np.float64(0.5529411764705883), np.float64(1.0))","T16
0.17",True
all-MiniLM-L6-v2,17,Misinformation & Propaganda,9,,3.9515572,7.331986,0.2809266746044159,"(np.float64(0.09019607843137255), np.float64(0.7450980392156863), np.float64(0.8117647058823529), np.float64(1.0))","T17
0.28",True
all-MiniLM-L6-v2,17,Misinformation & Propaganda,77,,4.048117,7.4160843,0.2809266746044159,"(np.float64(0.09019607843137255), np.float64(0.7450980392156863), np.float64(0.8117647058823529), np.float64(1.0))","T17
0.28",True
all-MiniLM-L6-v2,17,Misinformation & Propaganda,127,,4.104092,7.3988705,0.2809266746044159,"(np.float64(0.09019607843137255), np.float64(0.7450980392156863), np.float64(0.8117647058823529), np.float64(1.0))","T17
0.28",True
all-MiniLM-L6-v2,17,Misinformation & Propaganda,237,,4.3970947,7.4103203,0.2809266746044159,"(np.float64(0.09019607843137255), np.float64(0.7450980392156863), np.float64(0.8117647058823529), np.float64(1.0))","T17
0.28",True
all-MiniLM-L6-v2,17,Misinformation & Propaganda,279,,4.448902,7.2474627,0.2809266746044159,"(np.float64(0.09019607843137255), np.float64(0.7450980392156863), np.float64(0.8117647058823529), np.float64(1.0))","T17
0.28",True
all-MiniLM-L6-v2,17,Misinformation & Propaganda,367,,3.9156868,7.4953747,0.2809266746044159,"(np.float64(0.09019607843137255), np.float64(0.7450980392156863), np.float64(0.8117647058823529), np.float64(1.0))","T17
0.28",True
all-MiniLM-L6-v2,17,Misinformation & Propaganda,374,,4.1885448,7.2241874,0.2809266746044159,"(np.float64(0.09019607843137255), np.float64(0.7450980392156863), np.float64(0.8117647058823529), np.float64(1.0))","T17
0.28",True
all-MiniLM-L6-v2,17,Misinformation & Propaganda,497,,4.0193486,7.4934597,0.2809266746044159,"(np.float64(0.09019607843137255), np.float64(0.7450980392156863), np.float64(0.8117647058823529), np.float64(1.0))","T17
0.28",True
all-MiniLM-L6-v2,17,Misinformation & Propaganda,639,,3.862892,7.329289,0.2809266746044159,"(np.float64(0.09019607843137255), np.float64(0.7450980392156863), np.float64(0.8117647058823529), np.float64(1.0))","T17
0.28",True
all-MiniLM-L6-v2,17,Misinformation & Propaganda,683,,4.285753,7.3497686,0.2809266746044159,"(np.float64(0.09019607843137255), np.float64(0.7450980392156863), np.float64(0.8117647058823529), np.float64(1.0))","T17
0.28",True
all-MiniLM-L6-v2,18,Misinformation & Propaganda,85,,4.2196836,7.030408,0.4609448313713074,"(np.float64(0.6196078431372549), np.float64(0.8549019607843137), np.float64(0.8980392156862745), np.float64(1.0))","T18
0.46",False
all-MiniLM-L6-v2,18,Misinformation & Propaganda,88,,4.1442347,7.029201,0.4609448313713074,"(np.float64(0.6196078431372549), np.float64(0.8549019607843137), np.float64(0.8980392156862745), np.float64(1.0))","T18
0.46",False
all-MiniLM-L6-v2,18,Misinformation & Propaganda,107,,4.0819054,7.1374044,0.4609448313713074,"(np.float64(0.6196078431372549), np.float64(0.8549019607843137), np.float64(0.8980392156862745), np.float64(1.0))","T18
0.46",False
all-MiniLM-L6-v2,18,Misinformation & Propaganda,241,,4.701849,6.7948146,0.4609448313713074,"(np.float64(0.6196078431372549), np.float64(0.8549019607843137), np.float64(0.8980392156862745), np.float64(1.0))","T18
0.46",False
all-MiniLM-L6-v2,18,Misinformation & Propaganda,263,,4.1905956,6.882974,0.4609448313713074,"(np.float64(0.6196078431372549), np.float64(0.8549019607843137), np.float64(0.8980392156862745), np.float64(1.0))","T18
0.46",False
all-MiniLM-L6-v2,18,Misinformation & Propaganda,379,,4.236056,7.271763,0.4609448313713074,"(np.float64(0.6196078431372549), np.float64(0.8549019607843137), np.float64(0.8980392156862745), np.float64(1.0))","T18
0.46",False
all-MiniLM-L6-v2,18,Misinformation & Propaganda,528,,4.86618,6.6684656,0.4609448313713074,"(np.float64(0.6196078431372549), np.float64(0.8549019607843137), np.float64(0.8980392156862745), np.float64(1.0))","T18
0.46",False
all-MiniLM-L6-v2,18,Misinformation & Propaganda,588,,4.667383,6.3894515,0.4609448313713074,"(np.float64(0.6196078431372549), np.float64(0.8549019607843137), np.float64(0.8980392156862745), np.float64(1.0))","T18
0.46",False
all-MiniLM-L6-v2,18,Misinformation & Propaganda,710,,4.377397,7.008636,0.4609448313713074,"(np.float64(0.6196078431372549), np.float64(0.8549019607843137), np.float64(0.8980392156862745), np.float64(1.0))","T18
0.46",False
all-MiniLM-L6-v2,18,Misinformation & Propaganda,749,,4.4767084,6.764492,0.4609448313713074,"(np.float64(0.6196078431372549), np.float64(0.8549019607843137), np.float64(0.8980392156862745), np.float64(1.0))","T18
0.46",False
all-MiniLM-L6-v2,19,Misinformation & Propaganda,90,,3.5900342,6.0450854,0.18271203339099884,"(np.float64(0.12156862745098039), np.float64(0.4666666666666667), np.float64(0.7058823529411765), np.float64(1.0))","T19
0.18",True
all-MiniLM-L6-v2,19,Misinformation & Propaganda,97,,3.4620805,6.231909,0.18271203339099884,"(np.float64(0.12156862745098039), np.float64(0.4666666666666667), np.float64(0.7058823529411765), np.float64(1.0))","T19
0.18",True
all-MiniLM-L6-v2,19,Misinformation & Propaganda,115,,3.609267,6.143395,0.18271203339099884,"(np.float64(0.12156862745098039), np.float64(0.4666666666666667), np.float64(0.7058823529411765), np.float64(1.0))","T19
0.18",True
all-MiniLM-L6-v2,19,Misinformation & Propaganda,121,,3.7263803,6.2588124,0.18271203339099884,"(np.float64(0.12156862745098039), np.float64(0.4666666666666667), np.float64(0.7058823529411765), np.float64(1.0))","T19
0.18",True
all-MiniLM-L6-v2,19,Misinformation & Propaganda,219,,3.6538308,6.342724,0.18271203339099884,"(np.float64(0.12156862745098039), np.float64(0.4666666666666667), np.float64(0.7058823529411765), np.float64(1.0))","T19
0.18",True
all-MiniLM-L6-v2,19,Misinformation & Propaganda,269,,3.525592,6.2862744,0.18271203339099884,"(np.float64(0.12156862745098039), np.float64(0.4666666666666667), np.float64(0.7058823529411765), np.float64(1.0))","T19
0.18",True
all-MiniLM-L6-v2,19,Misinformation & Propaganda,270,,3.4898636,6.0878735,0.18271203339099884,"(np.float64(0.12156862745098039), np.float64(0.4666666666666667), np.float64(0.7058823529411765), np.float64(1.0))","T19
0.18",True
all-MiniLM-L6-v2,19,Misinformation & Propaganda,276,,3.4304032,6.2731123,0.18271203339099884,"(np.float64(0.12156862745098039), np.float64(0.4666666666666667), np.float64(0.7058823529411765), np.float64(1.0))","T19
0.18",True
all-MiniLM-L6-v2,19,Misinformation & Propaganda,652,,3.4964955,6.2728176,0.18271203339099884,"(np.float64(0.12156862745098039), np.float64(0.4666666666666667), np.float64(0.7058823529411765), np.float64(1.0))","T19
0.18",True
all-MiniLM-L6-v2,20,"image, compression",409,,0.7077877,9.908504,0.1697973757982254,"(np.float64(0.6823529411764706), np.float64(0.7803921568627451), np.float64(0.9098039215686274), np.float64(1.0))","T20
0.17",True
all-MiniLM-L6-v2,20,"image, compression",430,,0.61835,10.125311,0.1697973757982254,"(np.float64(0.6823529411764706), np.float64(0.7803921568627451), np.float64(0.9098039215686274), np.float64(1.0))","T20
0.17",True
all-MiniLM-L6-v2,20,"image, compression",523,,0.6948507,9.819228,0.1697973757982254,"(np.float64(0.6823529411764706), np.float64(0.7803921568627451), np.float64(0.9098039215686274), np.float64(1.0))","T20
0.17",True
all-MiniLM-L6-v2,20,"image, compression",602,,0.6925793,9.728175,0.1697973757982254,"(np.float64(0.6823529411764706), np.float64(0.7803921568627451), np.float64(0.9098039215686274), np.float64(1.0))","T20
0.17",True
all-MiniLM-L6-v2,20,"image, compression",685,,0.85083646,9.889399,0.1697973757982254,"(np.float64(0.6823529411764706), np.float64(0.7803921568627451), np.float64(0.9098039215686274), np.float64(1.0))","T20
0.17",True
all-MiniLM-L6-v2,20,"image, compression",699,,0.84897673,9.807623,0.1697973757982254,"(np.float64(0.6823529411764706), np.float64(0.7803921568627451), np.float64(0.9098039215686274), np.float64(1.0))","T20
0.17",True
all-MiniLM-L6-v2,20,"image, compression",728,,0.84673244,9.829161,0.1697973757982254,"(np.float64(0.6823529411764706), np.float64(0.7803921568627451), np.float64(0.9098039215686274), np.float64(1.0))","T20
0.17",True
all-MiniLM-L6-v2,20,"image, compression",752,,0.8354122,9.863777,0.1697973757982254,"(np.float64(0.6823529411764706), np.float64(0.7803921568627451), np.float64(0.9098039215686274), np.float64(1.0))","T20
0.17",True
all-MiniLM-L6-v2,20,"image, compression",809,,0.76998085,9.7971525,0.1697973757982254,"(np.float64(0.6823529411764706), np.float64(0.7803921568627451), np.float64(0.9098039215686274), np.float64(1.0))","T20
0.17",True
all-MiniLM-L6-v2,21,"faces, videos",31,,-0.7398705,9.36875,0.290583997964859,"(np.float64(1.0), np.float64(0.4980392156862745), np.float64(0.054901960784313725), np.float64(1.0))","T21
0.29",False
all-MiniLM-L6-v2,21,"faces, videos",155,,-0.6697676,9.2725315,0.290583997964859,"(np.float64(1.0), np.float64(0.4980392156862745), np.float64(0.054901960784313725), np.float64(1.0))","T21
0.29",False
all-MiniLM-L6-v2,21,"faces, videos",172,,-0.5513454,8.800623,0.290583997964859,"(np.float64(1.0), np.float64(0.4980392156862745), np.float64(0.054901960784313725), np.float64(1.0))","T21
0.29",False
all-MiniLM-L6-v2,21,"faces, videos",193,,-0.70377016,9.186169,0.290583997964859,"(np.float64(1.0), np.float64(0.4980392156862745), np.float64(0.054901960784313725), np.float64(1.0))","T21
0.29",False
all-MiniLM-L6-v2,21,"faces, videos",258,,-0.73193586,9.161167,0.290583997964859,"(np.float64(1.0), np.float64(0.4980392156862745), np.float64(0.054901960784313725), np.float64(1.0))","T21
0.29",False
all-MiniLM-L6-v2,21,"faces, videos",334,,-0.31383437,9.2277,0.290583997964859,"(np.float64(1.0), np.float64(0.4980392156862745), np.float64(0.054901960784313725), np.float64(1.0))","T21
0.29",False
all-MiniLM-L6-v2,21,"faces, videos",464,,-0.6972439,9.233279,0.290583997964859,"(np.float64(1.0), np.float64(0.4980392156862745), np.float64(0.054901960784313725), np.float64(1.0))","T21
0.29",False
all-MiniLM-L6-v2,21,"faces, videos",470,,-0.61283743,9.301361,0.290583997964859,"(np.float64(1.0), np.float64(0.4980392156862745), np.float64(0.054901960784313725), np.float64(1.0))","T21
0.29",False
all-MiniLM-L6-v2,21,"faces, videos",556,,-0.65397316,8.851876,0.290583997964859,"(np.float64(1.0), np.float64(0.4980392156862745), np.float64(0.054901960784313725), np.float64(1.0))","T21
0.29",False
all-MiniLM-L6-v2,22,Misinformation & Propaganda,96,,4.5211697,5.8797493,0.40039998292922974,"(np.float64(1.0), np.float64(0.7333333333333333), np.float64(0.47058823529411764), np.float64(1.0))","T22
0.40",False
all-MiniLM-L6-v2,22,Misinformation & Propaganda,117,,4.2825737,5.7241364,0.40039998292922974,"(np.float64(1.0), np.float64(0.7333333333333333), np.float64(0.47058823529411764), np.float64(1.0))","T22
0.40",False
all-MiniLM-L6-v2,22,Misinformation & Propaganda,129,,4.277703,6.1174498,0.40039998292922974,"(np.float64(1.0), np.float64(0.7333333333333333), np.float64(0.47058823529411764), np.float64(1.0))","T22
0.40",False
all-MiniLM-L6-v2,22,Misinformation & Propaganda,290,,4.9396534,5.63222,0.40039998292922974,"(np.float64(1.0), np.float64(0.7333333333333333), np.float64(0.47058823529411764), np.float64(1.0))","T22
0.40",False
all-MiniLM-L6-v2,22,Misinformation & Propaganda,303,,4.2854843,5.9037776,0.40039998292922974,"(np.float64(1.0), np.float64(0.7333333333333333), np.float64(0.47058823529411764), np.float64(1.0))","T22
0.40",False
all-MiniLM-L6-v2,22,Misinformation & Propaganda,304,,4.475186,5.735301,0.40039998292922974,"(np.float64(1.0), np.float64(0.7333333333333333), np.float64(0.47058823529411764), np.float64(1.0))","T22
0.40",False
all-MiniLM-L6-v2,22,Misinformation & Propaganda,435,,4.287185,6.0784593,0.40039998292922974,"(np.float64(1.0), np.float64(0.7333333333333333), np.float64(0.47058823529411764), np.float64(1.0))","T22
0.40",False
all-MiniLM-L6-v2,22,Misinformation & Propaganda,517,,4.7357583,5.708983,0.40039998292922974,"(np.float64(1.0), np.float64(0.7333333333333333), np.float64(0.47058823529411764), np.float64(1.0))","T22
0.40",False
all-MiniLM-L6-v2,22,Misinformation & Propaganda,609,,4.0714984,5.787659,0.40039998292922974,"(np.float64(1.0), np.float64(0.7333333333333333), np.float64(0.47058823529411764), np.float64(1.0))","T22
0.40",False
all-MiniLM-L6-v2,23,"deception, liars",411,,8.932043,7.47327,0.17066718637943268,"(np.float64(0.17254901960784313), np.float64(0.6274509803921569), np.float64(0.17254901960784313), np.float64(1.0))","T23
0.17",True
all-MiniLM-L6-v2,23,"deception, liars",565,,8.852983,7.5823197,0.17066718637943268,"(np.float64(0.17254901960784313), np.float64(0.6274509803921569), np.float64(0.17254901960784313), np.float64(1.0))","T23
0.17",True
all-MiniLM-L6-v2,23,"deception, liars",721,,8.924963,7.5828824,0.17066718637943268,"(np.float64(0.17254901960784313), np.float64(0.6274509803921569), np.float64(0.17254901960784313), np.float64(1.0))","T23
0.17",True
all-MiniLM-L6-v2,23,"deception, liars",723,,8.808902,7.352073,0.17066718637943268,"(np.float64(0.17254901960784313), np.float64(0.6274509803921569), np.float64(0.17254901960784313), np.float64(1.0))","T23
0.17",True
all-MiniLM-L6-v2,23,"deception, liars",770,,8.949313,7.5150146,0.17066718637943268,"(np.float64(0.17254901960784313), np.float64(0.6274509803921569), np.float64(0.17254901960784313), np.float64(1.0))","T23
0.17",True
all-MiniLM-L6-v2,23,"deception, liars",791,,8.839642,7.566911,0.17066718637943268,"(np.float64(0.17254901960784313), np.float64(0.6274509803921569), np.float64(0.17254901960784313), np.float64(1.0))","T23
0.17",True
all-MiniLM-L6-v2,23,"deception, liars",798,,8.687045,7.7414227,0.17066718637943268,"(np.float64(0.17254901960784313), np.float64(0.6274509803921569), np.float64(0.17254901960784313), np.float64(1.0))","T23
0.17",True
all-MiniLM-L6-v2,23,"deception, liars",810,,8.929194,7.493536,0.17066718637943268,"(np.float64(0.17254901960784313), np.float64(0.6274509803921569), np.float64(0.17254901960784313), np.float64(1.0))","T23
0.17",True
all-MiniLM-L6-v2,24,"audio, speech",36,,-1.3935765,8.430276,0.05880594253540039,"(np.float64(0.596078431372549), np.float64(0.8745098039215686), np.float64(0.5411764705882353), np.float64(1.0))","T24
0.06",True
all-MiniLM-L6-v2,24,"audio, speech",38,,-1.4156684,8.411169,0.05880594253540039,"(np.float64(0.596078431372549), np.float64(0.8745098039215686), np.float64(0.5411764705882353), np.float64(1.0))","T24
0.06",True
all-MiniLM-L6-v2,24,"audio, speech",39,,-1.4117148,8.451756,0.05880594253540039,"(np.float64(0.596078431372549), np.float64(0.8745098039215686), np.float64(0.5411764705882353), np.float64(1.0))","T24
0.06",True
all-MiniLM-L6-v2,24,"audio, speech",143,,-1.4215004,8.420864,0.05880594253540039,"(np.float64(0.596078431372549), np.float64(0.8745098039215686), np.float64(0.5411764705882353), np.float64(1.0))","T24
0.06",True
all-MiniLM-L6-v2,24,"audio, speech",222,,-1.3916484,8.408826,0.05880594253540039,"(np.float64(0.596078431372549), np.float64(0.8745098039215686), np.float64(0.5411764705882353), np.float64(1.0))","T24
0.06",True
all-MiniLM-L6-v2,24,"audio, speech",247,,-1.3728355,8.334921,0.05880594253540039,"(np.float64(0.596078431372549), np.float64(0.8745098039215686), np.float64(0.5411764705882353), np.float64(1.0))","T24
0.06",True
all-MiniLM-L6-v2,24,"audio, speech",326,,-1.4449091,8.373124,0.05880594253540039,"(np.float64(0.596078431372549), np.float64(0.8745098039215686), np.float64(0.5411764705882353), np.float64(1.0))","T24
0.06",True
all-MiniLM-L6-v2,24,"audio, speech",329,,-1.4548466,8.373605,0.05880594253540039,"(np.float64(0.596078431372549), np.float64(0.8745098039215686), np.float64(0.5411764705882353), np.float64(1.0))","T24
0.06",True
all-MiniLM-L6-v2,25,"deepfake, hpe",37,,-1.3145201,9.545957,0.24777701497077942,"(np.float64(0.8392156862745098), np.float64(0.15294117647058825), np.float64(0.1568627450980392), np.float64(1.0))","T25
0.25",True
all-MiniLM-L6-v2,25,"deepfake, hpe",106,,-1.3371341,9.387155,0.24777701497077942,"(np.float64(0.8392156862745098), np.float64(0.15294117647058825), np.float64(0.1568627450980392), np.float64(1.0))","T25
0.25",True
all-MiniLM-L6-v2,25,"deepfake, hpe",156,,-1.3146652,9.21668,0.24777701497077942,"(np.float64(0.8392156862745098), np.float64(0.15294117647058825), np.float64(0.1568627450980392), np.float64(1.0))","T25
0.25",True
all-MiniLM-L6-v2,25,"deepfake, hpe",158,,-1.164356,9.512444,0.24777701497077942,"(np.float64(0.8392156862745098), np.float64(0.15294117647058825), np.float64(0.1568627450980392), np.float64(1.0))","T25
0.25",True
all-MiniLM-L6-v2,25,"deepfake, hpe",320,,-1.3678223,9.578827,0.24777701497077942,"(np.float64(0.8392156862745098), np.float64(0.15294117647058825), np.float64(0.1568627450980392), np.float64(1.0))","T25
0.25",True
all-MiniLM-L6-v2,25,"deepfake, hpe",331,,-1.4687603,9.295506,0.24777701497077942,"(np.float64(0.8392156862745098), np.float64(0.15294117647058825), np.float64(0.1568627450980392), np.float64(1.0))","T25
0.25",True
all-MiniLM-L6-v2,25,"deepfake, hpe",333,,-1.2058197,9.475748,0.24777701497077942,"(np.float64(0.8392156862745098), np.float64(0.15294117647058825), np.float64(0.1568627450980392), np.float64(1.0))","T25
0.25",True
all-MiniLM-L6-v2,25,"deepfake, hpe",340,,-1.3480843,9.1173525,0.24777701497077942,"(np.float64(0.8392156862745098), np.float64(0.15294117647058825), np.float64(0.1568627450980392), np.float64(1.0))","T25
0.25",True
all-MiniLM-L6-v2,26,Misinformation & Propaganda,68,,3.3649735,7.272202,0.15458008646965027,"(np.float64(1.0), np.float64(0.596078431372549), np.float64(0.5882352941176471), np.float64(1.0))","T26
0.15",True
all-MiniLM-L6-v2,26,Misinformation & Propaganda,93,,3.1961699,7.4922857,0.15458008646965027,"(np.float64(1.0), np.float64(0.596078431372549), np.float64(0.5882352941176471), np.float64(1.0))","T26
0.15",True
all-MiniLM-L6-v2,26,Misinformation & Propaganda,132,,3.2372384,7.4972296,0.15458008646965027,"(np.float64(1.0), np.float64(0.596078431372549), np.float64(0.5882352941176471), np.float64(1.0))","T26
0.15",True
all-MiniLM-L6-v2,26,Misinformation & Propaganda,233,,3.362276,7.446845,0.15458008646965027,"(np.float64(1.0), np.float64(0.596078431372549), np.float64(0.5882352941176471), np.float64(1.0))","T26
0.15",True
all-MiniLM-L6-v2,26,Misinformation & Propaganda,274,,3.4566727,7.4449277,0.15458008646965027,"(np.float64(1.0), np.float64(0.596078431372549), np.float64(0.5882352941176471), np.float64(1.0))","T26
0.15",True
all-MiniLM-L6-v2,26,Misinformation & Propaganda,419,,3.3478382,7.434021,0.15458008646965027,"(np.float64(1.0), np.float64(0.596078431372549), np.float64(0.5882352941176471), np.float64(1.0))","T26
0.15",True
all-MiniLM-L6-v2,26,Misinformation & Propaganda,443,,3.4102654,7.3746467,0.15458008646965027,"(np.float64(1.0), np.float64(0.596078431372549), np.float64(0.5882352941176471), np.float64(1.0))","T26
0.15",True
all-MiniLM-L6-v2,27,Misinformation & Propaganda,232,,5.166461,7.0628724,0.4361528158187866,"(np.float64(0.5803921568627451), np.float64(0.403921568627451), np.float64(0.7411764705882353), np.float64(1.0))","T27
0.44",False
all-MiniLM-L6-v2,27,Misinformation & Propaganda,242,,5.193349,7.279635,0.4361528158187866,"(np.float64(0.5803921568627451), np.float64(0.403921568627451), np.float64(0.7411764705882353), np.float64(1.0))","T27
0.44",False
all-MiniLM-L6-v2,27,Misinformation & Propaganda,371,,5.2964554,6.480569,0.4361528158187866,"(np.float64(0.5803921568627451), np.float64(0.403921568627451), np.float64(0.7411764705882353), np.float64(1.0))","T27
0.44",False
all-MiniLM-L6-v2,27,Misinformation & Propaganda,390,,5.208309,6.55372,0.4361528158187866,"(np.float64(0.5803921568627451), np.float64(0.403921568627451), np.float64(0.7411764705882353), np.float64(1.0))","T27
0.44",False
all-MiniLM-L6-v2,27,Misinformation & Propaganda,615,,5.084812,6.5260234,0.4361528158187866,"(np.float64(0.5803921568627451), np.float64(0.403921568627451), np.float64(0.7411764705882353), np.float64(1.0))","T27
0.44",False
all-MiniLM-L6-v2,27,Misinformation & Propaganda,618,,5.0383286,6.6207876,0.4361528158187866,"(np.float64(0.5803921568627451), np.float64(0.403921568627451), np.float64(0.7411764705882353), np.float64(1.0))","T27
0.44",False
all-MiniLM-L6-v2,27,Misinformation & Propaganda,658,,4.9846144,7.1031904,0.4361528158187866,"(np.float64(0.5803921568627451), np.float64(0.403921568627451), np.float64(0.7411764705882353), np.float64(1.0))","T27
0.44",False
all-MiniLM-L6-v2,28,"evidence, leaked",18,,6.3581567,8.7064905,0.2533487379550934,"(np.float64(0.7725490196078432), np.float64(0.6901960784313725), np.float64(0.8352941176470589), np.float64(1.0))","T28
0.25",True
all-MiniLM-L6-v2,28,"evidence, leaked",53,,6.343082,8.556632,0.2533487379550934,"(np.float64(0.7725490196078432), np.float64(0.6901960784313725), np.float64(0.8352941176470589), np.float64(1.0))","T28
0.25",True
all-MiniLM-L6-v2,28,"evidence, leaked",347,,6.5075383,8.7583685,0.2533487379550934,"(np.float64(0.7725490196078432), np.float64(0.6901960784313725), np.float64(0.8352941176470589), np.float64(1.0))","T28
0.25",True
all-MiniLM-L6-v2,28,"evidence, leaked",688,,6.3681316,8.342216,0.2533487379550934,"(np.float64(0.7725490196078432), np.float64(0.6901960784313725), np.float64(0.8352941176470589), np.float64(1.0))","T28
0.25",True
all-MiniLM-L6-v2,28,"evidence, leaked",713,,6.5221815,8.439166,0.2533487379550934,"(np.float64(0.7725490196078432), np.float64(0.6901960784313725), np.float64(0.8352941176470589), np.float64(1.0))","T28
0.25",True
all-MiniLM-L6-v2,28,"evidence, leaked",714,,6.4128146,8.828899,0.2533487379550934,"(np.float64(0.7725490196078432), np.float64(0.6901960784313725), np.float64(0.8352941176470589), np.float64(1.0))","T28
0.25",True
all-MiniLM-L6-v2,28,"evidence, leaked",772,,6.410917,8.781949,0.2533487379550934,"(np.float64(0.7725490196078432), np.float64(0.6901960784313725), np.float64(0.8352941176470589), np.float64(1.0))","T28
0.25",True
all-MiniLM-L6-v2,29,Misinformation & Propaganda,306,,4.6060095,6.131325,0.1925445795059204,"(np.float64(0.5490196078431373), np.float64(0.33725490196078434), np.float64(0.29411764705882354), np.float64(1.0))","T29
0.19",True
all-MiniLM-L6-v2,29,Misinformation & Propaganda,438,,4.7437153,6.080051,0.1925445795059204,"(np.float64(0.5490196078431373), np.float64(0.33725490196078434), np.float64(0.29411764705882354), np.float64(1.0))","T29
0.19",True
all-MiniLM-L6-v2,29,Misinformation & Propaganda,527,,4.562094,6.0852804,0.1925445795059204,"(np.float64(0.5490196078431373), np.float64(0.33725490196078434), np.float64(0.29411764705882354), np.float64(1.0))","T29
0.19",True
all-MiniLM-L6-v2,29,Misinformation & Propaganda,571,,4.6785145,5.980872,0.1925445795059204,"(np.float64(0.5490196078431373), np.float64(0.33725490196078434), np.float64(0.29411764705882354), np.float64(1.0))","T29
0.19",True
all-MiniLM-L6-v2,29,Misinformation & Propaganda,572,,4.7071223,5.9660115,0.1925445795059204,"(np.float64(0.5490196078431373), np.float64(0.33725490196078434), np.float64(0.29411764705882354), np.float64(1.0))","T29
0.19",True
all-MiniLM-L6-v2,29,Misinformation & Propaganda,738,,4.8486414,6.2269316,0.1925445795059204,"(np.float64(0.5490196078431373), np.float64(0.33725490196078434), np.float64(0.29411764705882354), np.float64(1.0))","T29
0.19",True
all-MiniLM-L6-v2,29,Misinformation & Propaganda,764,,4.7366495,6.2623115,0.1925445795059204,"(np.float64(0.5490196078431373), np.float64(0.33725490196078434), np.float64(0.29411764705882354), np.float64(1.0))","T29
0.19",True
all-MiniLM-L6-v2,30,Misinformation & Propaganda,131,,4.969836,7.230509,1.2638354301452637,"(np.float64(0.7686274509803922), np.float64(0.611764705882353), np.float64(0.5803921568627451), np.float64(1.0))","T30
1.26",False
all-MiniLM-L6-v2,30,Misinformation & Propaganda,431,,4.8791056,7.3020244,1.2638354301452637,"(np.float64(0.7686274509803922), np.float64(0.611764705882353), np.float64(0.5803921568627451), np.float64(1.0))","T30
1.26",False
all-MiniLM-L6-v2,30,Misinformation & Propaganda,449,,4.6017823,7.5135803,1.2638354301452637,"(np.float64(0.7686274509803922), np.float64(0.611764705882353), np.float64(0.5803921568627451), np.float64(1.0))","T30
1.26",False
all-MiniLM-L6-v2,30,Misinformation & Propaganda,454,,4.780232,7.0362234,1.2638354301452637,"(np.float64(0.7686274509803922), np.float64(0.611764705882353), np.float64(0.5803921568627451), np.float64(1.0))","T30
1.26",False
all-MiniLM-L6-v2,30,Misinformation & Propaganda,538,,7.1063905,8.207516,1.2638354301452637,"(np.float64(0.7686274509803922), np.float64(0.611764705882353), np.float64(0.5803921568627451), np.float64(1.0))","T30
1.26",False
all-MiniLM-L6-v2,30,Misinformation & Propaganda,540,,4.988868,7.5344214,1.2638354301452637,"(np.float64(0.7686274509803922), np.float64(0.611764705882353), np.float64(0.5803921568627451), np.float64(1.0))","T30
1.26",False
all-MiniLM-L6-v2,30,Misinformation & Propaganda,619,,6.659008,8.329926,1.2638354301452637,"(np.float64(0.7686274509803922), np.float64(0.611764705882353), np.float64(0.5803921568627451), np.float64(1.0))","T30
1.26",False
all-MiniLM-L6-v2,31,Misinformation & Propaganda,128,,3.2571125,5.4994454,0.10158874839544296,"(np.float64(0.8901960784313725), np.float64(0.4666666666666667), np.float64(0.7607843137254902), np.float64(1.0))","T31
0.10",True
all-MiniLM-L6-v2,31,Misinformation & Propaganda,214,,3.1823258,5.4153824,0.10158874839544296,"(np.float64(0.8901960784313725), np.float64(0.4666666666666667), np.float64(0.7607843137254902), np.float64(1.0))","T31
0.10",True
all-MiniLM-L6-v2,31,Misinformation & Propaganda,283,,3.2277038,5.454529,0.10158874839544296,"(np.float64(0.8901960784313725), np.float64(0.4666666666666667), np.float64(0.7607843137254902), np.float64(1.0))","T31
0.10",True
all-MiniLM-L6-v2,31,Misinformation & Propaganda,309,,3.1906621,5.5033097,0.10158874839544296,"(np.float64(0.8901960784313725), np.float64(0.4666666666666667), np.float64(0.7607843137254902), np.float64(1.0))","T31
0.10",True
all-MiniLM-L6-v2,31,Misinformation & Propaganda,422,,3.2036197,5.4672174,0.10158874839544296,"(np.float64(0.8901960784313725), np.float64(0.4666666666666667), np.float64(0.7607843137254902), np.float64(1.0))","T31
0.10",True
all-MiniLM-L6-v2,31,Misinformation & Propaganda,424,,3.0442216,5.5777645,0.10158874839544296,"(np.float64(0.8901960784313725), np.float64(0.4666666666666667), np.float64(0.7607843137254902), np.float64(1.0))","T31
0.10",True
all-MiniLM-L6-v2,31,Misinformation & Propaganda,531,,3.1621678,5.452682,0.10158874839544296,"(np.float64(0.8901960784313725), np.float64(0.4666666666666667), np.float64(0.7607843137254902), np.float64(1.0))","T31
0.10",True
all-MiniLM-L6-v2,32,Misinformation & Propaganda,12,,2.107112,8.343795,0.2530854046344757,"(np.float64(0.9686274509803922), np.float64(0.7137254901960784), np.float64(0.8235294117647058), np.float64(1.0))","T32
0.25",True
all-MiniLM-L6-v2,32,Misinformation & Propaganda,284,,2.0322003,8.433561,0.2530854046344757,"(np.float64(0.9686274509803922), np.float64(0.7137254901960784), np.float64(0.8235294117647058), np.float64(1.0))","T32
0.25",True
all-MiniLM-L6-v2,32,Misinformation & Propaganda,641,,1.7070965,8.771209,0.2530854046344757,"(np.float64(0.9686274509803922), np.float64(0.7137254901960784), np.float64(0.8235294117647058), np.float64(1.0))","T32
0.25",True
all-MiniLM-L6-v2,32,Misinformation & Propaganda,662,,2.042637,8.576535,0.2530854046344757,"(np.float64(0.9686274509803922), np.float64(0.7137254901960784), np.float64(0.8235294117647058), np.float64(1.0))","T32
0.25",True
all-MiniLM-L6-v2,32,Misinformation & Propaganda,693,,1.9132855,8.601111,0.2530854046344757,"(np.float64(0.9686274509803922), np.float64(0.7137254901960784), np.float64(0.8235294117647058), np.float64(1.0))","T32
0.25",True
all-MiniLM-L6-v2,32,Misinformation & Propaganda,725,,2.0372791,8.499656,0.2530854046344757,"(np.float64(0.9686274509803922), np.float64(0.7137254901960784), np.float64(0.8235294117647058), np.float64(1.0))","T32
0.25",True
all-MiniLM-L6-v2,32,Misinformation & Propaganda,750,,1.8379828,8.690739,0.2530854046344757,"(np.float64(0.9686274509803922), np.float64(0.7137254901960784), np.float64(0.8235294117647058), np.float64(1.0))","T32
0.25",True
all-MiniLM-L6-v2,33,Journalism & Media Studies,44,,7.2924047,6.843778,0.15347464382648468,"(np.float64(0.4980392156862745), np.float64(0.4980392156862745), np.float64(0.4980392156862745), np.float64(1.0))","T33
0.15",True
all-MiniLM-L6-v2,33,Journalism & Media Studies,344,,7.1867394,6.8292375,0.15347464382648468,"(np.float64(0.4980392156862745), np.float64(0.4980392156862745), np.float64(0.4980392156862745), np.float64(1.0))","T33
0.15",True
all-MiniLM-L6-v2,33,Journalism & Media Studies,645,,7.2612357,6.7128882,0.15347464382648468,"(np.float64(0.4980392156862745), np.float64(0.4980392156862745), np.float64(0.4980392156862745), np.float64(1.0))","T33
0.15",True
all-MiniLM-L6-v2,33,Journalism & Media Studies,712,,7.217129,6.610083,0.15347464382648468,"(np.float64(0.4980392156862745), np.float64(0.4980392156862745), np.float64(0.4980392156862745), np.float64(1.0))","T33
0.15",True
all-MiniLM-L6-v2,33,Journalism & Media Studies,802,,7.2756543,6.833593,0.15347464382648468,"(np.float64(0.4980392156862745), np.float64(0.4980392156862745), np.float64(0.4980392156862745), np.float64(1.0))","T33
0.15",True
all-MiniLM-L6-v2,33,Journalism & Media Studies,804,,7.3211894,6.9130287,0.15347464382648468,"(np.float64(0.4980392156862745), np.float64(0.4980392156862745), np.float64(0.4980392156862745), np.float64(1.0))","T33
0.15",True
all-MiniLM-L6-v2,33,Journalism & Media Studies,807,,7.3851137,6.8141794,0.15347464382648468,"(np.float64(0.4980392156862745), np.float64(0.4980392156862745), np.float64(0.4980392156862745), np.float64(1.0))","T33
0.15",True
all-MiniLM-L6-v2,34,"machine, logistic",29,,4.778108,5.014361,0.3329490125179291,"(np.float64(0.7803921568627451), np.float64(0.7803921568627451), np.float64(0.7803921568627451), np.float64(1.0))","T34
0.33",False
all-MiniLM-L6-v2,34,"machine, logistic",63,,4.3956428,5.449299,0.3329490125179291,"(np.float64(0.7803921568627451), np.float64(0.7803921568627451), np.float64(0.7803921568627451), np.float64(1.0))","T34
0.33",False
all-MiniLM-L6-v2,34,"machine, logistic",130,,4.6286025,4.9883432,0.3329490125179291,"(np.float64(0.7803921568627451), np.float64(0.7803921568627451), np.float64(0.7803921568627451), np.float64(1.0))","T34
0.33",False
all-MiniLM-L6-v2,34,"machine, logistic",426,,4.915025,5.077949,0.3329490125179291,"(np.float64(0.7803921568627451), np.float64(0.7803921568627451), np.float64(0.7803921568627451), np.float64(1.0))","T34
0.33",False
all-MiniLM-L6-v2,34,"machine, logistic",465,,4.8071127,5.1371703,0.3329490125179291,"(np.float64(0.7803921568627451), np.float64(0.7803921568627451), np.float64(0.7803921568627451), np.float64(1.0))","T34
0.33",False
all-MiniLM-L6-v2,34,"machine, logistic",533,,4.731204,5.2601748,0.3329490125179291,"(np.float64(0.7803921568627451), np.float64(0.7803921568627451), np.float64(0.7803921568627451), np.float64(1.0))","T34
0.33",False
all-MiniLM-L6-v2,34,"machine, logistic",612,,4.416695,5.3350554,0.3329490125179291,"(np.float64(0.7803921568627451), np.float64(0.7803921568627451), np.float64(0.7803921568627451), np.float64(1.0))","T34
0.33",False
all-MiniLM-L6-v2,35,"comments, diverse",23,,5.396916,9.239727,0.2882104218006134,"(np.float64(0.7372549019607844), np.float64(0.7411764705882353), np.float64(0.13333333333333333), np.float64(1.0))","T35
0.29",True
all-MiniLM-L6-v2,35,"comments, diverse",32,,5.357119,8.9662,0.2882104218006134,"(np.float64(0.7372549019607844), np.float64(0.7411764705882353), np.float64(0.13333333333333333), np.float64(1.0))","T35
0.29",True
all-MiniLM-L6-v2,35,"comments, diverse",202,,5.0987554,9.313321,0.2882104218006134,"(np.float64(0.7372549019607844), np.float64(0.7411764705882353), np.float64(0.13333333333333333), np.float64(1.0))","T35
0.29",True
all-MiniLM-L6-v2,35,"comments, diverse",229,,5.2964725,9.122739,0.2882104218006134,"(np.float64(0.7372549019607844), np.float64(0.7411764705882353), np.float64(0.13333333333333333), np.float64(1.0))","T35
0.29",True
all-MiniLM-L6-v2,35,"comments, diverse",356,,5.70984,9.182832,0.2882104218006134,"(np.float64(0.7372549019607844), np.float64(0.7411764705882353), np.float64(0.13333333333333333), np.float64(1.0))","T35
0.29",True
all-MiniLM-L6-v2,35,"comments, diverse",373,,5.1426883,9.220829,0.2882104218006134,"(np.float64(0.7372549019607844), np.float64(0.7411764705882353), np.float64(0.13333333333333333), np.float64(1.0))","T35
0.29",True
all-MiniLM-L6-v2,35,"comments, diverse",477,,5.2683544,9.173725,0.2882104218006134,"(np.float64(0.7372549019607844), np.float64(0.7411764705882353), np.float64(0.13333333333333333), np.float64(1.0))","T35
0.29",True
all-MiniLM-L6-v2,36,Rumor on Social Media,173,,6.5846496,6.4469185,0.14865227043628693,"(np.float64(0.8588235294117647), np.float64(0.8588235294117647), np.float64(0.5529411764705883), np.float64(1.0))","T36
0.15",True
all-MiniLM-L6-v2,36,Rumor on Social Media,383,,6.620587,6.371897,0.14865227043628693,"(np.float64(0.8588235294117647), np.float64(0.8588235294117647), np.float64(0.5529411764705883), np.float64(1.0))","T36
0.15",True
all-MiniLM-L6-v2,36,Rumor on Social Media,628,,6.620956,6.475242,0.14865227043628693,"(np.float64(0.8588235294117647), np.float64(0.8588235294117647), np.float64(0.5529411764705883), np.float64(1.0))","T36
0.15",True
all-MiniLM-L6-v2,36,Rumor on Social Media,669,,6.5697174,6.429715,0.14865227043628693,"(np.float64(0.8588235294117647), np.float64(0.8588235294117647), np.float64(0.5529411764705883), np.float64(1.0))","T36
0.15",True
all-MiniLM-L6-v2,36,Rumor on Social Media,672,,6.46282,6.5450525,0.14865227043628693,"(np.float64(0.8588235294117647), np.float64(0.8588235294117647), np.float64(0.5529411764705883), np.float64(1.0))","T36
0.15",True
all-MiniLM-L6-v2,36,Rumor on Social Media,731,,6.409646,6.657924,0.14865227043628693,"(np.float64(0.8588235294117647), np.float64(0.8588235294117647), np.float64(0.5529411764705883), np.float64(1.0))","T36
0.15",True
all-MiniLM-L6-v2,36,Rumor on Social Media,753,,6.5198956,6.464688,0.14865227043628693,"(np.float64(0.8588235294117647), np.float64(0.8588235294117647), np.float64(0.5529411764705883), np.float64(1.0))","T36
0.15",True
all-MiniLM-L6-v2,37,Credibility Assessment,407,,7.263925,6.2920094,0.09383746981620789,"(np.float64(0.09019607843137255), np.float64(0.7450980392156863), np.float64(0.8117647058823529), np.float64(1.0))","T37
0.09",True
all-MiniLM-L6-v2,37,Credibility Assessment,433,,7.200152,6.213178,0.09383746981620789,"(np.float64(0.09019607843137255), np.float64(0.7450980392156863), np.float64(0.8117647058823529), np.float64(1.0))","T37
0.09",True
all-MiniLM-L6-v2,37,Credibility Assessment,564,,7.1580276,6.250424,0.09383746981620789,"(np.float64(0.09019607843137255), np.float64(0.7450980392156863), np.float64(0.8117647058823529), np.float64(1.0))","T37
0.09",True
all-MiniLM-L6-v2,37,Credibility Assessment,671,,7.2159543,6.220663,0.09383746981620789,"(np.float64(0.09019607843137255), np.float64(0.7450980392156863), np.float64(0.8117647058823529), np.float64(1.0))","T37
0.09",True
all-MiniLM-L6-v2,37,Credibility Assessment,674,,7.148445,6.211802,0.09383746981620789,"(np.float64(0.09019607843137255), np.float64(0.7450980392156863), np.float64(0.8117647058823529), np.float64(1.0))","T37
0.09",True
all-MiniLM-L6-v2,37,Credibility Assessment,769,,7.2954216,6.325552,0.09383746981620789,"(np.float64(0.09019607843137255), np.float64(0.7450980392156863), np.float64(0.8117647058823529), np.float64(1.0))","T37
0.09",True
all-MiniLM-L6-v2,38,"forgery, image",161,,0.47616774,10.246999,0.06519343703985214,"(np.float64(0.6196078431372549), np.float64(0.8549019607843137), np.float64(0.8980392156862745), np.float64(1.0))","T38
0.07",True
all-MiniLM-L6-v2,38,"forgery, image",322,,0.45980397,10.278899,0.06519343703985214,"(np.float64(0.6196078431372549), np.float64(0.8549019607843137), np.float64(0.8980392156862745), np.float64(1.0))","T38
0.07",True
all-MiniLM-L6-v2,38,"forgery, image",324,,0.42009896,10.274512,0.06519343703985214,"(np.float64(0.6196078431372549), np.float64(0.8549019607843137), np.float64(0.8980392156862745), np.float64(1.0))","T38
0.07",True
all-MiniLM-L6-v2,38,"forgery, image",576,,0.39148796,10.273105,0.06519343703985214,"(np.float64(0.6196078431372549), np.float64(0.8549019607843137), np.float64(0.8980392156862745), np.float64(1.0))","T38
0.07",True
all-MiniLM-L6-v2,38,"forgery, image",624,,0.37008372,10.212997,0.06519343703985214,"(np.float64(0.6196078431372549), np.float64(0.8549019607843137), np.float64(0.8980392156862745), np.float64(1.0))","T38
0.07",True
all-MiniLM-L6-v2,38,"forgery, image",730,,0.46496996,10.240126,0.06519343703985214,"(np.float64(0.6196078431372549), np.float64(0.8549019607843137), np.float64(0.8980392156862745), np.float64(1.0))","T38
0.07",True
all-MiniLM-L6-v2,39,"llms, hallucination",3,,6.784513,9.420224,0.13971026241779327,"(np.float64(0.12156862745098039), np.float64(0.4666666666666667), np.float64(0.7058823529411765), np.float64(1.0))","T39
0.14",True
all-MiniLM-L6-v2,39,"llms, hallucination",65,,6.6444845,9.301234,0.13971026241779327,"(np.float64(0.12156862745098039), np.float64(0.4666666666666667), np.float64(0.7058823529411765), np.float64(1.0))","T39
0.14",True
all-MiniLM-L6-v2,39,"llms, hallucination",174,,6.8069663,9.520776,0.13971026241779327,"(np.float64(0.12156862745098039), np.float64(0.4666666666666667), np.float64(0.7058823529411765), np.float64(1.0))","T39
0.14",True
all-MiniLM-L6-v2,39,"llms, hallucination",175,,6.7021947,9.355061,0.13971026241779327,"(np.float64(0.12156862745098039), np.float64(0.4666666666666667), np.float64(0.7058823529411765), np.float64(1.0))","T39
0.14",True
all-MiniLM-L6-v2,39,"llms, hallucination",200,,6.8098946,9.351201,0.13971026241779327,"(np.float64(0.12156862745098039), np.float64(0.4666666666666667), np.float64(0.7058823529411765), np.float64(1.0))","T39
0.14",True
all-MiniLM-L6-v2,39,"llms, hallucination",223,,6.6534815,9.3653345,0.13971026241779327,"(np.float64(0.12156862745098039), np.float64(0.4666666666666667), np.float64(0.7058823529411765), np.float64(1.0))","T39
0.14",True
all-MiniLM-L6-v2,40,Misinformation & Propaganda,151,,10.576105,3.866742,0.13166387379169464,"(np.float64(0.6823529411764706), np.float64(0.7803921568627451), np.float64(0.9098039215686274), np.float64(1.0))","T40
0.13",True
all-MiniLM-L6-v2,40,Misinformation & Propaganda,163,,10.4741335,3.9925735,0.13166387379169464,"(np.float64(0.6823529411764706), np.float64(0.7803921568627451), np.float64(0.9098039215686274), np.float64(1.0))","T40
0.13",True
all-MiniLM-L6-v2,40,Misinformation & Propaganda,339,,10.593365,3.8418393,0.13166387379169464,"(np.float64(0.6823529411764706), np.float64(0.7803921568627451), np.float64(0.9098039215686274), np.float64(1.0))","T40
0.13",True
all-MiniLM-L6-v2,40,Misinformation & Propaganda,458,,10.629779,3.7949069,0.13166387379169464,"(np.float64(0.6823529411764706), np.float64(0.7803921568627451), np.float64(0.9098039215686274), np.float64(1.0))","T40
0.13",True
all-MiniLM-L6-v2,40,Misinformation & Propaganda,462,,10.4728365,3.9459963,0.13166387379169464,"(np.float64(0.6823529411764706), np.float64(0.7803921568627451), np.float64(0.9098039215686274), np.float64(1.0))","T40
0.13",True
all-MiniLM-L6-v2,40,Misinformation & Propaganda,557,,10.640345,3.803568,0.13166387379169464,"(np.float64(0.6823529411764706), np.float64(0.7803921568627451), np.float64(0.9098039215686274), np.float64(1.0))","T40
0.13",True
all-MiniLM-L6-v2,41,"multimodal, false",95,,2.336269,7.8293953,0.1702725738286972,"(np.float64(1.0), np.float64(0.4980392156862745), np.float64(0.054901960784313725), np.float64(1.0))","T41
0.17",True
all-MiniLM-L6-v2,41,"multimodal, false",109,,2.4154778,7.696804,0.1702725738286972,"(np.float64(1.0), np.float64(0.4980392156862745), np.float64(0.054901960784313725), np.float64(1.0))","T41
0.17",True
all-MiniLM-L6-v2,41,"multimodal, false",238,,2.3310761,7.820025,0.1702725738286972,"(np.float64(1.0), np.float64(0.4980392156862745), np.float64(0.054901960784313725), np.float64(1.0))","T41
0.17",True
all-MiniLM-L6-v2,41,"multimodal, false",251,,2.578639,7.6125503,0.1702725738286972,"(np.float64(1.0), np.float64(0.4980392156862745), np.float64(0.054901960784313725), np.float64(1.0))","T41
0.17",True
all-MiniLM-L6-v2,41,"multimodal, false",260,,2.3541977,7.8881254,0.1702725738286972,"(np.float64(1.0), np.float64(0.4980392156862745), np.float64(0.054901960784313725), np.float64(1.0))","T41
0.17",True
all-MiniLM-L6-v2,41,"multimodal, false",427,,2.2907987,7.793202,0.1702725738286972,"(np.float64(1.0), np.float64(0.4980392156862745), np.float64(0.054901960784313725), np.float64(1.0))","T41
0.17",True
all-MiniLM-L6-v2,42,Credibility Assessment,114,,7.046854,7.1389937,0.1307208240032196,"(np.float64(1.0), np.float64(0.7333333333333333), np.float64(0.47058823529411764), np.float64(1.0))","T42
0.13",True
all-MiniLM-L6-v2,42,Credibility Assessment,705,,7.001405,7.230325,0.1307208240032196,"(np.float64(1.0), np.float64(0.7333333333333333), np.float64(0.47058823529411764), np.float64(1.0))","T42
0.13",True
all-MiniLM-L6-v2,42,Credibility Assessment,718,,7.1822896,7.20424,0.1307208240032196,"(np.float64(1.0), np.float64(0.7333333333333333), np.float64(0.47058823529411764), np.float64(1.0))","T42
0.13",True
all-MiniLM-L6-v2,42,Credibility Assessment,780,,7.0920696,7.1303387,0.1307208240032196,"(np.float64(1.0), np.float64(0.7333333333333333), np.float64(0.47058823529411764), np.float64(1.0))","T42
0.13",True
all-MiniLM-L6-v2,42,Credibility Assessment,805,,6.912361,7.243573,0.1307208240032196,"(np.float64(1.0), np.float64(0.7333333333333333), np.float64(0.47058823529411764), np.float64(1.0))","T42
0.13",True
all-MiniLM-L6-v2,42,Credibility Assessment,806,,7.07979,7.1434116,0.1307208240032196,"(np.float64(1.0), np.float64(0.7333333333333333), np.float64(0.47058823529411764), np.float64(1.0))","T42
0.13",True
all-MiniLM-L6-v2,43,Fact-Checking & Verification,6,,6.6981583,9.950794,0.11287755519151688,"(np.float64(0.17254901960784313), np.float64(0.6274509803921569), np.float64(0.17254901960784313), np.float64(1.0))","T43
0.11",True
all-MiniLM-L6-v2,43,Fact-Checking & Verification,16,,6.7277427,9.950681,0.11287755519151688,"(np.float64(0.17254901960784313), np.float64(0.6274509803921569), np.float64(0.17254901960784313), np.float64(1.0))","T43
0.11",True
all-MiniLM-L6-v2,43,Fact-Checking & Verification,198,,6.602047,10.043529,0.11287755519151688,"(np.float64(0.17254901960784313), np.float64(0.6274509803921569), np.float64(0.17254901960784313), np.float64(1.0))","T43
0.11",True
all-MiniLM-L6-v2,43,Fact-Checking & Verification,363,,6.720819,9.93508,0.11287755519151688,"(np.float64(0.17254901960784313), np.float64(0.6274509803921569), np.float64(0.17254901960784313), np.float64(1.0))","T43
0.11",True
all-MiniLM-L6-v2,43,Fact-Checking & Verification,368,,6.606505,9.9033575,0.11287755519151688,"(np.float64(0.17254901960784313), np.float64(0.6274509803921569), np.float64(0.17254901960784313), np.float64(1.0))","T43
0.11",True
all-MiniLM-L6-v2,43,Fact-Checking & Verification,689,,6.7955127,9.917134,0.11287755519151688,"(np.float64(0.17254901960784313), np.float64(0.6274509803921569), np.float64(0.17254901960784313), np.float64(1.0))","T43
0.11",True
all-MiniLM-L6-v2,44,"deepfake, face",1,,-1.4240147,9.438039,0.2302151471376419,"(np.float64(0.596078431372549), np.float64(0.8745098039215686), np.float64(0.5411764705882353), np.float64(1.0))","T44
0.23",True
all-MiniLM-L6-v2,44,"deepfake, face",27,,-1.2364496,9.60986,0.2302151471376419,"(np.float64(0.596078431372549), np.float64(0.8745098039215686), np.float64(0.5411764705882353), np.float64(1.0))","T44
0.23",True
all-MiniLM-L6-v2,44,"deepfake, face",139,,-1.3334796,9.4011135,0.2302151471376419,"(np.float64(0.596078431372549), np.float64(0.8745098039215686), np.float64(0.5411764705882353), np.float64(1.0))","T44
0.23",True
all-MiniLM-L6-v2,44,"deepfake, face",157,,-1.4783089,9.621704,0.2302151471376419,"(np.float64(0.596078431372549), np.float64(0.8745098039215686), np.float64(0.5411764705882353), np.float64(1.0))","T44
0.23",True
all-MiniLM-L6-v2,44,"deepfake, face",171,,-1.4005693,9.718542,0.2302151471376419,"(np.float64(0.596078431372549), np.float64(0.8745098039215686), np.float64(0.5411764705882353), np.float64(1.0))","T44
0.23",True
all-MiniLM-L6-v2,44,"deepfake, face",273,,-1.3088124,9.774755,0.2302151471376419,"(np.float64(0.596078431372549), np.float64(0.8745098039215686), np.float64(0.5411764705882353), np.float64(1.0))","T44
0.23",True
all-MiniLM-L6-v2,45,Misinformation & Propaganda,47,,5.1994476,6.0737386,0.2062520533800125,"(np.float64(0.8392156862745098), np.float64(0.15294117647058825), np.float64(0.1568627450980392), np.float64(1.0))","T45
0.21",True
all-MiniLM-L6-v2,45,Misinformation & Propaganda,532,,5.0547667,6.200384,0.2062520533800125,"(np.float64(0.8392156862745098), np.float64(0.15294117647058825), np.float64(0.1568627450980392), np.float64(1.0))","T45
0.21",True
all-MiniLM-L6-v2,45,Misinformation & Propaganda,555,,5.2654,6.3469057,0.2062520533800125,"(np.float64(0.8392156862745098), np.float64(0.15294117647058825), np.float64(0.1568627450980392), np.float64(1.0))","T45
0.21",True
all-MiniLM-L6-v2,45,Misinformation & Propaganda,610,,5.0418944,6.147834,0.2062520533800125,"(np.float64(0.8392156862745098), np.float64(0.15294117647058825), np.float64(0.1568627450980392), np.float64(1.0))","T45
0.21",True
all-MiniLM-L6-v2,45,Misinformation & Propaganda,656,,5.1186047,6.190376,0.2062520533800125,"(np.float64(0.8392156862745098), np.float64(0.15294117647058825), np.float64(0.1568627450980392), np.float64(1.0))","T45
0.21",True
all-MiniLM-L6-v2,45,Misinformation & Propaganda,726,,4.9979267,5.9781156,0.2062520533800125,"(np.float64(0.8392156862745098), np.float64(0.15294117647058825), np.float64(0.1568627450980392), np.float64(1.0))","T45
0.21",True
all-MiniLM-L6-v2,46,"light, image",704,,0.83242774,9.886012,0.10213024169206619,"(np.float64(1.0), np.float64(0.596078431372549), np.float64(0.5882352941176471), np.float64(1.0))","T46
0.10",True
all-MiniLM-L6-v2,46,"light, image",748,,0.7334121,9.995983,0.10213024169206619,"(np.float64(1.0), np.float64(0.596078431372549), np.float64(0.5882352941176471), np.float64(1.0))","T46
0.10",True
all-MiniLM-L6-v2,46,"light, image",783,,0.6711362,9.992961,0.10213024169206619,"(np.float64(1.0), np.float64(0.596078431372549), np.float64(0.5882352941176471), np.float64(1.0))","T46
0.10",True
all-MiniLM-L6-v2,46,"light, image",799,,0.7994538,9.982236,0.10213024169206619,"(np.float64(1.0), np.float64(0.596078431372549), np.float64(0.5882352941176471), np.float64(1.0))","T46
0.10",True
all-MiniLM-L6-v2,46,"light, image",800,,0.75780886,9.9156685,0.10213024169206619,"(np.float64(1.0), np.float64(0.596078431372549), np.float64(0.5882352941176471), np.float64(1.0))","T46
0.10",True
all-MiniLM-L6-v2,46,"light, image",801,,0.76561254,10.027642,0.10213024169206619,"(np.float64(1.0), np.float64(0.596078431372549), np.float64(0.5882352941176471), np.float64(1.0))","T46
0.10",True
all-MiniLM-L6-v2,47,"image, tampering",133,,0.37170744,10.026468,0.1272810995578766,"(np.float64(0.5803921568627451), np.float64(0.403921568627451), np.float64(0.7411764705882353), np.float64(1.0))","T47
0.13",True
all-MiniLM-L6-v2,47,"image, tampering",330,,0.46564305,9.967855,0.1272810995578766,"(np.float64(0.5803921568627451), np.float64(0.403921568627451), np.float64(0.7411764705882353), np.float64(1.0))","T47
0.13",True
all-MiniLM-L6-v2,47,"image, tampering",460,,0.5167245,9.874589,0.1272810995578766,"(np.float64(0.5803921568627451), np.float64(0.403921568627451), np.float64(0.7411764705882353), np.float64(1.0))","T47
0.13",True
all-MiniLM-L6-v2,47,"image, tampering",530,,0.39113352,10.07624,0.1272810995578766,"(np.float64(0.5803921568627451), np.float64(0.403921568627451), np.float64(0.7411764705882353), np.float64(1.0))","T47
0.13",True
all-MiniLM-L6-v2,47,"image, tampering",787,,0.4998772,9.9708,0.1272810995578766,"(np.float64(0.5803921568627451), np.float64(0.403921568627451), np.float64(0.7411764705882353), np.float64(1.0))","T47
0.13",True
all-MiniLM-L6-v2,48,"machine, random",108,,4.8512783,4.9171915,0.14629141986370087,"(np.float64(0.7725490196078432), np.float64(0.6901960784313725), np.float64(0.8352941176470589), np.float64(1.0))","T48
0.15",True
all-MiniLM-L6-v2,48,"machine, random",335,,4.7937922,4.7432046,0.14629141986370087,"(np.float64(0.7725490196078432), np.float64(0.6901960784313725), np.float64(0.8352941176470589), np.float64(1.0))","T48
0.15",True
all-MiniLM-L6-v2,48,"machine, random",447,,4.8824525,5.0188403,0.14629141986370087,"(np.float64(0.7725490196078432), np.float64(0.6901960784313725), np.float64(0.8352941176470589), np.float64(1.0))","T48
0.15",True
all-MiniLM-L6-v2,48,"machine, random",450,,4.8429227,4.912735,0.14629141986370087,"(np.float64(0.7725490196078432), np.float64(0.6901960784313725), np.float64(0.8352941176470589), np.float64(1.0))","T48
0.15",True
all-MiniLM-L6-v2,48,"machine, random",466,,4.879586,4.7901535,0.14629141986370087,"(np.float64(0.7725490196078432), np.float64(0.6901960784313725), np.float64(0.8352941176470589), np.float64(1.0))","T48
0.15",True
all-MiniLM-L6-v2,49,Credibility Assessment,79,,6.616511,6.559948,0.16929486393928528,"(np.float64(0.5490196078431373), np.float64(0.33725490196078434), np.float64(0.29411764705882354), np.float64(1.0))","T49
0.17",True
all-MiniLM-L6-v2,49,Credibility Assessment,539,,6.7873616,6.388266,0.16929486393928528,"(np.float64(0.5490196078431373), np.float64(0.33725490196078434), np.float64(0.29411764705882354), np.float64(1.0))","T49
0.17",True
all-MiniLM-L6-v2,49,Credibility Assessment,553,,6.820754,6.522726,0.16929486393928528,"(np.float64(0.5490196078431373), np.float64(0.33725490196078434), np.float64(0.29411764705882354), np.float64(1.0))","T49
0.17",True
all-MiniLM-L6-v2,49,Credibility Assessment,627,,6.7645464,6.560212,0.16929486393928528,"(np.float64(0.5490196078431373), np.float64(0.33725490196078434), np.float64(0.29411764705882354), np.float64(1.0))","T49
0.17",True
all-MiniLM-L6-v2,49,Credibility Assessment,630,,6.834302,6.3632884,0.16929486393928528,"(np.float64(0.5490196078431373), np.float64(0.33725490196078434), np.float64(0.29411764705882354), np.float64(1.0))","T49
0.17",True
all-MiniLM-L6-v2,50,"claim, verification",197,,6.231638,10.2330885,0.31518739461898804,"(np.float64(0.7686274509803922), np.float64(0.611764705882353), np.float64(0.5803921568627451), np.float64(1.0))","T50
0.32",False
all-MiniLM-L6-v2,50,"claim, verification",204,,6.4245677,9.92546,0.31518739461898804,"(np.float64(0.7686274509803922), np.float64(0.611764705882353), np.float64(0.5803921568627451), np.float64(1.0))","T50
0.32",False
all-MiniLM-L6-v2,50,"claim, verification",398,,6.023843,10.173697,0.31518739461898804,"(np.float64(0.7686274509803922), np.float64(0.611764705882353), np.float64(0.5803921568627451), np.float64(1.0))","T50
0.32",False
all-MiniLM-L6-v2,50,"claim, verification",480,,6.0805244,9.847166,0.31518739461898804,"(np.float64(0.7686274509803922), np.float64(0.611764705882353), np.float64(0.5803921568627451), np.float64(1.0))","T50
0.32",False
all-MiniLM-L6-v2,50,"claim, verification",481,,6.0376043,10.056647,0.31518739461898804,"(np.float64(0.7686274509803922), np.float64(0.611764705882353), np.float64(0.5803921568627451), np.float64(1.0))","T50
0.32",False
all-MiniLM-L6-v2,51,"covid19, ccfd",254,,7.60064,8.037713,0.27864405512809753,"(np.float64(0.8901960784313725), np.float64(0.4666666666666667), np.float64(0.7607843137254902), np.float64(1.0))","T51
0.28",True
all-MiniLM-L6-v2,51,"covid19, ccfd",389,,7.0968013,8.277208,0.27864405512809753,"(np.float64(0.8901960784313725), np.float64(0.4666666666666667), np.float64(0.7607843137254902), np.float64(1.0))","T51
0.28",True
all-MiniLM-L6-v2,51,"covid19, ccfd",413,,7.2258935,8.214683,0.27864405512809753,"(np.float64(0.8901960784313725), np.float64(0.4666666666666667), np.float64(0.7607843137254902), np.float64(1.0))","T51
0.28",True
all-MiniLM-L6-v2,51,"covid19, ccfd",499,,7.335518,8.049444,0.27864405512809753,"(np.float64(0.8901960784313725), np.float64(0.4666666666666667), np.float64(0.7607843137254902), np.float64(1.0))","T51
0.28",True
all-MiniLM-L6-v2,51,"covid19, ccfd",589,,7.157812,8.219947,0.27864405512809753,"(np.float64(0.8901960784313725), np.float64(0.4666666666666667), np.float64(0.7607843137254902), np.float64(1.0))","T51
0.28",True
all-MiniLM-L6-v2,52,NLP Methods,257,,4.286088,5.151234,0.10214773565530777,"(np.float64(0.9686274509803922), np.float64(0.7137254901960784), np.float64(0.8235294117647058), np.float64(1.0))","T52
0.10",True
all-MiniLM-L6-v2,52,NLP Methods,286,,4.3249826,5.064054,0.10214773565530777,"(np.float64(0.9686274509803922), np.float64(0.7137254901960784), np.float64(0.8235294117647058), np.float64(1.0))","T52
0.10",True
all-MiniLM-L6-v2,52,NLP Methods,296,,4.3862324,5.0965767,0.10214773565530777,"(np.float64(0.9686274509803922), np.float64(0.7137254901960784), np.float64(0.8235294117647058), np.float64(1.0))","T52
0.10",True
all-MiniLM-L6-v2,52,NLP Methods,299,,4.289143,5.165713,0.10214773565530777,"(np.float64(0.9686274509803922), np.float64(0.7137254901960784), np.float64(0.8235294117647058), np.float64(1.0))","T52
0.10",True
all-MiniLM-L6-v2,52,NLP Methods,314,,4.208742,5.0946903,0.10214773565530777,"(np.float64(0.9686274509803922), np.float64(0.7137254901960784), np.float64(0.8235294117647058), np.float64(1.0))","T52
0.10",True
all-MiniLM-L6-v2,53,"deep, uncertainty",60,,3.0637114,6.041465,0.1939118355512619,"(np.float64(0.4980392156862745), np.float64(0.4980392156862745), np.float64(0.4980392156862745), np.float64(1.0))","T53
0.19",True
all-MiniLM-L6-v2,53,"deep, uncertainty",256,,2.9634275,5.9528594,0.1939118355512619,"(np.float64(0.4980392156862745), np.float64(0.4980392156862745), np.float64(0.4980392156862745), np.float64(1.0))","T53
0.19",True
all-MiniLM-L6-v2,53,"deep, uncertainty",302,,3.1101575,5.9108806,0.1939118355512619,"(np.float64(0.4980392156862745), np.float64(0.4980392156862745), np.float64(0.4980392156862745), np.float64(1.0))","T53
0.19",True
all-MiniLM-L6-v2,53,"deep, uncertainty",549,,3.2689571,5.868816,0.1939118355512619,"(np.float64(0.4980392156862745), np.float64(0.4980392156862745), np.float64(0.4980392156862745), np.float64(1.0))","T53
0.19",True
all-MiniLM-L6-v2,53,"deep, uncertainty",573,,3.2117217,5.818013,0.1939118355512619,"(np.float64(0.4980392156862745), np.float64(0.4980392156862745), np.float64(0.4980392156862745), np.float64(1.0))","T53
0.19",True
all-MiniLM-L6-v2,54,"multimodal, manipulation",58,,1.3554311,8.238458,0.25497347116470337,"(np.float64(0.7803921568627451), np.float64(0.7803921568627451), np.float64(0.7803921568627451), np.float64(1.0))","T54
0.25",True
all-MiniLM-L6-v2,54,"multimodal, manipulation",287,,1.4662836,8.140577,0.25497347116470337,"(np.float64(0.7803921568627451), np.float64(0.7803921568627451), np.float64(0.7803921568627451), np.float64(1.0))","T54
0.25",True
all-MiniLM-L6-v2,54,"multimodal, manipulation",378,,1.5314124,8.197399,0.25497347116470337,"(np.float64(0.7803921568627451), np.float64(0.7803921568627451), np.float64(0.7803921568627451), np.float64(1.0))","T54
0.25",True
all-MiniLM-L6-v2,54,"multimodal, manipulation",463,,1.7429217,8.31822,0.25497347116470337,"(np.float64(0.7803921568627451), np.float64(0.7803921568627451), np.float64(0.7803921568627451), np.float64(1.0))","T54
0.25",True
all-MiniLM-L6-v2,54,"multimodal, manipulation",558,,1.589282,7.9743094,0.25497347116470337,"(np.float64(0.7803921568627451), np.float64(0.7803921568627451), np.float64(0.7803921568627451), np.float64(1.0))","T54
0.25",True
all-MiniLM-L6-v2,55,"evidence, pipeline",54,,5.989759,9.991193,0.255626916885376,"(np.float64(0.7372549019607844), np.float64(0.7411764705882353), np.float64(0.13333333333333333), np.float64(1.0))","T55
0.26",True
all-MiniLM-L6-v2,55,"evidence, pipeline",357,,5.986177,10.175854,0.255626916885376,"(np.float64(0.7372549019607844), np.float64(0.7411764705882353), np.float64(0.13333333333333333), np.float64(1.0))","T55
0.26",True
all-MiniLM-L6-v2,55,"evidence, pipeline",397,,6.16474,10.282333,0.255626916885376,"(np.float64(0.7372549019607844), np.float64(0.7411764705882353), np.float64(0.13333333333333333), np.float64(1.0))","T55
0.26",True
all-MiniLM-L6-v2,55,"evidence, pipeline",515,,6.082745,10.055248,0.255626916885376,"(np.float64(0.7372549019607844), np.float64(0.7411764705882353), np.float64(0.13333333333333333), np.float64(1.0))","T55
0.26",True
all-MiniLM-L6-v2,55,"evidence, pipeline",598,,6.350751,10.052064,0.255626916885376,"(np.float64(0.7372549019607844), np.float64(0.7411764705882353), np.float64(0.13333333333333333), np.float64(1.0))","T55
0.26",True
all-MiniLM-L6-v2,56,"bdo, ilp",30,,4.2888365,6.3746314,0.26381322741508484,"(np.float64(0.8588235294117647), np.float64(0.8588235294117647), np.float64(0.5529411764705883), np.float64(1.0))","T56
0.26",True
all-MiniLM-L6-v2,56,"bdo, ilp",134,,4.324902,6.298898,0.26381322741508484,"(np.float64(0.8588235294117647), np.float64(0.8588235294117647), np.float64(0.5529411764705883), np.float64(1.0))","T56
0.26",True
all-MiniLM-L6-v2,56,"bdo, ilp",216,,4.0800023,6.2590733,0.26381322741508484,"(np.float64(0.8588235294117647), np.float64(0.8588235294117647), np.float64(0.5529411764705883), np.float64(1.0))","T56
0.26",True
all-MiniLM-L6-v2,56,"bdo, ilp",568,,3.9014122,6.3719077,0.26381322741508484,"(np.float64(0.8588235294117647), np.float64(0.8588235294117647), np.float64(0.5529411764705883), np.float64(1.0))","T56
0.26",True
all-MiniLM-L6-v2,56,"bdo, ilp",653,,4.376225,6.2344956,0.26381322741508484,"(np.float64(0.8588235294117647), np.float64(0.8588235294117647), np.float64(0.5529411764705883), np.float64(1.0))","T56
0.26",True
