embedding_model,topic_id,topic_label,document_id,score,x,y,density,color,label,cohesive
distiluse-base-multilingual-cased-v1,-1,Misinformation & Propaganda,3,,-0.43333694,5.0197687,3.6926352977752686,"(np.float64(0.12156862745098039), np.float64(0.4666666666666667), np.float64(0.7058823529411765), np.float64(1.0))","T-1
3.69",False
distiluse-base-multilingual-cased-v1,-1,Misinformation & Propaganda,7,,1.1973164,5.319145,3.6926352977752686,"(np.float64(0.12156862745098039), np.float64(0.4666666666666667), np.float64(0.7058823529411765), np.float64(1.0))","T-1
3.69",False
distiluse-base-multilingual-cased-v1,-1,Misinformation & Propaganda,8,,1.8211076,3.0277827,3.6926352977752686,"(np.float64(0.12156862745098039), np.float64(0.4666666666666667), np.float64(0.7058823529411765), np.float64(1.0))","T-1
3.69",False
distiluse-base-multilingual-cased-v1,-1,Misinformation & Propaganda,9,,0.9027439,3.1854913,3.6926352977752686,"(np.float64(0.12156862745098039), np.float64(0.4666666666666667), np.float64(0.7058823529411765), np.float64(1.0))","T-1
3.69",False
distiluse-base-multilingual-cased-v1,-1,Misinformation & Propaganda,11,,1.6580572,3.448976,3.6926352977752686,"(np.float64(0.12156862745098039), np.float64(0.4666666666666667), np.float64(0.7058823529411765), np.float64(1.0))","T-1
3.69",False
distiluse-base-multilingual-cased-v1,-1,Misinformation & Propaganda,16,,2.080521,7.805891,3.6926352977752686,"(np.float64(0.12156862745098039), np.float64(0.4666666666666667), np.float64(0.7058823529411765), np.float64(1.0))","T-1
3.69",False
distiluse-base-multilingual-cased-v1,-1,Misinformation & Propaganda,18,,1.7331452,7.937243,3.6926352977752686,"(np.float64(0.12156862745098039), np.float64(0.4666666666666667), np.float64(0.7058823529411765), np.float64(1.0))","T-1
3.69",False
distiluse-base-multilingual-cased-v1,-1,Misinformation & Propaganda,21,,1.8489933,3.1009579,3.6926352977752686,"(np.float64(0.12156862745098039), np.float64(0.4666666666666667), np.float64(0.7058823529411765), np.float64(1.0))","T-1
3.69",False
distiluse-base-multilingual-cased-v1,-1,Misinformation & Propaganda,23,,-0.7182933,4.3785734,3.6926352977752686,"(np.float64(0.12156862745098039), np.float64(0.4666666666666667), np.float64(0.7058823529411765), np.float64(1.0))","T-1
3.69",False
distiluse-base-multilingual-cased-v1,-1,Misinformation & Propaganda,27,,-2.652026,10.83134,3.6926352977752686,"(np.float64(0.12156862745098039), np.float64(0.4666666666666667), np.float64(0.7058823529411765), np.float64(1.0))","T-1
3.69",False
distiluse-base-multilingual-cased-v1,-1,Misinformation & Propaganda,28,,-2.8231301,10.803177,3.6926352977752686,"(np.float64(0.12156862745098039), np.float64(0.4666666666666667), np.float64(0.7058823529411765), np.float64(1.0))","T-1
3.69",False
distiluse-base-multilingual-cased-v1,-1,Misinformation & Propaganda,30,,-0.62230694,4.8549337,3.6926352977752686,"(np.float64(0.12156862745098039), np.float64(0.4666666666666667), np.float64(0.7058823529411765), np.float64(1.0))","T-1
3.69",False
distiluse-base-multilingual-cased-v1,-1,Misinformation & Propaganda,32,,-0.4698242,4.1400356,3.6926352977752686,"(np.float64(0.12156862745098039), np.float64(0.4666666666666667), np.float64(0.7058823529411765), np.float64(1.0))","T-1
3.69",False
distiluse-base-multilingual-cased-v1,-1,Misinformation & Propaganda,33,,-0.72386366,4.0053234,3.6926352977752686,"(np.float64(0.12156862745098039), np.float64(0.4666666666666667), np.float64(0.7058823529411765), np.float64(1.0))","T-1
3.69",False
distiluse-base-multilingual-cased-v1,-1,Misinformation & Propaganda,34,,-2.9230855,10.162289,3.6926352977752686,"(np.float64(0.12156862745098039), np.float64(0.4666666666666667), np.float64(0.7058823529411765), np.float64(1.0))","T-1
3.69",False
distiluse-base-multilingual-cased-v1,-1,Misinformation & Propaganda,40,,3.4295907,6.562515,3.6926352977752686,"(np.float64(0.12156862745098039), np.float64(0.4666666666666667), np.float64(0.7058823529411765), np.float64(1.0))","T-1
3.69",False
distiluse-base-multilingual-cased-v1,-1,Misinformation & Propaganda,41,,-1.4090303,11.32662,3.6926352977752686,"(np.float64(0.12156862745098039), np.float64(0.4666666666666667), np.float64(0.7058823529411765), np.float64(1.0))","T-1
3.69",False
distiluse-base-multilingual-cased-v1,-1,Misinformation & Propaganda,44,,1.9945117,4.08529,3.6926352977752686,"(np.float64(0.12156862745098039), np.float64(0.4666666666666667), np.float64(0.7058823529411765), np.float64(1.0))","T-1
3.69",False
distiluse-base-multilingual-cased-v1,-1,Misinformation & Propaganda,51,,1.8066901,8.006974,3.6926352977752686,"(np.float64(0.12156862745098039), np.float64(0.4666666666666667), np.float64(0.7058823529411765), np.float64(1.0))","T-1
3.69",False
distiluse-base-multilingual-cased-v1,-1,Misinformation & Propaganda,53,,1.5982236,6.0445385,3.6926352977752686,"(np.float64(0.12156862745098039), np.float64(0.4666666666666667), np.float64(0.7058823529411765), np.float64(1.0))","T-1
3.69",False
distiluse-base-multilingual-cased-v1,-1,Misinformation & Propaganda,60,,-0.59902734,3.6675837,3.6926352977752686,"(np.float64(0.12156862745098039), np.float64(0.4666666666666667), np.float64(0.7058823529411765), np.float64(1.0))","T-1
3.69",False
distiluse-base-multilingual-cased-v1,-1,Misinformation & Propaganda,61,,2.8314862,6.841809,3.6926352977752686,"(np.float64(0.12156862745098039), np.float64(0.4666666666666667), np.float64(0.7058823529411765), np.float64(1.0))","T-1
3.69",False
distiluse-base-multilingual-cased-v1,-1,Misinformation & Propaganda,62,,-0.35065347,4.7598944,3.6926352977752686,"(np.float64(0.12156862745098039), np.float64(0.4666666666666667), np.float64(0.7058823529411765), np.float64(1.0))","T-1
3.69",False
distiluse-base-multilingual-cased-v1,-1,Misinformation & Propaganda,64,,0.8339944,6.228012,3.6926352977752686,"(np.float64(0.12156862745098039), np.float64(0.4666666666666667), np.float64(0.7058823529411765), np.float64(1.0))","T-1
3.69",False
distiluse-base-multilingual-cased-v1,-1,Misinformation & Propaganda,68,,0.5670196,4.5706677,3.6926352977752686,"(np.float64(0.12156862745098039), np.float64(0.4666666666666667), np.float64(0.7058823529411765), np.float64(1.0))","T-1
3.69",False
distiluse-base-multilingual-cased-v1,-1,Misinformation & Propaganda,72,,-1.3395879,11.803941,3.6926352977752686,"(np.float64(0.12156862745098039), np.float64(0.4666666666666667), np.float64(0.7058823529411765), np.float64(1.0))","T-1
3.69",False
distiluse-base-multilingual-cased-v1,-1,Misinformation & Propaganda,75,,1.6451507,4.915561,3.6926352977752686,"(np.float64(0.12156862745098039), np.float64(0.4666666666666667), np.float64(0.7058823529411765), np.float64(1.0))","T-1
3.69",False
distiluse-base-multilingual-cased-v1,-1,Misinformation & Propaganda,76,,1.558381,5.30662,3.6926352977752686,"(np.float64(0.12156862745098039), np.float64(0.4666666666666667), np.float64(0.7058823529411765), np.float64(1.0))","T-1
3.69",False
distiluse-base-multilingual-cased-v1,-1,Misinformation & Propaganda,78,,1.1459198,3.2844682,3.6926352977752686,"(np.float64(0.12156862745098039), np.float64(0.4666666666666667), np.float64(0.7058823529411765), np.float64(1.0))","T-1
3.69",False
distiluse-base-multilingual-cased-v1,-1,Misinformation & Propaganda,85,,0.06807983,3.6467118,3.6926352977752686,"(np.float64(0.12156862745098039), np.float64(0.4666666666666667), np.float64(0.7058823529411765), np.float64(1.0))","T-1
3.69",False
distiluse-base-multilingual-cased-v1,-1,Misinformation & Propaganda,87,,0.31863272,4.1452494,3.6926352977752686,"(np.float64(0.12156862745098039), np.float64(0.4666666666666667), np.float64(0.7058823529411765), np.float64(1.0))","T-1
3.69",False
distiluse-base-multilingual-cased-v1,-1,Misinformation & Propaganda,90,,1.901523,3.1688685,3.6926352977752686,"(np.float64(0.12156862745098039), np.float64(0.4666666666666667), np.float64(0.7058823529411765), np.float64(1.0))","T-1
3.69",False
distiluse-base-multilingual-cased-v1,-1,Misinformation & Propaganda,91,,-0.44313848,4.847452,3.6926352977752686,"(np.float64(0.12156862745098039), np.float64(0.4666666666666667), np.float64(0.7058823529411765), np.float64(1.0))","T-1
3.69",False
distiluse-base-multilingual-cased-v1,-1,Misinformation & Propaganda,94,,1.5374857,4.0326347,3.6926352977752686,"(np.float64(0.12156862745098039), np.float64(0.4666666666666667), np.float64(0.7058823529411765), np.float64(1.0))","T-1
3.69",False
distiluse-base-multilingual-cased-v1,-1,Misinformation & Propaganda,96,,1.0276546,4.811037,3.6926352977752686,"(np.float64(0.12156862745098039), np.float64(0.4666666666666667), np.float64(0.7058823529411765), np.float64(1.0))","T-1
3.69",False
distiluse-base-multilingual-cased-v1,-1,Misinformation & Propaganda,102,,-0.19739097,5.8780646,3.6926352977752686,"(np.float64(0.12156862745098039), np.float64(0.4666666666666667), np.float64(0.7058823529411765), np.float64(1.0))","T-1
3.69",False
distiluse-base-multilingual-cased-v1,-1,Misinformation & Propaganda,103,,0.18945049,7.43445,3.6926352977752686,"(np.float64(0.12156862745098039), np.float64(0.4666666666666667), np.float64(0.7058823529411765), np.float64(1.0))","T-1
3.69",False
distiluse-base-multilingual-cased-v1,-1,Misinformation & Propaganda,104,,1.0146171,4.9976306,3.6926352977752686,"(np.float64(0.12156862745098039), np.float64(0.4666666666666667), np.float64(0.7058823529411765), np.float64(1.0))","T-1
3.69",False
distiluse-base-multilingual-cased-v1,-1,Misinformation & Propaganda,108,,1.1090404,3.7867668,3.6926352977752686,"(np.float64(0.12156862745098039), np.float64(0.4666666666666667), np.float64(0.7058823529411765), np.float64(1.0))","T-1
3.69",False
distiluse-base-multilingual-cased-v1,-1,Misinformation & Propaganda,119,,-0.7585378,3.8556201,3.6926352977752686,"(np.float64(0.12156862745098039), np.float64(0.4666666666666667), np.float64(0.7058823529411765), np.float64(1.0))","T-1
3.69",False
distiluse-base-multilingual-cased-v1,-1,Misinformation & Propaganda,120,,0.94230616,4.0502567,3.6926352977752686,"(np.float64(0.12156862745098039), np.float64(0.4666666666666667), np.float64(0.7058823529411765), np.float64(1.0))","T-1
3.69",False
distiluse-base-multilingual-cased-v1,-1,Misinformation & Propaganda,121,,-0.010637956,4.637705,3.6926352977752686,"(np.float64(0.12156862745098039), np.float64(0.4666666666666667), np.float64(0.7058823529411765), np.float64(1.0))","T-1
3.69",False
distiluse-base-multilingual-cased-v1,-1,Misinformation & Propaganda,124,,-0.7799196,3.91426,3.6926352977752686,"(np.float64(0.12156862745098039), np.float64(0.4666666666666667), np.float64(0.7058823529411765), np.float64(1.0))","T-1
3.69",False
distiluse-base-multilingual-cased-v1,-1,Misinformation & Propaganda,126,,-0.39150873,5.125598,3.6926352977752686,"(np.float64(0.12156862745098039), np.float64(0.4666666666666667), np.float64(0.7058823529411765), np.float64(1.0))","T-1
3.69",False
distiluse-base-multilingual-cased-v1,-1,Misinformation & Propaganda,127,,1.2702857,5.7242665,3.6926352977752686,"(np.float64(0.12156862745098039), np.float64(0.4666666666666667), np.float64(0.7058823529411765), np.float64(1.0))","T-1
3.69",False
distiluse-base-multilingual-cased-v1,-1,Misinformation & Propaganda,128,,0.5902655,3.7318687,3.6926352977752686,"(np.float64(0.12156862745098039), np.float64(0.4666666666666667), np.float64(0.7058823529411765), np.float64(1.0))","T-1
3.69",False
distiluse-base-multilingual-cased-v1,-1,Misinformation & Propaganda,129,,0.25186777,4.8987594,3.6926352977752686,"(np.float64(0.12156862745098039), np.float64(0.4666666666666667), np.float64(0.7058823529411765), np.float64(1.0))","T-1
3.69",False
distiluse-base-multilingual-cased-v1,-1,Misinformation & Propaganda,130,,1.4796271,5.3084617,3.6926352977752686,"(np.float64(0.12156862745098039), np.float64(0.4666666666666667), np.float64(0.7058823529411765), np.float64(1.0))","T-1
3.69",False
distiluse-base-multilingual-cased-v1,-1,Misinformation & Propaganda,131,,1.7246224,4.0825734,3.6926352977752686,"(np.float64(0.12156862745098039), np.float64(0.4666666666666667), np.float64(0.7058823529411765), np.float64(1.0))","T-1
3.69",False
distiluse-base-multilingual-cased-v1,-1,Misinformation & Propaganda,132,,1.130102,3.0580382,3.6926352977752686,"(np.float64(0.12156862745098039), np.float64(0.4666666666666667), np.float64(0.7058823529411765), np.float64(1.0))","T-1
3.69",False
distiluse-base-multilingual-cased-v1,-1,Misinformation & Propaganda,134,,-0.30591917,5.2164326,3.6926352977752686,"(np.float64(0.12156862745098039), np.float64(0.4666666666666667), np.float64(0.7058823529411765), np.float64(1.0))","T-1
3.69",False
distiluse-base-multilingual-cased-v1,-1,Misinformation & Propaganda,135,,-0.5637415,5.498568,3.6926352977752686,"(np.float64(0.12156862745098039), np.float64(0.4666666666666667), np.float64(0.7058823529411765), np.float64(1.0))","T-1
3.69",False
distiluse-base-multilingual-cased-v1,-1,Misinformation & Propaganda,138,,-2.6996794,10.792613,3.6926352977752686,"(np.float64(0.12156862745098039), np.float64(0.4666666666666667), np.float64(0.7058823529411765), np.float64(1.0))","T-1
3.69",False
distiluse-base-multilingual-cased-v1,-1,Misinformation & Propaganda,140,,-2.907339,10.205505,3.6926352977752686,"(np.float64(0.12156862745098039), np.float64(0.4666666666666667), np.float64(0.7058823529411765), np.float64(1.0))","T-1
3.69",False
distiluse-base-multilingual-cased-v1,-1,Misinformation & Propaganda,142,,-2.2384353,11.240899,3.6926352977752686,"(np.float64(0.12156862745098039), np.float64(0.4666666666666667), np.float64(0.7058823529411765), np.float64(1.0))","T-1
3.69",False
distiluse-base-multilingual-cased-v1,-1,Misinformation & Propaganda,149,,-3.3345895,10.633278,3.6926352977752686,"(np.float64(0.12156862745098039), np.float64(0.4666666666666667), np.float64(0.7058823529411765), np.float64(1.0))","T-1
3.69",False
distiluse-base-multilingual-cased-v1,-1,Misinformation & Propaganda,154,,6.847953,4.846873,3.6926352977752686,"(np.float64(0.12156862745098039), np.float64(0.4666666666666667), np.float64(0.7058823529411765), np.float64(1.0))","T-1
3.69",False
distiluse-base-multilingual-cased-v1,-1,Misinformation & Propaganda,161,,-1.2981924,11.8953285,3.6926352977752686,"(np.float64(0.12156862745098039), np.float64(0.4666666666666667), np.float64(0.7058823529411765), np.float64(1.0))","T-1
3.69",False
distiluse-base-multilingual-cased-v1,-1,Misinformation & Propaganda,162,,-2.9944568,11.060237,3.6926352977752686,"(np.float64(0.12156862745098039), np.float64(0.4666666666666667), np.float64(0.7058823529411765), np.float64(1.0))","T-1
3.69",False
distiluse-base-multilingual-cased-v1,-1,Misinformation & Propaganda,165,,-2.6927032,10.74191,3.6926352977752686,"(np.float64(0.12156862745098039), np.float64(0.4666666666666667), np.float64(0.7058823529411765), np.float64(1.0))","T-1
3.69",False
distiluse-base-multilingual-cased-v1,-1,Misinformation & Propaganda,166,,2.9603965,6.214469,3.6926352977752686,"(np.float64(0.12156862745098039), np.float64(0.4666666666666667), np.float64(0.7058823529411765), np.float64(1.0))","T-1
3.69",False
distiluse-base-multilingual-cased-v1,-1,Misinformation & Propaganda,170,,1.0745409,6.6356344,3.6926352977752686,"(np.float64(0.12156862745098039), np.float64(0.4666666666666667), np.float64(0.7058823529411765), np.float64(1.0))","T-1
3.69",False
distiluse-base-multilingual-cased-v1,-1,Misinformation & Propaganda,176,,1.7762145,6.044258,3.6926352977752686,"(np.float64(0.12156862745098039), np.float64(0.4666666666666667), np.float64(0.7058823529411765), np.float64(1.0))","T-1
3.69",False
distiluse-base-multilingual-cased-v1,-1,Misinformation & Propaganda,178,,0.062332492,7.6564565,3.6926352977752686,"(np.float64(0.12156862745098039), np.float64(0.4666666666666667), np.float64(0.7058823529411765), np.float64(1.0))","T-1
3.69",False
distiluse-base-multilingual-cased-v1,-1,Misinformation & Propaganda,179,,2.904707,6.586328,3.6926352977752686,"(np.float64(0.12156862745098039), np.float64(0.4666666666666667), np.float64(0.7058823529411765), np.float64(1.0))","T-1
3.69",False
distiluse-base-multilingual-cased-v1,-1,Misinformation & Propaganda,181,,0.1307859,7.6714835,3.6926352977752686,"(np.float64(0.12156862745098039), np.float64(0.4666666666666667), np.float64(0.7058823529411765), np.float64(1.0))","T-1
3.69",False
distiluse-base-multilingual-cased-v1,-1,Misinformation & Propaganda,184,,-1.4620206,11.528596,3.6926352977752686,"(np.float64(0.12156862745098039), np.float64(0.4666666666666667), np.float64(0.7058823529411765), np.float64(1.0))","T-1
3.69",False
distiluse-base-multilingual-cased-v1,-1,Misinformation & Propaganda,194,,0.72019535,5.3398046,3.6926352977752686,"(np.float64(0.12156862745098039), np.float64(0.4666666666666667), np.float64(0.7058823529411765), np.float64(1.0))","T-1
3.69",False
distiluse-base-multilingual-cased-v1,-1,Misinformation & Propaganda,198,,0.58478767,5.748475,3.6926352977752686,"(np.float64(0.12156862745098039), np.float64(0.4666666666666667), np.float64(0.7058823529411765), np.float64(1.0))","T-1
3.69",False
distiluse-base-multilingual-cased-v1,-1,Misinformation & Propaganda,202,,-1.1914506,4.995755,3.6926352977752686,"(np.float64(0.12156862745098039), np.float64(0.4666666666666667), np.float64(0.7058823529411765), np.float64(1.0))","T-1
3.69",False
distiluse-base-multilingual-cased-v1,-1,Misinformation & Propaganda,203,,2.7757776,7.8861165,3.6926352977752686,"(np.float64(0.12156862745098039), np.float64(0.4666666666666667), np.float64(0.7058823529411765), np.float64(1.0))","T-1
3.69",False
distiluse-base-multilingual-cased-v1,-1,Misinformation & Propaganda,204,,1.7180411,6.742611,3.6926352977752686,"(np.float64(0.12156862745098039), np.float64(0.4666666666666667), np.float64(0.7058823529411765), np.float64(1.0))","T-1
3.69",False
distiluse-base-multilingual-cased-v1,-1,Misinformation & Propaganda,206,,1.6471299,4.3139687,3.6926352977752686,"(np.float64(0.12156862745098039), np.float64(0.4666666666666667), np.float64(0.7058823529411765), np.float64(1.0))","T-1
3.69",False
distiluse-base-multilingual-cased-v1,-1,Misinformation & Propaganda,209,,2.1225915,8.683236,3.6926352977752686,"(np.float64(0.12156862745098039), np.float64(0.4666666666666667), np.float64(0.7058823529411765), np.float64(1.0))","T-1
3.69",False
distiluse-base-multilingual-cased-v1,-1,Misinformation & Propaganda,211,,2.1431878,8.647323,3.6926352977752686,"(np.float64(0.12156862745098039), np.float64(0.4666666666666667), np.float64(0.7058823529411765), np.float64(1.0))","T-1
3.69",False
distiluse-base-multilingual-cased-v1,-1,Misinformation & Propaganda,213,,0.44607705,5.6023993,3.6926352977752686,"(np.float64(0.12156862745098039), np.float64(0.4666666666666667), np.float64(0.7058823529411765), np.float64(1.0))","T-1
3.69",False
distiluse-base-multilingual-cased-v1,-1,Misinformation & Propaganda,215,,0.33271915,5.3894997,3.6926352977752686,"(np.float64(0.12156862745098039), np.float64(0.4666666666666667), np.float64(0.7058823529411765), np.float64(1.0))","T-1
3.69",False
distiluse-base-multilingual-cased-v1,-1,Misinformation & Propaganda,217,,-0.66443413,5.608329,3.6926352977752686,"(np.float64(0.12156862745098039), np.float64(0.4666666666666667), np.float64(0.7058823529411765), np.float64(1.0))","T-1
3.69",False
distiluse-base-multilingual-cased-v1,-1,Misinformation & Propaganda,218,,0.3507946,5.3776135,3.6926352977752686,"(np.float64(0.12156862745098039), np.float64(0.4666666666666667), np.float64(0.7058823529411765), np.float64(1.0))","T-1
3.69",False
distiluse-base-multilingual-cased-v1,-1,Misinformation & Propaganda,219,,0.9765039,4.918022,3.6926352977752686,"(np.float64(0.12156862745098039), np.float64(0.4666666666666667), np.float64(0.7058823529411765), np.float64(1.0))","T-1
3.69",False
distiluse-base-multilingual-cased-v1,-1,Misinformation & Propaganda,220,,0.18962406,5.495987,3.6926352977752686,"(np.float64(0.12156862745098039), np.float64(0.4666666666666667), np.float64(0.7058823529411765), np.float64(1.0))","T-1
3.69",False
distiluse-base-multilingual-cased-v1,-1,Misinformation & Propaganda,226,,1.9567497,8.106964,3.6926352977752686,"(np.float64(0.12156862745098039), np.float64(0.4666666666666667), np.float64(0.7058823529411765), np.float64(1.0))","T-1
3.69",False
distiluse-base-multilingual-cased-v1,-1,Misinformation & Propaganda,228,,3.4643133,6.373167,3.6926352977752686,"(np.float64(0.12156862745098039), np.float64(0.4666666666666667), np.float64(0.7058823529411765), np.float64(1.0))","T-1
3.69",False
distiluse-base-multilingual-cased-v1,-1,Misinformation & Propaganda,231,,-2.4870973,10.802085,3.6926352977752686,"(np.float64(0.12156862745098039), np.float64(0.4666666666666667), np.float64(0.7058823529411765), np.float64(1.0))","T-1
3.69",False
distiluse-base-multilingual-cased-v1,-1,Misinformation & Propaganda,234,,2.7343512,6.017721,3.6926352977752686,"(np.float64(0.12156862745098039), np.float64(0.4666666666666667), np.float64(0.7058823529411765), np.float64(1.0))","T-1
3.69",False
distiluse-base-multilingual-cased-v1,-1,Misinformation & Propaganda,238,,-0.55861694,4.523231,3.6926352977752686,"(np.float64(0.12156862745098039), np.float64(0.4666666666666667), np.float64(0.7058823529411765), np.float64(1.0))","T-1
3.69",False
distiluse-base-multilingual-cased-v1,-1,Misinformation & Propaganda,239,,2.0203943,8.450305,3.6926352977752686,"(np.float64(0.12156862745098039), np.float64(0.4666666666666667), np.float64(0.7058823529411765), np.float64(1.0))","T-1
3.69",False
distiluse-base-multilingual-cased-v1,-1,Misinformation & Propaganda,242,,2.345298,7.560008,3.6926352977752686,"(np.float64(0.12156862745098039), np.float64(0.4666666666666667), np.float64(0.7058823529411765), np.float64(1.0))","T-1
3.69",False
distiluse-base-multilingual-cased-v1,-1,Misinformation & Propaganda,244,,1.8527814,8.023495,3.6926352977752686,"(np.float64(0.12156862745098039), np.float64(0.4666666666666667), np.float64(0.7058823529411765), np.float64(1.0))","T-1
3.69",False
distiluse-base-multilingual-cased-v1,-1,Misinformation & Propaganda,246,,-2.899978,10.692723,3.6926352977752686,"(np.float64(0.12156862745098039), np.float64(0.4666666666666667), np.float64(0.7058823529411765), np.float64(1.0))","T-1
3.69",False
distiluse-base-multilingual-cased-v1,-1,Misinformation & Propaganda,248,,-1.3851134,11.865838,3.6926352977752686,"(np.float64(0.12156862745098039), np.float64(0.4666666666666667), np.float64(0.7058823529411765), np.float64(1.0))","T-1
3.69",False
distiluse-base-multilingual-cased-v1,-1,Misinformation & Propaganda,249,,0.8658301,3.453988,3.6926352977752686,"(np.float64(0.12156862745098039), np.float64(0.4666666666666667), np.float64(0.7058823529411765), np.float64(1.0))","T-1
3.69",False
distiluse-base-multilingual-cased-v1,-1,Misinformation & Propaganda,251,,-0.13875869,5.798569,3.6926352977752686,"(np.float64(0.12156862745098039), np.float64(0.4666666666666667), np.float64(0.7058823529411765), np.float64(1.0))","T-1
3.69",False
distiluse-base-multilingual-cased-v1,-1,Misinformation & Propaganda,254,,3.900426,6.0917783,3.6926352977752686,"(np.float64(0.12156862745098039), np.float64(0.4666666666666667), np.float64(0.7058823529411765), np.float64(1.0))","T-1
3.69",False
distiluse-base-multilingual-cased-v1,-1,Misinformation & Propaganda,256,,0.10548227,5.371793,3.6926352977752686,"(np.float64(0.12156862745098039), np.float64(0.4666666666666667), np.float64(0.7058823529411765), np.float64(1.0))","T-1
3.69",False
distiluse-base-multilingual-cased-v1,-1,Misinformation & Propaganda,257,,0.4008939,5.681334,3.6926352977752686,"(np.float64(0.12156862745098039), np.float64(0.4666666666666667), np.float64(0.7058823529411765), np.float64(1.0))","T-1
3.69",False
distiluse-base-multilingual-cased-v1,-1,Misinformation & Propaganda,265,,-0.19713324,4.5204487,3.6926352977752686,"(np.float64(0.12156862745098039), np.float64(0.4666666666666667), np.float64(0.7058823529411765), np.float64(1.0))","T-1
3.69",False
distiluse-base-multilingual-cased-v1,-1,Misinformation & Propaganda,267,,1.0040143,3.9196587,3.6926352977752686,"(np.float64(0.12156862745098039), np.float64(0.4666666666666667), np.float64(0.7058823529411765), np.float64(1.0))","T-1
3.69",False
distiluse-base-multilingual-cased-v1,-1,Misinformation & Propaganda,268,,2.6919498,6.4245734,3.6926352977752686,"(np.float64(0.12156862745098039), np.float64(0.4666666666666667), np.float64(0.7058823529411765), np.float64(1.0))","T-1
3.69",False
distiluse-base-multilingual-cased-v1,-1,Misinformation & Propaganda,269,,2.1480675,3.5821457,3.6926352977752686,"(np.float64(0.12156862745098039), np.float64(0.4666666666666667), np.float64(0.7058823529411765), np.float64(1.0))","T-1
3.69",False
distiluse-base-multilingual-cased-v1,-1,Misinformation & Propaganda,278,,-2.9507835,10.437206,3.6926352977752686,"(np.float64(0.12156862745098039), np.float64(0.4666666666666667), np.float64(0.7058823529411765), np.float64(1.0))","T-1
3.69",False
distiluse-base-multilingual-cased-v1,-1,Misinformation & Propaganda,279,,-0.13274029,4.0403886,3.6926352977752686,"(np.float64(0.12156862745098039), np.float64(0.4666666666666667), np.float64(0.7058823529411765), np.float64(1.0))","T-1
3.69",False
distiluse-base-multilingual-cased-v1,-1,Misinformation & Propaganda,293,,-0.10449632,4.51786,3.6926352977752686,"(np.float64(0.12156862745098039), np.float64(0.4666666666666667), np.float64(0.7058823529411765), np.float64(1.0))","T-1
3.69",False
distiluse-base-multilingual-cased-v1,-1,Misinformation & Propaganda,296,,0.1289069,4.2791004,3.6926352977752686,"(np.float64(0.12156862745098039), np.float64(0.4666666666666667), np.float64(0.7058823529411765), np.float64(1.0))","T-1
3.69",False
distiluse-base-multilingual-cased-v1,-1,Misinformation & Propaganda,297,,1.8236394,5.9330497,3.6926352977752686,"(np.float64(0.12156862745098039), np.float64(0.4666666666666667), np.float64(0.7058823529411765), np.float64(1.0))","T-1
3.69",False
distiluse-base-multilingual-cased-v1,-1,Misinformation & Propaganda,299,,-0.69375867,5.0165067,3.6926352977752686,"(np.float64(0.12156862745098039), np.float64(0.4666666666666667), np.float64(0.7058823529411765), np.float64(1.0))","T-1
3.69",False
distiluse-base-multilingual-cased-v1,-1,Misinformation & Propaganda,303,,0.36182582,4.7933893,3.6926352977752686,"(np.float64(0.12156862745098039), np.float64(0.4666666666666667), np.float64(0.7058823529411765), np.float64(1.0))","T-1
3.69",False
distiluse-base-multilingual-cased-v1,-1,Misinformation & Propaganda,308,,1.7581153,3.6260743,3.6926352977752686,"(np.float64(0.12156862745098039), np.float64(0.4666666666666667), np.float64(0.7058823529411765), np.float64(1.0))","T-1
3.69",False
distiluse-base-multilingual-cased-v1,-1,Misinformation & Propaganda,311,,0.66706026,4.391491,3.6926352977752686,"(np.float64(0.12156862745098039), np.float64(0.4666666666666667), np.float64(0.7058823529411765), np.float64(1.0))","T-1
3.69",False
distiluse-base-multilingual-cased-v1,-1,Misinformation & Propaganda,312,,0.7965854,3.7723415,3.6926352977752686,"(np.float64(0.12156862745098039), np.float64(0.4666666666666667), np.float64(0.7058823529411765), np.float64(1.0))","T-1
3.69",False
distiluse-base-multilingual-cased-v1,-1,Misinformation & Propaganda,316,,-2.6675878,11.050806,3.6926352977752686,"(np.float64(0.12156862745098039), np.float64(0.4666666666666667), np.float64(0.7058823529411765), np.float64(1.0))","T-1
3.69",False
distiluse-base-multilingual-cased-v1,-1,Misinformation & Propaganda,317,,-2.6289532,10.769214,3.6926352977752686,"(np.float64(0.12156862745098039), np.float64(0.4666666666666667), np.float64(0.7058823529411765), np.float64(1.0))","T-1
3.69",False
distiluse-base-multilingual-cased-v1,-1,Misinformation & Propaganda,318,,-1.5304278,11.683725,3.6926352977752686,"(np.float64(0.12156862745098039), np.float64(0.4666666666666667), np.float64(0.7058823529411765), np.float64(1.0))","T-1
3.69",False
distiluse-base-multilingual-cased-v1,-1,Misinformation & Propaganda,321,,6.9351764,4.8192205,3.6926352977752686,"(np.float64(0.12156862745098039), np.float64(0.4666666666666667), np.float64(0.7058823529411765), np.float64(1.0))","T-1
3.69",False
distiluse-base-multilingual-cased-v1,-1,Misinformation & Propaganda,322,,-1.2085416,12.000638,3.6926352977752686,"(np.float64(0.12156862745098039), np.float64(0.4666666666666667), np.float64(0.7058823529411765), np.float64(1.0))","T-1
3.69",False
distiluse-base-multilingual-cased-v1,-1,Misinformation & Propaganda,323,,-3.1255376,10.445852,3.6926352977752686,"(np.float64(0.12156862745098039), np.float64(0.4666666666666667), np.float64(0.7058823529411765), np.float64(1.0))","T-1
3.69",False
distiluse-base-multilingual-cased-v1,-1,Misinformation & Propaganda,325,,-1.7304331,11.337208,3.6926352977752686,"(np.float64(0.12156862745098039), np.float64(0.4666666666666667), np.float64(0.7058823529411765), np.float64(1.0))","T-1
3.69",False
distiluse-base-multilingual-cased-v1,-1,Misinformation & Propaganda,328,,1.2976438,4.042633,3.6926352977752686,"(np.float64(0.12156862745098039), np.float64(0.4666666666666667), np.float64(0.7058823529411765), np.float64(1.0))","T-1
3.69",False
distiluse-base-multilingual-cased-v1,-1,Misinformation & Propaganda,333,,-3.181338,10.587591,3.6926352977752686,"(np.float64(0.12156862745098039), np.float64(0.4666666666666667), np.float64(0.7058823529411765), np.float64(1.0))","T-1
3.69",False
distiluse-base-multilingual-cased-v1,-1,Misinformation & Propaganda,334,,-0.43107224,6.384052,3.6926352977752686,"(np.float64(0.12156862745098039), np.float64(0.4666666666666667), np.float64(0.7058823529411765), np.float64(1.0))","T-1
3.69",False
distiluse-base-multilingual-cased-v1,-1,Misinformation & Propaganda,339,,6.8065863,4.849089,3.6926352977752686,"(np.float64(0.12156862745098039), np.float64(0.4666666666666667), np.float64(0.7058823529411765), np.float64(1.0))","T-1
3.69",False
distiluse-base-multilingual-cased-v1,-1,Misinformation & Propaganda,345,,2.5416758,6.7378607,3.6926352977752686,"(np.float64(0.12156862745098039), np.float64(0.4666666666666667), np.float64(0.7058823529411765), np.float64(1.0))","T-1
3.69",False
distiluse-base-multilingual-cased-v1,-1,Misinformation & Propaganda,346,,1.1608119,5.4010878,3.6926352977752686,"(np.float64(0.12156862745098039), np.float64(0.4666666666666667), np.float64(0.7058823529411765), np.float64(1.0))","T-1
3.69",False
distiluse-base-multilingual-cased-v1,-1,Misinformation & Propaganda,348,,1.7873589,4.418867,3.6926352977752686,"(np.float64(0.12156862745098039), np.float64(0.4666666666666667), np.float64(0.7058823529411765), np.float64(1.0))","T-1
3.69",False
distiluse-base-multilingual-cased-v1,-1,Misinformation & Propaganda,354,,2.172393,4.4760675,3.6926352977752686,"(np.float64(0.12156862745098039), np.float64(0.4666666666666667), np.float64(0.7058823529411765), np.float64(1.0))","T-1
3.69",False
distiluse-base-multilingual-cased-v1,-1,Misinformation & Propaganda,358,,3.8516705,6.2131248,3.6926352977752686,"(np.float64(0.12156862745098039), np.float64(0.4666666666666667), np.float64(0.7058823529411765), np.float64(1.0))","T-1
3.69",False
distiluse-base-multilingual-cased-v1,-1,Misinformation & Propaganda,360,,0.0061444864,5.4176173,3.6926352977752686,"(np.float64(0.12156862745098039), np.float64(0.4666666666666667), np.float64(0.7058823529411765), np.float64(1.0))","T-1
3.69",False
distiluse-base-multilingual-cased-v1,-1,Misinformation & Propaganda,362,,-0.33048794,3.7547276,3.6926352977752686,"(np.float64(0.12156862745098039), np.float64(0.4666666666666667), np.float64(0.7058823529411765), np.float64(1.0))","T-1
3.69",False
distiluse-base-multilingual-cased-v1,-1,Misinformation & Propaganda,364,,-0.77714044,5.2026887,3.6926352977752686,"(np.float64(0.12156862745098039), np.float64(0.4666666666666667), np.float64(0.7058823529411765), np.float64(1.0))","T-1
3.69",False
distiluse-base-multilingual-cased-v1,-1,Misinformation & Propaganda,367,,-0.6236147,4.4698057,3.6926352977752686,"(np.float64(0.12156862745098039), np.float64(0.4666666666666667), np.float64(0.7058823529411765), np.float64(1.0))","T-1
3.69",False
distiluse-base-multilingual-cased-v1,-1,Misinformation & Propaganda,368,,1.6965345,7.8334527,3.6926352977752686,"(np.float64(0.12156862745098039), np.float64(0.4666666666666667), np.float64(0.7058823529411765), np.float64(1.0))","T-1
3.69",False
distiluse-base-multilingual-cased-v1,-1,Misinformation & Propaganda,369,,1.6445546,5.6077332,3.6926352977752686,"(np.float64(0.12156862745098039), np.float64(0.4666666666666667), np.float64(0.7058823529411765), np.float64(1.0))","T-1
3.69",False
distiluse-base-multilingual-cased-v1,-1,Misinformation & Propaganda,374,,1.2490271,3.4160078,3.6926352977752686,"(np.float64(0.12156862745098039), np.float64(0.4666666666666667), np.float64(0.7058823529411765), np.float64(1.0))","T-1
3.69",False
distiluse-base-multilingual-cased-v1,-1,Misinformation & Propaganda,375,,1.0217178,2.8616881,3.6926352977752686,"(np.float64(0.12156862745098039), np.float64(0.4666666666666667), np.float64(0.7058823529411765), np.float64(1.0))","T-1
3.69",False
distiluse-base-multilingual-cased-v1,-1,Misinformation & Propaganda,376,,6.354802,4.6144857,3.6926352977752686,"(np.float64(0.12156862745098039), np.float64(0.4666666666666667), np.float64(0.7058823529411765), np.float64(1.0))","T-1
3.69",False
distiluse-base-multilingual-cased-v1,-1,Misinformation & Propaganda,377,,0.9142796,4.3126693,3.6926352977752686,"(np.float64(0.12156862745098039), np.float64(0.4666666666666667), np.float64(0.7058823529411765), np.float64(1.0))","T-1
3.69",False
distiluse-base-multilingual-cased-v1,-1,Misinformation & Propaganda,378,,-1.4402705,11.400341,3.6926352977752686,"(np.float64(0.12156862745098039), np.float64(0.4666666666666667), np.float64(0.7058823529411765), np.float64(1.0))","T-1
3.69",False
distiluse-base-multilingual-cased-v1,-1,Misinformation & Propaganda,379,,-0.2000943,3.7363362,3.6926352977752686,"(np.float64(0.12156862745098039), np.float64(0.4666666666666667), np.float64(0.7058823529411765), np.float64(1.0))","T-1
3.69",False
distiluse-base-multilingual-cased-v1,-1,Misinformation & Propaganda,381,,0.7884792,4.4274273,3.6926352977752686,"(np.float64(0.12156862745098039), np.float64(0.4666666666666667), np.float64(0.7058823529411765), np.float64(1.0))","T-1
3.69",False
distiluse-base-multilingual-cased-v1,-1,Misinformation & Propaganda,386,,1.6282839,6.425265,3.6926352977752686,"(np.float64(0.12156862745098039), np.float64(0.4666666666666667), np.float64(0.7058823529411765), np.float64(1.0))","T-1
3.69",False
distiluse-base-multilingual-cased-v1,-1,Misinformation & Propaganda,387,,3.71028,6.824601,3.6926352977752686,"(np.float64(0.12156862745098039), np.float64(0.4666666666666667), np.float64(0.7058823529411765), np.float64(1.0))","T-1
3.69",False
distiluse-base-multilingual-cased-v1,-1,Misinformation & Propaganda,388,,3.9822135,6.224988,3.6926352977752686,"(np.float64(0.12156862745098039), np.float64(0.4666666666666667), np.float64(0.7058823529411765), np.float64(1.0))","T-1
3.69",False
distiluse-base-multilingual-cased-v1,-1,Misinformation & Propaganda,391,,1.6089448,7.9044204,3.6926352977752686,"(np.float64(0.12156862745098039), np.float64(0.4666666666666667), np.float64(0.7058823529411765), np.float64(1.0))","T-1
3.69",False
distiluse-base-multilingual-cased-v1,-1,Misinformation & Propaganda,392,,1.3886356,3.6113176,3.6926352977752686,"(np.float64(0.12156862745098039), np.float64(0.4666666666666667), np.float64(0.7058823529411765), np.float64(1.0))","T-1
3.69",False
distiluse-base-multilingual-cased-v1,-1,Misinformation & Propaganda,393,,1.9607356,4.9154468,3.6926352977752686,"(np.float64(0.12156862745098039), np.float64(0.4666666666666667), np.float64(0.7058823529411765), np.float64(1.0))","T-1
3.69",False
distiluse-base-multilingual-cased-v1,-1,Misinformation & Propaganda,395,,-0.002382789,5.706181,3.6926352977752686,"(np.float64(0.12156862745098039), np.float64(0.4666666666666667), np.float64(0.7058823529411765), np.float64(1.0))","T-1
3.69",False
distiluse-base-multilingual-cased-v1,-1,Misinformation & Propaganda,401,,2.8106666,6.9606423,3.6926352977752686,"(np.float64(0.12156862745098039), np.float64(0.4666666666666667), np.float64(0.7058823529411765), np.float64(1.0))","T-1
3.69",False
distiluse-base-multilingual-cased-v1,-1,Misinformation & Propaganda,408,,-2.8251526,10.018785,3.6926352977752686,"(np.float64(0.12156862745098039), np.float64(0.4666666666666667), np.float64(0.7058823529411765), np.float64(1.0))","T-1
3.69",False
distiluse-base-multilingual-cased-v1,-1,Misinformation & Propaganda,410,,3.3120604,6.8753448,3.6926352977752686,"(np.float64(0.12156862745098039), np.float64(0.4666666666666667), np.float64(0.7058823529411765), np.float64(1.0))","T-1
3.69",False
distiluse-base-multilingual-cased-v1,-1,Misinformation & Propaganda,411,,2.8423967,7.17447,3.6926352977752686,"(np.float64(0.12156862745098039), np.float64(0.4666666666666667), np.float64(0.7058823529411765), np.float64(1.0))","T-1
3.69",False
distiluse-base-multilingual-cased-v1,-1,Misinformation & Propaganda,415,,2.0544608,5.5738635,3.6926352977752686,"(np.float64(0.12156862745098039), np.float64(0.4666666666666667), np.float64(0.7058823529411765), np.float64(1.0))","T-1
3.69",False
distiluse-base-multilingual-cased-v1,-1,Misinformation & Propaganda,416,,1.5368198,4.7865715,3.6926352977752686,"(np.float64(0.12156862745098039), np.float64(0.4666666666666667), np.float64(0.7058823529411765), np.float64(1.0))","T-1
3.69",False
distiluse-base-multilingual-cased-v1,-1,Misinformation & Propaganda,417,,1.3552573,6.1915784,3.6926352977752686,"(np.float64(0.12156862745098039), np.float64(0.4666666666666667), np.float64(0.7058823529411765), np.float64(1.0))","T-1
3.69",False
distiluse-base-multilingual-cased-v1,-1,Misinformation & Propaganda,419,,-0.4658092,4.134461,3.6926352977752686,"(np.float64(0.12156862745098039), np.float64(0.4666666666666667), np.float64(0.7058823529411765), np.float64(1.0))","T-1
3.69",False
distiluse-base-multilingual-cased-v1,-1,Misinformation & Propaganda,420,,-1.6043607,11.764928,3.6926352977752686,"(np.float64(0.12156862745098039), np.float64(0.4666666666666667), np.float64(0.7058823529411765), np.float64(1.0))","T-1
3.69",False
distiluse-base-multilingual-cased-v1,-1,Misinformation & Propaganda,421,,0.6633189,4.5711937,3.6926352977752686,"(np.float64(0.12156862745098039), np.float64(0.4666666666666667), np.float64(0.7058823529411765), np.float64(1.0))","T-1
3.69",False
distiluse-base-multilingual-cased-v1,-1,Misinformation & Propaganda,426,,1.9196427,3.623199,3.6926352977752686,"(np.float64(0.12156862745098039), np.float64(0.4666666666666667), np.float64(0.7058823529411765), np.float64(1.0))","T-1
3.69",False
distiluse-base-multilingual-cased-v1,-1,Misinformation & Propaganda,429,,-0.11327686,3.4506607,3.6926352977752686,"(np.float64(0.12156862745098039), np.float64(0.4666666666666667), np.float64(0.7058823529411765), np.float64(1.0))","T-1
3.69",False
distiluse-base-multilingual-cased-v1,-1,Misinformation & Propaganda,430,,-1.5715138,11.888663,3.6926352977752686,"(np.float64(0.12156862745098039), np.float64(0.4666666666666667), np.float64(0.7058823529411765), np.float64(1.0))","T-1
3.69",False
distiluse-base-multilingual-cased-v1,-1,Misinformation & Propaganda,431,,4.2622604,6.022837,3.6926352977752686,"(np.float64(0.12156862745098039), np.float64(0.4666666666666667), np.float64(0.7058823529411765), np.float64(1.0))","T-1
3.69",False
distiluse-base-multilingual-cased-v1,-1,Misinformation & Propaganda,433,,3.0847561,4.8859076,3.6926352977752686,"(np.float64(0.12156862745098039), np.float64(0.4666666666666667), np.float64(0.7058823529411765), np.float64(1.0))","T-1
3.69",False
distiluse-base-multilingual-cased-v1,-1,Misinformation & Propaganda,434,,0.84585714,6.4565096,3.6926352977752686,"(np.float64(0.12156862745098039), np.float64(0.4666666666666667), np.float64(0.7058823529411765), np.float64(1.0))","T-1
3.69",False
distiluse-base-multilingual-cased-v1,-1,Misinformation & Propaganda,437,,-0.38953826,3.919431,3.6926352977752686,"(np.float64(0.12156862745098039), np.float64(0.4666666666666667), np.float64(0.7058823529411765), np.float64(1.0))","T-1
3.69",False
distiluse-base-multilingual-cased-v1,-1,Misinformation & Propaganda,438,,-0.1619635,4.1233335,3.6926352977752686,"(np.float64(0.12156862745098039), np.float64(0.4666666666666667), np.float64(0.7058823529411765), np.float64(1.0))","T-1
3.69",False
distiluse-base-multilingual-cased-v1,-1,Misinformation & Propaganda,441,,1.093416,3.9771295,3.6926352977752686,"(np.float64(0.12156862745098039), np.float64(0.4666666666666667), np.float64(0.7058823529411765), np.float64(1.0))","T-1
3.69",False
distiluse-base-multilingual-cased-v1,-1,Misinformation & Propaganda,444,,0.088859156,4.122492,3.6926352977752686,"(np.float64(0.12156862745098039), np.float64(0.4666666666666667), np.float64(0.7058823529411765), np.float64(1.0))","T-1
3.69",False
distiluse-base-multilingual-cased-v1,-1,Misinformation & Propaganda,445,,-0.65276057,4.4210353,3.6926352977752686,"(np.float64(0.12156862745098039), np.float64(0.4666666666666667), np.float64(0.7058823529411765), np.float64(1.0))","T-1
3.69",False
distiluse-base-multilingual-cased-v1,-1,Misinformation & Propaganda,446,,0.39408278,4.419175,3.6926352977752686,"(np.float64(0.12156862745098039), np.float64(0.4666666666666667), np.float64(0.7058823529411765), np.float64(1.0))","T-1
3.69",False
distiluse-base-multilingual-cased-v1,-1,Misinformation & Propaganda,448,,1.5653262,4.8019714,3.6926352977752686,"(np.float64(0.12156862745098039), np.float64(0.4666666666666667), np.float64(0.7058823529411765), np.float64(1.0))","T-1
3.69",False
distiluse-base-multilingual-cased-v1,-1,Misinformation & Propaganda,453,,1.6763852,2.9624193,3.6926352977752686,"(np.float64(0.12156862745098039), np.float64(0.4666666666666667), np.float64(0.7058823529411765), np.float64(1.0))","T-1
3.69",False
distiluse-base-multilingual-cased-v1,-1,Misinformation & Propaganda,454,,4.1291184,6.2355742,3.6926352977752686,"(np.float64(0.12156862745098039), np.float64(0.4666666666666667), np.float64(0.7058823529411765), np.float64(1.0))","T-1
3.69",False
distiluse-base-multilingual-cased-v1,-1,Misinformation & Propaganda,457,,6.896474,4.8259625,3.6926352977752686,"(np.float64(0.12156862745098039), np.float64(0.4666666666666667), np.float64(0.7058823529411765), np.float64(1.0))","T-1
3.69",False
distiluse-base-multilingual-cased-v1,-1,Misinformation & Propaganda,463,,-0.5749677,6.421938,3.6926352977752686,"(np.float64(0.12156862745098039), np.float64(0.4666666666666667), np.float64(0.7058823529411765), np.float64(1.0))","T-1
3.69",False
distiluse-base-multilingual-cased-v1,-1,Misinformation & Propaganda,464,,-3.409304,10.287346,3.6926352977752686,"(np.float64(0.12156862745098039), np.float64(0.4666666666666667), np.float64(0.7058823529411765), np.float64(1.0))","T-1
3.69",False
distiluse-base-multilingual-cased-v1,-1,Misinformation & Propaganda,468,,2.738975,5.2205505,3.6926352977752686,"(np.float64(0.12156862745098039), np.float64(0.4666666666666667), np.float64(0.7058823529411765), np.float64(1.0))","T-1
3.69",False
distiluse-base-multilingual-cased-v1,-1,Misinformation & Propaganda,469,,-1.3560717,11.854852,3.6926352977752686,"(np.float64(0.12156862745098039), np.float64(0.4666666666666667), np.float64(0.7058823529411765), np.float64(1.0))","T-1
3.69",False
distiluse-base-multilingual-cased-v1,-1,Misinformation & Propaganda,471,,2.3573635,7.279759,3.6926352977752686,"(np.float64(0.12156862745098039), np.float64(0.4666666666666667), np.float64(0.7058823529411765), np.float64(1.0))","T-1
3.69",False
distiluse-base-multilingual-cased-v1,-1,Misinformation & Propaganda,476,,1.6689334,3.7388153,3.6926352977752686,"(np.float64(0.12156862745098039), np.float64(0.4666666666666667), np.float64(0.7058823529411765), np.float64(1.0))","T-1
3.69",False
distiluse-base-multilingual-cased-v1,-1,Misinformation & Propaganda,477,,-0.9498276,4.579569,3.6926352977752686,"(np.float64(0.12156862745098039), np.float64(0.4666666666666667), np.float64(0.7058823529411765), np.float64(1.0))","T-1
3.69",False
distiluse-base-multilingual-cased-v1,-1,Misinformation & Propaganda,479,,-0.9644487,5.6208854,3.6926352977752686,"(np.float64(0.12156862745098039), np.float64(0.4666666666666667), np.float64(0.7058823529411765), np.float64(1.0))","T-1
3.69",False
distiluse-base-multilingual-cased-v1,-1,Misinformation & Propaganda,481,,1.842697,8.500526,3.6926352977752686,"(np.float64(0.12156862745098039), np.float64(0.4666666666666667), np.float64(0.7058823529411765), np.float64(1.0))","T-1
3.69",False
distiluse-base-multilingual-cased-v1,-1,Misinformation & Propaganda,482,,4.0929837,5.8169036,3.6926352977752686,"(np.float64(0.12156862745098039), np.float64(0.4666666666666667), np.float64(0.7058823529411765), np.float64(1.0))","T-1
3.69",False
distiluse-base-multilingual-cased-v1,-1,Misinformation & Propaganda,483,,1.8689458,6.3505564,3.6926352977752686,"(np.float64(0.12156862745098039), np.float64(0.4666666666666667), np.float64(0.7058823529411765), np.float64(1.0))","T-1
3.69",False
distiluse-base-multilingual-cased-v1,-1,Misinformation & Propaganda,484,,-0.9976601,5.136173,3.6926352977752686,"(np.float64(0.12156862745098039), np.float64(0.4666666666666667), np.float64(0.7058823529411765), np.float64(1.0))","T-1
3.69",False
distiluse-base-multilingual-cased-v1,-1,Misinformation & Propaganda,485,,1.4564964,4.011751,3.6926352977752686,"(np.float64(0.12156862745098039), np.float64(0.4666666666666667), np.float64(0.7058823529411765), np.float64(1.0))","T-1
3.69",False
distiluse-base-multilingual-cased-v1,-1,Misinformation & Propaganda,486,,1.4061518,8.167175,3.6926352977752686,"(np.float64(0.12156862745098039), np.float64(0.4666666666666667), np.float64(0.7058823529411765), np.float64(1.0))","T-1
3.69",False
distiluse-base-multilingual-cased-v1,-1,Misinformation & Propaganda,488,,-0.431782,4.527497,3.6926352977752686,"(np.float64(0.12156862745098039), np.float64(0.4666666666666667), np.float64(0.7058823529411765), np.float64(1.0))","T-1
3.69",False
distiluse-base-multilingual-cased-v1,-1,Misinformation & Propaganda,490,,3.650119,6.4081287,3.6926352977752686,"(np.float64(0.12156862745098039), np.float64(0.4666666666666667), np.float64(0.7058823529411765), np.float64(1.0))","T-1
3.69",False
distiluse-base-multilingual-cased-v1,-1,Misinformation & Propaganda,494,,2.7236106,5.127212,3.6926352977752686,"(np.float64(0.12156862745098039), np.float64(0.4666666666666667), np.float64(0.7058823529411765), np.float64(1.0))","T-1
3.69",False
distiluse-base-multilingual-cased-v1,-1,Misinformation & Propaganda,501,,-0.1744788,3.8612149,3.6926352977752686,"(np.float64(0.12156862745098039), np.float64(0.4666666666666667), np.float64(0.7058823529411765), np.float64(1.0))","T-1
3.69",False
distiluse-base-multilingual-cased-v1,-1,Misinformation & Propaganda,504,,1.0698565,4.3404207,3.6926352977752686,"(np.float64(0.12156862745098039), np.float64(0.4666666666666667), np.float64(0.7058823529411765), np.float64(1.0))","T-1
3.69",False
distiluse-base-multilingual-cased-v1,-1,Misinformation & Propaganda,508,,2.7822092,6.406512,3.6926352977752686,"(np.float64(0.12156862745098039), np.float64(0.4666666666666667), np.float64(0.7058823529411765), np.float64(1.0))","T-1
3.69",False
distiluse-base-multilingual-cased-v1,-1,Misinformation & Propaganda,509,,3.829843,5.748725,3.6926352977752686,"(np.float64(0.12156862745098039), np.float64(0.4666666666666667), np.float64(0.7058823529411765), np.float64(1.0))","T-1
3.69",False
distiluse-base-multilingual-cased-v1,-1,Misinformation & Propaganda,511,,3.6234682,6.903802,3.6926352977752686,"(np.float64(0.12156862745098039), np.float64(0.4666666666666667), np.float64(0.7058823529411765), np.float64(1.0))","T-1
3.69",False
distiluse-base-multilingual-cased-v1,-1,Misinformation & Propaganda,514,,3.0982027,5.788179,3.6926352977752686,"(np.float64(0.12156862745098039), np.float64(0.4666666666666667), np.float64(0.7058823529411765), np.float64(1.0))","T-1
3.69",False
distiluse-base-multilingual-cased-v1,-1,Misinformation & Propaganda,516,,1.8004447,7.8042927,3.6926352977752686,"(np.float64(0.12156862745098039), np.float64(0.4666666666666667), np.float64(0.7058823529411765), np.float64(1.0))","T-1
3.69",False
distiluse-base-multilingual-cased-v1,-1,Misinformation & Propaganda,521,,-3.469592,10.00788,3.6926352977752686,"(np.float64(0.12156862745098039), np.float64(0.4666666666666667), np.float64(0.7058823529411765), np.float64(1.0))","T-1
3.69",False
distiluse-base-multilingual-cased-v1,-1,Misinformation & Propaganda,525,,0.5017816,4.0618725,3.6926352977752686,"(np.float64(0.12156862745098039), np.float64(0.4666666666666667), np.float64(0.7058823529411765), np.float64(1.0))","T-1
3.69",False
distiluse-base-multilingual-cased-v1,-1,Misinformation & Propaganda,527,,0.33228698,4.691829,3.6926352977752686,"(np.float64(0.12156862745098039), np.float64(0.4666666666666667), np.float64(0.7058823529411765), np.float64(1.0))","T-1
3.69",False
distiluse-base-multilingual-cased-v1,-1,Misinformation & Propaganda,530,,-1.4318632,11.791276,3.6926352977752686,"(np.float64(0.12156862745098039), np.float64(0.4666666666666667), np.float64(0.7058823529411765), np.float64(1.0))","T-1
3.69",False
distiluse-base-multilingual-cased-v1,-1,Misinformation & Propaganda,531,,1.813266,3.2247376,3.6926352977752686,"(np.float64(0.12156862745098039), np.float64(0.4666666666666667), np.float64(0.7058823529411765), np.float64(1.0))","T-1
3.69",False
distiluse-base-multilingual-cased-v1,-1,Misinformation & Propaganda,532,,1.1624495,3.759799,3.6926352977752686,"(np.float64(0.12156862745098039), np.float64(0.4666666666666667), np.float64(0.7058823529411765), np.float64(1.0))","T-1
3.69",False
distiluse-base-multilingual-cased-v1,-1,Misinformation & Propaganda,533,,2.0388823,3.3356729,3.6926352977752686,"(np.float64(0.12156862745098039), np.float64(0.4666666666666667), np.float64(0.7058823529411765), np.float64(1.0))","T-1
3.69",False
distiluse-base-multilingual-cased-v1,-1,Misinformation & Propaganda,535,,-0.62053406,5.0017843,3.6926352977752686,"(np.float64(0.12156862745098039), np.float64(0.4666666666666667), np.float64(0.7058823529411765), np.float64(1.0))","T-1
3.69",False
distiluse-base-multilingual-cased-v1,-1,Misinformation & Propaganda,538,,4.248072,5.83197,3.6926352977752686,"(np.float64(0.12156862745098039), np.float64(0.4666666666666667), np.float64(0.7058823529411765), np.float64(1.0))","T-1
3.69",False
distiluse-base-multilingual-cased-v1,-1,Misinformation & Propaganda,539,,3.2349715,3.9069848,3.6926352977752686,"(np.float64(0.12156862745098039), np.float64(0.4666666666666667), np.float64(0.7058823529411765), np.float64(1.0))","T-1
3.69",False
distiluse-base-multilingual-cased-v1,-1,Misinformation & Propaganda,540,,4.239246,5.9968514,3.6926352977752686,"(np.float64(0.12156862745098039), np.float64(0.4666666666666667), np.float64(0.7058823529411765), np.float64(1.0))","T-1
3.69",False
distiluse-base-multilingual-cased-v1,-1,Misinformation & Propaganda,542,,1.9749157,4.1026435,3.6926352977752686,"(np.float64(0.12156862745098039), np.float64(0.4666666666666667), np.float64(0.7058823529411765), np.float64(1.0))","T-1
3.69",False
distiluse-base-multilingual-cased-v1,-1,Misinformation & Propaganda,544,,1.7068851,4.157135,3.6926352977752686,"(np.float64(0.12156862745098039), np.float64(0.4666666666666667), np.float64(0.7058823529411765), np.float64(1.0))","T-1
3.69",False
distiluse-base-multilingual-cased-v1,-1,Misinformation & Propaganda,545,,0.23373964,5.9675813,3.6926352977752686,"(np.float64(0.12156862745098039), np.float64(0.4666666666666667), np.float64(0.7058823529411765), np.float64(1.0))","T-1
3.69",False
distiluse-base-multilingual-cased-v1,-1,Misinformation & Propaganda,547,,3.7348776,6.356732,3.6926352977752686,"(np.float64(0.12156862745098039), np.float64(0.4666666666666667), np.float64(0.7058823529411765), np.float64(1.0))","T-1
3.69",False
distiluse-base-multilingual-cased-v1,-1,Misinformation & Propaganda,548,,-0.65178657,4.204974,3.6926352977752686,"(np.float64(0.12156862745098039), np.float64(0.4666666666666667), np.float64(0.7058823529411765), np.float64(1.0))","T-1
3.69",False
distiluse-base-multilingual-cased-v1,-1,Misinformation & Propaganda,549,,0.22867595,4.9694242,3.6926352977752686,"(np.float64(0.12156862745098039), np.float64(0.4666666666666667), np.float64(0.7058823529411765), np.float64(1.0))","T-1
3.69",False
distiluse-base-multilingual-cased-v1,-1,Misinformation & Propaganda,551,,0.02930079,4.7107453,3.6926352977752686,"(np.float64(0.12156862745098039), np.float64(0.4666666666666667), np.float64(0.7058823529411765), np.float64(1.0))","T-1
3.69",False
distiluse-base-multilingual-cased-v1,-1,Misinformation & Propaganda,556,,0.29236218,3.309989,3.6926352977752686,"(np.float64(0.12156862745098039), np.float64(0.4666666666666667), np.float64(0.7058823529411765), np.float64(1.0))","T-1
3.69",False
distiluse-base-multilingual-cased-v1,-1,Misinformation & Propaganda,557,,6.539456,4.9856343,3.6926352977752686,"(np.float64(0.12156862745098039), np.float64(0.4666666666666667), np.float64(0.7058823529411765), np.float64(1.0))","T-1
3.69",False
distiluse-base-multilingual-cased-v1,-1,Misinformation & Propaganda,558,,-3.5169744,10.0964985,3.6926352977752686,"(np.float64(0.12156862745098039), np.float64(0.4666666666666667), np.float64(0.7058823529411765), np.float64(1.0))","T-1
3.69",False
distiluse-base-multilingual-cased-v1,-1,Misinformation & Propaganda,560,,4.06596,6.3329177,3.6926352977752686,"(np.float64(0.12156862745098039), np.float64(0.4666666666666667), np.float64(0.7058823529411765), np.float64(1.0))","T-1
3.69",False
distiluse-base-multilingual-cased-v1,-1,Misinformation & Propaganda,564,,3.236041,4.678099,3.6926352977752686,"(np.float64(0.12156862745098039), np.float64(0.4666666666666667), np.float64(0.7058823529411765), np.float64(1.0))","T-1
3.69",False
distiluse-base-multilingual-cased-v1,-1,Misinformation & Propaganda,567,,4.188474,5.719617,3.6926352977752686,"(np.float64(0.12156862745098039), np.float64(0.4666666666666667), np.float64(0.7058823529411765), np.float64(1.0))","T-1
3.69",False
distiluse-base-multilingual-cased-v1,-1,Misinformation & Propaganda,570,,1.7575077,7.872791,3.6926352977752686,"(np.float64(0.12156862745098039), np.float64(0.4666666666666667), np.float64(0.7058823529411765), np.float64(1.0))","T-1
3.69",False
distiluse-base-multilingual-cased-v1,-1,Misinformation & Propaganda,571,,-0.4243989,4.5329304,3.6926352977752686,"(np.float64(0.12156862745098039), np.float64(0.4666666666666667), np.float64(0.7058823529411765), np.float64(1.0))","T-1
3.69",False
distiluse-base-multilingual-cased-v1,-1,Misinformation & Propaganda,572,,0.85880744,3.9372885,3.6926352977752686,"(np.float64(0.12156862745098039), np.float64(0.4666666666666667), np.float64(0.7058823529411765), np.float64(1.0))","T-1
3.69",False
distiluse-base-multilingual-cased-v1,-1,Misinformation & Propaganda,573,,1.685707,3.6423976,3.6926352977752686,"(np.float64(0.12156862745098039), np.float64(0.4666666666666667), np.float64(0.7058823529411765), np.float64(1.0))","T-1
3.69",False
distiluse-base-multilingual-cased-v1,-1,Misinformation & Propaganda,576,,1.1866387,6.550974,3.6926352977752686,"(np.float64(0.12156862745098039), np.float64(0.4666666666666667), np.float64(0.7058823529411765), np.float64(1.0))","T-1
3.69",False
distiluse-base-multilingual-cased-v1,-1,Misinformation & Propaganda,577,,-2.6714044,10.777191,3.6926352977752686,"(np.float64(0.12156862745098039), np.float64(0.4666666666666667), np.float64(0.7058823529411765), np.float64(1.0))","T-1
3.69",False
distiluse-base-multilingual-cased-v1,-1,Misinformation & Propaganda,578,,0.8908591,4.030947,3.6926352977752686,"(np.float64(0.12156862745098039), np.float64(0.4666666666666667), np.float64(0.7058823529411765), np.float64(1.0))","T-1
3.69",False
distiluse-base-multilingual-cased-v1,-1,Misinformation & Propaganda,584,,1.8269686,6.1573887,3.6926352977752686,"(np.float64(0.12156862745098039), np.float64(0.4666666666666667), np.float64(0.7058823529411765), np.float64(1.0))","T-1
3.69",False
distiluse-base-multilingual-cased-v1,-1,Misinformation & Propaganda,585,,2.2432535,4.4773035,3.6926352977752686,"(np.float64(0.12156862745098039), np.float64(0.4666666666666667), np.float64(0.7058823529411765), np.float64(1.0))","T-1
3.69",False
distiluse-base-multilingual-cased-v1,-1,Misinformation & Propaganda,586,,1.240466,7.224079,3.6926352977752686,"(np.float64(0.12156862745098039), np.float64(0.4666666666666667), np.float64(0.7058823529411765), np.float64(1.0))","T-1
3.69",False
distiluse-base-multilingual-cased-v1,-1,Misinformation & Propaganda,588,,0.056564298,4.381724,3.6926352977752686,"(np.float64(0.12156862745098039), np.float64(0.4666666666666667), np.float64(0.7058823529411765), np.float64(1.0))","T-1
3.69",False
distiluse-base-multilingual-cased-v1,-1,Misinformation & Propaganda,593,,-0.50650936,5.104737,3.6926352977752686,"(np.float64(0.12156862745098039), np.float64(0.4666666666666667), np.float64(0.7058823529411765), np.float64(1.0))","T-1
3.69",False
distiluse-base-multilingual-cased-v1,-1,Misinformation & Propaganda,595,,-0.4678829,4.749152,3.6926352977752686,"(np.float64(0.12156862745098039), np.float64(0.4666666666666667), np.float64(0.7058823529411765), np.float64(1.0))","T-1
3.69",False
distiluse-base-multilingual-cased-v1,-1,Misinformation & Propaganda,596,,3.6181588,6.7391667,3.6926352977752686,"(np.float64(0.12156862745098039), np.float64(0.4666666666666667), np.float64(0.7058823529411765), np.float64(1.0))","T-1
3.69",False
distiluse-base-multilingual-cased-v1,-1,Misinformation & Propaganda,597,,-0.25341153,4.6554184,3.6926352977752686,"(np.float64(0.12156862745098039), np.float64(0.4666666666666667), np.float64(0.7058823529411765), np.float64(1.0))","T-1
3.69",False
distiluse-base-multilingual-cased-v1,-1,Misinformation & Propaganda,602,,-1.2733495,11.44587,3.6926352977752686,"(np.float64(0.12156862745098039), np.float64(0.4666666666666667), np.float64(0.7058823529411765), np.float64(1.0))","T-1
3.69",False
distiluse-base-multilingual-cased-v1,-1,Misinformation & Propaganda,604,,2.9819448,4.314658,3.6926352977752686,"(np.float64(0.12156862745098039), np.float64(0.4666666666666667), np.float64(0.7058823529411765), np.float64(1.0))","T-1
3.69",False
distiluse-base-multilingual-cased-v1,-1,Misinformation & Propaganda,611,,0.7456567,3.9641767,3.6926352977752686,"(np.float64(0.12156862745098039), np.float64(0.4666666666666667), np.float64(0.7058823529411765), np.float64(1.0))","T-1
3.69",False
distiluse-base-multilingual-cased-v1,-1,Misinformation & Propaganda,613,,3.0559213,3.6898396,3.6926352977752686,"(np.float64(0.12156862745098039), np.float64(0.4666666666666667), np.float64(0.7058823529411765), np.float64(1.0))","T-1
3.69",False
distiluse-base-multilingual-cased-v1,-1,Misinformation & Propaganda,616,,0.1254797,3.9209056,3.6926352977752686,"(np.float64(0.12156862745098039), np.float64(0.4666666666666667), np.float64(0.7058823529411765), np.float64(1.0))","T-1
3.69",False
distiluse-base-multilingual-cased-v1,-1,Misinformation & Propaganda,619,,-0.37512004,4.782801,3.6926352977752686,"(np.float64(0.12156862745098039), np.float64(0.4666666666666667), np.float64(0.7058823529411765), np.float64(1.0))","T-1
3.69",False
distiluse-base-multilingual-cased-v1,-1,Misinformation & Propaganda,621,,-0.19650991,5.7132745,3.6926352977752686,"(np.float64(0.12156862745098039), np.float64(0.4666666666666667), np.float64(0.7058823529411765), np.float64(1.0))","T-1
3.69",False
distiluse-base-multilingual-cased-v1,-1,Misinformation & Propaganda,624,,-1.271071,11.930109,3.6926352977752686,"(np.float64(0.12156862745098039), np.float64(0.4666666666666667), np.float64(0.7058823529411765), np.float64(1.0))","T-1
3.69",False
distiluse-base-multilingual-cased-v1,-1,Misinformation & Propaganda,626,,-2.3795238,11.259458,3.6926352977752686,"(np.float64(0.12156862745098039), np.float64(0.4666666666666667), np.float64(0.7058823529411765), np.float64(1.0))","T-1
3.69",False
distiluse-base-multilingual-cased-v1,-1,Misinformation & Propaganda,627,,2.054189,4.563775,3.6926352977752686,"(np.float64(0.12156862745098039), np.float64(0.4666666666666667), np.float64(0.7058823529411765), np.float64(1.0))","T-1
3.69",False
distiluse-base-multilingual-cased-v1,-1,Misinformation & Propaganda,631,,2.6139445,6.16085,3.6926352977752686,"(np.float64(0.12156862745098039), np.float64(0.4666666666666667), np.float64(0.7058823529411765), np.float64(1.0))","T-1
3.69",False
distiluse-base-multilingual-cased-v1,-1,Misinformation & Propaganda,635,,-0.91314,5.1475825,3.6926352977752686,"(np.float64(0.12156862745098039), np.float64(0.4666666666666667), np.float64(0.7058823529411765), np.float64(1.0))","T-1
3.69",False
distiluse-base-multilingual-cased-v1,-1,Misinformation & Propaganda,641,,-0.49609542,3.4548037,3.6926352977752686,"(np.float64(0.12156862745098039), np.float64(0.4666666666666667), np.float64(0.7058823529411765), np.float64(1.0))","T-1
3.69",False
distiluse-base-multilingual-cased-v1,-1,Misinformation & Propaganda,642,,3.091586,6.4074183,3.6926352977752686,"(np.float64(0.12156862745098039), np.float64(0.4666666666666667), np.float64(0.7058823529411765), np.float64(1.0))","T-1
3.69",False
distiluse-base-multilingual-cased-v1,-1,Misinformation & Propaganda,644,,0.56813514,5.484357,3.6926352977752686,"(np.float64(0.12156862745098039), np.float64(0.4666666666666667), np.float64(0.7058823529411765), np.float64(1.0))","T-1
3.69",False
distiluse-base-multilingual-cased-v1,-1,Misinformation & Propaganda,645,,2.3973742,6.1455307,3.6926352977752686,"(np.float64(0.12156862745098039), np.float64(0.4666666666666667), np.float64(0.7058823529411765), np.float64(1.0))","T-1
3.69",False
distiluse-base-multilingual-cased-v1,-1,Misinformation & Propaganda,648,,2.6110349,5.3199677,3.6926352977752686,"(np.float64(0.12156862745098039), np.float64(0.4666666666666667), np.float64(0.7058823529411765), np.float64(1.0))","T-1
3.69",False
distiluse-base-multilingual-cased-v1,-1,Misinformation & Propaganda,649,,-0.53108865,3.4988766,3.6926352977752686,"(np.float64(0.12156862745098039), np.float64(0.4666666666666667), np.float64(0.7058823529411765), np.float64(1.0))","T-1
3.69",False
distiluse-base-multilingual-cased-v1,-1,Misinformation & Propaganda,653,,1.2750454,4.50561,3.6926352977752686,"(np.float64(0.12156862745098039), np.float64(0.4666666666666667), np.float64(0.7058823529411765), np.float64(1.0))","T-1
3.69",False
distiluse-base-multilingual-cased-v1,-1,Misinformation & Propaganda,654,,0.93497694,5.5759063,3.6926352977752686,"(np.float64(0.12156862745098039), np.float64(0.4666666666666667), np.float64(0.7058823529411765), np.float64(1.0))","T-1
3.69",False
distiluse-base-multilingual-cased-v1,-1,Misinformation & Propaganda,659,,1.0450124,3.8835998,3.6926352977752686,"(np.float64(0.12156862745098039), np.float64(0.4666666666666667), np.float64(0.7058823529411765), np.float64(1.0))","T-1
3.69",False
distiluse-base-multilingual-cased-v1,-1,Misinformation & Propaganda,660,,2.2493038,3.5149293,3.6926352977752686,"(np.float64(0.12156862745098039), np.float64(0.4666666666666667), np.float64(0.7058823529411765), np.float64(1.0))","T-1
3.69",False
distiluse-base-multilingual-cased-v1,-1,Misinformation & Propaganda,667,,3.2572732,6.498682,3.6926352977752686,"(np.float64(0.12156862745098039), np.float64(0.4666666666666667), np.float64(0.7058823529411765), np.float64(1.0))","T-1
3.69",False
distiluse-base-multilingual-cased-v1,-1,Misinformation & Propaganda,676,,1.887254,4.660301,3.6926352977752686,"(np.float64(0.12156862745098039), np.float64(0.4666666666666667), np.float64(0.7058823529411765), np.float64(1.0))","T-1
3.69",False
distiluse-base-multilingual-cased-v1,-1,Misinformation & Propaganda,677,,2.3204207,4.2532415,3.6926352977752686,"(np.float64(0.12156862745098039), np.float64(0.4666666666666667), np.float64(0.7058823529411765), np.float64(1.0))","T-1
3.69",False
distiluse-base-multilingual-cased-v1,-1,Misinformation & Propaganda,681,,1.9064127,7.764833,3.6926352977752686,"(np.float64(0.12156862745098039), np.float64(0.4666666666666667), np.float64(0.7058823529411765), np.float64(1.0))","T-1
3.69",False
distiluse-base-multilingual-cased-v1,-1,Misinformation & Propaganda,682,,0.13468228,4.5461764,3.6926352977752686,"(np.float64(0.12156862745098039), np.float64(0.4666666666666667), np.float64(0.7058823529411765), np.float64(1.0))","T-1
3.69",False
distiluse-base-multilingual-cased-v1,-1,Misinformation & Propaganda,688,,1.4104896,4.1443048,3.6926352977752686,"(np.float64(0.12156862745098039), np.float64(0.4666666666666667), np.float64(0.7058823529411765), np.float64(1.0))","T-1
3.69",False
distiluse-base-multilingual-cased-v1,-1,Misinformation & Propaganda,689,,1.8812913,7.8535028,3.6926352977752686,"(np.float64(0.12156862745098039), np.float64(0.4666666666666667), np.float64(0.7058823529411765), np.float64(1.0))","T-1
3.69",False
distiluse-base-multilingual-cased-v1,-1,Misinformation & Propaganda,692,,0.64664924,3.8889053,3.6926352977752686,"(np.float64(0.12156862745098039), np.float64(0.4666666666666667), np.float64(0.7058823529411765), np.float64(1.0))","T-1
3.69",False
distiluse-base-multilingual-cased-v1,-1,Misinformation & Propaganda,694,,2.6208382,6.6703773,3.6926352977752686,"(np.float64(0.12156862745098039), np.float64(0.4666666666666667), np.float64(0.7058823529411765), np.float64(1.0))","T-1
3.69",False
distiluse-base-multilingual-cased-v1,-1,Misinformation & Propaganda,702,,-0.6668497,4.4706364,3.6926352977752686,"(np.float64(0.12156862745098039), np.float64(0.4666666666666667), np.float64(0.7058823529411765), np.float64(1.0))","T-1
3.69",False
distiluse-base-multilingual-cased-v1,-1,Misinformation & Propaganda,703,,-0.16033392,4.2338448,3.6926352977752686,"(np.float64(0.12156862745098039), np.float64(0.4666666666666667), np.float64(0.7058823529411765), np.float64(1.0))","T-1
3.69",False
distiluse-base-multilingual-cased-v1,-1,Misinformation & Propaganda,704,,-1.2695594,11.890403,3.6926352977752686,"(np.float64(0.12156862745098039), np.float64(0.4666666666666667), np.float64(0.7058823529411765), np.float64(1.0))","T-1
3.69",False
distiluse-base-multilingual-cased-v1,-1,Misinformation & Propaganda,706,,2.0229933,4.9964256,3.6926352977752686,"(np.float64(0.12156862745098039), np.float64(0.4666666666666667), np.float64(0.7058823529411765), np.float64(1.0))","T-1
3.69",False
distiluse-base-multilingual-cased-v1,-1,Misinformation & Propaganda,708,,1.5559374,7.463878,3.6926352977752686,"(np.float64(0.12156862745098039), np.float64(0.4666666666666667), np.float64(0.7058823529411765), np.float64(1.0))","T-1
3.69",False
distiluse-base-multilingual-cased-v1,-1,Misinformation & Propaganda,709,,1.819281,7.9620347,3.6926352977752686,"(np.float64(0.12156862745098039), np.float64(0.4666666666666667), np.float64(0.7058823529411765), np.float64(1.0))","T-1
3.69",False
distiluse-base-multilingual-cased-v1,-1,Misinformation & Propaganda,712,,2.9791102,4.3103843,3.6926352977752686,"(np.float64(0.12156862745098039), np.float64(0.4666666666666667), np.float64(0.7058823529411765), np.float64(1.0))","T-1
3.69",False
distiluse-base-multilingual-cased-v1,-1,Misinformation & Propaganda,713,,0.8125136,3.1563148,3.6926352977752686,"(np.float64(0.12156862745098039), np.float64(0.4666666666666667), np.float64(0.7058823529411765), np.float64(1.0))","T-1
3.69",False
distiluse-base-multilingual-cased-v1,-1,Misinformation & Propaganda,716,,0.095274575,6.0111456,3.6926352977752686,"(np.float64(0.12156862745098039), np.float64(0.4666666666666667), np.float64(0.7058823529411765), np.float64(1.0))","T-1
3.69",False
distiluse-base-multilingual-cased-v1,-1,Misinformation & Propaganda,723,,-0.29026037,4.496363,3.6926352977752686,"(np.float64(0.12156862745098039), np.float64(0.4666666666666667), np.float64(0.7058823529411765), np.float64(1.0))","T-1
3.69",False
distiluse-base-multilingual-cased-v1,-1,Misinformation & Propaganda,728,,-1.3997687,11.899018,3.6926352977752686,"(np.float64(0.12156862745098039), np.float64(0.4666666666666667), np.float64(0.7058823529411765), np.float64(1.0))","T-1
3.69",False
distiluse-base-multilingual-cased-v1,-1,Misinformation & Propaganda,730,,-1.1844718,11.986983,3.6926352977752686,"(np.float64(0.12156862745098039), np.float64(0.4666666666666667), np.float64(0.7058823529411765), np.float64(1.0))","T-1
3.69",False
distiluse-base-multilingual-cased-v1,-1,Misinformation & Propaganda,735,,0.59760624,4.5894494,3.6926352977752686,"(np.float64(0.12156862745098039), np.float64(0.4666666666666667), np.float64(0.7058823529411765), np.float64(1.0))","T-1
3.69",False
distiluse-base-multilingual-cased-v1,-1,Misinformation & Propaganda,736,,6.2682133,4.571605,3.6926352977752686,"(np.float64(0.12156862745098039), np.float64(0.4666666666666667), np.float64(0.7058823529411765), np.float64(1.0))","T-1
3.69",False
distiluse-base-multilingual-cased-v1,-1,Misinformation & Propaganda,737,,1.1712327,7.069294,3.6926352977752686,"(np.float64(0.12156862745098039), np.float64(0.4666666666666667), np.float64(0.7058823529411765), np.float64(1.0))","T-1
3.69",False
distiluse-base-multilingual-cased-v1,-1,Misinformation & Propaganda,739,,2.629431,5.304095,3.6926352977752686,"(np.float64(0.12156862745098039), np.float64(0.4666666666666667), np.float64(0.7058823529411765), np.float64(1.0))","T-1
3.69",False
distiluse-base-multilingual-cased-v1,-1,Misinformation & Propaganda,741,,1.7337033,4.4997854,3.6926352977752686,"(np.float64(0.12156862745098039), np.float64(0.4666666666666667), np.float64(0.7058823529411765), np.float64(1.0))","T-1
3.69",False
distiluse-base-multilingual-cased-v1,-1,Misinformation & Propaganda,742,,0.29634064,3.4833508,3.6926352977752686,"(np.float64(0.12156862745098039), np.float64(0.4666666666666667), np.float64(0.7058823529411765), np.float64(1.0))","T-1
3.69",False
distiluse-base-multilingual-cased-v1,-1,Misinformation & Propaganda,743,,2.5526848,7.3304157,3.6926352977752686,"(np.float64(0.12156862745098039), np.float64(0.4666666666666667), np.float64(0.7058823529411765), np.float64(1.0))","T-1
3.69",False
distiluse-base-multilingual-cased-v1,-1,Misinformation & Propaganda,744,,2.273041,5.4711423,3.6926352977752686,"(np.float64(0.12156862745098039), np.float64(0.4666666666666667), np.float64(0.7058823529411765), np.float64(1.0))","T-1
3.69",False
distiluse-base-multilingual-cased-v1,-1,Misinformation & Propaganda,745,,2.6918104,5.330627,3.6926352977752686,"(np.float64(0.12156862745098039), np.float64(0.4666666666666667), np.float64(0.7058823529411765), np.float64(1.0))","T-1
3.69",False
distiluse-base-multilingual-cased-v1,-1,Misinformation & Propaganda,746,,2.3127956,5.656189,3.6926352977752686,"(np.float64(0.12156862745098039), np.float64(0.4666666666666667), np.float64(0.7058823529411765), np.float64(1.0))","T-1
3.69",False
distiluse-base-multilingual-cased-v1,-1,Misinformation & Propaganda,749,,-0.22736964,4.446205,3.6926352977752686,"(np.float64(0.12156862745098039), np.float64(0.4666666666666667), np.float64(0.7058823529411765), np.float64(1.0))","T-1
3.69",False
distiluse-base-multilingual-cased-v1,-1,Misinformation & Propaganda,752,,-2.2451458,9.712463,3.6926352977752686,"(np.float64(0.12156862745098039), np.float64(0.4666666666666667), np.float64(0.7058823529411765), np.float64(1.0))","T-1
3.69",False
distiluse-base-multilingual-cased-v1,-1,Misinformation & Propaganda,754,,3.1798813,4.5782404,3.6926352977752686,"(np.float64(0.12156862745098039), np.float64(0.4666666666666667), np.float64(0.7058823529411765), np.float64(1.0))","T-1
3.69",False
distiluse-base-multilingual-cased-v1,-1,Misinformation & Propaganda,756,,2.2866943,5.071572,3.6926352977752686,"(np.float64(0.12156862745098039), np.float64(0.4666666666666667), np.float64(0.7058823529411765), np.float64(1.0))","T-1
3.69",False
distiluse-base-multilingual-cased-v1,-1,Misinformation & Propaganda,757,,2.1040473,5.31836,3.6926352977752686,"(np.float64(0.12156862745098039), np.float64(0.4666666666666667), np.float64(0.7058823529411765), np.float64(1.0))","T-1
3.69",False
distiluse-base-multilingual-cased-v1,-1,Misinformation & Propaganda,758,,-2.1018836,11.388865,3.6926352977752686,"(np.float64(0.12156862745098039), np.float64(0.4666666666666667), np.float64(0.7058823529411765), np.float64(1.0))","T-1
3.69",False
distiluse-base-multilingual-cased-v1,-1,Misinformation & Propaganda,759,,0.3422985,3.5231671,3.6926352977752686,"(np.float64(0.12156862745098039), np.float64(0.4666666666666667), np.float64(0.7058823529411765), np.float64(1.0))","T-1
3.69",False
distiluse-base-multilingual-cased-v1,-1,Misinformation & Propaganda,760,,7.070089,4.644736,3.6926352977752686,"(np.float64(0.12156862745098039), np.float64(0.4666666666666667), np.float64(0.7058823529411765), np.float64(1.0))","T-1
3.69",False
distiluse-base-multilingual-cased-v1,-1,Misinformation & Propaganda,762,,1.7085809,3.1949463,3.6926352977752686,"(np.float64(0.12156862745098039), np.float64(0.4666666666666667), np.float64(0.7058823529411765), np.float64(1.0))","T-1
3.69",False
distiluse-base-multilingual-cased-v1,-1,Misinformation & Propaganda,763,,3.1826508,5.403146,3.6926352977752686,"(np.float64(0.12156862745098039), np.float64(0.4666666666666667), np.float64(0.7058823529411765), np.float64(1.0))","T-1
3.69",False
distiluse-base-multilingual-cased-v1,-1,Misinformation & Propaganda,766,,2.2460077,3.8479269,3.6926352977752686,"(np.float64(0.12156862745098039), np.float64(0.4666666666666667), np.float64(0.7058823529411765), np.float64(1.0))","T-1
3.69",False
distiluse-base-multilingual-cased-v1,-1,Misinformation & Propaganda,773,,1.7060161,3.5896006,3.6926352977752686,"(np.float64(0.12156862745098039), np.float64(0.4666666666666667), np.float64(0.7058823529411765), np.float64(1.0))","T-1
3.69",False
distiluse-base-multilingual-cased-v1,-1,Misinformation & Propaganda,777,,2.188762,4.107764,3.6926352977752686,"(np.float64(0.12156862745098039), np.float64(0.4666666666666667), np.float64(0.7058823529411765), np.float64(1.0))","T-1
3.69",False
distiluse-base-multilingual-cased-v1,-1,Misinformation & Propaganda,778,,3.0934448,5.4638767,3.6926352977752686,"(np.float64(0.12156862745098039), np.float64(0.4666666666666667), np.float64(0.7058823529411765), np.float64(1.0))","T-1
3.69",False
distiluse-base-multilingual-cased-v1,-1,Misinformation & Propaganda,781,,6.8769283,4.7467785,3.6926352977752686,"(np.float64(0.12156862745098039), np.float64(0.4666666666666667), np.float64(0.7058823529411765), np.float64(1.0))","T-1
3.69",False
distiluse-base-multilingual-cased-v1,-1,Misinformation & Propaganda,789,,7.125704,4.597932,3.6926352977752686,"(np.float64(0.12156862745098039), np.float64(0.4666666666666667), np.float64(0.7058823529411765), np.float64(1.0))","T-1
3.69",False
distiluse-base-multilingual-cased-v1,-1,Misinformation & Propaganda,793,,2.573824,5.595506,3.6926352977752686,"(np.float64(0.12156862745098039), np.float64(0.4666666666666667), np.float64(0.7058823529411765), np.float64(1.0))","T-1
3.69",False
distiluse-base-multilingual-cased-v1,-1,Misinformation & Propaganda,797,,2.8702993,5.1431837,3.6926352977752686,"(np.float64(0.12156862745098039), np.float64(0.4666666666666667), np.float64(0.7058823529411765), np.float64(1.0))","T-1
3.69",False
distiluse-base-multilingual-cased-v1,-1,Misinformation & Propaganda,798,,3.1427333,6.3383207,3.6926352977752686,"(np.float64(0.12156862745098039), np.float64(0.4666666666666667), np.float64(0.7058823529411765), np.float64(1.0))","T-1
3.69",False
distiluse-base-multilingual-cased-v1,-1,Misinformation & Propaganda,807,,1.5978332,7.0982265,3.6926352977752686,"(np.float64(0.12156862745098039), np.float64(0.4666666666666667), np.float64(0.7058823529411765), np.float64(1.0))","T-1
3.69",False
distiluse-base-multilingual-cased-v1,0,Fact-Checking & Verification,0,,2.3386717,5.0522485,0.27938777208328247,"(np.float64(0.6823529411764706), np.float64(0.7803921568627451), np.float64(0.9098039215686274), np.float64(1.0))","T0
0.28",True
distiluse-base-multilingual-cased-v1,0,Fact-Checking & Verification,19,,2.1927598,5.335998,0.27938777208328247,"(np.float64(0.6823529411764706), np.float64(0.7803921568627451), np.float64(0.9098039215686274), np.float64(1.0))","T0
0.28",True
distiluse-base-multilingual-cased-v1,0,Fact-Checking & Verification,43,,2.267085,4.8604827,0.27938777208328247,"(np.float64(0.6823529411764706), np.float64(0.7803921568627451), np.float64(0.9098039215686274), np.float64(1.0))","T0
0.28",True
distiluse-base-multilingual-cased-v1,0,Fact-Checking & Verification,183,,2.21905,4.8582993,0.27938777208328247,"(np.float64(0.6823529411764706), np.float64(0.7803921568627451), np.float64(0.9098039215686274), np.float64(1.0))","T0
0.28",True
distiluse-base-multilingual-cased-v1,0,Fact-Checking & Verification,224,,2.5145905,4.934928,0.27938777208328247,"(np.float64(0.6823529411764706), np.float64(0.7803921568627451), np.float64(0.9098039215686274), np.float64(1.0))","T0
0.28",True
distiluse-base-multilingual-cased-v1,0,Fact-Checking & Verification,305,,2.355617,5.0014997,0.27938777208328247,"(np.float64(0.6823529411764706), np.float64(0.7803921568627451), np.float64(0.9098039215686274), np.float64(1.0))","T0
0.28",True
distiluse-base-multilingual-cased-v1,0,Fact-Checking & Verification,353,,2.0993314,4.966804,0.27938777208328247,"(np.float64(0.6823529411764706), np.float64(0.7803921568627451), np.float64(0.9098039215686274), np.float64(1.0))","T0
0.28",True
distiluse-base-multilingual-cased-v1,0,Fact-Checking & Verification,366,,2.3304012,4.924837,0.27938777208328247,"(np.float64(0.6823529411764706), np.float64(0.7803921568627451), np.float64(0.9098039215686274), np.float64(1.0))","T0
0.28",True
distiluse-base-multilingual-cased-v1,0,Fact-Checking & Verification,402,,2.1033807,4.6623673,0.27938777208328247,"(np.float64(0.6823529411764706), np.float64(0.7803921568627451), np.float64(0.9098039215686274), np.float64(1.0))","T0
0.28",True
distiluse-base-multilingual-cased-v1,0,Fact-Checking & Verification,461,,2.3709052,4.955651,0.27938777208328247,"(np.float64(0.6823529411764706), np.float64(0.7803921568627451), np.float64(0.9098039215686274), np.float64(1.0))","T0
0.28",True
distiluse-base-multilingual-cased-v1,0,Fact-Checking & Verification,473,,2.1897848,5.320339,0.27938777208328247,"(np.float64(0.6823529411764706), np.float64(0.7803921568627451), np.float64(0.9098039215686274), np.float64(1.0))","T0
0.28",True
distiluse-base-multilingual-cased-v1,0,Fact-Checking & Verification,512,,2.527161,5.0378685,0.27938777208328247,"(np.float64(0.6823529411764706), np.float64(0.7803921568627451), np.float64(0.9098039215686274), np.float64(1.0))","T0
0.28",True
distiluse-base-multilingual-cased-v1,0,Fact-Checking & Verification,632,,2.1710913,4.7387915,0.27938777208328247,"(np.float64(0.6823529411764706), np.float64(0.7803921568627451), np.float64(0.9098039215686274), np.float64(1.0))","T0
0.28",True
distiluse-base-multilingual-cased-v1,0,Fact-Checking & Verification,633,,2.3200545,4.771386,0.27938777208328247,"(np.float64(0.6823529411764706), np.float64(0.7803921568627451), np.float64(0.9098039215686274), np.float64(1.0))","T0
0.28",True
distiluse-base-multilingual-cased-v1,0,Fact-Checking & Verification,637,,2.3864465,5.080962,0.27938777208328247,"(np.float64(0.6823529411764706), np.float64(0.7803921568627451), np.float64(0.9098039215686274), np.float64(1.0))","T0
0.28",True
distiluse-base-multilingual-cased-v1,0,Fact-Checking & Verification,686,,2.307134,4.704587,0.27938777208328247,"(np.float64(0.6823529411764706), np.float64(0.7803921568627451), np.float64(0.9098039215686274), np.float64(1.0))","T0
0.28",True
distiluse-base-multilingual-cased-v1,0,Fact-Checking & Verification,695,,2.504667,4.911463,0.27938777208328247,"(np.float64(0.6823529411764706), np.float64(0.7803921568627451), np.float64(0.9098039215686274), np.float64(1.0))","T0
0.28",True
distiluse-base-multilingual-cased-v1,0,Fact-Checking & Verification,747,,2.2591443,4.862,0.27938777208328247,"(np.float64(0.6823529411764706), np.float64(0.7803921568627451), np.float64(0.9098039215686274), np.float64(1.0))","T0
0.28",True
distiluse-base-multilingual-cased-v1,1,Misinformation & Propaganda,22,,2.4158921,6.414836,0.5347729921340942,"(np.float64(1.0), np.float64(0.4980392156862745), np.float64(0.054901960784313725), np.float64(1.0))","T1
0.53",False
distiluse-base-multilingual-cased-v1,1,Misinformation & Propaganda,25,,1.6922631,5.8327413,0.5347729921340942,"(np.float64(1.0), np.float64(0.4980392156862745), np.float64(0.054901960784313725), np.float64(1.0))","T1
0.53",False
distiluse-base-multilingual-cased-v1,1,Misinformation & Propaganda,49,,2.2482753,6.7590237,0.5347729921340942,"(np.float64(1.0), np.float64(0.4980392156862745), np.float64(0.054901960784313725), np.float64(1.0))","T1
0.53",False
distiluse-base-multilingual-cased-v1,1,Misinformation & Propaganda,52,,2.3189857,6.000831,0.5347729921340942,"(np.float64(1.0), np.float64(0.4980392156862745), np.float64(0.054901960784313725), np.float64(1.0))","T1
0.53",False
distiluse-base-multilingual-cased-v1,1,Misinformation & Propaganda,66,,2.6471486,6.7379594,0.5347729921340942,"(np.float64(1.0), np.float64(0.4980392156862745), np.float64(0.054901960784313725), np.float64(1.0))","T1
0.53",False
distiluse-base-multilingual-cased-v1,1,Misinformation & Propaganda,83,,2.3181045,6.199457,0.5347729921340942,"(np.float64(1.0), np.float64(0.4980392156862745), np.float64(0.054901960784313725), np.float64(1.0))","T1
0.53",False
distiluse-base-multilingual-cased-v1,1,Misinformation & Propaganda,114,,1.9156799,5.8311133,0.5347729921340942,"(np.float64(1.0), np.float64(0.4980392156862745), np.float64(0.054901960784313725), np.float64(1.0))","T1
0.53",False
distiluse-base-multilingual-cased-v1,1,Misinformation & Propaganda,195,,1.9794658,5.890931,0.5347729921340942,"(np.float64(1.0), np.float64(0.4980392156862745), np.float64(0.054901960784313725), np.float64(1.0))","T1
0.53",False
distiluse-base-multilingual-cased-v1,1,Misinformation & Propaganda,210,,2.3608427,6.07235,0.5347729921340942,"(np.float64(1.0), np.float64(0.4980392156862745), np.float64(0.054901960784313725), np.float64(1.0))","T1
0.53",False
distiluse-base-multilingual-cased-v1,1,Misinformation & Propaganda,221,,2.2271545,6.2018185,0.5347729921340942,"(np.float64(1.0), np.float64(0.4980392156862745), np.float64(0.054901960784313725), np.float64(1.0))","T1
0.53",False
distiluse-base-multilingual-cased-v1,1,Misinformation & Propaganda,262,,2.4572048,6.8037314,0.5347729921340942,"(np.float64(1.0), np.float64(0.4980392156862745), np.float64(0.054901960784313725), np.float64(1.0))","T1
0.53",False
distiluse-base-multilingual-cased-v1,1,Misinformation & Propaganda,350,,2.3168314,6.1230927,0.5347729921340942,"(np.float64(1.0), np.float64(0.4980392156862745), np.float64(0.054901960784313725), np.float64(1.0))","T1
0.53",False
distiluse-base-multilingual-cased-v1,1,Misinformation & Propaganda,359,,2.395411,6.8128853,0.5347729921340942,"(np.float64(1.0), np.float64(0.4980392156862745), np.float64(0.054901960784313725), np.float64(1.0))","T1
0.53",False
distiluse-base-multilingual-cased-v1,1,Misinformation & Propaganda,372,,2.365932,6.352445,0.5347729921340942,"(np.float64(1.0), np.float64(0.4980392156862745), np.float64(0.054901960784313725), np.float64(1.0))","T1
0.53",False
distiluse-base-multilingual-cased-v1,1,Misinformation & Propaganda,537,,2.3729239,6.7791357,0.5347729921340942,"(np.float64(1.0), np.float64(0.4980392156862745), np.float64(0.054901960784313725), np.float64(1.0))","T1
0.53",False
distiluse-base-multilingual-cased-v1,1,Misinformation & Propaganda,579,,2.3976738,6.3162217,0.5347729921340942,"(np.float64(1.0), np.float64(0.4980392156862745), np.float64(0.054901960784313725), np.float64(1.0))","T1
0.53",False
distiluse-base-multilingual-cased-v1,1,Misinformation & Propaganda,646,,2.2056844,5.9433513,0.5347729921340942,"(np.float64(1.0), np.float64(0.4980392156862745), np.float64(0.054901960784313725), np.float64(1.0))","T1
0.53",False
distiluse-base-multilingual-cased-v1,1,Misinformation & Propaganda,670,,1.8259313,5.8622227,0.5347729921340942,"(np.float64(1.0), np.float64(0.4980392156862745), np.float64(0.054901960784313725), np.float64(1.0))","T1
0.53",False
distiluse-base-multilingual-cased-v1,2,Misinformation & Propaganda,47,,0.9058154,3.4572775,0.48060157895088196,"(np.float64(1.0), np.float64(0.7333333333333333), np.float64(0.47058823529411764), np.float64(1.0))","T2
0.48",False
distiluse-base-multilingual-cased-v1,2,Misinformation & Propaganda,92,,1.3541583,3.3523288,0.48060157895088196,"(np.float64(1.0), np.float64(0.7333333333333333), np.float64(0.47058823529411764), np.float64(1.0))","T2
0.48",False
distiluse-base-multilingual-cased-v1,2,Misinformation & Propaganda,263,,0.47633195,3.0736554,0.48060157895088196,"(np.float64(1.0), np.float64(0.7333333333333333), np.float64(0.47058823529411764), np.float64(1.0))","T2
0.48",False
distiluse-base-multilingual-cased-v1,2,Misinformation & Propaganda,264,,1.154364,3.2665231,0.48060157895088196,"(np.float64(1.0), np.float64(0.7333333333333333), np.float64(0.47058823529411764), np.float64(1.0))","T2
0.48",False
distiluse-base-multilingual-cased-v1,2,Misinformation & Propaganda,286,,1.0851152,3.6488955,0.48060157895088196,"(np.float64(1.0), np.float64(0.7333333333333333), np.float64(0.47058823529411764), np.float64(1.0))","T2
0.48",False
distiluse-base-multilingual-cased-v1,2,Misinformation & Propaganda,291,,0.89446276,4.0373654,0.48060157895088196,"(np.float64(1.0), np.float64(0.7333333333333333), np.float64(0.47058823529411764), np.float64(1.0))","T2
0.48",False
distiluse-base-multilingual-cased-v1,2,Misinformation & Propaganda,418,,0.5661062,3.46643,0.48060157895088196,"(np.float64(1.0), np.float64(0.7333333333333333), np.float64(0.47058823529411764), np.float64(1.0))","T2
0.48",False
distiluse-base-multilingual-cased-v1,2,Misinformation & Propaganda,428,,1.0502188,3.2378883,0.48060157895088196,"(np.float64(1.0), np.float64(0.7333333333333333), np.float64(0.47058823529411764), np.float64(1.0))","T2
0.48",False
distiluse-base-multilingual-cased-v1,2,Misinformation & Propaganda,435,,0.7312449,3.2948961,0.48060157895088196,"(np.float64(1.0), np.float64(0.7333333333333333), np.float64(0.47058823529411764), np.float64(1.0))","T2
0.48",False
distiluse-base-multilingual-cased-v1,2,Misinformation & Propaganda,487,,0.8919768,3.3974009,0.48060157895088196,"(np.float64(1.0), np.float64(0.7333333333333333), np.float64(0.47058823529411764), np.float64(1.0))","T2
0.48",False
distiluse-base-multilingual-cased-v1,2,Misinformation & Propaganda,500,,0.917386,3.5628238,0.48060157895088196,"(np.float64(1.0), np.float64(0.7333333333333333), np.float64(0.47058823529411764), np.float64(1.0))","T2
0.48",False
distiluse-base-multilingual-cased-v1,2,Misinformation & Propaganda,529,,1.1418921,3.12471,0.48060157895088196,"(np.float64(1.0), np.float64(0.7333333333333333), np.float64(0.47058823529411764), np.float64(1.0))","T2
0.48",False
distiluse-base-multilingual-cased-v1,2,Misinformation & Propaganda,606,,1.3541328,3.1200595,0.48060157895088196,"(np.float64(1.0), np.float64(0.7333333333333333), np.float64(0.47058823529411764), np.float64(1.0))","T2
0.48",False
distiluse-base-multilingual-cased-v1,2,Misinformation & Propaganda,609,,0.77782065,2.9684227,0.48060157895088196,"(np.float64(1.0), np.float64(0.7333333333333333), np.float64(0.47058823529411764), np.float64(1.0))","T2
0.48",False
distiluse-base-multilingual-cased-v1,2,Misinformation & Propaganda,663,,1.4046396,3.1635897,0.48060157895088196,"(np.float64(1.0), np.float64(0.7333333333333333), np.float64(0.47058823529411764), np.float64(1.0))","T2
0.48",False
distiluse-base-multilingual-cased-v1,2,Misinformation & Propaganda,738,,0.75956506,3.3299348,0.48060157895088196,"(np.float64(1.0), np.float64(0.7333333333333333), np.float64(0.47058823529411764), np.float64(1.0))","T2
0.48",False
distiluse-base-multilingual-cased-v1,2,Misinformation & Propaganda,750,,1.3452947,3.3997686,0.48060157895088196,"(np.float64(1.0), np.float64(0.7333333333333333), np.float64(0.47058823529411764), np.float64(1.0))","T2
0.48",False
distiluse-base-multilingual-cased-v1,3,"fact, verification",48,,1.8033597,8.291575,0.22793534398078918,"(np.float64(0.17254901960784313), np.float64(0.6274509803921569), np.float64(0.17254901960784313), np.float64(1.0))","T3
0.23",True
distiluse-base-multilingual-cased-v1,3,"fact, verification",57,,2.2324681,8.633162,0.22793534398078918,"(np.float64(0.17254901960784313), np.float64(0.6274509803921569), np.float64(0.17254901960784313), np.float64(1.0))","T3
0.23",True
distiluse-base-multilingual-cased-v1,3,"fact, verification",177,,2.1839411,8.613804,0.22793534398078918,"(np.float64(0.17254901960784313), np.float64(0.6274509803921569), np.float64(0.17254901960784313), np.float64(1.0))","T3
0.23",True
distiluse-base-multilingual-cased-v1,3,"fact, verification",199,,2.0224383,8.394108,0.22793534398078918,"(np.float64(0.17254901960784313), np.float64(0.6274509803921569), np.float64(0.17254901960784313), np.float64(1.0))","T3
0.23",True
distiluse-base-multilingual-cased-v1,3,"fact, verification",357,,2.0564442,8.60359,0.22793534398078918,"(np.float64(0.17254901960784313), np.float64(0.6274509803921569), np.float64(0.17254901960784313), np.float64(1.0))","T3
0.23",True
distiluse-base-multilingual-cased-v1,3,"fact, verification",370,,1.9433831,8.443084,0.22793534398078918,"(np.float64(0.17254901960784313), np.float64(0.6274509803921569), np.float64(0.17254901960784313), np.float64(1.0))","T3
0.23",True
distiluse-base-multilingual-cased-v1,3,"fact, verification",397,,2.0022957,8.279801,0.22793534398078918,"(np.float64(0.17254901960784313), np.float64(0.6274509803921569), np.float64(0.17254901960784313), np.float64(1.0))","T3
0.23",True
distiluse-base-multilingual-cased-v1,3,"fact, verification",398,,1.9846117,8.71748,0.22793534398078918,"(np.float64(0.17254901960784313), np.float64(0.6274509803921569), np.float64(0.17254901960784313), np.float64(1.0))","T3
0.23",True
distiluse-base-multilingual-cased-v1,3,"fact, verification",492,,1.9555446,8.465496,0.22793534398078918,"(np.float64(0.17254901960784313), np.float64(0.6274509803921569), np.float64(0.17254901960784313), np.float64(1.0))","T3
0.23",True
distiluse-base-multilingual-cased-v1,3,"fact, verification",495,,2.1832564,8.478117,0.22793534398078918,"(np.float64(0.17254901960784313), np.float64(0.6274509803921569), np.float64(0.17254901960784313), np.float64(1.0))","T3
0.23",True
distiluse-base-multilingual-cased-v1,3,"fact, verification",498,,2.231861,8.601287,0.22793534398078918,"(np.float64(0.17254901960784313), np.float64(0.6274509803921569), np.float64(0.17254901960784313), np.float64(1.0))","T3
0.23",True
distiluse-base-multilingual-cased-v1,3,"fact, verification",507,,2.096755,8.470789,0.22793534398078918,"(np.float64(0.17254901960784313), np.float64(0.6274509803921569), np.float64(0.17254901960784313), np.float64(1.0))","T3
0.23",True
distiluse-base-multilingual-cased-v1,3,"fact, verification",510,,2.1648238,8.633881,0.22793534398078918,"(np.float64(0.17254901960784313), np.float64(0.6274509803921569), np.float64(0.17254901960784313), np.float64(1.0))","T3
0.23",True
distiluse-base-multilingual-cased-v1,3,"fact, verification",566,,2.1263576,8.550845,0.22793534398078918,"(np.float64(0.17254901960784313), np.float64(0.6274509803921569), np.float64(0.17254901960784313), np.float64(1.0))","T3
0.23",True
distiluse-base-multilingual-cased-v1,3,"fact, verification",569,,2.0724182,8.715628,0.22793534398078918,"(np.float64(0.17254901960784313), np.float64(0.6274509803921569), np.float64(0.17254901960784313), np.float64(1.0))","T3
0.23",True
distiluse-base-multilingual-cased-v1,3,"fact, verification",634,,2.0335848,8.371998,0.22793534398078918,"(np.float64(0.17254901960784313), np.float64(0.6274509803921569), np.float64(0.17254901960784313), np.float64(1.0))","T3
0.23",True
distiluse-base-multilingual-cased-v1,4,"web, iq",252,,1.7129228,6.6925373,0.506454586982727,"(np.float64(0.596078431372549), np.float64(0.8745098039215686), np.float64(0.5411764705882353), np.float64(1.0))","T4
0.51",False
distiluse-base-multilingual-cased-v1,4,"web, iq",691,,1.9341832,7.463041,0.506454586982727,"(np.float64(0.596078431372549), np.float64(0.8745098039215686), np.float64(0.5411764705882353), np.float64(1.0))","T4
0.51",False
distiluse-base-multilingual-cased-v1,4,"web, iq",705,,2.0714355,6.5699587,0.506454586982727,"(np.float64(0.596078431372549), np.float64(0.8745098039215686), np.float64(0.5411764705882353), np.float64(1.0))","T4
0.51",False
distiluse-base-multilingual-cased-v1,4,"web, iq",711,,2.0820634,5.6951885,0.506454586982727,"(np.float64(0.596078431372549), np.float64(0.8745098039215686), np.float64(0.5411764705882353), np.float64(1.0))","T4
0.51",False
distiluse-base-multilingual-cased-v1,4,"web, iq",714,,1.9208995,6.8339195,0.506454586982727,"(np.float64(0.596078431372549), np.float64(0.8745098039215686), np.float64(0.5411764705882353), np.float64(1.0))","T4
0.51",False
distiluse-base-multilingual-cased-v1,4,"web, iq",715,,1.8940003,6.642707,0.506454586982727,"(np.float64(0.596078431372549), np.float64(0.8745098039215686), np.float64(0.5411764705882353), np.float64(1.0))","T4
0.51",False
distiluse-base-multilingual-cased-v1,4,"web, iq",761,,2.0618484,7.1802177,0.506454586982727,"(np.float64(0.596078431372549), np.float64(0.8745098039215686), np.float64(0.5411764705882353), np.float64(1.0))","T4
0.51",False
distiluse-base-multilingual-cased-v1,4,"web, iq",772,,1.406176,6.7227564,0.506454586982727,"(np.float64(0.596078431372549), np.float64(0.8745098039215686), np.float64(0.5411764705882353), np.float64(1.0))","T4
0.51",False
distiluse-base-multilingual-cased-v1,4,"web, iq",780,,1.9396071,6.462566,0.506454586982727,"(np.float64(0.596078431372549), np.float64(0.8745098039215686), np.float64(0.5411764705882353), np.float64(1.0))","T4
0.51",False
distiluse-base-multilingual-cased-v1,4,"web, iq",784,,1.9008359,6.99716,0.506454586982727,"(np.float64(0.596078431372549), np.float64(0.8745098039215686), np.float64(0.5411764705882353), np.float64(1.0))","T4
0.51",False
distiluse-base-multilingual-cased-v1,4,"web, iq",791,,1.8201046,6.88268,0.506454586982727,"(np.float64(0.596078431372549), np.float64(0.8745098039215686), np.float64(0.5411764705882353), np.float64(1.0))","T4
0.51",False
distiluse-base-multilingual-cased-v1,4,"web, iq",794,,2.0308077,6.519073,0.506454586982727,"(np.float64(0.596078431372549), np.float64(0.8745098039215686), np.float64(0.5411764705882353), np.float64(1.0))","T4
0.51",False
distiluse-base-multilingual-cased-v1,4,"web, iq",796,,2.0568347,6.4299464,0.506454586982727,"(np.float64(0.596078431372549), np.float64(0.8745098039215686), np.float64(0.5411764705882353), np.float64(1.0))","T4
0.51",False
distiluse-base-multilingual-cased-v1,4,"web, iq",802,,1.988175,6.51827,0.506454586982727,"(np.float64(0.596078431372549), np.float64(0.8745098039215686), np.float64(0.5411764705882353), np.float64(1.0))","T4
0.51",False
distiluse-base-multilingual-cased-v1,4,"web, iq",805,,2.0104327,6.5563054,0.506454586982727,"(np.float64(0.596078431372549), np.float64(0.8745098039215686), np.float64(0.5411764705882353), np.float64(1.0))","T4
0.51",False
distiluse-base-multilingual-cased-v1,5,"images, image",70,,-1.7159944,11.657202,0.3449792265892029,"(np.float64(0.8392156862745098), np.float64(0.15294117647058825), np.float64(0.1568627450980392), np.float64(1.0))","T5
0.34",True
distiluse-base-multilingual-cased-v1,5,"images, image",136,,-2.2496052,11.395352,0.3449792265892029,"(np.float64(0.8392156862745098), np.float64(0.15294117647058825), np.float64(0.1568627450980392), np.float64(1.0))","T5
0.34",True
distiluse-base-multilingual-cased-v1,5,"images, image",152,,-1.9836398,11.573232,0.3449792265892029,"(np.float64(0.8392156862745098), np.float64(0.15294117647058825), np.float64(0.1568627450980392), np.float64(1.0))","T5
0.34",True
distiluse-base-multilingual-cased-v1,5,"images, image",155,,-2.3317628,11.329097,0.3449792265892029,"(np.float64(0.8392156862745098), np.float64(0.15294117647058825), np.float64(0.1568627450980392), np.float64(1.0))","T5
0.34",True
distiluse-base-multilingual-cased-v1,5,"images, image",160,,-2.1522243,11.320261,0.3449792265892029,"(np.float64(0.8392156862745098), np.float64(0.15294117647058825), np.float64(0.1568627450980392), np.float64(1.0))","T5
0.34",True
distiluse-base-multilingual-cased-v1,5,"images, image",185,,-1.8903588,11.656528,0.3449792265892029,"(np.float64(0.8392156862745098), np.float64(0.15294117647058825), np.float64(0.1568627450980392), np.float64(1.0))","T5
0.34",True
distiluse-base-multilingual-cased-v1,5,"images, image",259,,-2.0060916,11.67158,0.3449792265892029,"(np.float64(0.8392156862745098), np.float64(0.15294117647058825), np.float64(0.1568627450980392), np.float64(1.0))","T5
0.34",True
distiluse-base-multilingual-cased-v1,5,"images, image",336,,-2.152933,11.326998,0.3449792265892029,"(np.float64(0.8392156862745098), np.float64(0.15294117647058825), np.float64(0.1568627450980392), np.float64(1.0))","T5
0.34",True
distiluse-base-multilingual-cased-v1,5,"images, image",337,,-1.9039011,11.515964,0.3449792265892029,"(np.float64(0.8392156862745098), np.float64(0.15294117647058825), np.float64(0.1568627450980392), np.float64(1.0))","T5
0.34",True
distiluse-base-multilingual-cased-v1,5,"images, image",338,,-2.324909,11.3324795,0.3449792265892029,"(np.float64(0.8392156862745098), np.float64(0.15294117647058825), np.float64(0.1568627450980392), np.float64(1.0))","T5
0.34",True
distiluse-base-multilingual-cased-v1,5,"images, image",342,,-2.3317232,11.416589,0.3449792265892029,"(np.float64(0.8392156862745098), np.float64(0.15294117647058825), np.float64(0.1568627450980392), np.float64(1.0))","T5
0.34",True
distiluse-base-multilingual-cased-v1,5,"images, image",522,,-2.1219866,11.572257,0.3449792265892029,"(np.float64(0.8392156862745098), np.float64(0.15294117647058825), np.float64(0.1568627450980392), np.float64(1.0))","T5
0.34",True
distiluse-base-multilingual-cased-v1,5,"images, image",554,,-2.5026777,11.214893,0.3449792265892029,"(np.float64(0.8392156862745098), np.float64(0.15294117647058825), np.float64(0.1568627450980392), np.float64(1.0))","T5
0.34",True
distiluse-base-multilingual-cased-v1,5,"images, image",561,,-2.4655888,11.202561,0.3449792265892029,"(np.float64(0.8392156862745098), np.float64(0.15294117647058825), np.float64(0.1568627450980392), np.float64(1.0))","T5
0.34",True
distiluse-base-multilingual-cased-v1,5,"images, image",601,,-1.9473989,11.642342,0.3449792265892029,"(np.float64(0.8392156862745098), np.float64(0.15294117647058825), np.float64(0.1568627450980392), np.float64(1.0))","T5
0.34",True
distiluse-base-multilingual-cased-v1,6,Credibility Assessment,84,,3.0402093,4.3130336,0.37760570645332336,"(np.float64(1.0), np.float64(0.596078431372549), np.float64(0.5882352941176471), np.float64(1.0))","T6
0.38",True
distiluse-base-multilingual-cased-v1,6,Credibility Assessment,385,,2.9791534,4.310609,0.37760570645332336,"(np.float64(1.0), np.float64(0.596078431372549), np.float64(0.5882352941176471), np.float64(1.0))","T6
0.38",True
distiluse-base-multilingual-cased-v1,6,Credibility Assessment,472,,3.248937,4.2598267,0.37760570645332336,"(np.float64(1.0), np.float64(0.596078431372549), np.float64(0.5882352941176471), np.float64(1.0))","T6
0.38",True
distiluse-base-multilingual-cased-v1,6,Credibility Assessment,502,,2.868263,4.5653133,0.37760570645332336,"(np.float64(1.0), np.float64(0.596078431372549), np.float64(0.5882352941176471), np.float64(1.0))","T6
0.38",True
distiluse-base-multilingual-cased-v1,6,Credibility Assessment,553,,3.4859152,4.195043,0.37760570645332336,"(np.float64(1.0), np.float64(0.596078431372549), np.float64(0.5882352941176471), np.float64(1.0))","T6
0.38",True
distiluse-base-multilingual-cased-v1,6,Credibility Assessment,580,,3.265024,4.326889,0.37760570645332336,"(np.float64(1.0), np.float64(0.596078431372549), np.float64(0.5882352941176471), np.float64(1.0))","T6
0.38",True
distiluse-base-multilingual-cased-v1,6,Credibility Assessment,587,,2.95367,4.5111423,0.37760570645332336,"(np.float64(1.0), np.float64(0.596078431372549), np.float64(0.5882352941176471), np.float64(1.0))","T6
0.38",True
distiluse-base-multilingual-cased-v1,6,Credibility Assessment,636,,2.9959526,4.420515,0.37760570645332336,"(np.float64(1.0), np.float64(0.596078431372549), np.float64(0.5882352941176471), np.float64(1.0))","T6
0.38",True
distiluse-base-multilingual-cased-v1,6,Credibility Assessment,666,,3.617214,4.517383,0.37760570645332336,"(np.float64(1.0), np.float64(0.596078431372549), np.float64(0.5882352941176471), np.float64(1.0))","T6
0.38",True
distiluse-base-multilingual-cased-v1,6,Credibility Assessment,669,,3.3459666,4.197301,0.37760570645332336,"(np.float64(1.0), np.float64(0.596078431372549), np.float64(0.5882352941176471), np.float64(1.0))","T6
0.38",True
distiluse-base-multilingual-cased-v1,6,Credibility Assessment,725,,3.5191438,4.1939073,0.37760570645332336,"(np.float64(1.0), np.float64(0.596078431372549), np.float64(0.5882352941176471), np.float64(1.0))","T6
0.38",True
distiluse-base-multilingual-cased-v1,6,Credibility Assessment,753,,3.2718127,4.0635023,0.37760570645332336,"(np.float64(1.0), np.float64(0.596078431372549), np.float64(0.5882352941176471), np.float64(1.0))","T6
0.38",True
distiluse-base-multilingual-cased-v1,6,Credibility Assessment,755,,3.2773085,4.048303,0.37760570645332336,"(np.float64(1.0), np.float64(0.596078431372549), np.float64(0.5882352941176471), np.float64(1.0))","T6
0.38",True
distiluse-base-multilingual-cased-v1,6,Credibility Assessment,775,,2.7780085,4.4132934,0.37760570645332336,"(np.float64(1.0), np.float64(0.596078431372549), np.float64(0.5882352941176471), np.float64(1.0))","T6
0.38",True
distiluse-base-multilingual-cased-v1,6,Credibility Assessment,795,,3.4674182,4.24857,0.37760570645332336,"(np.float64(1.0), np.float64(0.596078431372549), np.float64(0.5882352941176471), np.float64(1.0))","T6
0.38",True
distiluse-base-multilingual-cased-v1,7,Misinformation & Propaganda,109,,0.45749265,3.7901556,1.0475974082946777,"(np.float64(0.5803921568627451), np.float64(0.403921568627451), np.float64(0.7411764705882353), np.float64(1.0))","T7
1.05",False
distiluse-base-multilingual-cased-v1,7,Misinformation & Propaganda,230,,0.80350286,5.377009,1.0475974082946777,"(np.float64(0.5803921568627451), np.float64(0.403921568627451), np.float64(0.7411764705882353), np.float64(1.0))","T7
1.05",False
distiluse-base-multilingual-cased-v1,7,Misinformation & Propaganda,250,,0.6524664,5.753347,1.0475974082946777,"(np.float64(0.5803921568627451), np.float64(0.403921568627451), np.float64(0.7411764705882353), np.float64(1.0))","T7
1.05",False
distiluse-base-multilingual-cased-v1,7,Misinformation & Propaganda,275,,0.5247133,4.2628493,1.0475974082946777,"(np.float64(0.5803921568627451), np.float64(0.403921568627451), np.float64(0.7411764705882353), np.float64(1.0))","T7
1.05",False
distiluse-base-multilingual-cased-v1,7,Misinformation & Propaganda,290,,0.71927005,4.3654985,1.0475974082946777,"(np.float64(0.5803921568627451), np.float64(0.403921568627451), np.float64(0.7411764705882353), np.float64(1.0))","T7
1.05",False
distiluse-base-multilingual-cased-v1,7,Misinformation & Propaganda,306,,0.52589935,3.7395723,1.0475974082946777,"(np.float64(0.5803921568627451), np.float64(0.403921568627451), np.float64(0.7411764705882353), np.float64(1.0))","T7
1.05",False
distiluse-base-multilingual-cased-v1,7,Misinformation & Propaganda,436,,0.43422467,3.9779885,1.0475974082946777,"(np.float64(0.5803921568627451), np.float64(0.403921568627451), np.float64(0.7411764705882353), np.float64(1.0))","T7
1.05",False
distiluse-base-multilingual-cased-v1,7,Misinformation & Propaganda,447,,0.39976633,3.812035,1.0475974082946777,"(np.float64(0.5803921568627451), np.float64(0.403921568627451), np.float64(0.7411764705882353), np.float64(1.0))","T7
1.05",False
distiluse-base-multilingual-cased-v1,7,Misinformation & Propaganda,455,,0.53915644,4.470182,1.0475974082946777,"(np.float64(0.5803921568627451), np.float64(0.403921568627451), np.float64(0.7411764705882353), np.float64(1.0))","T7
1.05",False
distiluse-base-multilingual-cased-v1,7,Misinformation & Propaganda,466,,0.7101611,5.997883,1.0475974082946777,"(np.float64(0.5803921568627451), np.float64(0.403921568627451), np.float64(0.7411764705882353), np.float64(1.0))","T7
1.05",False
distiluse-base-multilingual-cased-v1,7,Misinformation & Propaganda,615,,0.36878067,3.7511928,1.0475974082946777,"(np.float64(0.5803921568627451), np.float64(0.403921568627451), np.float64(0.7411764705882353), np.float64(1.0))","T7
1.05",False
distiluse-base-multilingual-cased-v1,7,Misinformation & Propaganda,623,,0.70091176,6.1448197,1.0475974082946777,"(np.float64(0.5803921568627451), np.float64(0.403921568627451), np.float64(0.7411764705882353), np.float64(1.0))","T7
1.05",False
distiluse-base-multilingual-cased-v1,7,Misinformation & Propaganda,679,,0.80893934,4.148518,1.0475974082946777,"(np.float64(0.5803921568627451), np.float64(0.403921568627451), np.float64(0.7411764705882353), np.float64(1.0))","T7
1.05",False
distiluse-base-multilingual-cased-v1,8,Misinformation & Propaganda,26,,-1.0140938,5.4740644,0.3496628403663635,"(np.float64(0.7725490196078432), np.float64(0.6901960784313725), np.float64(0.8352941176470589), np.float64(1.0))","T8
0.35",True
distiluse-base-multilingual-cased-v1,8,Misinformation & Propaganda,77,,-1.1293589,4.8872848,0.3496628403663635,"(np.float64(0.7725490196078432), np.float64(0.6901960784313725), np.float64(0.8352941176470589), np.float64(1.0))","T8
0.35",True
distiluse-base-multilingual-cased-v1,8,Misinformation & Propaganda,81,,-1.1836782,4.884511,0.3496628403663635,"(np.float64(0.7725490196078432), np.float64(0.6901960784313725), np.float64(0.8352941176470589), np.float64(1.0))","T8
0.35",True
distiluse-base-multilingual-cased-v1,8,Misinformation & Propaganda,107,,-1.2258793,4.9559054,0.3496628403663635,"(np.float64(0.7725490196078432), np.float64(0.6901960784313725), np.float64(0.8352941176470589), np.float64(1.0))","T8
0.35",True
distiluse-base-multilingual-cased-v1,8,Misinformation & Propaganda,229,,-1.086168,4.894881,0.3496628403663635,"(np.float64(0.7725490196078432), np.float64(0.6901960784313725), np.float64(0.8352941176470589), np.float64(1.0))","T8
0.35",True
distiluse-base-multilingual-cased-v1,8,Misinformation & Propaganda,241,,-1.2217331,4.8284335,0.3496628403663635,"(np.float64(0.7725490196078432), np.float64(0.6901960784313725), np.float64(0.8352941176470589), np.float64(1.0))","T8
0.35",True
distiluse-base-multilingual-cased-v1,8,Misinformation & Propaganda,298,,-1.0778855,5.2673163,0.3496628403663635,"(np.float64(0.7725490196078432), np.float64(0.6901960784313725), np.float64(0.8352941176470589), np.float64(1.0))","T8
0.35",True
distiluse-base-multilingual-cased-v1,8,Misinformation & Propaganda,373,,-1.2746867,4.9257927,0.3496628403663635,"(np.float64(0.7725490196078432), np.float64(0.6901960784313725), np.float64(0.8352941176470589), np.float64(1.0))","T8
0.35",True
distiluse-base-multilingual-cased-v1,8,Misinformation & Propaganda,380,,-0.96568245,4.6647224,0.3496628403663635,"(np.float64(0.7725490196078432), np.float64(0.6901960784313725), np.float64(0.8352941176470589), np.float64(1.0))","T8
0.35",True
distiluse-base-multilingual-cased-v1,8,Misinformation & Propaganda,451,,-1.0699799,5.5662594,0.3496628403663635,"(np.float64(0.7725490196078432), np.float64(0.6901960784313725), np.float64(0.8352941176470589), np.float64(1.0))","T8
0.35",True
distiluse-base-multilingual-cased-v1,8,Misinformation & Propaganda,497,,-1.1603572,4.8735275,0.3496628403663635,"(np.float64(0.7725490196078432), np.float64(0.6901960784313725), np.float64(0.8352941176470589), np.float64(1.0))","T8
0.35",True
distiluse-base-multilingual-cased-v1,8,Misinformation & Propaganda,651,,-1.2626389,4.958733,0.3496628403663635,"(np.float64(0.7725490196078432), np.float64(0.6901960784313725), np.float64(0.8352941176470589), np.float64(1.0))","T8
0.35",True
distiluse-base-multilingual-cased-v1,8,Misinformation & Propaganda,764,,-0.9519231,4.626097,0.3496628403663635,"(np.float64(0.7725490196078432), np.float64(0.6901960784313725), np.float64(0.8352941176470589), np.float64(1.0))","T8
0.35",True
distiluse-base-multilingual-cased-v1,9,"llms, language",17,,-0.30923483,7.8811417,0.12059696763753891,"(np.float64(0.5490196078431373), np.float64(0.33725490196078434), np.float64(0.29411764705882354), np.float64(1.0))","T9
0.12",True
distiluse-base-multilingual-cased-v1,9,"llms, language",20,,-0.36484835,7.909326,0.12059696763753891,"(np.float64(0.5490196078431373), np.float64(0.33725490196078434), np.float64(0.29411764705882354), np.float64(1.0))","T9
0.12",True
distiluse-base-multilingual-cased-v1,9,"llms, language",65,,-0.36160806,7.9084053,0.12059696763753891,"(np.float64(0.5490196078431373), np.float64(0.33725490196078434), np.float64(0.29411764705882354), np.float64(1.0))","T9
0.12",True
distiluse-base-multilingual-cased-v1,9,"llms, language",80,,-0.32006845,7.860894,0.12059696763753891,"(np.float64(0.5490196078431373), np.float64(0.33725490196078434), np.float64(0.29411764705882354), np.float64(1.0))","T9
0.12",True
distiluse-base-multilingual-cased-v1,9,"llms, language",174,,-0.282818,7.840678,0.12059696763753891,"(np.float64(0.5490196078431373), np.float64(0.33725490196078434), np.float64(0.29411764705882354), np.float64(1.0))","T9
0.12",True
distiluse-base-multilingual-cased-v1,9,"llms, language",175,,-0.33729827,7.884317,0.12059696763753891,"(np.float64(0.5490196078431373), np.float64(0.33725490196078434), np.float64(0.29411764705882354), np.float64(1.0))","T9
0.12",True
distiluse-base-multilingual-cased-v1,9,"llms, language",200,,-0.26290876,7.823373,0.12059696763753891,"(np.float64(0.5490196078431373), np.float64(0.33725490196078434), np.float64(0.29411764705882354), np.float64(1.0))","T9
0.12",True
distiluse-base-multilingual-cased-v1,9,"llms, language",201,,-0.15576838,7.7106004,0.12059696763753891,"(np.float64(0.5490196078431373), np.float64(0.33725490196078434), np.float64(0.29411764705882354), np.float64(1.0))","T9
0.12",True
distiluse-base-multilingual-cased-v1,9,"llms, language",223,,-0.3195175,7.8388886,0.12059696763753891,"(np.float64(0.5490196078431373), np.float64(0.33725490196078434), np.float64(0.29411764705882354), np.float64(1.0))","T9
0.12",True
distiluse-base-multilingual-cased-v1,9,"llms, language",253,,-0.23542824,7.730577,0.12059696763753891,"(np.float64(0.5490196078431373), np.float64(0.33725490196078434), np.float64(0.29411764705882354), np.float64(1.0))","T9
0.12",True
distiluse-base-multilingual-cased-v1,9,"llms, language",266,,-0.1414333,7.7112646,0.12059696763753891,"(np.float64(0.5490196078431373), np.float64(0.33725490196078434), np.float64(0.29411764705882354), np.float64(1.0))","T9
0.12",True
distiluse-base-multilingual-cased-v1,9,"llms, language",363,,-0.34335026,7.8802342,0.12059696763753891,"(np.float64(0.5490196078431373), np.float64(0.33725490196078434), np.float64(0.29411764705882354), np.float64(1.0))","T9
0.12",True
distiluse-base-multilingual-cased-v1,10,Fact-Checking & Verification,4,,2.743972,3.4312153,0.5615833401679993,"(np.float64(0.7686274509803922), np.float64(0.611764705882353), np.float64(0.5803921568627451), np.float64(1.0))","T10
0.56",False
distiluse-base-multilingual-cased-v1,10,Fact-Checking & Verification,50,,2.6343849,3.4251997,0.5615833401679993,"(np.float64(0.7686274509803922), np.float64(0.611764705882353), np.float64(0.5803921568627451), np.float64(1.0))","T10
0.56",False
distiluse-base-multilingual-cased-v1,10,Fact-Checking & Verification,188,,2.5366979,3.970098,0.5615833401679993,"(np.float64(0.7686274509803922), np.float64(0.611764705882353), np.float64(0.5803921568627451), np.float64(1.0))","T10
0.56",False
distiluse-base-multilingual-cased-v1,10,Fact-Checking & Verification,412,,3.0311553,3.7907033,0.5615833401679993,"(np.float64(0.7686274509803922), np.float64(0.611764705882353), np.float64(0.5803921568627451), np.float64(1.0))","T10
0.56",False
distiluse-base-multilingual-cased-v1,10,Fact-Checking & Verification,414,,2.288227,4.3305306,0.5615833401679993,"(np.float64(0.7686274509803922), np.float64(0.611764705882353), np.float64(0.5803921568627451), np.float64(1.0))","T10
0.56",False
distiluse-base-multilingual-cased-v1,10,Fact-Checking & Verification,440,,2.5694497,4.018169,0.5615833401679993,"(np.float64(0.7686274509803922), np.float64(0.611764705882353), np.float64(0.5803921568627451), np.float64(1.0))","T10
0.56",False
distiluse-base-multilingual-cased-v1,10,Fact-Checking & Verification,505,,2.0635614,4.267645,0.5615833401679993,"(np.float64(0.7686274509803922), np.float64(0.611764705882353), np.float64(0.5803921568627451), np.float64(1.0))","T10
0.56",False
distiluse-base-multilingual-cased-v1,10,Fact-Checking & Verification,582,,2.445425,3.9008446,0.5615833401679993,"(np.float64(0.7686274509803922), np.float64(0.611764705882353), np.float64(0.5803921568627451), np.float64(1.0))","T10
0.56",False
distiluse-base-multilingual-cased-v1,10,Fact-Checking & Verification,630,,3.0240672,3.7731473,0.5615833401679993,"(np.float64(0.7686274509803922), np.float64(0.611764705882353), np.float64(0.5803921568627451), np.float64(1.0))","T10
0.56",False
distiluse-base-multilingual-cased-v1,10,Fact-Checking & Verification,672,,2.7941563,4.019879,0.5615833401679993,"(np.float64(0.7686274509803922), np.float64(0.611764705882353), np.float64(0.5803921568627451), np.float64(1.0))","T10
0.56",False
distiluse-base-multilingual-cased-v1,10,Fact-Checking & Verification,678,,2.908093,3.6395986,0.5615833401679993,"(np.float64(0.7686274509803922), np.float64(0.611764705882353), np.float64(0.5803921568627451), np.float64(1.0))","T10
0.56",False
distiluse-base-multilingual-cased-v1,10,Fact-Checking & Verification,719,,2.3124757,4.4348054,0.5615833401679993,"(np.float64(0.7686274509803922), np.float64(0.611764705882353), np.float64(0.5803921568627451), np.float64(1.0))","T10
0.56",False
distiluse-base-multilingual-cased-v1,11,"deepfake, videos",69,,-3.323936,10.696833,0.18162018060684204,"(np.float64(0.8901960784313725), np.float64(0.4666666666666667), np.float64(0.7607843137254902), np.float64(1.0))","T11
0.18",True
distiluse-base-multilingual-cased-v1,11,"deepfake, videos",139,,-3.4043221,10.686078,0.18162018060684204,"(np.float64(0.8901960784313725), np.float64(0.4666666666666667), np.float64(0.7607843137254902), np.float64(1.0))","T11
0.18",True
distiluse-base-multilingual-cased-v1,11,"deepfake, videos",146,,-3.3471296,10.787214,0.18162018060684204,"(np.float64(0.8901960784313725), np.float64(0.4666666666666667), np.float64(0.7607843137254902), np.float64(1.0))","T11
0.18",True
distiluse-base-multilingual-cased-v1,11,"deepfake, videos",147,,-3.4268484,10.541293,0.18162018060684204,"(np.float64(0.8901960784313725), np.float64(0.4666666666666667), np.float64(0.7607843137254902), np.float64(1.0))","T11
0.18",True
distiluse-base-multilingual-cased-v1,11,"deepfake, videos",148,,-3.2638388,10.764342,0.18162018060684204,"(np.float64(0.8901960784313725), np.float64(0.4666666666666667), np.float64(0.7607843137254902), np.float64(1.0))","T11
0.18",True
distiluse-base-multilingual-cased-v1,11,"deepfake, videos",157,,-3.2925363,10.773864,0.18162018060684204,"(np.float64(0.8901960784313725), np.float64(0.4666666666666667), np.float64(0.7607843137254902), np.float64(1.0))","T11
0.18",True
distiluse-base-multilingual-cased-v1,11,"deepfake, videos",164,,-3.2164526,10.7729,0.18162018060684204,"(np.float64(0.8901960784313725), np.float64(0.4666666666666667), np.float64(0.7607843137254902), np.float64(1.0))","T11
0.18",True
distiluse-base-multilingual-cased-v1,11,"deepfake, videos",172,,-3.487784,10.657106,0.18162018060684204,"(np.float64(0.8901960784313725), np.float64(0.4666666666666667), np.float64(0.7607843137254902), np.float64(1.0))","T11
0.18",True
distiluse-base-multilingual-cased-v1,11,"deepfake, videos",191,,-3.190578,10.504232,0.18162018060684204,"(np.float64(0.8901960784313725), np.float64(0.4666666666666667), np.float64(0.7607843137254902), np.float64(1.0))","T11
0.18",True
distiluse-base-multilingual-cased-v1,11,"deepfake, videos",320,,-3.4435654,10.675342,0.18162018060684204,"(np.float64(0.8901960784313725), np.float64(0.4666666666666667), np.float64(0.7607843137254902), np.float64(1.0))","T11
0.18",True
distiluse-base-multilingual-cased-v1,11,"deepfake, videos",625,,-3.2412207,10.843746,0.18162018060684204,"(np.float64(0.8901960784313725), np.float64(0.4666666666666667), np.float64(0.7607843137254902), np.float64(1.0))","T11
0.18",True
distiluse-base-multilingual-cased-v1,11,"deepfake, videos",629,,-3.4249675,10.595583,0.18162018060684204,"(np.float64(0.8901960784313725), np.float64(0.4666666666666667), np.float64(0.7607843137254902), np.float64(1.0))","T11
0.18",True
distiluse-base-multilingual-cased-v1,12,Misinformation & Propaganda,29,,-0.29171896,3.3966177,0.2173076570034027,"(np.float64(0.9686274509803922), np.float64(0.7137254901960784), np.float64(0.8235294117647058), np.float64(1.0))","T12
0.22",True
distiluse-base-multilingual-cased-v1,12,Misinformation & Propaganda,88,,-0.42516658,3.5578208,0.2173076570034027,"(np.float64(0.9686274509803922), np.float64(0.7137254901960784), np.float64(0.8235294117647058), np.float64(1.0))","T12
0.22",True
distiluse-base-multilingual-cased-v1,12,Misinformation & Propaganda,110,,-0.29317656,3.4288843,0.2173076570034027,"(np.float64(0.9686274509803922), np.float64(0.7137254901960784), np.float64(0.8235294117647058), np.float64(1.0))","T12
0.22",True
distiluse-base-multilingual-cased-v1,12,Misinformation & Propaganda,118,,-0.4915883,3.4832892,0.2173076570034027,"(np.float64(0.9686274509803922), np.float64(0.7137254901960784), np.float64(0.8235294117647058), np.float64(1.0))","T12
0.22",True
distiluse-base-multilingual-cased-v1,12,Misinformation & Propaganda,122,,-0.45485184,3.6520789,0.2173076570034027,"(np.float64(0.9686274509803922), np.float64(0.7137254901960784), np.float64(0.8235294117647058), np.float64(1.0))","T12
0.22",True
distiluse-base-multilingual-cased-v1,12,Misinformation & Propaganda,123,,-0.39149132,3.4895182,0.2173076570034027,"(np.float64(0.9686274509803922), np.float64(0.7137254901960784), np.float64(0.8235294117647058), np.float64(1.0))","T12
0.22",True
distiluse-base-multilingual-cased-v1,12,Misinformation & Propaganda,612,,-0.2927041,3.7977848,0.2173076570034027,"(np.float64(0.9686274509803922), np.float64(0.7137254901960784), np.float64(0.8235294117647058), np.float64(1.0))","T12
0.22",True
distiluse-base-multilingual-cased-v1,12,Misinformation & Propaganda,618,,-0.31315708,3.2947347,0.2173076570034027,"(np.float64(0.9686274509803922), np.float64(0.7137254901960784), np.float64(0.8235294117647058), np.float64(1.0))","T12
0.22",True
distiluse-base-multilingual-cased-v1,12,Misinformation & Propaganda,643,,-0.4185483,3.3794928,0.2173076570034027,"(np.float64(0.9686274509803922), np.float64(0.7137254901960784), np.float64(0.8235294117647058), np.float64(1.0))","T12
0.22",True
distiluse-base-multilingual-cased-v1,12,Misinformation & Propaganda,658,,-0.54638124,3.341327,0.2173076570034027,"(np.float64(0.9686274509803922), np.float64(0.7137254901960784), np.float64(0.8235294117647058), np.float64(1.0))","T12
0.22",True
distiluse-base-multilingual-cased-v1,12,Misinformation & Propaganda,710,,-0.3065083,3.377044,0.2173076570034027,"(np.float64(0.9686274509803922), np.float64(0.7137254901960784), np.float64(0.8235294117647058), np.float64(1.0))","T12
0.22",True
distiluse-base-multilingual-cased-v1,13,Misinformation & Propaganda,59,,0.30560297,4.776593,0.5482997894287109,"(np.float64(0.4980392156862745), np.float64(0.4980392156862745), np.float64(0.4980392156862745), np.float64(1.0))","T13
0.55",False
distiluse-base-multilingual-cased-v1,13,Misinformation & Propaganda,111,,0.4474974,4.8881726,0.5482997894287109,"(np.float64(0.4980392156862745), np.float64(0.4980392156862745), np.float64(0.4980392156862745), np.float64(1.0))","T13
0.55",False
distiluse-base-multilingual-cased-v1,13,Misinformation & Propaganda,214,,0.09721528,4.8324814,0.5482997894287109,"(np.float64(0.4980392156862745), np.float64(0.4980392156862745), np.float64(0.4980392156862745), np.float64(1.0))","T13
0.55",False
distiluse-base-multilingual-cased-v1,13,Misinformation & Propaganda,216,,-0.114499226,4.8851132,0.5482997894287109,"(np.float64(0.4980392156862745), np.float64(0.4980392156862745), np.float64(0.4980392156862745), np.float64(1.0))","T13
0.55",False
distiluse-base-multilingual-cased-v1,13,Misinformation & Propaganda,237,,0.33686474,4.5011177,0.5482997894287109,"(np.float64(0.4980392156862745), np.float64(0.4980392156862745), np.float64(0.4980392156862745), np.float64(1.0))","T13
0.55",False
distiluse-base-multilingual-cased-v1,13,Misinformation & Propaganda,284,,0.2678579,4.2374463,0.5482997894287109,"(np.float64(0.4980392156862745), np.float64(0.4980392156862745), np.float64(0.4980392156862745), np.float64(1.0))","T13
0.55",False
distiluse-base-multilingual-cased-v1,13,Misinformation & Propaganda,288,,0.14144781,4.552674,0.5482997894287109,"(np.float64(0.4980392156862745), np.float64(0.4980392156862745), np.float64(0.4980392156862745), np.float64(1.0))","T13
0.55",False
distiluse-base-multilingual-cased-v1,13,Misinformation & Propaganda,439,,0.36689597,4.2884526,0.5482997894287109,"(np.float64(0.4980392156862745), np.float64(0.4980392156862745), np.float64(0.4980392156862745), np.float64(1.0))","T13
0.55",False
distiluse-base-multilingual-cased-v1,13,Misinformation & Propaganda,526,,0.78032166,5.210024,0.5482997894287109,"(np.float64(0.4980392156862745), np.float64(0.4980392156862745), np.float64(0.4980392156862745), np.float64(1.0))","T13
0.55",False
distiluse-base-multilingual-cased-v1,13,Misinformation & Propaganda,546,,1.0123736,4.4120293,0.5482997894287109,"(np.float64(0.4980392156862745), np.float64(0.4980392156862745), np.float64(0.4980392156862745), np.float64(1.0))","T13
0.55",False
distiluse-base-multilingual-cased-v1,13,Misinformation & Propaganda,562,,0.5024027,4.5960546,0.5482997894287109,"(np.float64(0.4980392156862745), np.float64(0.4980392156862745), np.float64(0.4980392156862745), np.float64(1.0))","T13
0.55",False
distiluse-base-multilingual-cased-v1,14,Journalism & Media Studies,95,,2.4806738,2.9110053,0.2898740768432617,"(np.float64(0.7803921568627451), np.float64(0.7803921568627451), np.float64(0.7803921568627451), np.float64(1.0))","T14
0.29",True
distiluse-base-multilingual-cased-v1,14,Journalism & Media Studies,101,,2.4896235,3.5740428,0.2898740768432617,"(np.float64(0.7803921568627451), np.float64(0.7803921568627451), np.float64(0.7803921568627451), np.float64(1.0))","T14
0.29",True
distiluse-base-multilingual-cased-v1,14,Journalism & Media Studies,117,,2.5488915,2.9609551,0.2898740768432617,"(np.float64(0.7803921568627451), np.float64(0.7803921568627451), np.float64(0.7803921568627451), np.float64(1.0))","T14
0.29",True
distiluse-base-multilingual-cased-v1,14,Journalism & Media Studies,236,,2.5787234,2.8911955,0.2898740768432617,"(np.float64(0.7803921568627451), np.float64(0.7803921568627451), np.float64(0.7803921568627451), np.float64(1.0))","T14
0.29",True
distiluse-base-multilingual-cased-v1,14,Journalism & Media Studies,344,,2.6637006,2.9781215,0.2898740768432617,"(np.float64(0.7803921568627451), np.float64(0.7803921568627451), np.float64(0.7803921568627451), np.float64(1.0))","T14
0.29",True
distiluse-base-multilingual-cased-v1,14,Journalism & Media Studies,371,,2.7094824,3.0642426,0.2898740768432617,"(np.float64(0.7803921568627451), np.float64(0.7803921568627451), np.float64(0.7803921568627451), np.float64(1.0))","T14
0.29",True
distiluse-base-multilingual-cased-v1,14,Journalism & Media Studies,390,,2.7137997,3.0294845,0.2898740768432617,"(np.float64(0.7803921568627451), np.float64(0.7803921568627451), np.float64(0.7803921568627451), np.float64(1.0))","T14
0.29",True
distiluse-base-multilingual-cased-v1,14,Journalism & Media Studies,425,,2.6688216,2.964914,0.2898740768432617,"(np.float64(0.7803921568627451), np.float64(0.7803921568627451), np.float64(0.7803921568627451), np.float64(1.0))","T14
0.29",True
distiluse-base-multilingual-cased-v1,14,Journalism & Media Studies,465,,2.7017407,2.972248,0.2898740768432617,"(np.float64(0.7803921568627451), np.float64(0.7803921568627451), np.float64(0.7803921568627451), np.float64(1.0))","T14
0.29",True
distiluse-base-multilingual-cased-v1,14,Journalism & Media Studies,638,,2.7559414,3.143163,0.2898740768432617,"(np.float64(0.7803921568627451), np.float64(0.7803921568627451), np.float64(0.7803921568627451), np.float64(1.0))","T14
0.29",True
distiluse-base-multilingual-cased-v1,14,Journalism & Media Studies,700,,2.6701696,3.5306993,0.2898740768432617,"(np.float64(0.7803921568627451), np.float64(0.7803921568627451), np.float64(0.7803921568627451), np.float64(1.0))","T14
0.29",True
distiluse-base-multilingual-cased-v1,15,"health, medical",82,,3.8623235,7.0546956,0.16312623023986816,"(np.float64(0.7372549019607844), np.float64(0.7411764705882353), np.float64(0.13333333333333333), np.float64(1.0))","T15
0.16",True
distiluse-base-multilingual-cased-v1,15,"health, medical",180,,3.9086156,6.934365,0.16312623023986816,"(np.float64(0.7372549019607844), np.float64(0.7411764705882353), np.float64(0.13333333333333333), np.float64(1.0))","T15
0.16",True
distiluse-base-multilingual-cased-v1,15,"health, medical",196,,3.8402097,6.990131,0.16312623023986816,"(np.float64(0.7372549019607844), np.float64(0.7411764705882353), np.float64(0.13333333333333333), np.float64(1.0))","T15
0.16",True
distiluse-base-multilingual-cased-v1,15,"health, medical",563,,3.8871024,6.8679543,0.16312623023986816,"(np.float64(0.7372549019607844), np.float64(0.7411764705882353), np.float64(0.13333333333333333), np.float64(1.0))","T15
0.16",True
distiluse-base-multilingual-cased-v1,15,"health, medical",591,,3.7787695,7.0690255,0.16312623023986816,"(np.float64(0.7372549019607844), np.float64(0.7411764705882353), np.float64(0.13333333333333333), np.float64(1.0))","T15
0.16",True
distiluse-base-multilingual-cased-v1,15,"health, medical",697,,3.9218497,6.98221,0.16312623023986816,"(np.float64(0.7372549019607844), np.float64(0.7411764705882353), np.float64(0.13333333333333333), np.float64(1.0))","T15
0.16",True
distiluse-base-multilingual-cased-v1,15,"health, medical",776,,3.9374099,6.927357,0.16312623023986816,"(np.float64(0.7372549019607844), np.float64(0.7411764705882353), np.float64(0.13333333333333333), np.float64(1.0))","T15
0.16",True
distiluse-base-multilingual-cased-v1,15,"health, medical",782,,3.538829,6.9265223,0.16312623023986816,"(np.float64(0.7372549019607844), np.float64(0.7411764705882353), np.float64(0.13333333333333333), np.float64(1.0))","T15
0.16",True
distiluse-base-multilingual-cased-v1,15,"health, medical",785,,3.9093213,7.00292,0.16312623023986816,"(np.float64(0.7372549019607844), np.float64(0.7411764705882353), np.float64(0.13333333333333333), np.float64(1.0))","T15
0.16",True
distiluse-base-multilingual-cased-v1,15,"health, medical",792,,3.9933805,6.943073,0.16312623023986816,"(np.float64(0.7372549019607844), np.float64(0.7411764705882353), np.float64(0.13333333333333333), np.float64(1.0))","T15
0.16",True
distiluse-base-multilingual-cased-v1,16,"fact, statement",347,,1.6591914,7.625649,0.4400133490562439,"(np.float64(0.8588235294117647), np.float64(0.8588235294117647), np.float64(0.5529411764705883), np.float64(1.0))","T16
0.44",True
distiluse-base-multilingual-cased-v1,16,"fact, statement",478,,2.2773457,7.6412954,0.4400133490562439,"(np.float64(0.8588235294117647), np.float64(0.8588235294117647), np.float64(0.5529411764705883), np.float64(1.0))","T16
0.44",True
distiluse-base-multilingual-cased-v1,16,"fact, statement",594,,2.3745441,7.5242314,0.4400133490562439,"(np.float64(0.8588235294117647), np.float64(0.8588235294117647), np.float64(0.5529411764705883), np.float64(1.0))","T16
0.44",True
distiluse-base-multilingual-cased-v1,16,"fact, statement",647,,2.0269456,7.5630774,0.4400133490562439,"(np.float64(0.8588235294117647), np.float64(0.8588235294117647), np.float64(0.5529411764705883), np.float64(1.0))","T16
0.44",True
distiluse-base-multilingual-cased-v1,16,"fact, statement",720,,2.0021887,7.1577907,0.4400133490562439,"(np.float64(0.8588235294117647), np.float64(0.8588235294117647), np.float64(0.5529411764705883), np.float64(1.0))","T16
0.44",True
distiluse-base-multilingual-cased-v1,16,"fact, statement",740,,2.2409694,7.6716204,0.4400133490562439,"(np.float64(0.8588235294117647), np.float64(0.8588235294117647), np.float64(0.5529411764705883), np.float64(1.0))","T16
0.44",True
distiluse-base-multilingual-cased-v1,16,"fact, statement",765,,2.034664,7.209983,0.4400133490562439,"(np.float64(0.8588235294117647), np.float64(0.8588235294117647), np.float64(0.5529411764705883), np.float64(1.0))","T16
0.44",True
distiluse-base-multilingual-cased-v1,16,"fact, statement",770,,1.553183,7.737561,0.4400133490562439,"(np.float64(0.8588235294117647), np.float64(0.8588235294117647), np.float64(0.5529411764705883), np.float64(1.0))","T16
0.44",True
distiluse-base-multilingual-cased-v1,16,"fact, statement",771,,2.1805134,7.249784,0.4400133490562439,"(np.float64(0.8588235294117647), np.float64(0.8588235294117647), np.float64(0.5529411764705883), np.float64(1.0))","T16
0.44",True
distiluse-base-multilingual-cased-v1,16,"fact, statement",786,,2.3180194,7.3866134,0.4400133490562439,"(np.float64(0.8588235294117647), np.float64(0.8588235294117647), np.float64(0.5529411764705883), np.float64(1.0))","T16
0.44",True
distiluse-base-multilingual-cased-v1,17,"face, deepfake",1,,-3.0522141,10.819871,0.28015831112861633,"(np.float64(0.09019607843137255), np.float64(0.7450980392156863), np.float64(0.8117647058823529), np.float64(1.0))","T17
0.28",True
distiluse-base-multilingual-cased-v1,17,"face, deepfake",13,,-2.930369,10.873867,0.28015831112861633,"(np.float64(0.09019607843137255), np.float64(0.7450980392156863), np.float64(0.8117647058823529), np.float64(1.0))","T17
0.28",True
distiluse-base-multilingual-cased-v1,17,"face, deepfake",31,,-2.7512095,11.157156,0.28015831112861633,"(np.float64(0.09019607843137255), np.float64(0.7450980392156863), np.float64(0.8117647058823529), np.float64(1.0))","T17
0.28",True
distiluse-base-multilingual-cased-v1,17,"face, deepfake",73,,-3.1228056,10.959816,0.28015831112861633,"(np.float64(0.09019607843137255), np.float64(0.7450980392156863), np.float64(0.8117647058823529), np.float64(1.0))","T17
0.28",True
distiluse-base-multilingual-cased-v1,17,"face, deepfake",171,,-2.8599155,10.723439,0.28015831112861633,"(np.float64(0.09019607843137255), np.float64(0.7450980392156863), np.float64(0.8117647058823529), np.float64(1.0))","T17
0.28",True
distiluse-base-multilingual-cased-v1,17,"face, deepfake",273,,-3.0750146,10.953201,0.28015831112861633,"(np.float64(0.09019607843137255), np.float64(0.7450980392156863), np.float64(0.8117647058823529), np.float64(1.0))","T17
0.28",True
distiluse-base-multilingual-cased-v1,17,"face, deepfake",351,,-3.0315723,10.820619,0.28015831112861633,"(np.float64(0.09019607843137255), np.float64(0.7450980392156863), np.float64(0.8117647058823529), np.float64(1.0))","T17
0.28",True
distiluse-base-multilingual-cased-v1,17,"face, deepfake",459,,-2.6081355,11.038732,0.28015831112861633,"(np.float64(0.09019607843137255), np.float64(0.7450980392156863), np.float64(0.8117647058823529), np.float64(1.0))","T17
0.28",True
distiluse-base-multilingual-cased-v1,17,"face, deepfake",470,,-2.7053096,11.043717,0.28015831112861633,"(np.float64(0.09019607843137255), np.float64(0.7450980392156863), np.float64(0.8117647058823529), np.float64(1.0))","T17
0.28",True
distiluse-base-multilingual-cased-v1,17,"face, deepfake",622,,-3.0854375,10.986852,0.28015831112861633,"(np.float64(0.09019607843137255), np.float64(0.7450980392156863), np.float64(0.8117647058823529), np.float64(1.0))","T17
0.28",True
distiluse-base-multilingual-cased-v1,18,Misinformation & Propaganda,141,,6.8317466,4.836297,0.153106227517128,"(np.float64(0.6196078431372549), np.float64(0.8549019607843137), np.float64(0.8980392156862745), np.float64(1.0))","T18
0.15",True
distiluse-base-multilingual-cased-v1,18,Misinformation & Propaganda,151,,7.0120893,4.6949253,0.153106227517128,"(np.float64(0.6196078431372549), np.float64(0.8549019607843137), np.float64(0.8980392156862745), np.float64(1.0))","T18
0.15",True
distiluse-base-multilingual-cased-v1,18,Misinformation & Propaganda,163,,6.9065547,4.775008,0.153106227517128,"(np.float64(0.6196078431372549), np.float64(0.8549019607843137), np.float64(0.8980392156862745), np.float64(1.0))","T18
0.15",True
distiluse-base-multilingual-cased-v1,18,Misinformation & Propaganda,261,,6.8014402,4.861955,0.153106227517128,"(np.float64(0.6196078431372549), np.float64(0.8549019607843137), np.float64(0.8980392156862745), np.float64(1.0))","T18
0.15",True
distiluse-base-multilingual-cased-v1,18,Misinformation & Propaganda,319,,6.970555,4.7421403,0.153106227517128,"(np.float64(0.6196078431372549), np.float64(0.8549019607843137), np.float64(0.8980392156862745), np.float64(1.0))","T18
0.15",True
distiluse-base-multilingual-cased-v1,18,Misinformation & Propaganda,341,,6.8662596,4.797781,0.153106227517128,"(np.float64(0.6196078431372549), np.float64(0.8549019607843137), np.float64(0.8980392156862745), np.float64(1.0))","T18
0.15",True
distiluse-base-multilingual-cased-v1,18,Misinformation & Propaganda,458,,6.9525867,4.7165303,0.153106227517128,"(np.float64(0.6196078431372549), np.float64(0.8549019607843137), np.float64(0.8980392156862745), np.float64(1.0))","T18
0.15",True
distiluse-base-multilingual-cased-v1,18,Misinformation & Propaganda,559,,7.002952,4.6470838,0.153106227517128,"(np.float64(0.6196078431372549), np.float64(0.8549019607843137), np.float64(0.8980392156862745), np.float64(1.0))","T18
0.15",True
distiluse-base-multilingual-cased-v1,18,Misinformation & Propaganda,729,,6.934928,4.6123,0.153106227517128,"(np.float64(0.6196078431372549), np.float64(0.8549019607843137), np.float64(0.8980392156862745), np.float64(1.0))","T18
0.15",True
distiluse-base-multilingual-cased-v1,18,Misinformation & Propaganda,767,,7.0912356,4.6403804,0.153106227517128,"(np.float64(0.6196078431372549), np.float64(0.8549019607843137), np.float64(0.8980392156862745), np.float64(1.0))","T18
0.15",True
distiluse-base-multilingual-cased-v1,19,Misinformation & Propaganda,67,,3.6900601,6.6591277,0.327174574136734,"(np.float64(0.12156862745098039), np.float64(0.4666666666666667), np.float64(0.7058823529411765), np.float64(1.0))","T19
0.33",True
distiluse-base-multilingual-cased-v1,19,Misinformation & Propaganda,74,,3.4298606,6.8828692,0.327174574136734,"(np.float64(0.12156862745098039), np.float64(0.4666666666666667), np.float64(0.7058823529411765), np.float64(1.0))","T19
0.33",True
distiluse-base-multilingual-cased-v1,19,Misinformation & Propaganda,169,,3.527349,7.160785,0.327174574136734,"(np.float64(0.12156862745098039), np.float64(0.4666666666666667), np.float64(0.7058823529411765), np.float64(1.0))","T19
0.33",True
distiluse-base-multilingual-cased-v1,19,Misinformation & Propaganda,189,,3.2902234,6.9913416,0.327174574136734,"(np.float64(0.12156862745098039), np.float64(0.4666666666666667), np.float64(0.7058823529411765), np.float64(1.0))","T19
0.33",True
distiluse-base-multilingual-cased-v1,19,Misinformation & Propaganda,235,,3.5829918,7.062369,0.327174574136734,"(np.float64(0.12156862745098039), np.float64(0.4666666666666667), np.float64(0.7058823529411765), np.float64(1.0))","T19
0.33",True
distiluse-base-multilingual-cased-v1,19,Misinformation & Propaganda,349,,3.6619554,6.64049,0.327174574136734,"(np.float64(0.12156862745098039), np.float64(0.4666666666666667), np.float64(0.7058823529411765), np.float64(1.0))","T19
0.33",True
distiluse-base-multilingual-cased-v1,19,Misinformation & Propaganda,493,,3.4868295,6.8967366,0.327174574136734,"(np.float64(0.12156862745098039), np.float64(0.4666666666666667), np.float64(0.7058823529411765), np.float64(1.0))","T19
0.33",True
distiluse-base-multilingual-cased-v1,19,Misinformation & Propaganda,506,,3.6058733,7.190284,0.327174574136734,"(np.float64(0.12156862745098039), np.float64(0.4666666666666667), np.float64(0.7058823529411765), np.float64(1.0))","T19
0.33",True
distiluse-base-multilingual-cased-v1,19,Misinformation & Propaganda,655,,3.5684083,7.289321,0.327174574136734,"(np.float64(0.12156862745098039), np.float64(0.4666666666666667), np.float64(0.7058823529411765), np.float64(1.0))","T19
0.33",True
distiluse-base-multilingual-cased-v1,20,Misinformation & Propaganda,12,,0.097259,5.6174765,0.2767854928970337,"(np.float64(0.6823529411764706), np.float64(0.7803921568627451), np.float64(0.9098039215686274), np.float64(1.0))","T20
0.28",True
distiluse-base-multilingual-cased-v1,20,Misinformation & Propaganda,93,,-0.24831079,5.1680155,0.2767854928970337,"(np.float64(0.6823529411764706), np.float64(0.7803921568627451), np.float64(0.9098039215686274), np.float64(1.0))","T20
0.28",True
distiluse-base-multilingual-cased-v1,20,Misinformation & Propaganda,112,,-0.068817616,5.1961694,0.2767854928970337,"(np.float64(0.6823529411764706), np.float64(0.7803921568627451), np.float64(0.9098039215686274), np.float64(1.0))","T20
0.28",True
distiluse-base-multilingual-cased-v1,20,Misinformation & Propaganda,125,,0.22806333,5.611618,0.2767854928970337,"(np.float64(0.6823529411764706), np.float64(0.7803921568627451), np.float64(0.9098039215686274), np.float64(1.0))","T20
0.28",True
distiluse-base-multilingual-cased-v1,20,Misinformation & Propaganda,233,,-0.08898056,5.403724,0.2767854928970337,"(np.float64(0.6823529411764706), np.float64(0.7803921568627451), np.float64(0.9098039215686274), np.float64(1.0))","T20
0.28",True
distiluse-base-multilingual-cased-v1,20,Misinformation & Propaganda,270,,-0.028395645,5.1988854,0.2767854928970337,"(np.float64(0.6823529411764706), np.float64(0.7803921568627451), np.float64(0.9098039215686274), np.float64(1.0))","T20
0.28",True
distiluse-base-multilingual-cased-v1,20,Misinformation & Propaganda,274,,0.019749003,5.3328514,0.2767854928970337,"(np.float64(0.6823529411764706), np.float64(0.7803921568627451), np.float64(0.9098039215686274), np.float64(1.0))","T20
0.28",True
distiluse-base-multilingual-cased-v1,20,Misinformation & Propaganda,442,,-0.081347264,5.411487,0.2767854928970337,"(np.float64(0.6823529411764706), np.float64(0.7803921568627451), np.float64(0.9098039215686274), np.float64(1.0))","T20
0.28",True
distiluse-base-multilingual-cased-v1,20,Misinformation & Propaganda,552,,0.02873226,5.5336404,0.2767854928970337,"(np.float64(0.6823529411764706), np.float64(0.7803921568627451), np.float64(0.9098039215686274), np.float64(1.0))","T20
0.28",True
distiluse-base-multilingual-cased-v1,21,Credibility Assessment,2,,2.8258667,3.7001996,0.3049558699131012,"(np.float64(1.0), np.float64(0.4980392156862745), np.float64(0.054901960784313725), np.float64(1.0))","T21
0.30",True
distiluse-base-multilingual-cased-v1,21,Credibility Assessment,79,,2.8008018,3.6353035,0.3049558699131012,"(np.float64(1.0), np.float64(0.4980392156862745), np.float64(0.054901960784313725), np.float64(1.0))","T21
0.30",True
distiluse-base-multilingual-cased-v1,21,Credibility Assessment,352,,2.7213683,3.569458,0.3049558699131012,"(np.float64(1.0), np.float64(0.4980392156862745), np.float64(0.054901960784313725), np.float64(1.0))","T21
0.30",True
distiluse-base-multilingual-cased-v1,21,Credibility Assessment,407,,2.5555658,3.9878185,0.3049558699131012,"(np.float64(1.0), np.float64(0.4980392156862745), np.float64(0.054901960784313725), np.float64(1.0))","T21
0.30",True
distiluse-base-multilingual-cased-v1,21,Credibility Assessment,614,,2.664796,3.6322684,0.3049558699131012,"(np.float64(1.0), np.float64(0.4980392156862745), np.float64(0.054901960784313725), np.float64(1.0))","T21
0.30",True
distiluse-base-multilingual-cased-v1,21,Credibility Assessment,671,,2.5371835,3.5621762,0.3049558699131012,"(np.float64(1.0), np.float64(0.4980392156862745), np.float64(0.054901960784313725), np.float64(1.0))","T21
0.30",True
distiluse-base-multilingual-cased-v1,21,Credibility Assessment,731,,2.6694777,4.131045,0.3049558699131012,"(np.float64(1.0), np.float64(0.4980392156862745), np.float64(0.054901960784313725), np.float64(1.0))","T21
0.30",True
distiluse-base-multilingual-cased-v1,21,Credibility Assessment,734,,2.5022166,3.8719444,0.3049558699131012,"(np.float64(1.0), np.float64(0.4980392156862745), np.float64(0.054901960784313725), np.float64(1.0))","T21
0.30",True
distiluse-base-multilingual-cased-v1,21,Credibility Assessment,751,,2.5518117,3.544934,0.3049558699131012,"(np.float64(1.0), np.float64(0.4980392156862745), np.float64(0.054901960784313725), np.float64(1.0))","T21
0.30",True
distiluse-base-multilingual-cased-v1,22,"audio, speech",36,,-2.7071939,10.162888,0.21770019829273224,"(np.float64(1.0), np.float64(0.7333333333333333), np.float64(0.47058823529411764), np.float64(1.0))","T22
0.22",True
distiluse-base-multilingual-cased-v1,22,"audio, speech",38,,-2.4225,9.890107,0.21770019829273224,"(np.float64(1.0), np.float64(0.7333333333333333), np.float64(0.47058823529411764), np.float64(1.0))","T22
0.22",True
distiluse-base-multilingual-cased-v1,22,"audio, speech",39,,-2.4166708,9.885484,0.21770019829273224,"(np.float64(1.0), np.float64(0.7333333333333333), np.float64(0.47058823529411764), np.float64(1.0))","T22
0.22",True
distiluse-base-multilingual-cased-v1,22,"audio, speech",143,,-2.64899,10.10157,0.21770019829273224,"(np.float64(1.0), np.float64(0.7333333333333333), np.float64(0.47058823529411764), np.float64(1.0))","T22
0.22",True
distiluse-base-multilingual-cased-v1,22,"audio, speech",222,,-2.4575663,9.932956,0.21770019829273224,"(np.float64(1.0), np.float64(0.7333333333333333), np.float64(0.47058823529411764), np.float64(1.0))","T22
0.22",True
distiluse-base-multilingual-cased-v1,22,"audio, speech",247,,-2.4401116,9.925583,0.21770019829273224,"(np.float64(1.0), np.float64(0.7333333333333333), np.float64(0.47058823529411764), np.float64(1.0))","T22
0.22",True
distiluse-base-multilingual-cased-v1,22,"audio, speech",326,,-2.6512563,10.165299,0.21770019829273224,"(np.float64(1.0), np.float64(0.7333333333333333), np.float64(0.47058823529411764), np.float64(1.0))","T22
0.22",True
distiluse-base-multilingual-cased-v1,22,"audio, speech",329,,-2.6606588,10.109238,0.21770019829273224,"(np.float64(1.0), np.float64(0.7333333333333333), np.float64(0.47058823529411764), np.float64(1.0))","T22
0.22",True
distiluse-base-multilingual-cased-v1,22,"audio, speech",475,,-2.3457358,9.869986,0.21770019829273224,"(np.float64(1.0), np.float64(0.7333333333333333), np.float64(0.47058823529411764), np.float64(1.0))","T22
0.22",True
distiluse-base-multilingual-cased-v1,23,Misinformation & Propaganda,285,,1.9898959,3.2165809,0.28244417905807495,"(np.float64(0.17254901960784313), np.float64(0.6274509803921569), np.float64(0.17254901960784313), np.float64(1.0))","T23
0.28",True
distiluse-base-multilingual-cased-v1,23,Misinformation & Propaganda,294,,1.8706912,3.2590275,0.28244417905807495,"(np.float64(0.17254901960784313), np.float64(0.6274509803921569), np.float64(0.17254901960784313), np.float64(1.0))","T23
0.28",True
distiluse-base-multilingual-cased-v1,23,Misinformation & Propaganda,307,,2.420741,3.251904,0.28244417905807495,"(np.float64(0.17254901960784313), np.float64(0.6274509803921569), np.float64(0.17254901960784313), np.float64(1.0))","T23
0.28",True
distiluse-base-multilingual-cased-v1,23,Misinformation & Propaganda,424,,1.8318456,3.2000961,0.28244417905807495,"(np.float64(0.17254901960784313), np.float64(0.6274509803921569), np.float64(0.17254901960784313), np.float64(1.0))","T23
0.28",True
distiluse-base-multilingual-cased-v1,23,Misinformation & Propaganda,534,,2.3587327,3.1770258,0.28244417905807495,"(np.float64(0.17254901960784313), np.float64(0.6274509803921569), np.float64(0.17254901960784313), np.float64(1.0))","T23
0.28",True
distiluse-base-multilingual-cased-v1,23,Misinformation & Propaganda,550,,2.1652813,3.17729,0.28244417905807495,"(np.float64(0.17254901960784313), np.float64(0.6274509803921569), np.float64(0.17254901960784313), np.float64(1.0))","T23
0.28",True
distiluse-base-multilingual-cased-v1,23,Misinformation & Propaganda,555,,2.2083879,3.3005977,0.28244417905807495,"(np.float64(0.17254901960784313), np.float64(0.6274509803921569), np.float64(0.17254901960784313), np.float64(1.0))","T23
0.28",True
distiluse-base-multilingual-cased-v1,23,Misinformation & Propaganda,639,,1.9331189,3.0492208,0.28244417905807495,"(np.float64(0.17254901960784313), np.float64(0.6274509803921569), np.float64(0.17254901960784313), np.float64(1.0))","T23
0.28",True
distiluse-base-multilingual-cased-v1,23,Misinformation & Propaganda,683,,2.0896227,3.1227806,0.28244417905807495,"(np.float64(0.17254901960784313), np.float64(0.6274509803921569), np.float64(0.17254901960784313), np.float64(1.0))","T23
0.28",True
distiluse-base-multilingual-cased-v1,24,Journalism & Media Studies,192,,1.1776172,2.6635034,0.6714898347854614,"(np.float64(0.596078431372549), np.float64(0.8745098039215686), np.float64(0.5411764705882353), np.float64(1.0))","T24
0.67",False
distiluse-base-multilingual-cased-v1,24,Journalism & Media Studies,276,,0.98764825,3.0096788,0.6714898347854614,"(np.float64(0.596078431372549), np.float64(0.8745098039215686), np.float64(0.5411764705882353), np.float64(1.0))","T24
0.67",False
distiluse-base-multilingual-cased-v1,24,Journalism & Media Studies,283,,0.9033014,2.916615,0.6714898347854614,"(np.float64(0.596078431372549), np.float64(0.8745098039215686), np.float64(0.5411764705882353), np.float64(1.0))","T24
0.67",False
distiluse-base-multilingual-cased-v1,24,Journalism & Media Studies,315,,1.2742407,2.7251012,0.6714898347854614,"(np.float64(0.596078431372549), np.float64(0.8745098039215686), np.float64(0.5411764705882353), np.float64(1.0))","T24
0.67",False
distiluse-base-multilingual-cased-v1,24,Journalism & Media Studies,332,,1.1331214,2.8425238,0.6714898347854614,"(np.float64(0.596078431372549), np.float64(0.8745098039215686), np.float64(0.5411764705882353), np.float64(1.0))","T24
0.67",False
distiluse-base-multilingual-cased-v1,24,Journalism & Media Studies,427,,0.6792987,3.0608523,0.6714898347854614,"(np.float64(0.596078431372549), np.float64(0.8745098039215686), np.float64(0.5411764705882353), np.float64(1.0))","T24
0.67",False
distiluse-base-multilingual-cased-v1,24,Journalism & Media Studies,450,,1.6661968,4.395857,0.6714898347854614,"(np.float64(0.596078431372549), np.float64(0.8745098039215686), np.float64(0.5411764705882353), np.float64(1.0))","T24
0.67",False
distiluse-base-multilingual-cased-v1,24,Journalism & Media Studies,520,,1.3468394,2.78499,0.6714898347854614,"(np.float64(0.596078431372549), np.float64(0.8745098039215686), np.float64(0.5411764705882353), np.float64(1.0))","T24
0.67",False
distiluse-base-multilingual-cased-v1,24,Journalism & Media Studies,541,,0.7379056,3.2715473,0.6714898347854614,"(np.float64(0.596078431372549), np.float64(0.8745098039215686), np.float64(0.5411764705882353), np.float64(1.0))","T24
0.67",False
distiluse-base-multilingual-cased-v1,25,"deepfake, detection",14,,-2.9943984,10.291039,0.1346193552017212,"(np.float64(0.8392156862745098), np.float64(0.15294117647058825), np.float64(0.1568627450980392), np.float64(1.0))","T25
0.13",True
distiluse-base-multilingual-cased-v1,25,"deepfake, detection",71,,-3.0036542,10.387936,0.1346193552017212,"(np.float64(0.8392156862745098), np.float64(0.15294117647058825), np.float64(0.1568627450980392), np.float64(1.0))","T25
0.13",True
distiluse-base-multilingual-cased-v1,25,"deepfake, detection",153,,-3.008062,10.3236,0.1346193552017212,"(np.float64(0.8392156862745098), np.float64(0.15294117647058825), np.float64(0.1568627450980392), np.float64(1.0))","T25
0.13",True
distiluse-base-multilingual-cased-v1,25,"deepfake, detection",156,,-3.0085607,10.321241,0.1346193552017212,"(np.float64(0.8392156862745098), np.float64(0.15294117647058825), np.float64(0.1568627450980392), np.float64(1.0))","T25
0.13",True
distiluse-base-multilingual-cased-v1,25,"deepfake, detection",182,,-3.0362542,10.28106,0.1346193552017212,"(np.float64(0.8392156862745098), np.float64(0.15294117647058825), np.float64(0.1568627450980392), np.float64(1.0))","T25
0.13",True
distiluse-base-multilingual-cased-v1,25,"deepfake, detection",331,,-3.043022,10.378924,0.1346193552017212,"(np.float64(0.8392156862745098), np.float64(0.15294117647058825), np.float64(0.1568627450980392), np.float64(1.0))","T25
0.13",True
distiluse-base-multilingual-cased-v1,25,"deepfake, detection",340,,-2.98586,10.229852,0.1346193552017212,"(np.float64(0.8392156862745098), np.float64(0.15294117647058825), np.float64(0.1568627450980392), np.float64(1.0))","T25
0.13",True
distiluse-base-multilingual-cased-v1,25,"deepfake, detection",384,,-3.146538,10.034565,0.1346193552017212,"(np.float64(0.8392156862745098), np.float64(0.15294117647058825), np.float64(0.1568627450980392), np.float64(1.0))","T25
0.13",True
distiluse-base-multilingual-cased-v1,26,"image, digital",133,,-1.365323,11.805722,0.17965154349803925,"(np.float64(1.0), np.float64(0.596078431372549), np.float64(0.5882352941176471), np.float64(1.0))","T26
0.18",True
distiluse-base-multilingual-cased-v1,26,"image, digital",159,,-1.5179458,11.88714,0.17965154349803925,"(np.float64(1.0), np.float64(0.596078431372549), np.float64(0.5882352941176471), np.float64(1.0))","T26
0.18",True
distiluse-base-multilingual-cased-v1,26,"image, digital",167,,-1.4164854,11.69003,0.17965154349803925,"(np.float64(1.0), np.float64(0.596078431372549), np.float64(0.5882352941176471), np.float64(1.0))","T26
0.18",True
distiluse-base-multilingual-cased-v1,26,"image, digital",187,,-1.3521304,11.807965,0.17965154349803925,"(np.float64(1.0), np.float64(0.596078431372549), np.float64(0.5882352941176471), np.float64(1.0))","T26
0.18",True
distiluse-base-multilingual-cased-v1,26,"image, digital",460,,-1.4405689,11.788876,0.17965154349803925,"(np.float64(1.0), np.float64(0.596078431372549), np.float64(0.5882352941176471), np.float64(1.0))","T26
0.18",True
distiluse-base-multilingual-cased-v1,26,"image, digital",664,,-1.1894014,11.893353,0.17965154349803925,"(np.float64(1.0), np.float64(0.596078431372549), np.float64(0.5882352941176471), np.float64(1.0))","T26
0.18",True
distiluse-base-multilingual-cased-v1,26,"image, digital",685,,-1.4034505,11.989002,0.17965154349803925,"(np.float64(1.0), np.float64(0.596078431372549), np.float64(0.5882352941176471), np.float64(1.0))","T26
0.18",True
distiluse-base-multilingual-cased-v1,26,"image, digital",809,,-1.2815247,11.9232,0.17965154349803925,"(np.float64(1.0), np.float64(0.596078431372549), np.float64(0.5882352941176471), np.float64(1.0))","T26
0.18",True
distiluse-base-multilingual-cased-v1,27,Misinformation & Propaganda,281,,1.5874902,3.184693,0.21399714052677155,"(np.float64(0.5803921568627451), np.float64(0.403921568627451), np.float64(0.7411764705882353), np.float64(1.0))","T27
0.21",True
distiluse-base-multilingual-cased-v1,27,Misinformation & Propaganda,282,,1.5765835,3.2843547,0.21399714052677155,"(np.float64(0.5803921568627451), np.float64(0.403921568627451), np.float64(0.7411764705882353), np.float64(1.0))","T27
0.21",True
distiluse-base-multilingual-cased-v1,27,Misinformation & Propaganda,302,,1.612128,2.8877506,0.21399714052677155,"(np.float64(0.5803921568627451), np.float64(0.403921568627451), np.float64(0.7411764705882353), np.float64(1.0))","T27
0.21",True
distiluse-base-multilingual-cased-v1,27,Misinformation & Propaganda,309,,1.3973626,3.0867527,0.21399714052677155,"(np.float64(0.5803921568627451), np.float64(0.403921568627451), np.float64(0.7411764705882353), np.float64(1.0))","T27
0.21",True
distiluse-base-multilingual-cased-v1,27,Misinformation & Propaganda,443,,1.6118613,3.0366113,0.21399714052677155,"(np.float64(0.5803921568627451), np.float64(0.403921568627451), np.float64(0.7411764705882353), np.float64(1.0))","T27
0.21",True
distiluse-base-multilingual-cased-v1,27,Misinformation & Propaganda,610,,1.7656809,3.008047,0.21399714052677155,"(np.float64(0.5803921568627451), np.float64(0.403921568627451), np.float64(0.7411764705882353), np.float64(1.0))","T27
0.21",True
distiluse-base-multilingual-cased-v1,27,Misinformation & Propaganda,620,,1.5145961,3.0262465,0.21399714052677155,"(np.float64(0.5803921568627451), np.float64(0.403921568627451), np.float64(0.7411764705882353), np.float64(1.0))","T27
0.21",True
distiluse-base-multilingual-cased-v1,27,Misinformation & Propaganda,652,,1.6153021,2.9554358,0.21399714052677155,"(np.float64(0.5803921568627451), np.float64(0.403921568627451), np.float64(0.7411764705882353), np.float64(1.0))","T27
0.21",True
distiluse-base-multilingual-cased-v1,28,"liars, claim",480,,2.16876,7.8393936,0.4732518196105957,"(np.float64(0.7725490196078432), np.float64(0.6901960784313725), np.float64(0.8352941176470589), np.float64(1.0))","T28
0.47",True
distiluse-base-multilingual-cased-v1,28,"liars, claim",496,,2.1472695,7.9080744,0.4732518196105957,"(np.float64(0.7725490196078432), np.float64(0.6901960784313725), np.float64(0.8352941176470589), np.float64(1.0))","T28
0.47",True
distiluse-base-multilingual-cased-v1,28,"liars, claim",565,,2.3519323,7.08748,0.4732518196105957,"(np.float64(0.7725490196078432), np.float64(0.6901960784313725), np.float64(0.8352941176470589), np.float64(1.0))","T28
0.47",True
distiluse-base-multilingual-cased-v1,28,"liars, claim",583,,2.322344,7.112883,0.4732518196105957,"(np.float64(0.7725490196078432), np.float64(0.6901960784313725), np.float64(0.8352941176470589), np.float64(1.0))","T28
0.47",True
distiluse-base-multilingual-cased-v1,28,"liars, claim",707,,2.1893246,7.603717,0.4732518196105957,"(np.float64(0.7725490196078432), np.float64(0.6901960784313725), np.float64(0.8352941176470589), np.float64(1.0))","T28
0.47",True
distiluse-base-multilingual-cased-v1,28,"liars, claim",721,,2.425,7.601387,0.4732518196105957,"(np.float64(0.7725490196078432), np.float64(0.6901960784313725), np.float64(0.8352941176470589), np.float64(1.0))","T28
0.47",True
distiluse-base-multilingual-cased-v1,28,"liars, claim",779,,2.0153363,7.4943676,0.4732518196105957,"(np.float64(0.7725490196078432), np.float64(0.6901960784313725), np.float64(0.8352941176470589), np.float64(1.0))","T28
0.47",True
distiluse-base-multilingual-cased-v1,28,"liars, claim",810,,2.4183116,7.011742,0.4732518196105957,"(np.float64(0.7725490196078432), np.float64(0.6901960784313725), np.float64(0.8352941176470589), np.float64(1.0))","T28
0.47",True
distiluse-base-multilingual-cased-v1,29,"videos, deepfake",37,,-3.462209,10.48637,0.23833085596561432,"(np.float64(0.5490196078431373), np.float64(0.33725490196078434), np.float64(0.29411764705882354), np.float64(1.0))","T29
0.24",True
distiluse-base-multilingual-cased-v1,29,"videos, deepfake",106,,-3.307352,10.3758,0.23833085596561432,"(np.float64(0.5490196078431373), np.float64(0.33725490196078434), np.float64(0.29411764705882354), np.float64(1.0))","T29
0.24",True
distiluse-base-multilingual-cased-v1,29,"videos, deepfake",158,,-3.3382065,10.447256,0.23833085596561432,"(np.float64(0.5490196078431373), np.float64(0.33725490196078434), np.float64(0.29411764705882354), np.float64(1.0))","T29
0.24",True
distiluse-base-multilingual-cased-v1,29,"videos, deepfake",190,,-3.5081232,10.16238,0.23833085596561432,"(np.float64(0.5490196078431373), np.float64(0.33725490196078434), np.float64(0.29411764705882354), np.float64(1.0))","T29
0.24",True
distiluse-base-multilingual-cased-v1,29,"videos, deepfake",193,,-3.294107,10.323952,0.23833085596561432,"(np.float64(0.5490196078431373), np.float64(0.33725490196078434), np.float64(0.29411764705882354), np.float64(1.0))","T29
0.24",True
distiluse-base-multilingual-cased-v1,29,"videos, deepfake",258,,-3.5565505,10.236745,0.23833085596561432,"(np.float64(0.5490196078431373), np.float64(0.33725490196078434), np.float64(0.29411764705882354), np.float64(1.0))","T29
0.24",True
distiluse-base-multilingual-cased-v1,29,"videos, deepfake",399,,-3.4178379,10.503877,0.23833085596561432,"(np.float64(0.5490196078431373), np.float64(0.33725490196078434), np.float64(0.29411764705882354), np.float64(1.0))","T29
0.24",True
distiluse-base-multilingual-cased-v1,29,"videos, deepfake",600,,-3.1677327,10.202763,0.23833085596561432,"(np.float64(0.5490196078431373), np.float64(0.33725490196078434), np.float64(0.29411764705882354), np.float64(1.0))","T29
0.24",True
distiluse-base-multilingual-cased-v1,30,"health, abortion",5,,3.5499785,6.6846704,0.2536253035068512,"(np.float64(0.7686274509803922), np.float64(0.611764705882353), np.float64(0.5803921568627451), np.float64(1.0))","T30
0.25",True
distiluse-base-multilingual-cased-v1,30,"health, abortion",208,,3.4179761,6.747778,0.2536253035068512,"(np.float64(0.7686274509803922), np.float64(0.611764705882353), np.float64(0.5803921568627451), np.float64(1.0))","T30
0.25",True
distiluse-base-multilingual-cased-v1,30,"health, abortion",592,,3.374152,6.6648846,0.2536253035068512,"(np.float64(0.7686274509803922), np.float64(0.611764705882353), np.float64(0.5803921568627451), np.float64(1.0))","T30
0.25",True
distiluse-base-multilingual-cased-v1,30,"health, abortion",603,,3.3166294,6.564034,0.2536253035068512,"(np.float64(0.7686274509803922), np.float64(0.611764705882353), np.float64(0.5803921568627451), np.float64(1.0))","T30
0.25",True
distiluse-base-multilingual-cased-v1,30,"health, abortion",673,,3.4257052,6.6111994,0.2536253035068512,"(np.float64(0.7686274509803922), np.float64(0.611764705882353), np.float64(0.5803921568627451), np.float64(1.0))","T30
0.25",True
distiluse-base-multilingual-cased-v1,30,"health, abortion",790,,3.518722,6.342806,0.2536253035068512,"(np.float64(0.7686274509803922), np.float64(0.611764705882353), np.float64(0.5803921568627451), np.float64(1.0))","T30
0.25",True
distiluse-base-multilingual-cased-v1,30,"health, abortion",808,,3.6346414,6.8577976,0.2536253035068512,"(np.float64(0.7686274509803922), np.float64(0.611764705882353), np.float64(0.5803921568627451), np.float64(1.0))","T30
0.25",True
distiluse-base-multilingual-cased-v1,30,"health, abortion",811,,3.4257476,6.8691187,0.2536253035068512,"(np.float64(0.7686274509803922), np.float64(0.611764705882353), np.float64(0.5803921568627451), np.float64(1.0))","T30
0.25",True
distiluse-base-multilingual-cased-v1,31,Credibility Assessment,15,,3.1198473,5.2117476,0.6197689175605774,"(np.float64(0.8901960784313725), np.float64(0.4666666666666667), np.float64(0.7607843137254902), np.float64(1.0))","T31
0.62",False
distiluse-base-multilingual-cased-v1,31,Credibility Assessment,343,,2.0556087,6.8146443,0.6197689175605774,"(np.float64(0.8901960784313725), np.float64(0.4666666666666667), np.float64(0.7607843137254902), np.float64(1.0))","T31
0.62",False
distiluse-base-multilingual-cased-v1,31,Credibility Assessment,503,,3.338198,5.4778295,0.6197689175605774,"(np.float64(0.8901960784313725), np.float64(0.4666666666666667), np.float64(0.7607843137254902), np.float64(1.0))","T31
0.62",False
distiluse-base-multilingual-cased-v1,31,Credibility Assessment,668,,3.2388535,5.1874313,0.6197689175605774,"(np.float64(0.8901960784313725), np.float64(0.4666666666666667), np.float64(0.7607843137254902), np.float64(1.0))","T31
0.62",False
distiluse-base-multilingual-cased-v1,31,Credibility Assessment,674,,3.2842257,5.2312956,0.6197689175605774,"(np.float64(0.8901960784313725), np.float64(0.4666666666666667), np.float64(0.7607843137254902), np.float64(1.0))","T31
0.62",False
distiluse-base-multilingual-cased-v1,31,Credibility Assessment,718,,3.144328,5.356997,0.6197689175605774,"(np.float64(0.8901960784313725), np.float64(0.4666666666666667), np.float64(0.7607843137254902), np.float64(1.0))","T31
0.62",False
distiluse-base-multilingual-cased-v1,31,Credibility Assessment,769,,3.3287435,5.1724052,0.6197689175605774,"(np.float64(0.8901960784313725), np.float64(0.4666666666666667), np.float64(0.7607843137254902), np.float64(1.0))","T31
0.62",False
distiluse-base-multilingual-cased-v1,31,Credibility Assessment,804,,3.2312834,5.251386,0.6197689175605774,"(np.float64(0.8901960784313725), np.float64(0.4666666666666667), np.float64(0.7607843137254902), np.float64(1.0))","T31
0.62",False
distiluse-base-multilingual-cased-v1,32,"ai, aibased",42,,2.2942805,3.679144,2.4420835971832275,"(np.float64(0.9686274509803922), np.float64(0.7137254901960784), np.float64(0.8235294117647058), np.float64(1.0))","T32
2.44",False
distiluse-base-multilingual-cased-v1,32,"ai, aibased",100,,-3.444122,9.866121,2.4420835971832275,"(np.float64(0.9686274509803922), np.float64(0.7137254901960784), np.float64(0.8235294117647058), np.float64(1.0))","T32
2.44",False
distiluse-base-multilingual-cased-v1,32,"ai, aibased",227,,1.238152,5.050714,2.4420835971832275,"(np.float64(0.9686274509803922), np.float64(0.7137254901960784), np.float64(0.8235294117647058), np.float64(1.0))","T32
2.44",False
distiluse-base-multilingual-cased-v1,32,"ai, aibased",382,,1.359396,5.0247264,2.4420835971832275,"(np.float64(0.9686274509803922), np.float64(0.7137254901960784), np.float64(0.8235294117647058), np.float64(1.0))","T32
2.44",False
distiluse-base-multilingual-cased-v1,32,"ai, aibased",422,,1.3193848,4.9783387,2.4420835971832275,"(np.float64(0.9686274509803922), np.float64(0.7137254901960784), np.float64(0.8235294117647058), np.float64(1.0))","T32
2.44",False
distiluse-base-multilingual-cased-v1,32,"ai, aibased",423,,1.6067411,4.9606986,2.4420835971832275,"(np.float64(0.9686274509803922), np.float64(0.7137254901960784), np.float64(0.8235294117647058), np.float64(1.0))","T32
2.44",False
distiluse-base-multilingual-cased-v1,32,"ai, aibased",519,,2.2458715,4.0886245,2.4420835971832275,"(np.float64(0.9686274509803922), np.float64(0.7137254901960784), np.float64(0.8235294117647058), np.float64(1.0))","T32
2.44",False
distiluse-base-multilingual-cased-v1,32,"ai, aibased",536,,1.5951103,5.251672,2.4420835971832275,"(np.float64(0.9686274509803922), np.float64(0.7137254901960784), np.float64(0.8235294117647058), np.float64(1.0))","T32
2.44",False
distiluse-base-multilingual-cased-v1,33,Credibility Assessment,173,,3.307362,4.876265,0.4603012502193451,"(np.float64(0.4980392156862745), np.float64(0.4980392156862745), np.float64(0.4980392156862745), np.float64(1.0))","T33
0.46",True
distiluse-base-multilingual-cased-v1,33,Credibility Assessment,383,,3.4980628,4.8584666,0.4603012502193451,"(np.float64(0.4980392156862745), np.float64(0.4980392156862745), np.float64(0.4980392156862745), np.float64(1.0))","T33
0.46",True
distiluse-base-multilingual-cased-v1,33,Credibility Assessment,665,,3.0480356,4.6595545,0.4603012502193451,"(np.float64(0.4980392156862745), np.float64(0.4980392156862745), np.float64(0.4980392156862745), np.float64(1.0))","T33
0.46",True
distiluse-base-multilingual-cased-v1,33,Credibility Assessment,687,,3.5702252,5.0365295,0.4603012502193451,"(np.float64(0.4980392156862745), np.float64(0.4980392156862745), np.float64(0.4980392156862745), np.float64(1.0))","T33
0.46",True
distiluse-base-multilingual-cased-v1,33,Credibility Assessment,733,,3.5823326,4.84385,0.4603012502193451,"(np.float64(0.4980392156862745), np.float64(0.4980392156862745), np.float64(0.4980392156862745), np.float64(1.0))","T33
0.46",True
distiluse-base-multilingual-cased-v1,33,Credibility Assessment,803,,3.1520667,5.326883,0.4603012502193451,"(np.float64(0.4980392156862745), np.float64(0.4980392156862745), np.float64(0.4980392156862745), np.float64(1.0))","T33
0.46",True
distiluse-base-multilingual-cased-v1,33,Credibility Assessment,806,,3.0514128,5.3861494,0.4603012502193451,"(np.float64(0.4980392156862745), np.float64(0.4980392156862745), np.float64(0.4980392156862745), np.float64(1.0))","T33
0.46",True
distiluse-base-multilingual-cased-v1,34,Credibility Assessment,55,,1.3033625,6.041722,1.3195066452026367,"(np.float64(0.7803921568627451), np.float64(0.7803921568627451), np.float64(0.7803921568627451), np.float64(1.0))","T34
1.32",False
distiluse-base-multilingual-cased-v1,34,Credibility Assessment,292,,0.7792034,3.6458802,1.3195066452026367,"(np.float64(0.7803921568627451), np.float64(0.7803921568627451), np.float64(0.7803921568627451), np.float64(1.0))","T34
1.32",False
distiluse-base-multilingual-cased-v1,34,Credibility Assessment,403,,0.7816023,3.7259688,1.3195066452026367,"(np.float64(0.7803921568627451), np.float64(0.7803921568627451), np.float64(0.7803921568627451), np.float64(1.0))","T34
1.32",False
distiluse-base-multilingual-cased-v1,34,Credibility Assessment,517,,1.3976808,5.402496,1.3195066452026367,"(np.float64(0.7803921568627451), np.float64(0.7803921568627451), np.float64(0.7803921568627451), np.float64(1.0))","T34
1.32",False
distiluse-base-multilingual-cased-v1,34,Credibility Assessment,693,,1.2978628,4.439357,1.3195066452026367,"(np.float64(0.7803921568627451), np.float64(0.7803921568627451), np.float64(0.7803921568627451), np.float64(1.0))","T34
1.32",False
distiluse-base-multilingual-cased-v1,34,Credibility Assessment,768,,1.6994874,5.927384,1.3195066452026367,"(np.float64(0.7803921568627451), np.float64(0.7803921568627451), np.float64(0.7803921568627451), np.float64(1.0))","T34
1.32",False
distiluse-base-multilingual-cased-v1,34,Credibility Assessment,774,,1.1855067,5.717063,1.3195066452026367,"(np.float64(0.7803921568627451), np.float64(0.7803921568627451), np.float64(0.7803921568627451), np.float64(1.0))","T34
1.32",False
distiluse-base-multilingual-cased-v1,35,"pipeline, claim",54,,1.7228204,8.301099,0.20214012265205383,"(np.float64(0.7372549019607844), np.float64(0.7411764705882353), np.float64(0.13333333333333333), np.float64(1.0))","T35
0.20",True
distiluse-base-multilingual-cased-v1,35,"pipeline, claim",197,,2.0529692,8.389273,0.20214012265205383,"(np.float64(0.7372549019607844), np.float64(0.7411764705882353), np.float64(0.13333333333333333), np.float64(1.0))","T35
0.20",True
distiluse-base-multilingual-cased-v1,35,"pipeline, claim",205,,1.7196177,8.419885,0.20214012265205383,"(np.float64(0.7372549019607844), np.float64(0.7411764705882353), np.float64(0.13333333333333333), np.float64(1.0))","T35
0.20",True
distiluse-base-multilingual-cased-v1,35,"pipeline, claim",225,,1.6994342,8.259387,0.20214012265205383,"(np.float64(0.7372549019607844), np.float64(0.7411764705882353), np.float64(0.13333333333333333), np.float64(1.0))","T35
0.20",True
distiluse-base-multilingual-cased-v1,35,"pipeline, claim",394,,1.7142022,8.352955,0.20214012265205383,"(np.float64(0.7372549019607844), np.float64(0.7411764705882353), np.float64(0.13333333333333333), np.float64(1.0))","T35
0.20",True
distiluse-base-multilingual-cased-v1,35,"pipeline, claim",515,,1.770357,8.363479,0.20214012265205383,"(np.float64(0.7372549019607844), np.float64(0.7411764705882353), np.float64(0.13333333333333333), np.float64(1.0))","T35
0.20",True
distiluse-base-multilingual-cased-v1,35,"pipeline, claim",598,,1.7399056,8.090324,0.20214012265205383,"(np.float64(0.7372549019607844), np.float64(0.7411764705882353), np.float64(0.13333333333333333), np.float64(1.0))","T35
0.20",True
distiluse-base-multilingual-cased-v1,36,Rumor on Social Media,116,,1.8575661,3.9370189,0.4758628308773041,"(np.float64(0.8588235294117647), np.float64(0.8588235294117647), np.float64(0.5529411764705883), np.float64(1.0))","T36
0.48",False
distiluse-base-multilingual-cased-v1,36,Rumor on Social Media,186,,1.7649297,4.081397,0.4758628308773041,"(np.float64(0.8588235294117647), np.float64(0.8588235294117647), np.float64(0.5529411764705883), np.float64(1.0))","T36
0.48",False
distiluse-base-multilingual-cased-v1,36,Rumor on Social Media,518,,1.68103,3.7469606,0.4758628308773041,"(np.float64(0.8588235294117647), np.float64(0.8588235294117647), np.float64(0.5529411764705883), np.float64(1.0))","T36
0.48",False
distiluse-base-multilingual-cased-v1,36,Rumor on Social Media,581,,2.1293547,4.4679585,0.4758628308773041,"(np.float64(0.8588235294117647), np.float64(0.8588235294117647), np.float64(0.5529411764705883), np.float64(1.0))","T36
0.48",False
distiluse-base-multilingual-cased-v1,36,Rumor on Social Media,605,,1.4769324,3.8342314,0.4758628308773041,"(np.float64(0.8588235294117647), np.float64(0.8588235294117647), np.float64(0.5529411764705883), np.float64(1.0))","T36
0.48",False
distiluse-base-multilingual-cased-v1,36,Rumor on Social Media,628,,2.0664856,4.15909,0.4758628308773041,"(np.float64(0.8588235294117647), np.float64(0.8588235294117647), np.float64(0.5529411764705883), np.float64(1.0))","T36
0.48",False
distiluse-base-multilingual-cased-v1,36,Rumor on Social Media,724,,2.2810886,4.175555,0.4758628308773041,"(np.float64(0.8588235294117647), np.float64(0.8588235294117647), np.float64(0.5529411764705883), np.float64(1.0))","T36
0.48",False
distiluse-base-multilingual-cased-v1,37,"light, image",324,,-1.0947555,11.804786,0.2710435390472412,"(np.float64(0.09019607843137255), np.float64(0.7450980392156863), np.float64(0.8117647058823529), np.float64(1.0))","T37
0.27",True
distiluse-base-multilingual-cased-v1,37,"light, image",748,,-1.2569853,11.830658,0.2710435390472412,"(np.float64(0.09019607843137255), np.float64(0.7450980392156863), np.float64(0.8117647058823529), np.float64(1.0))","T37
0.27",True
distiluse-base-multilingual-cased-v1,37,"light, image",783,,-1.4333584,11.7500305,0.2710435390472412,"(np.float64(0.09019607843137255), np.float64(0.7450980392156863), np.float64(0.8117647058823529), np.float64(1.0))","T37
0.27",True
distiluse-base-multilingual-cased-v1,37,"light, image",787,,-1.2245218,11.931741,0.2710435390472412,"(np.float64(0.09019607843137255), np.float64(0.7450980392156863), np.float64(0.8117647058823529), np.float64(1.0))","T37
0.27",True
distiluse-base-multilingual-cased-v1,37,"light, image",799,,-1.0200819,12.132318,0.2710435390472412,"(np.float64(0.09019607843137255), np.float64(0.7450980392156863), np.float64(0.8117647058823529), np.float64(1.0))","T37
0.27",True
distiluse-base-multilingual-cased-v1,37,"light, image",800,,-1.125451,12.096246,0.2710435390472412,"(np.float64(0.09019607843137255), np.float64(0.7450980392156863), np.float64(0.8117647058823529), np.float64(1.0))","T37
0.27",True
distiluse-base-multilingual-cased-v1,37,"light, image",801,,-1.057334,12.09994,0.2710435390472412,"(np.float64(0.09019607843137255), np.float64(0.7450980392156863), np.float64(0.8117647058823529), np.float64(1.0))","T37
0.27",True
distiluse-base-multilingual-cased-v1,38,Misinformation & Propaganda,89,,-0.5099555,4.29521,0.48625704646110535,"(np.float64(0.6196078431372549), np.float64(0.8549019607843137), np.float64(0.8980392156862745), np.float64(1.0))","T38
0.49",False
distiluse-base-multilingual-cased-v1,38,Misinformation & Propaganda,115,,0.012261076,5.0083942,0.48625704646110535,"(np.float64(0.6196078431372549), np.float64(0.8549019607843137), np.float64(0.8980392156862745), np.float64(1.0))","T38
0.49",False
distiluse-base-multilingual-cased-v1,38,Misinformation & Propaganda,528,,-0.49746987,4.9276276,0.48625704646110535,"(np.float64(0.6196078431372549), np.float64(0.8549019607843137), np.float64(0.8980392156862745), np.float64(1.0))","T38
0.49",False
distiluse-base-multilingual-cased-v1,38,Misinformation & Propaganda,568,,-0.17603396,4.842746,0.48625704646110535,"(np.float64(0.6196078431372549), np.float64(0.8549019607843137), np.float64(0.8980392156862745), np.float64(1.0))","T38
0.49",False
distiluse-base-multilingual-cased-v1,38,Misinformation & Propaganda,617,,-0.43191043,4.4819307,0.48625704646110535,"(np.float64(0.6196078431372549), np.float64(0.8549019607843137), np.float64(0.8980392156862745), np.float64(1.0))","T38
0.49",False
distiluse-base-multilingual-cased-v1,38,Misinformation & Propaganda,661,,-0.5115775,4.2087235,0.48625704646110535,"(np.float64(0.6196078431372549), np.float64(0.8549019607843137), np.float64(0.8980392156862745), np.float64(1.0))","T38
0.49",False
distiluse-base-multilingual-cased-v1,38,Misinformation & Propaganda,701,,-0.5796584,4.5167766,0.48625704646110535,"(np.float64(0.6196078431372549), np.float64(0.8549019607843137), np.float64(0.8980392156862745), np.float64(1.0))","T38
0.49",False
distiluse-base-multilingual-cased-v1,39,Credibility Assessment,150,,7.162556,4.5965247,0.13654185831546783,"(np.float64(0.12156862745098039), np.float64(0.4666666666666667), np.float64(0.7058823529411765), np.float64(1.0))","T39
0.14",True
distiluse-base-multilingual-cased-v1,39,Credibility Assessment,327,,7.106897,4.607301,0.13654185831546783,"(np.float64(0.12156862745098039), np.float64(0.4666666666666667), np.float64(0.7058823529411765), np.float64(1.0))","T39
0.14",True
distiluse-base-multilingual-cased-v1,39,Credibility Assessment,462,,7.108897,4.580906,0.13654185831546783,"(np.float64(0.12156862745098039), np.float64(0.4666666666666667), np.float64(0.7058823529411765), np.float64(1.0))","T39
0.14",True
distiluse-base-multilingual-cased-v1,39,Credibility Assessment,717,,6.7948627,4.58295,0.13654185831546783,"(np.float64(0.12156862745098039), np.float64(0.4666666666666667), np.float64(0.7058823529411765), np.float64(1.0))","T39
0.14",True
distiluse-base-multilingual-cased-v1,39,Credibility Assessment,732,,7.1410875,4.5693946,0.13654185831546783,"(np.float64(0.12156862745098039), np.float64(0.4666666666666667), np.float64(0.7058823529411765), np.float64(1.0))","T39
0.14",True
distiluse-base-multilingual-cased-v1,39,Credibility Assessment,788,,7.1016965,4.6003127,0.13654185831546783,"(np.float64(0.12156862745098039), np.float64(0.4666666666666667), np.float64(0.7058823529411765), np.float64(1.0))","T39
0.14",True
distiluse-base-multilingual-cased-v1,40,Credibility Assessment,280,,4.113564,5.855501,0.12121140956878662,"(np.float64(0.6823529411764706), np.float64(0.7803921568627451), np.float64(0.9098039215686274), np.float64(1.0))","T40
0.12",True
distiluse-base-multilingual-cased-v1,40,Credibility Assessment,404,,4.024331,5.8809824,0.12121140956878662,"(np.float64(0.6823529411764706), np.float64(0.7803921568627451), np.float64(0.9098039215686274), np.float64(1.0))","T40
0.12",True
distiluse-base-multilingual-cased-v1,40,Credibility Assessment,406,,4.0091376,5.757764,0.12121140956878662,"(np.float64(0.6823529411764706), np.float64(0.7803921568627451), np.float64(0.9098039215686274), np.float64(1.0))","T40
0.12",True
distiluse-base-multilingual-cased-v1,40,Credibility Assessment,413,,4.055724,5.7887936,0.12121140956878662,"(np.float64(0.6823529411764706), np.float64(0.7803921568627451), np.float64(0.9098039215686274), np.float64(1.0))","T40
0.12",True
distiluse-base-multilingual-cased-v1,40,Credibility Assessment,467,,3.9905894,5.88572,0.12121140956878662,"(np.float64(0.6823529411764706), np.float64(0.7803921568627451), np.float64(0.9098039215686274), np.float64(1.0))","T40
0.12",True
distiluse-base-multilingual-cased-v1,40,Credibility Assessment,474,,4.171133,5.913653,0.12121140956878662,"(np.float64(0.6823529411764706), np.float64(0.7803921568627451), np.float64(0.9098039215686274), np.float64(1.0))","T40
0.12",True
distiluse-base-multilingual-cased-v1,41,"checking, fact",46,,2.4382217,8.112933,0.16886459290981293,"(np.float64(1.0), np.float64(0.4980392156862745), np.float64(0.054901960784313725), np.float64(1.0))","T41
0.17",True
distiluse-base-multilingual-cased-v1,41,"checking, fact",56,,2.3726156,7.9619126,0.16886459290981293,"(np.float64(1.0), np.float64(0.4980392156862745), np.float64(0.054901960784313725), np.float64(1.0))","T41
0.17",True
distiluse-base-multilingual-cased-v1,41,"checking, fact",396,,2.4357696,8.07807,0.16886459290981293,"(np.float64(1.0), np.float64(0.4980392156862745), np.float64(0.054901960784313725), np.float64(1.0))","T41
0.17",True
distiluse-base-multilingual-cased-v1,41,"checking, fact",491,,2.3044453,8.013342,0.16886459290981293,"(np.float64(1.0), np.float64(0.4980392156862745), np.float64(0.054901960784313725), np.float64(1.0))","T41
0.17",True
distiluse-base-multilingual-cased-v1,41,"checking, fact",690,,2.36725,8.284588,0.16886459290981293,"(np.float64(1.0), np.float64(0.4980392156862745), np.float64(0.054901960784313725), np.float64(1.0))","T41
0.17",True
distiluse-base-multilingual-cased-v1,41,"checking, fact",696,,2.416643,8.209165,0.16886459290981293,"(np.float64(1.0), np.float64(0.4980392156862745), np.float64(0.054901960784313725), np.float64(1.0))","T41
0.17",True
distiluse-base-multilingual-cased-v1,42,Misinformation & Propaganda,6,,1.0376109,6.616342,0.36487409472465515,"(np.float64(1.0), np.float64(0.7333333333333333), np.float64(0.47058823529411764), np.float64(1.0))","T42
0.36",True
distiluse-base-multilingual-cased-v1,42,Misinformation & Propaganda,45,,1.0774959,6.5743775,0.36487409472465515,"(np.float64(1.0), np.float64(0.7333333333333333), np.float64(0.47058823529411764), np.float64(1.0))","T42
0.36",True
distiluse-base-multilingual-cased-v1,42,Misinformation & Propaganda,63,,0.87768406,6.4870715,0.36487409472465515,"(np.float64(1.0), np.float64(0.7333333333333333), np.float64(0.47058823529411764), np.float64(1.0))","T42
0.36",True
distiluse-base-multilingual-cased-v1,42,Misinformation & Propaganda,243,,1.5611453,6.3342943,0.36487409472465515,"(np.float64(1.0), np.float64(0.7333333333333333), np.float64(0.47058823529411764), np.float64(1.0))","T42
0.36",True
distiluse-base-multilingual-cased-v1,42,Misinformation & Propaganda,255,,1.0213706,6.4734383,0.36487409472465515,"(np.float64(1.0), np.float64(0.7333333333333333), np.float64(0.47058823529411764), np.float64(1.0))","T42
0.36",True
distiluse-base-multilingual-cased-v1,42,Misinformation & Propaganda,675,,1.5034722,6.4978046,0.36487409472465515,"(np.float64(1.0), np.float64(0.7333333333333333), np.float64(0.47058823529411764), np.float64(1.0))","T42
0.36",True
distiluse-base-multilingual-cased-v1,43,"messaging, crowdsensing",452,,1.7512754,4.237672,0.474679172039032,"(np.float64(0.17254901960784313), np.float64(0.6274509803921569), np.float64(0.17254901960784313), np.float64(1.0))","T43
0.47",False
distiluse-base-multilingual-cased-v1,43,"messaging, crowdsensing",543,,1.8107965,3.8466418,0.474679172039032,"(np.float64(0.17254901960784313), np.float64(0.6274509803921569), np.float64(0.17254901960784313), np.float64(1.0))","T43
0.47",False
distiluse-base-multilingual-cased-v1,43,"messaging, crowdsensing",574,,2.2546604,3.8148136,0.474679172039032,"(np.float64(0.17254901960784313), np.float64(0.6274509803921569), np.float64(0.17254901960784313), np.float64(1.0))","T43
0.47",False
distiluse-base-multilingual-cased-v1,43,"messaging, crowdsensing",590,,2.3243437,3.3507762,0.474679172039032,"(np.float64(0.17254901960784313), np.float64(0.6274509803921569), np.float64(0.17254901960784313), np.float64(1.0))","T43
0.47",False
distiluse-base-multilingual-cased-v1,43,"messaging, crowdsensing",698,,2.1044934,3.8569634,0.474679172039032,"(np.float64(0.17254901960784313), np.float64(0.6274509803921569), np.float64(0.17254901960784313), np.float64(1.0))","T43
0.47",False
distiluse-base-multilingual-cased-v1,43,"messaging, crowdsensing",722,,1.8512808,3.9413877,0.474679172039032,"(np.float64(0.17254901960784313), np.float64(0.6274509803921569), np.float64(0.17254901960784313), np.float64(1.0))","T43
0.47",False
distiluse-base-multilingual-cased-v1,44,"tamper, image",330,,-1.4586357,11.692113,0.21584275364875793,"(np.float64(0.596078431372549), np.float64(0.8745098039215686), np.float64(0.5411764705882353), np.float64(1.0))","T44
0.22",True
distiluse-base-multilingual-cased-v1,44,"tamper, image",409,,-1.6752993,11.788187,0.21584275364875793,"(np.float64(0.596078431372549), np.float64(0.8745098039215686), np.float64(0.5411764705882353), np.float64(1.0))","T44
0.22",True
distiluse-base-multilingual-cased-v1,44,"tamper, image",432,,-1.6497778,11.788921,0.21584275364875793,"(np.float64(0.596078431372549), np.float64(0.8745098039215686), np.float64(0.5411764705882353), np.float64(1.0))","T44
0.22",True
distiluse-base-multilingual-cased-v1,44,"tamper, image",523,,-1.881248,11.803923,0.21584275364875793,"(np.float64(0.596078431372549), np.float64(0.8745098039215686), np.float64(0.5411764705882353), np.float64(1.0))","T44
0.22",True
distiluse-base-multilingual-cased-v1,44,"tamper, image",524,,-1.5185813,11.67965,0.21584275364875793,"(np.float64(0.596078431372549), np.float64(0.8745098039215686), np.float64(0.5411764705882353), np.float64(1.0))","T44
0.22",True
distiluse-base-multilingual-cased-v1,45,"machine, integrity",35,,0.5279977,6.058781,0.13980360329151154,"(np.float64(0.8392156862745098), np.float64(0.15294117647058825), np.float64(0.1568627450980392), np.float64(1.0))","T45
0.14",True
distiluse-base-multilingual-cased-v1,45,"machine, integrity",98,,0.7564861,6.1914783,0.13980360329151154,"(np.float64(0.8392156862745098), np.float64(0.15294117647058825), np.float64(0.1568627450980392), np.float64(1.0))","T45
0.14",True
distiluse-base-multilingual-cased-v1,45,"machine, integrity",295,,0.62663984,6.092483,0.13980360329151154,"(np.float64(0.8392156862745098), np.float64(0.15294117647058825), np.float64(0.1568627450980392), np.float64(1.0))","T45
0.14",True
distiluse-base-multilingual-cased-v1,45,"machine, integrity",310,,0.7257797,6.096366,0.13980360329151154,"(np.float64(0.8392156862745098), np.float64(0.15294117647058825), np.float64(0.1568627450980392), np.float64(1.0))","T45
0.14",True
distiluse-base-multilingual-cased-v1,45,"machine, integrity",335,,0.6289042,6.16391,0.13980360329151154,"(np.float64(0.8392156862745098), np.float64(0.15294117647058825), np.float64(0.1568627450980392), np.float64(1.0))","T45
0.14",True
distiluse-base-multilingual-cased-v1,46,"feedback, immediate",300,,-1.039135,4.807252,1.8335115909576416,"(np.float64(1.0), np.float64(0.596078431372549), np.float64(0.5882352941176471), np.float64(1.0))","T46
1.83",False
distiluse-base-multilingual-cased-v1,46,"feedback, immediate",456,,2.7227435,7.1005635,1.8335115909576416,"(np.float64(1.0), np.float64(0.596078431372549), np.float64(0.5882352941176471), np.float64(1.0))","T46
1.83",False
distiluse-base-multilingual-cased-v1,46,"feedback, immediate",575,,-1.0685694,4.776739,1.8335115909576416,"(np.float64(1.0), np.float64(0.596078431372549), np.float64(0.5882352941176471), np.float64(1.0))","T46
1.83",False
distiluse-base-multilingual-cased-v1,46,"feedback, immediate",684,,-0.848903,4.9528046,1.8335115909576416,"(np.float64(1.0), np.float64(0.596078431372549), np.float64(0.5882352941176471), np.float64(1.0))","T46
1.83",False
distiluse-base-multilingual-cased-v1,46,"feedback, immediate",727,,-1.0674584,4.8098364,1.8335115909576416,"(np.float64(1.0), np.float64(0.596078431372549), np.float64(0.5882352941176471), np.float64(1.0))","T46
1.83",False
distiluse-base-multilingual-cased-v1,47,"multimodal, manipulation",10,,-0.8054708,5.7229514,0.26403170824050903,"(np.float64(0.5803921568627451), np.float64(0.403921568627451), np.float64(0.7411764705882353), np.float64(1.0))","T47
0.26",True
distiluse-base-multilingual-cased-v1,47,"multimodal, manipulation",24,,-1.1080176,5.6922293,0.26403170824050903,"(np.float64(0.5803921568627451), np.float64(0.403921568627451), np.float64(0.7411764705882353), np.float64(1.0))","T47
0.26",True
distiluse-base-multilingual-cased-v1,47,"multimodal, manipulation",58,,-0.6938112,5.6145334,0.26403170824050903,"(np.float64(0.5803921568627451), np.float64(0.403921568627451), np.float64(0.7411764705882353), np.float64(1.0))","T47
0.26",True
distiluse-base-multilingual-cased-v1,47,"multimodal, manipulation",260,,-1.04101,5.484385,0.26403170824050903,"(np.float64(0.5803921568627451), np.float64(0.403921568627451), np.float64(0.7411764705882353), np.float64(1.0))","T47
0.26",True
distiluse-base-multilingual-cased-v1,47,"multimodal, manipulation",287,,-0.7836845,5.600473,0.26403170824050903,"(np.float64(0.5803921568627451), np.float64(0.403921568627451), np.float64(0.7411764705882353), np.float64(1.0))","T47
0.26",True
distiluse-base-multilingual-cased-v1,48,Misinformation & Propaganda,86,,-0.15505676,4.902349,0.29813987016677856,"(np.float64(0.7725490196078432), np.float64(0.6901960784313725), np.float64(0.8352941176470589), np.float64(1.0))","T48
0.30",True
distiluse-base-multilingual-cased-v1,48,Misinformation & Propaganda,99,,0.107528746,5.4106464,0.29813987016677856,"(np.float64(0.7725490196078432), np.float64(0.6901960784313725), np.float64(0.8352941176470589), np.float64(1.0))","T48
0.30",True
distiluse-base-multilingual-cased-v1,48,Misinformation & Propaganda,271,,-0.20435962,5.181682,0.29813987016677856,"(np.float64(0.7725490196078432), np.float64(0.6901960784313725), np.float64(0.8352941176470589), np.float64(1.0))","T48
0.30",True
distiluse-base-multilingual-cased-v1,48,Misinformation & Propaganda,313,,-0.2380858,5.217535,0.29813987016677856,"(np.float64(0.7725490196078432), np.float64(0.6901960784313725), np.float64(0.8352941176470589), np.float64(1.0))","T48
0.30",True
distiluse-base-multilingual-cased-v1,48,Misinformation & Propaganda,607,,-0.14071882,5.024604,0.29813987016677856,"(np.float64(0.7725490196078432), np.float64(0.6901960784313725), np.float64(0.8352941176470589), np.float64(1.0))","T48
0.30",True
distiluse-base-multilingual-cased-v1,49,Misinformation & Propaganda,207,,1.4944518,5.845332,0.2997308373451233,"(np.float64(0.5490196078431373), np.float64(0.33725490196078434), np.float64(0.29411764705882354), np.float64(1.0))","T49
0.30",True
distiluse-base-multilingual-cased-v1,49,Misinformation & Propaganda,301,,1.3329614,5.6987824,0.2997308373451233,"(np.float64(0.5490196078431373), np.float64(0.33725490196078434), np.float64(0.29411764705882354), np.float64(1.0))","T49
0.30",True
distiluse-base-multilingual-cased-v1,49,Misinformation & Propaganda,400,,1.6085938,5.516809,0.2997308373451233,"(np.float64(0.5490196078431373), np.float64(0.33725490196078434), np.float64(0.29411764705882354), np.float64(1.0))","T49
0.30",True
distiluse-base-multilingual-cased-v1,49,Misinformation & Propaganda,513,,1.3290958,5.7685695,0.2997308373451233,"(np.float64(0.5490196078431373), np.float64(0.33725490196078434), np.float64(0.29411764705882354), np.float64(1.0))","T49
0.30",True
distiluse-base-multilingual-cased-v1,49,Misinformation & Propaganda,608,,1.6046524,6.0106053,0.2997308373451233,"(np.float64(0.5490196078431373), np.float64(0.33725490196078434), np.float64(0.29411764705882354), np.float64(1.0))","T49
0.30",True
distiluse-base-multilingual-cased-v1,50,Journalism & Media Studies,272,,2.0995939,3.1423566,0.1594935804605484,"(np.float64(0.7686274509803922), np.float64(0.611764705882353), np.float64(0.5803921568627451), np.float64(1.0))","T50
0.16",True
distiluse-base-multilingual-cased-v1,50,Journalism & Media Studies,277,,2.2548006,3.1242843,0.1594935804605484,"(np.float64(0.7686274509803922), np.float64(0.611764705882353), np.float64(0.5803921568627451), np.float64(1.0))","T50
0.16",True
distiluse-base-multilingual-cased-v1,50,Journalism & Media Studies,656,,2.1683652,3.0843031,0.1594935804605484,"(np.float64(0.7686274509803922), np.float64(0.611764705882353), np.float64(0.5803921568627451), np.float64(1.0))","T50
0.16",True
distiluse-base-multilingual-cased-v1,50,Journalism & Media Studies,657,,2.237168,3.2667952,0.1594935804605484,"(np.float64(0.7686274509803922), np.float64(0.611764705882353), np.float64(0.5803921568627451), np.float64(1.0))","T50
0.16",True
distiluse-base-multilingual-cased-v1,50,Journalism & Media Studies,662,,2.2345426,2.9905713,0.1594935804605484,"(np.float64(0.7686274509803922), np.float64(0.611764705882353), np.float64(0.5803921568627451), np.float64(1.0))","T50
0.16",True
distiluse-base-multilingual-cased-v1,51,Misinformation & Propaganda,240,,0.033413097,3.1988401,0.1611001193523407,"(np.float64(0.8901960784313725), np.float64(0.4666666666666667), np.float64(0.7607843137254902), np.float64(1.0))","T51
0.16",True
distiluse-base-multilingual-cased-v1,51,Misinformation & Propaganda,314,,0.23820238,3.1286483,0.1611001193523407,"(np.float64(0.8901960784313725), np.float64(0.4666666666666667), np.float64(0.7607843137254902), np.float64(1.0))","T51
0.16",True
distiluse-base-multilingual-cased-v1,51,Misinformation & Propaganda,355,,0.27773237,3.1641986,0.1611001193523407,"(np.float64(0.8901960784313725), np.float64(0.4666666666666667), np.float64(0.7607843137254902), np.float64(1.0))","T51
0.16",True
distiluse-base-multilingual-cased-v1,51,Misinformation & Propaganda,361,,0.0063320817,3.2168162,0.1611001193523407,"(np.float64(0.8901960784313725), np.float64(0.4666666666666667), np.float64(0.7607843137254902), np.float64(1.0))","T51
0.16",True
distiluse-base-multilingual-cased-v1,51,Misinformation & Propaganda,640,,0.15130283,3.2260706,0.1611001193523407,"(np.float64(0.8901960784313725), np.float64(0.4666666666666667), np.float64(0.7607843137254902), np.float64(1.0))","T51
0.16",True
distiluse-base-multilingual-cased-v1,52,"lab, checkthat",212,,1.3566302,7.546059,0.12068825960159302,"(np.float64(0.9686274509803922), np.float64(0.7137254901960784), np.float64(0.8235294117647058), np.float64(1.0))","T52
0.12",True
distiluse-base-multilingual-cased-v1,52,"lab, checkthat",356,,1.3021137,7.4946756,0.12068825960159302,"(np.float64(0.9686274509803922), np.float64(0.7137254901960784), np.float64(0.8235294117647058), np.float64(1.0))","T52
0.12",True
distiluse-base-multilingual-cased-v1,52,"lab, checkthat",599,,1.2476771,7.5718822,0.12068825960159302,"(np.float64(0.9686274509803922), np.float64(0.7137254901960784), np.float64(0.8235294117647058), np.float64(1.0))","T52
0.12",True
distiluse-base-multilingual-cased-v1,52,"lab, checkthat",650,,1.22555,7.57591,0.12068825960159302,"(np.float64(0.9686274509803922), np.float64(0.7137254901960784), np.float64(0.8235294117647058), np.float64(1.0))","T52
0.12",True
distiluse-base-multilingual-cased-v1,52,"lab, checkthat",680,,1.3804543,7.667462,0.12068825960159302,"(np.float64(0.9686274509803922), np.float64(0.7137254901960784), np.float64(0.8235294117647058), np.float64(1.0))","T52
0.12",True
distiluse-base-multilingual-cased-v1,53,"students, health",168,,4.160743,6.188122,0.14582805335521698,"(np.float64(0.4980392156862745), np.float64(0.4980392156862745), np.float64(0.4980392156862745), np.float64(1.0))","T53
0.15",True
distiluse-base-multilingual-cased-v1,53,"students, health",389,,4.2964973,6.079599,0.14582805335521698,"(np.float64(0.4980392156862745), np.float64(0.4980392156862745), np.float64(0.4980392156862745), np.float64(1.0))","T53
0.15",True
distiluse-base-multilingual-cased-v1,53,"students, health",449,,4.236187,6.1195774,0.14582805335521698,"(np.float64(0.4980392156862745), np.float64(0.4980392156862745), np.float64(0.4980392156862745), np.float64(1.0))","T53
0.15",True
distiluse-base-multilingual-cased-v1,53,"students, health",499,,4.1757646,5.971236,0.14582805335521698,"(np.float64(0.4980392156862745), np.float64(0.4980392156862745), np.float64(0.4980392156862745), np.float64(1.0))","T53
0.15",True
distiluse-base-multilingual-cased-v1,53,"students, health",589,,4.1844826,6.2168574,0.14582805335521698,"(np.float64(0.4980392156862745), np.float64(0.4980392156862745), np.float64(0.4980392156862745), np.float64(1.0))","T53
0.15",True
distiluse-base-multilingual-cased-v1,54,"regions, image",137,,-1.9812833,11.759163,0.1766984909772873,"(np.float64(0.7803921568627451), np.float64(0.7803921568627451), np.float64(0.7803921568627451), np.float64(1.0))","T54
0.18",True
distiluse-base-multilingual-cased-v1,54,"regions, image",144,,-1.8114799,11.627242,0.1766984909772873,"(np.float64(0.7803921568627451), np.float64(0.7803921568627451), np.float64(0.7803921568627451), np.float64(1.0))","T54
0.18",True
distiluse-base-multilingual-cased-v1,54,"regions, image",145,,-1.7688533,11.62288,0.1766984909772873,"(np.float64(0.7803921568627451), np.float64(0.7803921568627451), np.float64(0.7803921568627451), np.float64(1.0))","T54
0.18",True
distiluse-base-multilingual-cased-v1,54,"regions, image",245,,-1.912285,11.57851,0.1766984909772873,"(np.float64(0.7803921568627451), np.float64(0.7803921568627451), np.float64(0.7803921568627451), np.float64(1.0))","T54
0.18",True
distiluse-base-multilingual-cased-v1,54,"regions, image",699,,-1.7927353,11.80134,0.1766984909772873,"(np.float64(0.7803921568627451), np.float64(0.7803921568627451), np.float64(0.7803921568627451), np.float64(1.0))","T54
0.18",True
distiluse-base-multilingual-cased-v1,55,Misinformation & Propaganda,105,,0.16684954,3.9411829,0.2833472788333893,"(np.float64(0.7372549019607844), np.float64(0.7411764705882353), np.float64(0.13333333333333333), np.float64(1.0))","T55
0.28",True
distiluse-base-multilingual-cased-v1,55,Misinformation & Propaganda,113,,0.18339507,3.727917,0.2833472788333893,"(np.float64(0.7372549019607844), np.float64(0.7411764705882353), np.float64(0.13333333333333333), np.float64(1.0))","T55
0.28",True
distiluse-base-multilingual-cased-v1,55,Misinformation & Propaganda,304,,-0.0713609,3.8254638,0.2833472788333893,"(np.float64(0.7372549019607844), np.float64(0.7411764705882353), np.float64(0.13333333333333333), np.float64(1.0))","T55
0.28",True
distiluse-base-multilingual-cased-v1,55,Misinformation & Propaganda,489,,0.06284137,3.9264162,0.2833472788333893,"(np.float64(0.7372549019607844), np.float64(0.7411764705882353), np.float64(0.13333333333333333), np.float64(1.0))","T55
0.28",True
distiluse-base-multilingual-cased-v1,55,Misinformation & Propaganda,726,,-0.12614627,4.172523,0.2833472788333893,"(np.float64(0.7372549019607844), np.float64(0.7411764705882353), np.float64(0.13333333333333333), np.float64(1.0))","T55
0.28",True
distiluse-base-multilingual-cased-v1,56,Misinformation & Propaganda,97,,-0.41884282,4.1108327,0.32942232489585876,"(np.float64(0.8588235294117647), np.float64(0.8588235294117647), np.float64(0.5529411764705883), np.float64(1.0))","T56
0.33",True
distiluse-base-multilingual-cased-v1,56,Misinformation & Propaganda,232,,-0.40854874,3.8047006,0.32942232489585876,"(np.float64(0.8588235294117647), np.float64(0.8588235294117647), np.float64(0.5529411764705883), np.float64(1.0))","T56
0.33",True
distiluse-base-multilingual-cased-v1,56,Misinformation & Propaganda,289,,-0.54569584,3.82439,0.32942232489585876,"(np.float64(0.8588235294117647), np.float64(0.8588235294117647), np.float64(0.5529411764705883), np.float64(1.0))","T56
0.33",True
distiluse-base-multilingual-cased-v1,56,Misinformation & Propaganda,365,,-0.5699257,3.616585,0.32942232489585876,"(np.float64(0.8588235294117647), np.float64(0.8588235294117647), np.float64(0.5529411764705883), np.float64(1.0))","T56
0.33",True
distiluse-base-multilingual-cased-v1,56,Misinformation & Propaganda,405,,-0.3684776,4.208033,0.32942232489585876,"(np.float64(0.8588235294117647), np.float64(0.8588235294117647), np.float64(0.5529411764705883), np.float64(1.0))","T56
0.33",True
