embedding_model,topic_id,topic_label,document_id,score,x,y,density,color,label,cohesive
all-mpnet-base-v2,-1,Misinformation & Propaganda,2,,7.1394596,8.573583,3.040489435195923,"(np.float64(0.12156862745098039), np.float64(0.4666666666666667), np.float64(0.7058823529411765), np.float64(1.0))","T-1
3.04",False
all-mpnet-base-v2,-1,Misinformation & Propaganda,4,,5.909748,10.04016,3.040489435195923,"(np.float64(0.12156862745098039), np.float64(0.4666666666666667), np.float64(0.7058823529411765), np.float64(1.0))","T-1
3.04",False
all-mpnet-base-v2,-1,Misinformation & Propaganda,17,,5.453097,8.015425,3.040489435195923,"(np.float64(0.12156862745098039), np.float64(0.4666666666666667), np.float64(0.7058823529411765), np.float64(1.0))","T-1
3.04",False
all-mpnet-base-v2,-1,Misinformation & Propaganda,27,,9.291814,7.6314464,3.040489435195923,"(np.float64(0.12156862745098039), np.float64(0.4666666666666667), np.float64(0.7058823529411765), np.float64(1.0))","T-1
3.04",False
all-mpnet-base-v2,-1,Misinformation & Propaganda,30,,8.889378,8.17708,3.040489435195923,"(np.float64(0.12156862745098039), np.float64(0.4666666666666667), np.float64(0.7058823529411765), np.float64(1.0))","T-1
3.04",False
all-mpnet-base-v2,-1,Misinformation & Propaganda,31,,6.9978647,7.542263,3.040489435195923,"(np.float64(0.12156862745098039), np.float64(0.4666666666666667), np.float64(0.7058823529411765), np.float64(1.0))","T-1
3.04",False
all-mpnet-base-v2,-1,Misinformation & Propaganda,36,,6.1081176,10.656457,3.040489435195923,"(np.float64(0.12156862745098039), np.float64(0.4666666666666667), np.float64(0.7058823529411765), np.float64(1.0))","T-1
3.04",False
all-mpnet-base-v2,-1,Misinformation & Propaganda,43,,8.582267,5.2008414,3.040489435195923,"(np.float64(0.12156862745098039), np.float64(0.4666666666666667), np.float64(0.7058823529411765), np.float64(1.0))","T-1
3.04",False
all-mpnet-base-v2,-1,Misinformation & Propaganda,58,,7.5686946,6.4620214,3.040489435195923,"(np.float64(0.12156862745098039), np.float64(0.4666666666666667), np.float64(0.7058823529411765), np.float64(1.0))","T-1
3.04",False
all-mpnet-base-v2,-1,Misinformation & Propaganda,60,,6.6223726,6.802403,3.040489435195923,"(np.float64(0.12156862745098039), np.float64(0.4666666666666667), np.float64(0.7058823529411765), np.float64(1.0))","T-1
3.04",False
all-mpnet-base-v2,-1,Misinformation & Propaganda,73,,9.049239,7.6147118,3.040489435195923,"(np.float64(0.12156862745098039), np.float64(0.4666666666666667), np.float64(0.7058823529411765), np.float64(1.0))","T-1
3.04",False
all-mpnet-base-v2,-1,Misinformation & Propaganda,83,,6.0485196,8.072844,3.040489435195923,"(np.float64(0.12156862745098039), np.float64(0.4666666666666667), np.float64(0.7058823529411765), np.float64(1.0))","T-1
3.04",False
all-mpnet-base-v2,-1,Misinformation & Propaganda,84,,6.0395484,8.913126,3.040489435195923,"(np.float64(0.12156862745098039), np.float64(0.4666666666666667), np.float64(0.7058823529411765), np.float64(1.0))","T-1
3.04",False
all-mpnet-base-v2,-1,Misinformation & Propaganda,85,,5.314887,9.495562,3.040489435195923,"(np.float64(0.12156862745098039), np.float64(0.4666666666666667), np.float64(0.7058823529411765), np.float64(1.0))","T-1
3.04",False
all-mpnet-base-v2,-1,Misinformation & Propaganda,87,,7.6503186,3.9498925,3.040489435195923,"(np.float64(0.12156862745098039), np.float64(0.4666666666666667), np.float64(0.7058823529411765), np.float64(1.0))","T-1
3.04",False
all-mpnet-base-v2,-1,Misinformation & Propaganda,90,,5.580617,9.19745,3.040489435195923,"(np.float64(0.12156862745098039), np.float64(0.4666666666666667), np.float64(0.7058823529411765), np.float64(1.0))","T-1
3.04",False
all-mpnet-base-v2,-1,Misinformation & Propaganda,93,,7.3060594,6.942314,3.040489435195923,"(np.float64(0.12156862745098039), np.float64(0.4666666666666667), np.float64(0.7058823529411765), np.float64(1.0))","T-1
3.04",False
all-mpnet-base-v2,-1,Misinformation & Propaganda,97,,6.209537,8.077423,3.040489435195923,"(np.float64(0.12156862745098039), np.float64(0.4666666666666667), np.float64(0.7058823529411765), np.float64(1.0))","T-1
3.04",False
all-mpnet-base-v2,-1,Misinformation & Propaganda,105,,7.7588744,3.6290145,3.040489435195923,"(np.float64(0.12156862745098039), np.float64(0.4666666666666667), np.float64(0.7058823529411765), np.float64(1.0))","T-1
3.04",False
all-mpnet-base-v2,-1,Misinformation & Propaganda,110,,4.5017514,7.6451488,3.040489435195923,"(np.float64(0.12156862745098039), np.float64(0.4666666666666667), np.float64(0.7058823529411765), np.float64(1.0))","T-1
3.04",False
all-mpnet-base-v2,-1,Misinformation & Propaganda,112,,4.8660874,8.453128,3.040489435195923,"(np.float64(0.12156862745098039), np.float64(0.4666666666666667), np.float64(0.7058823529411765), np.float64(1.0))","T-1
3.04",False
all-mpnet-base-v2,-1,Misinformation & Propaganda,115,,5.175088,9.59061,3.040489435195923,"(np.float64(0.12156862745098039), np.float64(0.4666666666666667), np.float64(0.7058823529411765), np.float64(1.0))","T-1
3.04",False
all-mpnet-base-v2,-1,Misinformation & Propaganda,124,,5.4114804,8.228939,3.040489435195923,"(np.float64(0.12156862745098039), np.float64(0.4666666666666667), np.float64(0.7058823529411765), np.float64(1.0))","T-1
3.04",False
all-mpnet-base-v2,-1,Misinformation & Propaganda,125,,5.1228476,7.2796516,3.040489435195923,"(np.float64(0.12156862745098039), np.float64(0.4666666666666667), np.float64(0.7058823529411765), np.float64(1.0))","T-1
3.04",False
all-mpnet-base-v2,-1,Misinformation & Propaganda,127,,5.787088,9.146703,3.040489435195923,"(np.float64(0.12156862745098039), np.float64(0.4666666666666667), np.float64(0.7058823529411765), np.float64(1.0))","T-1
3.04",False
all-mpnet-base-v2,-1,Misinformation & Propaganda,129,,6.461643,10.814606,3.040489435195923,"(np.float64(0.12156862745098039), np.float64(0.4666666666666667), np.float64(0.7058823529411765), np.float64(1.0))","T-1
3.04",False
all-mpnet-base-v2,-1,Misinformation & Propaganda,132,,5.698262,9.301795,3.040489435195923,"(np.float64(0.12156862745098039), np.float64(0.4666666666666667), np.float64(0.7058823529411765), np.float64(1.0))","T-1
3.04",False
all-mpnet-base-v2,-1,Misinformation & Propaganda,133,,5.6559396,7.5275683,3.040489435195923,"(np.float64(0.12156862745098039), np.float64(0.4666666666666667), np.float64(0.7058823529411765), np.float64(1.0))","T-1
3.04",False
all-mpnet-base-v2,-1,Misinformation & Propaganda,136,,6.2391872,10.846408,3.040489435195923,"(np.float64(0.12156862745098039), np.float64(0.4666666666666667), np.float64(0.7058823529411765), np.float64(1.0))","T-1
3.04",False
all-mpnet-base-v2,-1,Misinformation & Propaganda,138,,5.027267,9.207178,3.040489435195923,"(np.float64(0.12156862745098039), np.float64(0.4666666666666667), np.float64(0.7058823529411765), np.float64(1.0))","T-1
3.04",False
all-mpnet-base-v2,-1,Misinformation & Propaganda,140,,4.240039,7.722265,3.040489435195923,"(np.float64(0.12156862745098039), np.float64(0.4666666666666667), np.float64(0.7058823529411765), np.float64(1.0))","T-1
3.04",False
all-mpnet-base-v2,-1,Misinformation & Propaganda,144,,5.1410623,7.499193,3.040489435195923,"(np.float64(0.12156862745098039), np.float64(0.4666666666666667), np.float64(0.7058823529411765), np.float64(1.0))","T-1
3.04",False
all-mpnet-base-v2,-1,Misinformation & Propaganda,146,,5.653229,9.275725,3.040489435195923,"(np.float64(0.12156862745098039), np.float64(0.4666666666666667), np.float64(0.7058823529411765), np.float64(1.0))","T-1
3.04",False
all-mpnet-base-v2,-1,Misinformation & Propaganda,151,,4.5219526,8.053272,3.040489435195923,"(np.float64(0.12156862745098039), np.float64(0.4666666666666667), np.float64(0.7058823529411765), np.float64(1.0))","T-1
3.04",False
all-mpnet-base-v2,-1,Misinformation & Propaganda,155,,6.849216,10.277714,3.040489435195923,"(np.float64(0.12156862745098039), np.float64(0.4666666666666667), np.float64(0.7058823529411765), np.float64(1.0))","T-1
3.04",False
all-mpnet-base-v2,-1,Misinformation & Propaganda,157,,5.1586113,7.8724213,3.040489435195923,"(np.float64(0.12156862745098039), np.float64(0.4666666666666667), np.float64(0.7058823529411765), np.float64(1.0))","T-1
3.04",False
all-mpnet-base-v2,-1,Misinformation & Propaganda,159,,5.550115,11.5304785,3.040489435195923,"(np.float64(0.12156862745098039), np.float64(0.4666666666666667), np.float64(0.7058823529411765), np.float64(1.0))","T-1
3.04",False
all-mpnet-base-v2,-1,Misinformation & Propaganda,160,,5.860388,8.169537,3.040489435195923,"(np.float64(0.12156862745098039), np.float64(0.4666666666666667), np.float64(0.7058823529411765), np.float64(1.0))","T-1
3.04",False
all-mpnet-base-v2,-1,Misinformation & Propaganda,166,,5.8752007,6.8710685,3.040489435195923,"(np.float64(0.12156862745098039), np.float64(0.4666666666666667), np.float64(0.7058823529411765), np.float64(1.0))","T-1
3.04",False
all-mpnet-base-v2,-1,Misinformation & Propaganda,167,,6.510514,9.845946,3.040489435195923,"(np.float64(0.12156862745098039), np.float64(0.4666666666666667), np.float64(0.7058823529411765), np.float64(1.0))","T-1
3.04",False
all-mpnet-base-v2,-1,Misinformation & Propaganda,168,,5.2350717,7.7214804,3.040489435195923,"(np.float64(0.12156862745098039), np.float64(0.4666666666666667), np.float64(0.7058823529411765), np.float64(1.0))","T-1
3.04",False
all-mpnet-base-v2,-1,Misinformation & Propaganda,172,,7.7626376,6.1148877,3.040489435195923,"(np.float64(0.12156862745098039), np.float64(0.4666666666666667), np.float64(0.7058823529411765), np.float64(1.0))","T-1
3.04",False
all-mpnet-base-v2,-1,Misinformation & Propaganda,174,,7.247962,4.222031,3.040489435195923,"(np.float64(0.12156862745098039), np.float64(0.4666666666666667), np.float64(0.7058823529411765), np.float64(1.0))","T-1
3.04",False
all-mpnet-base-v2,-1,Misinformation & Propaganda,178,,7.053851,3.7450504,3.040489435195923,"(np.float64(0.12156862745098039), np.float64(0.4666666666666667), np.float64(0.7058823529411765), np.float64(1.0))","T-1
3.04",False
all-mpnet-base-v2,-1,Misinformation & Propaganda,180,,6.824266,7.260025,3.040489435195923,"(np.float64(0.12156862745098039), np.float64(0.4666666666666667), np.float64(0.7058823529411765), np.float64(1.0))","T-1
3.04",False
all-mpnet-base-v2,-1,Misinformation & Propaganda,182,,6.863478,3.2918494,3.040489435195923,"(np.float64(0.12156862745098039), np.float64(0.4666666666666667), np.float64(0.7058823529411765), np.float64(1.0))","T-1
3.04",False
all-mpnet-base-v2,-1,Misinformation & Propaganda,192,,6.010023,5.44422,3.040489435195923,"(np.float64(0.12156862745098039), np.float64(0.4666666666666667), np.float64(0.7058823529411765), np.float64(1.0))","T-1
3.04",False
all-mpnet-base-v2,-1,Misinformation & Propaganda,201,,6.727517,5.6548095,3.040489435195923,"(np.float64(0.12156862745098039), np.float64(0.4666666666666667), np.float64(0.7058823529411765), np.float64(1.0))","T-1
3.04",False
all-mpnet-base-v2,-1,Misinformation & Propaganda,206,,5.097807,6.874594,3.040489435195923,"(np.float64(0.12156862745098039), np.float64(0.4666666666666667), np.float64(0.7058823529411765), np.float64(1.0))","T-1
3.04",False
all-mpnet-base-v2,-1,Misinformation & Propaganda,212,,6.4115257,5.5737605,3.040489435195923,"(np.float64(0.12156862745098039), np.float64(0.4666666666666667), np.float64(0.7058823529411765), np.float64(1.0))","T-1
3.04",False
all-mpnet-base-v2,-1,Misinformation & Propaganda,213,,7.560817,6.775616,3.040489435195923,"(np.float64(0.12156862745098039), np.float64(0.4666666666666667), np.float64(0.7058823529411765), np.float64(1.0))","T-1
3.04",False
all-mpnet-base-v2,-1,Misinformation & Propaganda,215,,6.5331116,5.632171,3.040489435195923,"(np.float64(0.12156862745098039), np.float64(0.4666666666666667), np.float64(0.7058823529411765), np.float64(1.0))","T-1
3.04",False
all-mpnet-base-v2,-1,Misinformation & Propaganda,218,,4.560599,8.037866,3.040489435195923,"(np.float64(0.12156862745098039), np.float64(0.4666666666666667), np.float64(0.7058823529411765), np.float64(1.0))","T-1
3.04",False
all-mpnet-base-v2,-1,Misinformation & Propaganda,225,,7.4433537,6.9664626,3.040489435195923,"(np.float64(0.12156862745098039), np.float64(0.4666666666666667), np.float64(0.7058823529411765), np.float64(1.0))","T-1
3.04",False
all-mpnet-base-v2,-1,Misinformation & Propaganda,227,,6.5777,8.381436,3.040489435195923,"(np.float64(0.12156862745098039), np.float64(0.4666666666666667), np.float64(0.7058823529411765), np.float64(1.0))","T-1
3.04",False
all-mpnet-base-v2,-1,Misinformation & Propaganda,233,,8.340217,6.33213,3.040489435195923,"(np.float64(0.12156862745098039), np.float64(0.4666666666666667), np.float64(0.7058823529411765), np.float64(1.0))","T-1
3.04",False
all-mpnet-base-v2,-1,Misinformation & Propaganda,234,,6.863314,6.315498,3.040489435195923,"(np.float64(0.12156862745098039), np.float64(0.4666666666666667), np.float64(0.7058823529411765), np.float64(1.0))","T-1
3.04",False
all-mpnet-base-v2,-1,Misinformation & Propaganda,236,,5.9201097,9.291445,3.040489435195923,"(np.float64(0.12156862745098039), np.float64(0.4666666666666667), np.float64(0.7058823529411765), np.float64(1.0))","T-1
3.04",False
all-mpnet-base-v2,-1,Misinformation & Propaganda,248,,8.339552,3.9822998,3.040489435195923,"(np.float64(0.12156862745098039), np.float64(0.4666666666666667), np.float64(0.7058823529411765), np.float64(1.0))","T-1
3.04",False
all-mpnet-base-v2,-1,Misinformation & Propaganda,249,,6.8861723,7.17465,3.040489435195923,"(np.float64(0.12156862745098039), np.float64(0.4666666666666667), np.float64(0.7058823529411765), np.float64(1.0))","T-1
3.04",False
all-mpnet-base-v2,-1,Misinformation & Propaganda,250,,4.6794753,6.6265316,3.040489435195923,"(np.float64(0.12156862745098039), np.float64(0.4666666666666667), np.float64(0.7058823529411765), np.float64(1.0))","T-1
3.04",False
all-mpnet-base-v2,-1,Misinformation & Propaganda,256,,6.6023874,10.0199585,3.040489435195923,"(np.float64(0.12156862745098039), np.float64(0.4666666666666667), np.float64(0.7058823529411765), np.float64(1.0))","T-1
3.04",False
all-mpnet-base-v2,-1,Misinformation & Propaganda,257,,5.3265157,7.9204764,3.040489435195923,"(np.float64(0.12156862745098039), np.float64(0.4666666666666667), np.float64(0.7058823529411765), np.float64(1.0))","T-1
3.04",False
all-mpnet-base-v2,-1,Misinformation & Propaganda,261,,7.384214,3.9071467,3.040489435195923,"(np.float64(0.12156862745098039), np.float64(0.4666666666666667), np.float64(0.7058823529411765), np.float64(1.0))","T-1
3.04",False
all-mpnet-base-v2,-1,Misinformation & Propaganda,264,,5.627217,8.710463,3.040489435195923,"(np.float64(0.12156862745098039), np.float64(0.4666666666666667), np.float64(0.7058823529411765), np.float64(1.0))","T-1
3.04",False
all-mpnet-base-v2,-1,Misinformation & Propaganda,265,,6.6995277,7.9003963,3.040489435195923,"(np.float64(0.12156862745098039), np.float64(0.4666666666666667), np.float64(0.7058823529411765), np.float64(1.0))","T-1
3.04",False
all-mpnet-base-v2,-1,Misinformation & Propaganda,268,,8.810162,8.059629,3.040489435195923,"(np.float64(0.12156862745098039), np.float64(0.4666666666666667), np.float64(0.7058823529411765), np.float64(1.0))","T-1
3.04",False
all-mpnet-base-v2,-1,Misinformation & Propaganda,273,,5.722155,8.756133,3.040489435195923,"(np.float64(0.12156862745098039), np.float64(0.4666666666666667), np.float64(0.7058823529411765), np.float64(1.0))","T-1
3.04",False
all-mpnet-base-v2,-1,Misinformation & Propaganda,276,,7.3416996,3.374846,3.040489435195923,"(np.float64(0.12156862745098039), np.float64(0.4666666666666667), np.float64(0.7058823529411765), np.float64(1.0))","T-1
3.04",False
all-mpnet-base-v2,-1,Misinformation & Propaganda,278,,5.7144394,6.151689,3.040489435195923,"(np.float64(0.12156862745098039), np.float64(0.4666666666666667), np.float64(0.7058823529411765), np.float64(1.0))","T-1
3.04",False
all-mpnet-base-v2,-1,Misinformation & Propaganda,279,,5.5236917,8.012306,3.040489435195923,"(np.float64(0.12156862745098039), np.float64(0.4666666666666667), np.float64(0.7058823529411765), np.float64(1.0))","T-1
3.04",False
all-mpnet-base-v2,-1,Misinformation & Propaganda,282,,6.1504645,9.359589,3.040489435195923,"(np.float64(0.12156862745098039), np.float64(0.4666666666666667), np.float64(0.7058823529411765), np.float64(1.0))","T-1
3.04",False
all-mpnet-base-v2,-1,Misinformation & Propaganda,289,,7.380539,7.432304,3.040489435195923,"(np.float64(0.12156862745098039), np.float64(0.4666666666666667), np.float64(0.7058823529411765), np.float64(1.0))","T-1
3.04",False
all-mpnet-base-v2,-1,Misinformation & Propaganda,291,,6.3352876,10.3300905,3.040489435195923,"(np.float64(0.12156862745098039), np.float64(0.4666666666666667), np.float64(0.7058823529411765), np.float64(1.0))","T-1
3.04",False
all-mpnet-base-v2,-1,Misinformation & Propaganda,292,,7.425485,6.476744,3.040489435195923,"(np.float64(0.12156862745098039), np.float64(0.4666666666666667), np.float64(0.7058823529411765), np.float64(1.0))","T-1
3.04",False
all-mpnet-base-v2,-1,Misinformation & Propaganda,293,,5.6427155,8.167263,3.040489435195923,"(np.float64(0.12156862745098039), np.float64(0.4666666666666667), np.float64(0.7058823529411765), np.float64(1.0))","T-1
3.04",False
all-mpnet-base-v2,-1,Misinformation & Propaganda,294,,5.4776773,6.911261,3.040489435195923,"(np.float64(0.12156862745098039), np.float64(0.4666666666666667), np.float64(0.7058823529411765), np.float64(1.0))","T-1
3.04",False
all-mpnet-base-v2,-1,Misinformation & Propaganda,295,,6.388312,10.3506565,3.040489435195923,"(np.float64(0.12156862745098039), np.float64(0.4666666666666667), np.float64(0.7058823529411765), np.float64(1.0))","T-1
3.04",False
all-mpnet-base-v2,-1,Misinformation & Propaganda,301,,7.600697,3.686575,3.040489435195923,"(np.float64(0.12156862745098039), np.float64(0.4666666666666667), np.float64(0.7058823529411765), np.float64(1.0))","T-1
3.04",False
all-mpnet-base-v2,-1,Misinformation & Propaganda,303,,8.651935,8.030679,3.040489435195923,"(np.float64(0.12156862745098039), np.float64(0.4666666666666667), np.float64(0.7058823529411765), np.float64(1.0))","T-1
3.04",False
all-mpnet-base-v2,-1,Misinformation & Propaganda,304,,5.5942297,8.644381,3.040489435195923,"(np.float64(0.12156862745098039), np.float64(0.4666666666666667), np.float64(0.7058823529411765), np.float64(1.0))","T-1
3.04",False
all-mpnet-base-v2,-1,Misinformation & Propaganda,308,,7.7121315,4.221921,3.040489435195923,"(np.float64(0.12156862745098039), np.float64(0.4666666666666667), np.float64(0.7058823529411765), np.float64(1.0))","T-1
3.04",False
all-mpnet-base-v2,-1,Misinformation & Propaganda,309,,5.4067516,8.873834,3.040489435195923,"(np.float64(0.12156862745098039), np.float64(0.4666666666666667), np.float64(0.7058823529411765), np.float64(1.0))","T-1
3.04",False
all-mpnet-base-v2,-1,Misinformation & Propaganda,315,,6.0897036,7.3495073,3.040489435195923,"(np.float64(0.12156862745098039), np.float64(0.4666666666666667), np.float64(0.7058823529411765), np.float64(1.0))","T-1
3.04",False
all-mpnet-base-v2,-1,Misinformation & Propaganda,325,,4.0033765,6.710633,3.040489435195923,"(np.float64(0.12156862745098039), np.float64(0.4666666666666667), np.float64(0.7058823529411765), np.float64(1.0))","T-1
3.04",False
all-mpnet-base-v2,-1,Misinformation & Propaganda,332,,6.3883014,10.898729,3.040489435195923,"(np.float64(0.12156862745098039), np.float64(0.4666666666666667), np.float64(0.7058823529411765), np.float64(1.0))","T-1
3.04",False
all-mpnet-base-v2,-1,Misinformation & Propaganda,342,,4.771222,7.895496,3.040489435195923,"(np.float64(0.12156862745098039), np.float64(0.4666666666666667), np.float64(0.7058823529411765), np.float64(1.0))","T-1
3.04",False
all-mpnet-base-v2,-1,Misinformation & Propaganda,349,,5.844888,9.074073,3.040489435195923,"(np.float64(0.12156862745098039), np.float64(0.4666666666666667), np.float64(0.7058823529411765), np.float64(1.0))","T-1
3.04",False
all-mpnet-base-v2,-1,Misinformation & Propaganda,353,,6.3731213,10.521928,3.040489435195923,"(np.float64(0.12156862745098039), np.float64(0.4666666666666667), np.float64(0.7058823529411765), np.float64(1.0))","T-1
3.04",False
all-mpnet-base-v2,-1,Misinformation & Propaganda,355,,5.565042,7.8447556,3.040489435195923,"(np.float64(0.12156862745098039), np.float64(0.4666666666666667), np.float64(0.7058823529411765), np.float64(1.0))","T-1
3.04",False
all-mpnet-base-v2,-1,Misinformation & Propaganda,356,,4.945055,7.258384,3.040489435195923,"(np.float64(0.12156862745098039), np.float64(0.4666666666666667), np.float64(0.7058823529411765), np.float64(1.0))","T-1
3.04",False
all-mpnet-base-v2,-1,Misinformation & Propaganda,365,,4.406683,7.837908,3.040489435195923,"(np.float64(0.12156862745098039), np.float64(0.4666666666666667), np.float64(0.7058823529411765), np.float64(1.0))","T-1
3.04",False
all-mpnet-base-v2,-1,Misinformation & Propaganda,371,,4.866255,7.45951,3.040489435195923,"(np.float64(0.12156862745098039), np.float64(0.4666666666666667), np.float64(0.7058823529411765), np.float64(1.0))","T-1
3.04",False
all-mpnet-base-v2,-1,Misinformation & Propaganda,373,,4.9114122,9.21327,3.040489435195923,"(np.float64(0.12156862745098039), np.float64(0.4666666666666667), np.float64(0.7058823529411765), np.float64(1.0))","T-1
3.04",False
all-mpnet-base-v2,-1,Misinformation & Propaganda,379,,5.93917,8.496873,3.040489435195923,"(np.float64(0.12156862745098039), np.float64(0.4666666666666667), np.float64(0.7058823529411765), np.float64(1.0))","T-1
3.04",False
all-mpnet-base-v2,-1,Misinformation & Propaganda,380,,6.0673876,8.63502,3.040489435195923,"(np.float64(0.12156862745098039), np.float64(0.4666666666666667), np.float64(0.7058823529411765), np.float64(1.0))","T-1
3.04",False
all-mpnet-base-v2,-1,Misinformation & Propaganda,383,,7.7073317,6.464395,3.040489435195923,"(np.float64(0.12156862745098039), np.float64(0.4666666666666667), np.float64(0.7058823529411765), np.float64(1.0))","T-1
3.04",False
all-mpnet-base-v2,-1,Misinformation & Propaganda,386,,6.8439865,5.7079678,3.040489435195923,"(np.float64(0.12156862745098039), np.float64(0.4666666666666667), np.float64(0.7058823529411765), np.float64(1.0))","T-1
3.04",False
all-mpnet-base-v2,-1,Misinformation & Propaganda,397,,9.842745,8.636339,3.040489435195923,"(np.float64(0.12156862745098039), np.float64(0.4666666666666667), np.float64(0.7058823529411765), np.float64(1.0))","T-1
3.04",False
all-mpnet-base-v2,-1,Misinformation & Propaganda,400,,6.387912,10.552901,3.040489435195923,"(np.float64(0.12156862745098039), np.float64(0.4666666666666667), np.float64(0.7058823529411765), np.float64(1.0))","T-1
3.04",False
all-mpnet-base-v2,-1,Misinformation & Propaganda,401,,5.831776,8.67803,3.040489435195923,"(np.float64(0.12156862745098039), np.float64(0.4666666666666667), np.float64(0.7058823529411765), np.float64(1.0))","T-1
3.04",False
all-mpnet-base-v2,-1,Misinformation & Propaganda,421,,8.147778,6.146871,3.040489435195923,"(np.float64(0.12156862745098039), np.float64(0.4666666666666667), np.float64(0.7058823529411765), np.float64(1.0))","T-1
3.04",False
all-mpnet-base-v2,-1,Misinformation & Propaganda,431,,8.227787,5.764785,3.040489435195923,"(np.float64(0.12156862745098039), np.float64(0.4666666666666667), np.float64(0.7058823529411765), np.float64(1.0))","T-1
3.04",False
all-mpnet-base-v2,-1,Misinformation & Propaganda,436,,7.339038,6.6104093,3.040489435195923,"(np.float64(0.12156862745098039), np.float64(0.4666666666666667), np.float64(0.7058823529411765), np.float64(1.0))","T-1
3.04",False
all-mpnet-base-v2,-1,Misinformation & Propaganda,437,,8.784068,8.01471,3.040489435195923,"(np.float64(0.12156862745098039), np.float64(0.4666666666666667), np.float64(0.7058823529411765), np.float64(1.0))","T-1
3.04",False
all-mpnet-base-v2,-1,Misinformation & Propaganda,443,,10.304145,8.182646,3.040489435195923,"(np.float64(0.12156862745098039), np.float64(0.4666666666666667), np.float64(0.7058823529411765), np.float64(1.0))","T-1
3.04",False
all-mpnet-base-v2,-1,Misinformation & Propaganda,448,,7.6229324,3.7764895,3.040489435195923,"(np.float64(0.12156862745098039), np.float64(0.4666666666666667), np.float64(0.7058823529411765), np.float64(1.0))","T-1
3.04",False
all-mpnet-base-v2,-1,Misinformation & Propaganda,462,,7.586887,3.7607338,3.040489435195923,"(np.float64(0.12156862745098039), np.float64(0.4666666666666667), np.float64(0.7058823529411765), np.float64(1.0))","T-1
3.04",False
all-mpnet-base-v2,-1,Misinformation & Propaganda,463,,6.289218,10.920753,3.040489435195923,"(np.float64(0.12156862745098039), np.float64(0.4666666666666667), np.float64(0.7058823529411765), np.float64(1.0))","T-1
3.04",False
all-mpnet-base-v2,-1,Misinformation & Propaganda,464,,9.036141,7.256235,3.040489435195923,"(np.float64(0.12156862745098039), np.float64(0.4666666666666667), np.float64(0.7058823529411765), np.float64(1.0))","T-1
3.04",False
all-mpnet-base-v2,-1,Misinformation & Propaganda,470,,5.439917,9.841462,3.040489435195923,"(np.float64(0.12156862745098039), np.float64(0.4666666666666667), np.float64(0.7058823529411765), np.float64(1.0))","T-1
3.04",False
all-mpnet-base-v2,-1,Misinformation & Propaganda,473,,4.6672215,8.165938,3.040489435195923,"(np.float64(0.12156862745098039), np.float64(0.4666666666666667), np.float64(0.7058823529411765), np.float64(1.0))","T-1
3.04",False
all-mpnet-base-v2,-1,Misinformation & Propaganda,476,,4.6151247,7.469053,3.040489435195923,"(np.float64(0.12156862745098039), np.float64(0.4666666666666667), np.float64(0.7058823529411765), np.float64(1.0))","T-1
3.04",False
all-mpnet-base-v2,-1,Misinformation & Propaganda,477,,4.505759,7.3905616,3.040489435195923,"(np.float64(0.12156862745098039), np.float64(0.4666666666666667), np.float64(0.7058823529411765), np.float64(1.0))","T-1
3.04",False
all-mpnet-base-v2,-1,Misinformation & Propaganda,482,,4.7838335,8.626033,3.040489435195923,"(np.float64(0.12156862745098039), np.float64(0.4666666666666667), np.float64(0.7058823529411765), np.float64(1.0))","T-1
3.04",False
all-mpnet-base-v2,-1,Misinformation & Propaganda,487,,5.2099686,7.736723,3.040489435195923,"(np.float64(0.12156862745098039), np.float64(0.4666666666666667), np.float64(0.7058823529411765), np.float64(1.0))","T-1
3.04",False
all-mpnet-base-v2,-1,Misinformation & Propaganda,489,,5.239213,6.889804,3.040489435195923,"(np.float64(0.12156862745098039), np.float64(0.4666666666666667), np.float64(0.7058823529411765), np.float64(1.0))","T-1
3.04",False
all-mpnet-base-v2,-1,Misinformation & Propaganda,494,,6.1882057,5.119149,3.040489435195923,"(np.float64(0.12156862745098039), np.float64(0.4666666666666667), np.float64(0.7058823529411765), np.float64(1.0))","T-1
3.04",False
all-mpnet-base-v2,-1,Misinformation & Propaganda,496,,5.907775,9.248973,3.040489435195923,"(np.float64(0.12156862745098039), np.float64(0.4666666666666667), np.float64(0.7058823529411765), np.float64(1.0))","T-1
3.04",False
all-mpnet-base-v2,-1,Misinformation & Propaganda,500,,5.0765076,7.052535,3.040489435195923,"(np.float64(0.12156862745098039), np.float64(0.4666666666666667), np.float64(0.7058823529411765), np.float64(1.0))","T-1
3.04",False
all-mpnet-base-v2,-1,Misinformation & Propaganda,502,,5.5306754,8.257226,3.040489435195923,"(np.float64(0.12156862745098039), np.float64(0.4666666666666667), np.float64(0.7058823529411765), np.float64(1.0))","T-1
3.04",False
all-mpnet-base-v2,-1,Misinformation & Propaganda,508,,4.45622,7.018012,3.040489435195923,"(np.float64(0.12156862745098039), np.float64(0.4666666666666667), np.float64(0.7058823529411765), np.float64(1.0))","T-1
3.04",False
all-mpnet-base-v2,-1,Misinformation & Propaganda,509,,6.571609,10.097213,3.040489435195923,"(np.float64(0.12156862745098039), np.float64(0.4666666666666667), np.float64(0.7058823529411765), np.float64(1.0))","T-1
3.04",False
all-mpnet-base-v2,-1,Misinformation & Propaganda,513,,5.083429,8.947386,3.040489435195923,"(np.float64(0.12156862745098039), np.float64(0.4666666666666667), np.float64(0.7058823529411765), np.float64(1.0))","T-1
3.04",False
all-mpnet-base-v2,-1,Misinformation & Propaganda,514,,5.130795,6.516558,3.040489435195923,"(np.float64(0.12156862745098039), np.float64(0.4666666666666667), np.float64(0.7058823529411765), np.float64(1.0))","T-1
3.04",False
all-mpnet-base-v2,-1,Misinformation & Propaganda,515,,5.9434505,10.8844385,3.040489435195923,"(np.float64(0.12156862745098039), np.float64(0.4666666666666667), np.float64(0.7058823529411765), np.float64(1.0))","T-1
3.04",False
all-mpnet-base-v2,-1,Misinformation & Propaganda,516,,6.505732,6.9385395,3.040489435195923,"(np.float64(0.12156862745098039), np.float64(0.4666666666666667), np.float64(0.7058823529411765), np.float64(1.0))","T-1
3.04",False
all-mpnet-base-v2,-1,Misinformation & Propaganda,517,,7.405368,3.3814545,3.040489435195923,"(np.float64(0.12156862745098039), np.float64(0.4666666666666667), np.float64(0.7058823529411765), np.float64(1.0))","T-1
3.04",False
all-mpnet-base-v2,-1,Misinformation & Propaganda,519,,8.706059,4.726752,3.040489435195923,"(np.float64(0.12156862745098039), np.float64(0.4666666666666667), np.float64(0.7058823529411765), np.float64(1.0))","T-1
3.04",False
all-mpnet-base-v2,-1,Misinformation & Propaganda,525,,6.459541,6.4787064,3.040489435195923,"(np.float64(0.12156862745098039), np.float64(0.4666666666666667), np.float64(0.7058823529411765), np.float64(1.0))","T-1
3.04",False
all-mpnet-base-v2,-1,Misinformation & Propaganda,526,,6.4396596,6.2764444,3.040489435195923,"(np.float64(0.12156862745098039), np.float64(0.4666666666666667), np.float64(0.7058823529411765), np.float64(1.0))","T-1
3.04",False
all-mpnet-base-v2,-1,Misinformation & Propaganda,527,,4.732534,6.1020436,3.040489435195923,"(np.float64(0.12156862745098039), np.float64(0.4666666666666667), np.float64(0.7058823529411765), np.float64(1.0))","T-1
3.04",False
all-mpnet-base-v2,-1,Misinformation & Propaganda,529,,6.8370013,5.2737756,3.040489435195923,"(np.float64(0.12156862745098039), np.float64(0.4666666666666667), np.float64(0.7058823529411765), np.float64(1.0))","T-1
3.04",False
all-mpnet-base-v2,-1,Misinformation & Propaganda,531,,8.650647,8.25275,3.040489435195923,"(np.float64(0.12156862745098039), np.float64(0.4666666666666667), np.float64(0.7058823529411765), np.float64(1.0))","T-1
3.04",False
all-mpnet-base-v2,-1,Misinformation & Propaganda,548,,4.5999403,8.021067,3.040489435195923,"(np.float64(0.12156862745098039), np.float64(0.4666666666666667), np.float64(0.7058823529411765), np.float64(1.0))","T-1
3.04",False
all-mpnet-base-v2,-1,Misinformation & Propaganda,554,,9.048297,8.245486,3.040489435195923,"(np.float64(0.12156862745098039), np.float64(0.4666666666666667), np.float64(0.7058823529411765), np.float64(1.0))","T-1
3.04",False
all-mpnet-base-v2,-1,Misinformation & Propaganda,566,,9.205845,7.3380055,3.040489435195923,"(np.float64(0.12156862745098039), np.float64(0.4666666666666667), np.float64(0.7058823529411765), np.float64(1.0))","T-1
3.04",False
all-mpnet-base-v2,-1,Misinformation & Propaganda,569,,6.176606,7.2971187,3.040489435195923,"(np.float64(0.12156862745098039), np.float64(0.4666666666666667), np.float64(0.7058823529411765), np.float64(1.0))","T-1
3.04",False
all-mpnet-base-v2,-1,Misinformation & Propaganda,573,,4.561332,6.846744,3.040489435195923,"(np.float64(0.12156862745098039), np.float64(0.4666666666666667), np.float64(0.7058823529411765), np.float64(1.0))","T-1
3.04",False
all-mpnet-base-v2,-1,Misinformation & Propaganda,580,,8.103438,5.9735565,3.040489435195923,"(np.float64(0.12156862745098039), np.float64(0.4666666666666667), np.float64(0.7058823529411765), np.float64(1.0))","T-1
3.04",False
all-mpnet-base-v2,-1,Misinformation & Propaganda,581,,10.065965,8.471158,3.040489435195923,"(np.float64(0.12156862745098039), np.float64(0.4666666666666667), np.float64(0.7058823529411765), np.float64(1.0))","T-1
3.04",False
all-mpnet-base-v2,-1,Misinformation & Propaganda,588,,9.453294,8.081449,3.040489435195923,"(np.float64(0.12156862745098039), np.float64(0.4666666666666667), np.float64(0.7058823529411765), np.float64(1.0))","T-1
3.04",False
all-mpnet-base-v2,-1,Misinformation & Propaganda,592,,5.5844502,8.902345,3.040489435195923,"(np.float64(0.12156862745098039), np.float64(0.4666666666666667), np.float64(0.7058823529411765), np.float64(1.0))","T-1
3.04",False
all-mpnet-base-v2,-1,Misinformation & Propaganda,596,,6.565309,10.161339,3.040489435195923,"(np.float64(0.12156862745098039), np.float64(0.4666666666666667), np.float64(0.7058823529411765), np.float64(1.0))","T-1
3.04",False
all-mpnet-base-v2,-1,Misinformation & Propaganda,607,,4.747544,8.65004,3.040489435195923,"(np.float64(0.12156862745098039), np.float64(0.4666666666666667), np.float64(0.7058823529411765), np.float64(1.0))","T-1
3.04",False
all-mpnet-base-v2,-1,Misinformation & Propaganda,616,,5.977388,7.9305606,3.040489435195923,"(np.float64(0.12156862745098039), np.float64(0.4666666666666667), np.float64(0.7058823529411765), np.float64(1.0))","T-1
3.04",False
all-mpnet-base-v2,-1,Misinformation & Propaganda,619,,7.067673,5.691098,3.040489435195923,"(np.float64(0.12156862745098039), np.float64(0.4666666666666667), np.float64(0.7058823529411765), np.float64(1.0))","T-1
3.04",False
all-mpnet-base-v2,-1,Misinformation & Propaganda,620,,5.630038,5.7253942,3.040489435195923,"(np.float64(0.12156862745098039), np.float64(0.4666666666666667), np.float64(0.7058823529411765), np.float64(1.0))","T-1
3.04",False
all-mpnet-base-v2,-1,Misinformation & Propaganda,622,,6.3986626,5.4531274,3.040489435195923,"(np.float64(0.12156862745098039), np.float64(0.4666666666666667), np.float64(0.7058823529411765), np.float64(1.0))","T-1
3.04",False
all-mpnet-base-v2,-1,Misinformation & Propaganda,627,,6.3365836,10.53615,3.040489435195923,"(np.float64(0.12156862745098039), np.float64(0.4666666666666667), np.float64(0.7058823529411765), np.float64(1.0))","T-1
3.04",False
all-mpnet-base-v2,-1,Misinformation & Propaganda,629,,4.6558456,7.1289525,3.040489435195923,"(np.float64(0.12156862745098039), np.float64(0.4666666666666667), np.float64(0.7058823529411765), np.float64(1.0))","T-1
3.04",False
all-mpnet-base-v2,-1,Misinformation & Propaganda,631,,8.016013,6.1643515,3.040489435195923,"(np.float64(0.12156862745098039), np.float64(0.4666666666666667), np.float64(0.7058823529411765), np.float64(1.0))","T-1
3.04",False
all-mpnet-base-v2,-1,Misinformation & Propaganda,635,,5.2504044,8.875673,3.040489435195923,"(np.float64(0.12156862745098039), np.float64(0.4666666666666667), np.float64(0.7058823529411765), np.float64(1.0))","T-1
3.04",False
all-mpnet-base-v2,-1,Misinformation & Propaganda,637,,4.939528,9.435575,3.040489435195923,"(np.float64(0.12156862745098039), np.float64(0.4666666666666667), np.float64(0.7058823529411765), np.float64(1.0))","T-1
3.04",False
all-mpnet-base-v2,-1,Misinformation & Propaganda,638,,6.6329784,10.754197,3.040489435195923,"(np.float64(0.12156862745098039), np.float64(0.4666666666666667), np.float64(0.7058823529411765), np.float64(1.0))","T-1
3.04",False
all-mpnet-base-v2,-1,Misinformation & Propaganda,640,,6.614384,10.942244,3.040489435195923,"(np.float64(0.12156862745098039), np.float64(0.4666666666666667), np.float64(0.7058823529411765), np.float64(1.0))","T-1
3.04",False
all-mpnet-base-v2,-1,Misinformation & Propaganda,641,,7.8152475,5.825287,3.040489435195923,"(np.float64(0.12156862745098039), np.float64(0.4666666666666667), np.float64(0.7058823529411765), np.float64(1.0))","T-1
3.04",False
all-mpnet-base-v2,-1,Misinformation & Propaganda,644,,8.134201,5.836833,3.040489435195923,"(np.float64(0.12156862745098039), np.float64(0.4666666666666667), np.float64(0.7058823529411765), np.float64(1.0))","T-1
3.04",False
all-mpnet-base-v2,-1,Misinformation & Propaganda,645,,5.460949,5.8339314,3.040489435195923,"(np.float64(0.12156862745098039), np.float64(0.4666666666666667), np.float64(0.7058823529411765), np.float64(1.0))","T-1
3.04",False
all-mpnet-base-v2,-1,Misinformation & Propaganda,653,,7.031054,7.5782166,3.040489435195923,"(np.float64(0.12156862745098039), np.float64(0.4666666666666667), np.float64(0.7058823529411765), np.float64(1.0))","T-1
3.04",False
all-mpnet-base-v2,-1,Misinformation & Propaganda,659,,9.638922,6.568181,3.040489435195923,"(np.float64(0.12156862745098039), np.float64(0.4666666666666667), np.float64(0.7058823529411765), np.float64(1.0))","T-1
3.04",False
all-mpnet-base-v2,-1,Misinformation & Propaganda,664,,4.1426134,6.8531866,3.040489435195923,"(np.float64(0.12156862745098039), np.float64(0.4666666666666667), np.float64(0.7058823529411765), np.float64(1.0))","T-1
3.04",False
all-mpnet-base-v2,-1,Misinformation & Propaganda,665,,5.671688,9.117711,3.040489435195923,"(np.float64(0.12156862745098039), np.float64(0.4666666666666667), np.float64(0.7058823529411765), np.float64(1.0))","T-1
3.04",False
all-mpnet-base-v2,-1,Misinformation & Propaganda,669,,6.0741973,6.0212407,3.040489435195923,"(np.float64(0.12156862745098039), np.float64(0.4666666666666667), np.float64(0.7058823529411765), np.float64(1.0))","T-1
3.04",False
all-mpnet-base-v2,-1,Misinformation & Propaganda,672,,5.4842772,6.343418,3.040489435195923,"(np.float64(0.12156862745098039), np.float64(0.4666666666666667), np.float64(0.7058823529411765), np.float64(1.0))","T-1
3.04",False
all-mpnet-base-v2,-1,Misinformation & Propaganda,675,,5.8203754,7.859603,3.040489435195923,"(np.float64(0.12156862745098039), np.float64(0.4666666666666667), np.float64(0.7058823529411765), np.float64(1.0))","T-1
3.04",False
all-mpnet-base-v2,-1,Misinformation & Propaganda,678,,6.4185443,9.223147,3.040489435195923,"(np.float64(0.12156862745098039), np.float64(0.4666666666666667), np.float64(0.7058823529411765), np.float64(1.0))","T-1
3.04",False
all-mpnet-base-v2,-1,Misinformation & Propaganda,682,,6.92525,7.317801,3.040489435195923,"(np.float64(0.12156862745098039), np.float64(0.4666666666666667), np.float64(0.7058823529411765), np.float64(1.0))","T-1
3.04",False
all-mpnet-base-v2,-1,Misinformation & Propaganda,684,,6.2001066,7.543396,3.040489435195923,"(np.float64(0.12156862745098039), np.float64(0.4666666666666667), np.float64(0.7058823529411765), np.float64(1.0))","T-1
3.04",False
all-mpnet-base-v2,-1,Misinformation & Propaganda,686,,5.9490075,7.8390255,3.040489435195923,"(np.float64(0.12156862745098039), np.float64(0.4666666666666667), np.float64(0.7058823529411765), np.float64(1.0))","T-1
3.04",False
all-mpnet-base-v2,-1,Misinformation & Propaganda,689,,5.9733653,7.4553165,3.040489435195923,"(np.float64(0.12156862745098039), np.float64(0.4666666666666667), np.float64(0.7058823529411765), np.float64(1.0))","T-1
3.04",False
all-mpnet-base-v2,-1,Misinformation & Propaganda,691,,9.418502,7.3323216,3.040489435195923,"(np.float64(0.12156862745098039), np.float64(0.4666666666666667), np.float64(0.7058823529411765), np.float64(1.0))","T-1
3.04",False
all-mpnet-base-v2,-1,Misinformation & Propaganda,695,,8.18782,5.3254576,3.040489435195923,"(np.float64(0.12156862745098039), np.float64(0.4666666666666667), np.float64(0.7058823529411765), np.float64(1.0))","T-1
3.04",False
all-mpnet-base-v2,-1,Misinformation & Propaganda,696,,9.152645,7.753153,3.040489435195923,"(np.float64(0.12156862745098039), np.float64(0.4666666666666667), np.float64(0.7058823529411765), np.float64(1.0))","T-1
3.04",False
all-mpnet-base-v2,-1,Misinformation & Propaganda,697,,5.6517735,8.668968,3.040489435195923,"(np.float64(0.12156862745098039), np.float64(0.4666666666666667), np.float64(0.7058823529411765), np.float64(1.0))","T-1
3.04",False
all-mpnet-base-v2,-1,Misinformation & Propaganda,708,,7.126419,3.3497431,3.040489435195923,"(np.float64(0.12156862745098039), np.float64(0.4666666666666667), np.float64(0.7058823529411765), np.float64(1.0))","T-1
3.04",False
all-mpnet-base-v2,-1,Misinformation & Propaganda,715,,4.908358,7.815661,3.040489435195923,"(np.float64(0.12156862745098039), np.float64(0.4666666666666667), np.float64(0.7058823529411765), np.float64(1.0))","T-1
3.04",False
all-mpnet-base-v2,-1,Misinformation & Propaganda,716,,4.7981763,7.5695996,3.040489435195923,"(np.float64(0.12156862745098039), np.float64(0.4666666666666667), np.float64(0.7058823529411765), np.float64(1.0))","T-1
3.04",False
all-mpnet-base-v2,-1,Misinformation & Propaganda,726,,5.410627,5.9685664,3.040489435195923,"(np.float64(0.12156862745098039), np.float64(0.4666666666666667), np.float64(0.7058823529411765), np.float64(1.0))","T-1
3.04",False
all-mpnet-base-v2,-1,Misinformation & Propaganda,727,,7.8686614,4.634508,3.040489435195923,"(np.float64(0.12156862745098039), np.float64(0.4666666666666667), np.float64(0.7058823529411765), np.float64(1.0))","T-1
3.04",False
all-mpnet-base-v2,-1,Misinformation & Propaganda,728,,6.1737704,6.807266,3.040489435195923,"(np.float64(0.12156862745098039), np.float64(0.4666666666666667), np.float64(0.7058823529411765), np.float64(1.0))","T-1
3.04",False
all-mpnet-base-v2,-1,Misinformation & Propaganda,729,,6.644632,3.3503528,3.040489435195923,"(np.float64(0.12156862745098039), np.float64(0.4666666666666667), np.float64(0.7058823529411765), np.float64(1.0))","T-1
3.04",False
all-mpnet-base-v2,-1,Misinformation & Propaganda,730,,5.719251,8.805806,3.040489435195923,"(np.float64(0.12156862745098039), np.float64(0.4666666666666667), np.float64(0.7058823529411765), np.float64(1.0))","T-1
3.04",False
all-mpnet-base-v2,-1,Misinformation & Propaganda,732,,9.295958,6.214085,3.040489435195923,"(np.float64(0.12156862745098039), np.float64(0.4666666666666667), np.float64(0.7058823529411765), np.float64(1.0))","T-1
3.04",False
all-mpnet-base-v2,-1,Misinformation & Propaganda,734,,7.1762867,6.411287,3.040489435195923,"(np.float64(0.12156862745098039), np.float64(0.4666666666666667), np.float64(0.7058823529411765), np.float64(1.0))","T-1
3.04",False
all-mpnet-base-v2,-1,Misinformation & Propaganda,735,,5.1719594,7.4278073,3.040489435195923,"(np.float64(0.12156862745098039), np.float64(0.4666666666666667), np.float64(0.7058823529411765), np.float64(1.0))","T-1
3.04",False
all-mpnet-base-v2,-1,Misinformation & Propaganda,739,,6.622735,4.965581,3.040489435195923,"(np.float64(0.12156862745098039), np.float64(0.4666666666666667), np.float64(0.7058823529411765), np.float64(1.0))","T-1
3.04",False
all-mpnet-base-v2,-1,Misinformation & Propaganda,741,,6.654499,4.9096875,3.040489435195923,"(np.float64(0.12156862745098039), np.float64(0.4666666666666667), np.float64(0.7058823529411765), np.float64(1.0))","T-1
3.04",False
all-mpnet-base-v2,-1,Misinformation & Propaganda,742,,8.284645,5.7075853,3.040489435195923,"(np.float64(0.12156862745098039), np.float64(0.4666666666666667), np.float64(0.7058823529411765), np.float64(1.0))","T-1
3.04",False
all-mpnet-base-v2,-1,Misinformation & Propaganda,746,,10.052398,8.57872,3.040489435195923,"(np.float64(0.12156862745098039), np.float64(0.4666666666666667), np.float64(0.7058823529411765), np.float64(1.0))","T-1
3.04",False
all-mpnet-base-v2,-1,Misinformation & Propaganda,747,,8.776693,8.321972,3.040489435195923,"(np.float64(0.12156862745098039), np.float64(0.4666666666666667), np.float64(0.7058823529411765), np.float64(1.0))","T-1
3.04",False
all-mpnet-base-v2,-1,Misinformation & Propaganda,750,,5.459813,7.0542636,3.040489435195923,"(np.float64(0.12156862745098039), np.float64(0.4666666666666667), np.float64(0.7058823529411765), np.float64(1.0))","T-1
3.04",False
all-mpnet-base-v2,-1,Misinformation & Propaganda,751,,6.0167036,5.652056,3.040489435195923,"(np.float64(0.12156862745098039), np.float64(0.4666666666666667), np.float64(0.7058823529411765), np.float64(1.0))","T-1
3.04",False
all-mpnet-base-v2,-1,Misinformation & Propaganda,752,,9.64804,5.822664,3.040489435195923,"(np.float64(0.12156862745098039), np.float64(0.4666666666666667), np.float64(0.7058823529411765), np.float64(1.0))","T-1
3.04",False
all-mpnet-base-v2,-1,Misinformation & Propaganda,753,,9.122214,8.086911,3.040489435195923,"(np.float64(0.12156862745098039), np.float64(0.4666666666666667), np.float64(0.7058823529411765), np.float64(1.0))","T-1
3.04",False
all-mpnet-base-v2,-1,Misinformation & Propaganda,754,,9.141098,8.144081,3.040489435195923,"(np.float64(0.12156862745098039), np.float64(0.4666666666666667), np.float64(0.7058823529411765), np.float64(1.0))","T-1
3.04",False
all-mpnet-base-v2,-1,Misinformation & Propaganda,756,,6.639031,7.2530794,3.040489435195923,"(np.float64(0.12156862745098039), np.float64(0.4666666666666667), np.float64(0.7058823529411765), np.float64(1.0))","T-1
3.04",False
all-mpnet-base-v2,-1,Misinformation & Propaganda,765,,6.7377524,10.54385,3.040489435195923,"(np.float64(0.12156862745098039), np.float64(0.4666666666666667), np.float64(0.7058823529411765), np.float64(1.0))","T-1
3.04",False
all-mpnet-base-v2,-1,Misinformation & Propaganda,767,,4.722515,7.289867,3.040489435195923,"(np.float64(0.12156862745098039), np.float64(0.4666666666666667), np.float64(0.7058823529411765), np.float64(1.0))","T-1
3.04",False
all-mpnet-base-v2,-1,Misinformation & Propaganda,770,,4.921241,6.6672564,3.040489435195923,"(np.float64(0.12156862745098039), np.float64(0.4666666666666667), np.float64(0.7058823529411765), np.float64(1.0))","T-1
3.04",False
all-mpnet-base-v2,-1,Misinformation & Propaganda,773,,5.1999645,6.949658,3.040489435195923,"(np.float64(0.12156862745098039), np.float64(0.4666666666666667), np.float64(0.7058823529411765), np.float64(1.0))","T-1
3.04",False
all-mpnet-base-v2,-1,Misinformation & Propaganda,776,,5.517092,9.327561,3.040489435195923,"(np.float64(0.12156862745098039), np.float64(0.4666666666666667), np.float64(0.7058823529411765), np.float64(1.0))","T-1
3.04",False
all-mpnet-base-v2,-1,Misinformation & Propaganda,779,,6.1002016,8.217591,3.040489435195923,"(np.float64(0.12156862745098039), np.float64(0.4666666666666667), np.float64(0.7058823529411765), np.float64(1.0))","T-1
3.04",False
all-mpnet-base-v2,-1,Misinformation & Propaganda,780,,5.985828,8.642222,3.040489435195923,"(np.float64(0.12156862745098039), np.float64(0.4666666666666667), np.float64(0.7058823529411765), np.float64(1.0))","T-1
3.04",False
all-mpnet-base-v2,-1,Misinformation & Propaganda,792,,5.536858,7.5706944,3.040489435195923,"(np.float64(0.12156862745098039), np.float64(0.4666666666666667), np.float64(0.7058823529411765), np.float64(1.0))","T-1
3.04",False
all-mpnet-base-v2,-1,Misinformation & Propaganda,793,,7.5763803,4.8083177,3.040489435195923,"(np.float64(0.12156862745098039), np.float64(0.4666666666666667), np.float64(0.7058823529411765), np.float64(1.0))","T-1
3.04",False
all-mpnet-base-v2,-1,Misinformation & Propaganda,794,,6.2881722,6.022398,3.040489435195923,"(np.float64(0.12156862745098039), np.float64(0.4666666666666667), np.float64(0.7058823529411765), np.float64(1.0))","T-1
3.04",False
all-mpnet-base-v2,-1,Misinformation & Propaganda,795,,9.485068,5.308,3.040489435195923,"(np.float64(0.12156862745098039), np.float64(0.4666666666666667), np.float64(0.7058823529411765), np.float64(1.0))","T-1
3.04",False
all-mpnet-base-v2,-1,Misinformation & Propaganda,796,,6.6012897,4.922594,3.040489435195923,"(np.float64(0.12156862745098039), np.float64(0.4666666666666667), np.float64(0.7058823529411765), np.float64(1.0))","T-1
3.04",False
all-mpnet-base-v2,-1,Misinformation & Propaganda,799,,7.8250704,4.7302155,3.040489435195923,"(np.float64(0.12156862745098039), np.float64(0.4666666666666667), np.float64(0.7058823529411765), np.float64(1.0))","T-1
3.04",False
all-mpnet-base-v2,-1,Misinformation & Propaganda,800,,8.220205,5.6378927,3.040489435195923,"(np.float64(0.12156862745098039), np.float64(0.4666666666666667), np.float64(0.7058823529411765), np.float64(1.0))","T-1
3.04",False
all-mpnet-base-v2,-1,Misinformation & Propaganda,801,,6.452877,6.338685,3.040489435195923,"(np.float64(0.12156862745098039), np.float64(0.4666666666666667), np.float64(0.7058823529411765), np.float64(1.0))","T-1
3.04",False
all-mpnet-base-v2,-1,Misinformation & Propaganda,803,,6.4320993,5.627295,3.040489435195923,"(np.float64(0.12156862745098039), np.float64(0.4666666666666667), np.float64(0.7058823529411765), np.float64(1.0))","T-1
3.04",False
all-mpnet-base-v2,-1,Misinformation & Propaganda,804,,5.5630865,8.421608,3.040489435195923,"(np.float64(0.12156862745098039), np.float64(0.4666666666666667), np.float64(0.7058823529411765), np.float64(1.0))","T-1
3.04",False
all-mpnet-base-v2,-1,Misinformation & Propaganda,814,,4.813517,9.378535,3.040489435195923,"(np.float64(0.12156862745098039), np.float64(0.4666666666666667), np.float64(0.7058823529411765), np.float64(1.0))","T-1
3.04",False
all-mpnet-base-v2,-1,Misinformation & Propaganda,815,,8.221017,5.338195,3.040489435195923,"(np.float64(0.12156862745098039), np.float64(0.4666666666666667), np.float64(0.7058823529411765), np.float64(1.0))","T-1
3.04",False
all-mpnet-base-v2,-1,Misinformation & Propaganda,817,,10.434114,5.253606,3.040489435195923,"(np.float64(0.12156862745098039), np.float64(0.4666666666666667), np.float64(0.7058823529411765), np.float64(1.0))","T-1
3.04",False
all-mpnet-base-v2,-1,Misinformation & Propaganda,823,,6.5858207,7.1116014,3.040489435195923,"(np.float64(0.12156862745098039), np.float64(0.4666666666666667), np.float64(0.7058823529411765), np.float64(1.0))","T-1
3.04",False
all-mpnet-base-v2,-1,Misinformation & Propaganda,828,,9.524059,7.483773,3.040489435195923,"(np.float64(0.12156862745098039), np.float64(0.4666666666666667), np.float64(0.7058823529411765), np.float64(1.0))","T-1
3.04",False
all-mpnet-base-v2,-1,Misinformation & Propaganda,833,,5.6065745,10.405571,3.040489435195923,"(np.float64(0.12156862745098039), np.float64(0.4666666666666667), np.float64(0.7058823529411765), np.float64(1.0))","T-1
3.04",False
all-mpnet-base-v2,-1,Misinformation & Propaganda,835,,7.69841,7.1367583,3.040489435195923,"(np.float64(0.12156862745098039), np.float64(0.4666666666666667), np.float64(0.7058823529411765), np.float64(1.0))","T-1
3.04",False
all-mpnet-base-v2,-1,Misinformation & Propaganda,842,,9.9396515,5.8864517,3.040489435195923,"(np.float64(0.12156862745098039), np.float64(0.4666666666666667), np.float64(0.7058823529411765), np.float64(1.0))","T-1
3.04",False
all-mpnet-base-v2,-1,Misinformation & Propaganda,850,,9.322758,5.7140718,3.040489435195923,"(np.float64(0.12156862745098039), np.float64(0.4666666666666667), np.float64(0.7058823529411765), np.float64(1.0))","T-1
3.04",False
all-mpnet-base-v2,-1,Misinformation & Propaganda,851,,6.1540093,10.587366,3.040489435195923,"(np.float64(0.12156862745098039), np.float64(0.4666666666666667), np.float64(0.7058823529411765), np.float64(1.0))","T-1
3.04",False
all-mpnet-base-v2,-1,Misinformation & Propaganda,855,,9.692224,8.437021,3.040489435195923,"(np.float64(0.12156862745098039), np.float64(0.4666666666666667), np.float64(0.7058823529411765), np.float64(1.0))","T-1
3.04",False
all-mpnet-base-v2,-1,Misinformation & Propaganda,857,,10.340515,6.68856,3.040489435195923,"(np.float64(0.12156862745098039), np.float64(0.4666666666666667), np.float64(0.7058823529411765), np.float64(1.0))","T-1
3.04",False
all-mpnet-base-v2,-1,Misinformation & Propaganda,858,,6.905998,8.393463,3.040489435195923,"(np.float64(0.12156862745098039), np.float64(0.4666666666666667), np.float64(0.7058823529411765), np.float64(1.0))","T-1
3.04",False
all-mpnet-base-v2,-1,Misinformation & Propaganda,859,,9.26047,8.010032,3.040489435195923,"(np.float64(0.12156862745098039), np.float64(0.4666666666666667), np.float64(0.7058823529411765), np.float64(1.0))","T-1
3.04",False
all-mpnet-base-v2,-1,Misinformation & Propaganda,865,,9.48937,6.4133935,3.040489435195923,"(np.float64(0.12156862745098039), np.float64(0.4666666666666667), np.float64(0.7058823529411765), np.float64(1.0))","T-1
3.04",False
all-mpnet-base-v2,-1,Misinformation & Propaganda,866,,6.348917,5.0550942,3.040489435195923,"(np.float64(0.12156862745098039), np.float64(0.4666666666666667), np.float64(0.7058823529411765), np.float64(1.0))","T-1
3.04",False
all-mpnet-base-v2,-1,Misinformation & Propaganda,867,,9.70281,6.2685423,3.040489435195923,"(np.float64(0.12156862745098039), np.float64(0.4666666666666667), np.float64(0.7058823529411765), np.float64(1.0))","T-1
3.04",False
all-mpnet-base-v2,-1,Misinformation & Propaganda,869,,9.178237,4.837536,3.040489435195923,"(np.float64(0.12156862745098039), np.float64(0.4666666666666667), np.float64(0.7058823529411765), np.float64(1.0))","T-1
3.04",False
all-mpnet-base-v2,-1,Misinformation & Propaganda,876,,7.7713566,4.82216,3.040489435195923,"(np.float64(0.12156862745098039), np.float64(0.4666666666666667), np.float64(0.7058823529411765), np.float64(1.0))","T-1
3.04",False
all-mpnet-base-v2,-1,Misinformation & Propaganda,879,,7.8596478,4.703274,3.040489435195923,"(np.float64(0.12156862745098039), np.float64(0.4666666666666667), np.float64(0.7058823529411765), np.float64(1.0))","T-1
3.04",False
all-mpnet-base-v2,-1,Misinformation & Propaganda,880,,8.38184,5.5485625,3.040489435195923,"(np.float64(0.12156862745098039), np.float64(0.4666666666666667), np.float64(0.7058823529411765), np.float64(1.0))","T-1
3.04",False
all-mpnet-base-v2,-1,Misinformation & Propaganda,889,,6.3003635,6.2544622,3.040489435195923,"(np.float64(0.12156862745098039), np.float64(0.4666666666666667), np.float64(0.7058823529411765), np.float64(1.0))","T-1
3.04",False
all-mpnet-base-v2,-1,Misinformation & Propaganda,892,,7.3527517,6.8763146,3.040489435195923,"(np.float64(0.12156862745098039), np.float64(0.4666666666666667), np.float64(0.7058823529411765), np.float64(1.0))","T-1
3.04",False
all-mpnet-base-v2,-1,Misinformation & Propaganda,901,,6.0600553,7.5251865,3.040489435195923,"(np.float64(0.12156862745098039), np.float64(0.4666666666666667), np.float64(0.7058823529411765), np.float64(1.0))","T-1
3.04",False
all-mpnet-base-v2,-1,Misinformation & Propaganda,903,,4.34517,6.3844156,3.040489435195923,"(np.float64(0.12156862745098039), np.float64(0.4666666666666667), np.float64(0.7058823529411765), np.float64(1.0))","T-1
3.04",False
all-mpnet-base-v2,-1,Misinformation & Propaganda,905,,5.941859,5.808752,3.040489435195923,"(np.float64(0.12156862745098039), np.float64(0.4666666666666667), np.float64(0.7058823529411765), np.float64(1.0))","T-1
3.04",False
all-mpnet-base-v2,-1,Misinformation & Propaganda,907,,9.439512,5.982552,3.040489435195923,"(np.float64(0.12156862745098039), np.float64(0.4666666666666667), np.float64(0.7058823529411765), np.float64(1.0))","T-1
3.04",False
all-mpnet-base-v2,-1,Misinformation & Propaganda,910,,6.294839,5.531715,3.040489435195923,"(np.float64(0.12156862745098039), np.float64(0.4666666666666667), np.float64(0.7058823529411765), np.float64(1.0))","T-1
3.04",False
all-mpnet-base-v2,-1,Misinformation & Propaganda,915,,9.243775,4.972953,3.040489435195923,"(np.float64(0.12156862745098039), np.float64(0.4666666666666667), np.float64(0.7058823529411765), np.float64(1.0))","T-1
3.04",False
all-mpnet-base-v2,-1,Misinformation & Propaganda,919,,9.856602,5.782566,3.040489435195923,"(np.float64(0.12156862745098039), np.float64(0.4666666666666667), np.float64(0.7058823529411765), np.float64(1.0))","T-1
3.04",False
all-mpnet-base-v2,-1,Misinformation & Propaganda,922,,9.273934,5.4442472,3.040489435195923,"(np.float64(0.12156862745098039), np.float64(0.4666666666666667), np.float64(0.7058823529411765), np.float64(1.0))","T-1
3.04",False
all-mpnet-base-v2,-1,Misinformation & Propaganda,927,,9.376309,5.7113705,3.040489435195923,"(np.float64(0.12156862745098039), np.float64(0.4666666666666667), np.float64(0.7058823529411765), np.float64(1.0))","T-1
3.04",False
all-mpnet-base-v2,-1,Misinformation & Propaganda,928,,9.744854,6.0530376,3.040489435195923,"(np.float64(0.12156862745098039), np.float64(0.4666666666666667), np.float64(0.7058823529411765), np.float64(1.0))","T-1
3.04",False
all-mpnet-base-v2,-1,Misinformation & Propaganda,930,,7.9016056,4.6657467,3.040489435195923,"(np.float64(0.12156862745098039), np.float64(0.4666666666666667), np.float64(0.7058823529411765), np.float64(1.0))","T-1
3.04",False
all-mpnet-base-v2,-1,Misinformation & Propaganda,932,,8.723405,4.5023246,3.040489435195923,"(np.float64(0.12156862745098039), np.float64(0.4666666666666667), np.float64(0.7058823529411765), np.float64(1.0))","T-1
3.04",False
all-mpnet-base-v2,-1,Misinformation & Propaganda,935,,9.559186,6.2743616,3.040489435195923,"(np.float64(0.12156862745098039), np.float64(0.4666666666666667), np.float64(0.7058823529411765), np.float64(1.0))","T-1
3.04",False
all-mpnet-base-v2,-1,Misinformation & Propaganda,936,,6.1313944,5.0224357,3.040489435195923,"(np.float64(0.12156862745098039), np.float64(0.4666666666666667), np.float64(0.7058823529411765), np.float64(1.0))","T-1
3.04",False
all-mpnet-base-v2,-1,Misinformation & Propaganda,938,,9.286616,7.321691,3.040489435195923,"(np.float64(0.12156862745098039), np.float64(0.4666666666666667), np.float64(0.7058823529411765), np.float64(1.0))","T-1
3.04",False
all-mpnet-base-v2,-1,Misinformation & Propaganda,940,,8.749706,5.151337,3.040489435195923,"(np.float64(0.12156862745098039), np.float64(0.4666666666666667), np.float64(0.7058823529411765), np.float64(1.0))","T-1
3.04",False
all-mpnet-base-v2,-1,Misinformation & Propaganda,942,,9.562021,5.3027697,3.040489435195923,"(np.float64(0.12156862745098039), np.float64(0.4666666666666667), np.float64(0.7058823529411765), np.float64(1.0))","T-1
3.04",False
all-mpnet-base-v2,-1,Misinformation & Propaganda,944,,8.208439,5.895995,3.040489435195923,"(np.float64(0.12156862745098039), np.float64(0.4666666666666667), np.float64(0.7058823529411765), np.float64(1.0))","T-1
3.04",False
all-mpnet-base-v2,-1,Misinformation & Propaganda,945,,8.887632,4.8563643,3.040489435195923,"(np.float64(0.12156862745098039), np.float64(0.4666666666666667), np.float64(0.7058823529411765), np.float64(1.0))","T-1
3.04",False
all-mpnet-base-v2,-1,Misinformation & Propaganda,946,,8.918707,4.955776,3.040489435195923,"(np.float64(0.12156862745098039), np.float64(0.4666666666666667), np.float64(0.7058823529411765), np.float64(1.0))","T-1
3.04",False
all-mpnet-base-v2,-1,Misinformation & Propaganda,947,,7.9296875,3.9035547,3.040489435195923,"(np.float64(0.12156862745098039), np.float64(0.4666666666666667), np.float64(0.7058823529411765), np.float64(1.0))","T-1
3.04",False
all-mpnet-base-v2,-1,Misinformation & Propaganda,948,,8.061676,5.890286,3.040489435195923,"(np.float64(0.12156862745098039), np.float64(0.4666666666666667), np.float64(0.7058823529411765), np.float64(1.0))","T-1
3.04",False
all-mpnet-base-v2,-1,Misinformation & Propaganda,951,,9.4181385,7.4250765,3.040489435195923,"(np.float64(0.12156862745098039), np.float64(0.4666666666666667), np.float64(0.7058823529411765), np.float64(1.0))","T-1
3.04",False
all-mpnet-base-v2,-1,Misinformation & Propaganda,955,,8.770976,5.3947706,3.040489435195923,"(np.float64(0.12156862745098039), np.float64(0.4666666666666667), np.float64(0.7058823529411765), np.float64(1.0))","T-1
3.04",False
all-mpnet-base-v2,-1,Misinformation & Propaganda,959,,8.798782,4.524271,3.040489435195923,"(np.float64(0.12156862745098039), np.float64(0.4666666666666667), np.float64(0.7058823529411765), np.float64(1.0))","T-1
3.04",False
all-mpnet-base-v2,-1,Misinformation & Propaganda,962,,8.633605,4.5799346,3.040489435195923,"(np.float64(0.12156862745098039), np.float64(0.4666666666666667), np.float64(0.7058823529411765), np.float64(1.0))","T-1
3.04",False
all-mpnet-base-v2,-1,Misinformation & Propaganda,965,,6.471866,3.2314427,3.040489435195923,"(np.float64(0.12156862745098039), np.float64(0.4666666666666667), np.float64(0.7058823529411765), np.float64(1.0))","T-1
3.04",False
all-mpnet-base-v2,-1,Misinformation & Propaganda,967,,7.185744,3.843456,3.040489435195923,"(np.float64(0.12156862745098039), np.float64(0.4666666666666667), np.float64(0.7058823529411765), np.float64(1.0))","T-1
3.04",False
all-mpnet-base-v2,-1,Misinformation & Propaganda,971,,8.749331,4.6685123,3.040489435195923,"(np.float64(0.12156862745098039), np.float64(0.4666666666666667), np.float64(0.7058823529411765), np.float64(1.0))","T-1
3.04",False
all-mpnet-base-v2,-1,Misinformation & Propaganda,973,,9.236168,5.561553,3.040489435195923,"(np.float64(0.12156862745098039), np.float64(0.4666666666666667), np.float64(0.7058823529411765), np.float64(1.0))","T-1
3.04",False
all-mpnet-base-v2,-1,Misinformation & Propaganda,978,,8.353858,5.467755,3.040489435195923,"(np.float64(0.12156862745098039), np.float64(0.4666666666666667), np.float64(0.7058823529411765), np.float64(1.0))","T-1
3.04",False
all-mpnet-base-v2,0,Misinformation & Propaganda,6,,6.826049,9.229339,0.4024934470653534,"(np.float64(0.6823529411764706), np.float64(0.7803921568627451), np.float64(0.9098039215686274), np.float64(1.0))","T0
0.40",False
all-mpnet-base-v2,0,Misinformation & Propaganda,42,,6.935311,9.426389,0.4024934470653534,"(np.float64(0.6823529411764706), np.float64(0.7803921568627451), np.float64(0.9098039215686274), np.float64(1.0))","T0
0.40",False
all-mpnet-base-v2,0,Misinformation & Propaganda,47,,7.034451,9.6514435,0.4024934470653534,"(np.float64(0.6823529411764706), np.float64(0.7803921568627451), np.float64(0.9098039215686274), np.float64(1.0))","T0
0.40",False
all-mpnet-base-v2,0,Misinformation & Propaganda,76,,7.3477845,9.5538,0.4024934470653534,"(np.float64(0.6823529411764706), np.float64(0.7803921568627451), np.float64(0.9098039215686274), np.float64(1.0))","T0
0.40",False
all-mpnet-base-v2,0,Misinformation & Propaganda,96,,7.129222,9.593328,0.4024934470653534,"(np.float64(0.6823529411764706), np.float64(0.7803921568627451), np.float64(0.9098039215686274), np.float64(1.0))","T0
0.40",False
all-mpnet-base-v2,0,Misinformation & Propaganda,100,,6.814385,9.103541,0.4024934470653534,"(np.float64(0.6823529411764706), np.float64(0.7803921568627451), np.float64(0.9098039215686274), np.float64(1.0))","T0
0.40",False
all-mpnet-base-v2,0,Misinformation & Propaganda,117,,7.079904,9.685239,0.4024934470653534,"(np.float64(0.6823529411764706), np.float64(0.7803921568627451), np.float64(0.9098039215686274), np.float64(1.0))","T0
0.40",False
all-mpnet-base-v2,0,Misinformation & Propaganda,122,,6.850371,9.346669,0.4024934470653534,"(np.float64(0.6823529411764706), np.float64(0.7803921568627451), np.float64(0.9098039215686274), np.float64(1.0))","T0
0.40",False
all-mpnet-base-v2,0,Misinformation & Propaganda,165,,6.9315457,9.758147,0.4024934470653534,"(np.float64(0.6823529411764706), np.float64(0.7803921568627451), np.float64(0.9098039215686274), np.float64(1.0))","T0
0.40",False
all-mpnet-base-v2,0,Misinformation & Propaganda,255,,7.034521,9.5013275,0.4024934470653534,"(np.float64(0.6823529411764706), np.float64(0.7803921568627451), np.float64(0.9098039215686274), np.float64(1.0))","T0
0.40",False
all-mpnet-base-v2,0,Misinformation & Propaganda,258,,7.088102,9.689347,0.4024934470653534,"(np.float64(0.6823529411764706), np.float64(0.7803921568627451), np.float64(0.9098039215686274), np.float64(1.0))","T0
0.40",False
all-mpnet-base-v2,0,Misinformation & Propaganda,313,,7.0800505,9.600775,0.4024934470653534,"(np.float64(0.6823529411764706), np.float64(0.7803921568627451), np.float64(0.9098039215686274), np.float64(1.0))","T0
0.40",False
all-mpnet-base-v2,0,Misinformation & Propaganda,321,,6.76881,9.663471,0.4024934470653534,"(np.float64(0.6823529411764706), np.float64(0.7803921568627451), np.float64(0.9098039215686274), np.float64(1.0))","T0
0.40",False
all-mpnet-base-v2,0,Misinformation & Propaganda,364,,7.004792,9.914839,0.4024934470653534,"(np.float64(0.6823529411764706), np.float64(0.7803921568627451), np.float64(0.9098039215686274), np.float64(1.0))","T0
0.40",False
all-mpnet-base-v2,0,Misinformation & Propaganda,405,,7.4442444,9.518107,0.4024934470653534,"(np.float64(0.6823529411764706), np.float64(0.7803921568627451), np.float64(0.9098039215686274), np.float64(1.0))","T0
0.40",False
all-mpnet-base-v2,0,Misinformation & Propaganda,414,,6.971283,9.167541,0.4024934470653534,"(np.float64(0.6823529411764706), np.float64(0.7803921568627451), np.float64(0.9098039215686274), np.float64(1.0))","T0
0.40",False
all-mpnet-base-v2,0,Misinformation & Propaganda,425,,6.970226,9.288403,0.4024934470653534,"(np.float64(0.6823529411764706), np.float64(0.7803921568627451), np.float64(0.9098039215686274), np.float64(1.0))","T0
0.40",False
all-mpnet-base-v2,0,Misinformation & Propaganda,459,,6.823608,9.370179,0.4024934470653534,"(np.float64(0.6823529411764706), np.float64(0.7803921568627451), np.float64(0.9098039215686274), np.float64(1.0))","T0
0.40",False
all-mpnet-base-v2,0,Misinformation & Propaganda,469,,7.0578275,9.686235,0.4024934470653534,"(np.float64(0.6823529411764706), np.float64(0.7803921568627451), np.float64(0.9098039215686274), np.float64(1.0))","T0
0.40",False
all-mpnet-base-v2,0,Misinformation & Propaganda,483,,7.157786,9.65596,0.4024934470653534,"(np.float64(0.6823529411764706), np.float64(0.7803921568627451), np.float64(0.9098039215686274), np.float64(1.0))","T0
0.40",False
all-mpnet-base-v2,0,Misinformation & Propaganda,490,,6.9560375,9.235509,0.4024934470653534,"(np.float64(0.6823529411764706), np.float64(0.7803921568627451), np.float64(0.9098039215686274), np.float64(1.0))","T0
0.40",False
all-mpnet-base-v2,0,Misinformation & Propaganda,498,,6.822215,9.602845,0.4024934470653534,"(np.float64(0.6823529411764706), np.float64(0.7803921568627451), np.float64(0.9098039215686274), np.float64(1.0))","T0
0.40",False
all-mpnet-base-v2,0,Misinformation & Propaganda,547,,7.215803,9.638933,0.4024934470653534,"(np.float64(0.6823529411764706), np.float64(0.7803921568627451), np.float64(0.9098039215686274), np.float64(1.0))","T0
0.40",False
all-mpnet-base-v2,0,Misinformation & Propaganda,564,,7.0585384,9.177665,0.4024934470653534,"(np.float64(0.6823529411764706), np.float64(0.7803921568627451), np.float64(0.9098039215686274), np.float64(1.0))","T0
0.40",False
all-mpnet-base-v2,0,Misinformation & Propaganda,595,,6.970148,9.70405,0.4024934470653534,"(np.float64(0.6823529411764706), np.float64(0.7803921568627451), np.float64(0.9098039215686274), np.float64(1.0))","T0
0.40",False
all-mpnet-base-v2,0,Misinformation & Propaganda,597,,6.8623805,8.925352,0.4024934470653534,"(np.float64(0.6823529411764706), np.float64(0.7803921568627451), np.float64(0.9098039215686274), np.float64(1.0))","T0
0.40",False
all-mpnet-base-v2,0,Misinformation & Propaganda,613,,7.2381263,9.656625,0.4024934470653534,"(np.float64(0.6823529411764706), np.float64(0.7803921568627451), np.float64(0.9098039215686274), np.float64(1.0))","T0
0.40",False
all-mpnet-base-v2,0,Misinformation & Propaganda,673,,7.018077,9.494409,0.4024934470653534,"(np.float64(0.6823529411764706), np.float64(0.7803921568627451), np.float64(0.9098039215686274), np.float64(1.0))","T0
0.40",False
all-mpnet-base-v2,0,Misinformation & Propaganda,674,,6.906728,9.038174,0.4024934470653534,"(np.float64(0.6823529411764706), np.float64(0.7803921568627451), np.float64(0.9098039215686274), np.float64(1.0))","T0
0.40",False
all-mpnet-base-v2,0,Misinformation & Propaganda,725,,6.861447,9.530984,0.4024934470653534,"(np.float64(0.6823529411764706), np.float64(0.7803921568627451), np.float64(0.9098039215686274), np.float64(1.0))","T0
0.40",False
all-mpnet-base-v2,0,Misinformation & Propaganda,764,,6.770245,9.281155,0.4024934470653534,"(np.float64(0.6823529411764706), np.float64(0.7803921568627451), np.float64(0.9098039215686274), np.float64(1.0))","T0
0.40",False
all-mpnet-base-v2,0,Misinformation & Propaganda,785,,6.6358347,9.223469,0.4024934470653534,"(np.float64(0.6823529411764706), np.float64(0.7803921568627451), np.float64(0.9098039215686274), np.float64(1.0))","T0
0.40",False
all-mpnet-base-v2,0,Misinformation & Propaganda,813,,6.91928,8.572394,0.4024934470653534,"(np.float64(0.6823529411764706), np.float64(0.7803921568627451), np.float64(0.9098039215686274), np.float64(1.0))","T0
0.40",False
all-mpnet-base-v2,1,Fact-Checking & Verification,3,,10.594383,7.2535944,0.4901122450828552,"(np.float64(1.0), np.float64(0.4980392156862745), np.float64(0.054901960784313725), np.float64(1.0))","T1
0.49",False
all-mpnet-base-v2,1,Fact-Checking & Verification,12,,10.554357,7.3901215,0.4901122450828552,"(np.float64(1.0), np.float64(0.4980392156862745), np.float64(0.054901960784313725), np.float64(1.0))","T1
0.49",False
all-mpnet-base-v2,1,Fact-Checking & Verification,23,,10.5563135,7.1627007,0.4901122450828552,"(np.float64(1.0), np.float64(0.4980392156862745), np.float64(0.054901960784313725), np.float64(1.0))","T1
0.49",False
all-mpnet-base-v2,1,Fact-Checking & Verification,35,,10.284993,7.4577923,0.4901122450828552,"(np.float64(1.0), np.float64(0.4980392156862745), np.float64(0.054901960784313725), np.float64(1.0))","T1
0.49",False
all-mpnet-base-v2,1,Fact-Checking & Verification,74,,10.019975,7.284011,0.4901122450828552,"(np.float64(1.0), np.float64(0.4980392156862745), np.float64(0.054901960784313725), np.float64(1.0))","T1
0.49",False
all-mpnet-base-v2,1,Fact-Checking & Verification,77,,9.921549,7.4994535,0.4901122450828552,"(np.float64(1.0), np.float64(0.4980392156862745), np.float64(0.054901960784313725), np.float64(1.0))","T1
0.49",False
all-mpnet-base-v2,1,Fact-Checking & Verification,82,,9.958103,7.4418974,0.4901122450828552,"(np.float64(1.0), np.float64(0.4980392156862745), np.float64(0.054901960784313725), np.float64(1.0))","T1
0.49",False
all-mpnet-base-v2,1,Fact-Checking & Verification,176,,10.413914,6.9985695,0.4901122450828552,"(np.float64(1.0), np.float64(0.4980392156862745), np.float64(0.054901960784313725), np.float64(1.0))","T1
0.49",False
all-mpnet-base-v2,1,Fact-Checking & Verification,195,,10.618856,7.525271,0.4901122450828552,"(np.float64(1.0), np.float64(0.4980392156862745), np.float64(0.054901960784313725), np.float64(1.0))","T1
0.49",False
all-mpnet-base-v2,1,Fact-Checking & Verification,196,,10.505858,7.287428,0.4901122450828552,"(np.float64(1.0), np.float64(0.4980392156862745), np.float64(0.054901960784313725), np.float64(1.0))","T1
0.49",False
all-mpnet-base-v2,1,Fact-Checking & Verification,203,,10.504214,7.4477596,0.4901122450828552,"(np.float64(1.0), np.float64(0.4980392156862745), np.float64(0.054901960784313725), np.float64(1.0))","T1
0.49",False
all-mpnet-base-v2,1,Fact-Checking & Verification,205,,10.609052,7.5341935,0.4901122450828552,"(np.float64(1.0), np.float64(0.4980392156862745), np.float64(0.054901960784313725), np.float64(1.0))","T1
0.49",False
all-mpnet-base-v2,1,Fact-Checking & Verification,214,,10.701028,7.534036,0.4901122450828552,"(np.float64(1.0), np.float64(0.4980392156862745), np.float64(0.054901960784313725), np.float64(1.0))","T1
0.49",False
all-mpnet-base-v2,1,Fact-Checking & Verification,228,,10.515593,7.59757,0.4901122450828552,"(np.float64(1.0), np.float64(0.4980392156862745), np.float64(0.054901960784313725), np.float64(1.0))","T1
0.49",False
all-mpnet-base-v2,1,Fact-Checking & Verification,229,,8.393353,8.426181,0.4901122450828552,"(np.float64(1.0), np.float64(0.4980392156862745), np.float64(0.054901960784313725), np.float64(1.0))","T1
0.49",False
all-mpnet-base-v2,1,Fact-Checking & Verification,232,,10.539922,7.4927564,0.4901122450828552,"(np.float64(1.0), np.float64(0.4980392156862745), np.float64(0.054901960784313725), np.float64(1.0))","T1
0.49",False
all-mpnet-base-v2,1,Fact-Checking & Verification,239,,10.521962,7.7459097,0.4901122450828552,"(np.float64(1.0), np.float64(0.4980392156862745), np.float64(0.054901960784313725), np.float64(1.0))","T1
0.49",False
all-mpnet-base-v2,1,Fact-Checking & Verification,240,,10.673688,7.192619,0.4901122450828552,"(np.float64(1.0), np.float64(0.4980392156862745), np.float64(0.054901960784313725), np.float64(1.0))","T1
0.49",False
all-mpnet-base-v2,1,Fact-Checking & Verification,270,,10.155082,7.592404,0.4901122450828552,"(np.float64(1.0), np.float64(0.4980392156862745), np.float64(0.054901960784313725), np.float64(1.0))","T1
0.49",False
all-mpnet-base-v2,1,Fact-Checking & Verification,403,,10.651301,7.338947,0.4901122450828552,"(np.float64(1.0), np.float64(0.4980392156862745), np.float64(0.054901960784313725), np.float64(1.0))","T1
0.49",False
all-mpnet-base-v2,1,Fact-Checking & Verification,406,,10.570624,7.207719,0.4901122450828552,"(np.float64(1.0), np.float64(0.4980392156862745), np.float64(0.054901960784313725), np.float64(1.0))","T1
0.49",False
all-mpnet-base-v2,1,Fact-Checking & Verification,438,,10.472193,7.1567564,0.4901122450828552,"(np.float64(1.0), np.float64(0.4980392156862745), np.float64(0.054901960784313725), np.float64(1.0))","T1
0.49",False
all-mpnet-base-v2,1,Fact-Checking & Verification,445,,10.563575,7.5834465,0.4901122450828552,"(np.float64(1.0), np.float64(0.4980392156862745), np.float64(0.054901960784313725), np.float64(1.0))","T1
0.49",False
all-mpnet-base-v2,1,Fact-Checking & Verification,533,,10.349666,7.6775064,0.4901122450828552,"(np.float64(1.0), np.float64(0.4980392156862745), np.float64(0.054901960784313725), np.float64(1.0))","T1
0.49",False
all-mpnet-base-v2,1,Fact-Checking & Verification,537,,10.191847,7.592326,0.4901122450828552,"(np.float64(1.0), np.float64(0.4980392156862745), np.float64(0.054901960784313725), np.float64(1.0))","T1
0.49",False
all-mpnet-base-v2,1,Fact-Checking & Verification,541,,10.523418,7.6153955,0.4901122450828552,"(np.float64(1.0), np.float64(0.4980392156862745), np.float64(0.054901960784313725), np.float64(1.0))","T1
0.49",False
all-mpnet-base-v2,1,Fact-Checking & Verification,556,,10.601448,7.066917,0.4901122450828552,"(np.float64(1.0), np.float64(0.4980392156862745), np.float64(0.054901960784313725), np.float64(1.0))","T1
0.49",False
all-mpnet-base-v2,1,Fact-Checking & Verification,561,,10.556048,7.4697604,0.4901122450828552,"(np.float64(1.0), np.float64(0.4980392156862745), np.float64(0.054901960784313725), np.float64(1.0))","T1
0.49",False
all-mpnet-base-v2,1,Fact-Checking & Verification,668,,10.583858,7.335336,0.4901122450828552,"(np.float64(1.0), np.float64(0.4980392156862745), np.float64(0.054901960784313725), np.float64(1.0))","T1
0.49",False
all-mpnet-base-v2,1,Fact-Checking & Verification,699,,10.355631,7.460598,0.4901122450828552,"(np.float64(1.0), np.float64(0.4980392156862745), np.float64(0.054901960784313725), np.float64(1.0))","T1
0.49",False
all-mpnet-base-v2,1,Fact-Checking & Verification,759,,10.404368,7.3410807,0.4901122450828552,"(np.float64(1.0), np.float64(0.4980392156862745), np.float64(0.054901960784313725), np.float64(1.0))","T1
0.49",False
all-mpnet-base-v2,1,Fact-Checking & Verification,826,,10.466647,6.7883215,0.4901122450828552,"(np.float64(1.0), np.float64(0.4980392156862745), np.float64(0.054901960784313725), np.float64(1.0))","T1
0.49",False
all-mpnet-base-v2,2,Misinformation & Propaganda,19,,4.2927995,6.837823,0.34803318977355957,"(np.float64(1.0), np.float64(0.7333333333333333), np.float64(0.47058823529411764), np.float64(1.0))","T2
0.35",False
all-mpnet-base-v2,2,Misinformation & Propaganda,45,,4.147282,7.112429,0.34803318977355957,"(np.float64(1.0), np.float64(0.7333333333333333), np.float64(0.47058823529411764), np.float64(1.0))","T2
0.35",False
all-mpnet-base-v2,2,Misinformation & Propaganda,48,,4.428405,6.908903,0.34803318977355957,"(np.float64(1.0), np.float64(0.7333333333333333), np.float64(0.47058823529411764), np.float64(1.0))","T2
0.35",False
all-mpnet-base-v2,2,Misinformation & Propaganda,89,,4.8602366,7.2947702,0.34803318977355957,"(np.float64(1.0), np.float64(0.7333333333333333), np.float64(0.47058823529411764), np.float64(1.0))","T2
0.35",False
all-mpnet-base-v2,2,Misinformation & Propaganda,116,,4.3231015,6.69977,0.34803318977355957,"(np.float64(1.0), np.float64(0.7333333333333333), np.float64(0.47058823529411764), np.float64(1.0))","T2
0.35",False
all-mpnet-base-v2,2,Misinformation & Propaganda,135,,4.4516463,6.6470084,0.34803318977355957,"(np.float64(1.0), np.float64(0.7333333333333333), np.float64(0.47058823529411764), np.float64(1.0))","T2
0.35",False
all-mpnet-base-v2,2,Misinformation & Propaganda,158,,4.5007315,7.340162,0.34803318977355957,"(np.float64(1.0), np.float64(0.7333333333333333), np.float64(0.47058823529411764), np.float64(1.0))","T2
0.35",False
all-mpnet-base-v2,2,Misinformation & Propaganda,161,,4.5371323,7.024633,0.34803318977355957,"(np.float64(1.0), np.float64(0.7333333333333333), np.float64(0.47058823529411764), np.float64(1.0))","T2
0.35",False
all-mpnet-base-v2,2,Misinformation & Propaganda,345,,4.361225,6.695908,0.34803318977355957,"(np.float64(1.0), np.float64(0.7333333333333333), np.float64(0.47058823529411764), np.float64(1.0))","T2
0.35",False
all-mpnet-base-v2,2,Misinformation & Propaganda,347,,4.20574,6.9074807,0.34803318977355957,"(np.float64(1.0), np.float64(0.7333333333333333), np.float64(0.47058823529411764), np.float64(1.0))","T2
0.35",False
all-mpnet-base-v2,2,Misinformation & Propaganda,351,,4.5205584,7.0177,0.34803318977355957,"(np.float64(1.0), np.float64(0.7333333333333333), np.float64(0.47058823529411764), np.float64(1.0))","T2
0.35",False
all-mpnet-base-v2,2,Misinformation & Propaganda,357,,4.4022493,6.83361,0.34803318977355957,"(np.float64(1.0), np.float64(0.7333333333333333), np.float64(0.47058823529411764), np.float64(1.0))","T2
0.35",False
all-mpnet-base-v2,2,Misinformation & Propaganda,363,,4.34382,6.967954,0.34803318977355957,"(np.float64(1.0), np.float64(0.7333333333333333), np.float64(0.47058823529411764), np.float64(1.0))","T2
0.35",False
all-mpnet-base-v2,2,Misinformation & Propaganda,424,,4.466676,6.740761,0.34803318977355957,"(np.float64(1.0), np.float64(0.7333333333333333), np.float64(0.47058823529411764), np.float64(1.0))","T2
0.35",False
all-mpnet-base-v2,2,Misinformation & Propaganda,433,,4.4208827,7.346912,0.34803318977355957,"(np.float64(1.0), np.float64(0.7333333333333333), np.float64(0.47058823529411764), np.float64(1.0))","T2
0.35",False
all-mpnet-base-v2,2,Misinformation & Propaganda,471,,4.521334,6.891435,0.34803318977355957,"(np.float64(1.0), np.float64(0.7333333333333333), np.float64(0.47058823529411764), np.float64(1.0))","T2
0.35",False
all-mpnet-base-v2,2,Misinformation & Propaganda,504,,4.4199696,6.6685205,0.34803318977355957,"(np.float64(1.0), np.float64(0.7333333333333333), np.float64(0.47058823529411764), np.float64(1.0))","T2
0.35",False
all-mpnet-base-v2,2,Misinformation & Propaganda,507,,4.356559,6.7844334,0.34803318977355957,"(np.float64(1.0), np.float64(0.7333333333333333), np.float64(0.47058823529411764), np.float64(1.0))","T2
0.35",False
all-mpnet-base-v2,2,Misinformation & Propaganda,549,,4.5233207,7.005993,0.34803318977355957,"(np.float64(1.0), np.float64(0.7333333333333333), np.float64(0.47058823529411764), np.float64(1.0))","T2
0.35",False
all-mpnet-base-v2,2,Misinformation & Propaganda,590,,4.34379,6.5786448,0.34803318977355957,"(np.float64(1.0), np.float64(0.7333333333333333), np.float64(0.47058823529411764), np.float64(1.0))","T2
0.35",False
all-mpnet-base-v2,2,Misinformation & Propaganda,600,,4.411986,6.9699793,0.34803318977355957,"(np.float64(1.0), np.float64(0.7333333333333333), np.float64(0.47058823529411764), np.float64(1.0))","T2
0.35",False
all-mpnet-base-v2,2,Misinformation & Propaganda,604,,4.3145905,6.7108417,0.34803318977355957,"(np.float64(1.0), np.float64(0.7333333333333333), np.float64(0.47058823529411764), np.float64(1.0))","T2
0.35",False
all-mpnet-base-v2,2,Misinformation & Propaganda,605,,4.4963846,6.566245,0.34803318977355957,"(np.float64(1.0), np.float64(0.7333333333333333), np.float64(0.47058823529411764), np.float64(1.0))","T2
0.35",False
all-mpnet-base-v2,2,Misinformation & Propaganda,609,,4.0345726,7.064116,0.34803318977355957,"(np.float64(1.0), np.float64(0.7333333333333333), np.float64(0.47058823529411764), np.float64(1.0))","T2
0.35",False
all-mpnet-base-v2,2,Misinformation & Propaganda,611,,4.1701674,6.6233916,0.34803318977355957,"(np.float64(1.0), np.float64(0.7333333333333333), np.float64(0.47058823529411764), np.float64(1.0))","T2
0.35",False
all-mpnet-base-v2,2,Misinformation & Propaganda,615,,4.3360634,6.8299146,0.34803318977355957,"(np.float64(1.0), np.float64(0.7333333333333333), np.float64(0.47058823529411764), np.float64(1.0))","T2
0.35",False
all-mpnet-base-v2,2,Misinformation & Propaganda,642,,4.066643,6.826008,0.34803318977355957,"(np.float64(1.0), np.float64(0.7333333333333333), np.float64(0.47058823529411764), np.float64(1.0))","T2
0.35",False
all-mpnet-base-v2,2,Misinformation & Propaganda,646,,3.946389,6.8123183,0.34803318977355957,"(np.float64(1.0), np.float64(0.7333333333333333), np.float64(0.47058823529411764), np.float64(1.0))","T2
0.35",False
all-mpnet-base-v2,2,Misinformation & Propaganda,711,,4.439798,6.5647783,0.34803318977355957,"(np.float64(1.0), np.float64(0.7333333333333333), np.float64(0.47058823529411764), np.float64(1.0))","T2
0.35",False
all-mpnet-base-v2,2,Misinformation & Propaganda,723,,4.3638105,7.0706825,0.34803318977355957,"(np.float64(1.0), np.float64(0.7333333333333333), np.float64(0.47058823529411764), np.float64(1.0))","T2
0.35",False
all-mpnet-base-v2,3,Misinformation & Propaganda,143,,4.7542186,6.47358,0.339121013879776,"(np.float64(0.17254901960784313), np.float64(0.6274509803921569), np.float64(0.17254901960784313), np.float64(1.0))","T3
0.34",False
all-mpnet-base-v2,3,Misinformation & Propaganda,162,,5.1453924,6.212811,0.339121013879776,"(np.float64(0.17254901960784313), np.float64(0.6274509803921569), np.float64(0.17254901960784313), np.float64(1.0))","T3
0.34",False
all-mpnet-base-v2,3,Misinformation & Propaganda,284,,5.4465284,5.917694,0.339121013879776,"(np.float64(0.17254901960784313), np.float64(0.6274509803921569), np.float64(0.17254901960784313), np.float64(1.0))","T3
0.34",False
all-mpnet-base-v2,3,Misinformation & Propaganda,317,,4.849274,6.4415607,0.339121013879776,"(np.float64(0.17254901960784313), np.float64(0.6274509803921569), np.float64(0.17254901960784313), np.float64(1.0))","T3
0.34",False
all-mpnet-base-v2,3,Misinformation & Propaganda,352,,5.3567967,6.117123,0.339121013879776,"(np.float64(0.17254901960784313), np.float64(0.6274509803921569), np.float64(0.17254901960784313), np.float64(1.0))","T3
0.34",False
all-mpnet-base-v2,3,Misinformation & Propaganda,492,,4.984636,6.198053,0.339121013879776,"(np.float64(0.17254901960784313), np.float64(0.6274509803921569), np.float64(0.17254901960784313), np.float64(1.0))","T3
0.34",False
all-mpnet-base-v2,3,Misinformation & Propaganda,497,,5.080409,6.676272,0.339121013879776,"(np.float64(0.17254901960784313), np.float64(0.6274509803921569), np.float64(0.17254901960784313), np.float64(1.0))","T3
0.34",False
all-mpnet-base-v2,3,Misinformation & Propaganda,612,,4.934803,6.2899785,0.339121013879776,"(np.float64(0.17254901960784313), np.float64(0.6274509803921569), np.float64(0.17254901960784313), np.float64(1.0))","T3
0.34",False
all-mpnet-base-v2,3,Misinformation & Propaganda,617,,4.9274154,6.383579,0.339121013879776,"(np.float64(0.17254901960784313), np.float64(0.6274509803921569), np.float64(0.17254901960784313), np.float64(1.0))","T3
0.34",False
all-mpnet-base-v2,3,Misinformation & Propaganda,621,,5.09548,6.2113023,0.339121013879776,"(np.float64(0.17254901960784313), np.float64(0.6274509803921569), np.float64(0.17254901960784313), np.float64(1.0))","T3
0.34",False
all-mpnet-base-v2,3,Misinformation & Propaganda,624,,5.0405006,6.2372465,0.339121013879776,"(np.float64(0.17254901960784313), np.float64(0.6274509803921569), np.float64(0.17254901960784313), np.float64(1.0))","T3
0.34",False
all-mpnet-base-v2,3,Misinformation & Propaganda,679,,5.1825247,6.0917225,0.339121013879776,"(np.float64(0.17254901960784313), np.float64(0.6274509803921569), np.float64(0.17254901960784313), np.float64(1.0))","T3
0.34",False
all-mpnet-base-v2,3,Misinformation & Propaganda,712,,4.9984984,6.1781654,0.339121013879776,"(np.float64(0.17254901960784313), np.float64(0.6274509803921569), np.float64(0.17254901960784313), np.float64(1.0))","T3
0.34",False
all-mpnet-base-v2,3,Misinformation & Propaganda,714,,4.929266,6.282672,0.339121013879776,"(np.float64(0.17254901960784313), np.float64(0.6274509803921569), np.float64(0.17254901960784313), np.float64(1.0))","T3
0.34",False
all-mpnet-base-v2,3,Misinformation & Propaganda,720,,4.874032,6.4448943,0.339121013879776,"(np.float64(0.17254901960784313), np.float64(0.6274509803921569), np.float64(0.17254901960784313), np.float64(1.0))","T3
0.34",False
all-mpnet-base-v2,3,Misinformation & Propaganda,724,,4.8781033,6.3862424,0.339121013879776,"(np.float64(0.17254901960784313), np.float64(0.6274509803921569), np.float64(0.17254901960784313), np.float64(1.0))","T3
0.34",False
all-mpnet-base-v2,3,Misinformation & Propaganda,758,,5.447492,5.9150953,0.339121013879776,"(np.float64(0.17254901960784313), np.float64(0.6274509803921569), np.float64(0.17254901960784313), np.float64(1.0))","T3
0.34",False
all-mpnet-base-v2,3,Misinformation & Propaganda,778,,5.2530136,6.0683565,0.339121013879776,"(np.float64(0.17254901960784313), np.float64(0.6274509803921569), np.float64(0.17254901960784313), np.float64(1.0))","T3
0.34",False
all-mpnet-base-v2,3,Misinformation & Propaganda,782,,5.1251736,6.124952,0.339121013879776,"(np.float64(0.17254901960784313), np.float64(0.6274509803921569), np.float64(0.17254901960784313), np.float64(1.0))","T3
0.34",False
all-mpnet-base-v2,3,Misinformation & Propaganda,783,,4.7349854,6.4596753,0.339121013879776,"(np.float64(0.17254901960784313), np.float64(0.6274509803921569), np.float64(0.17254901960784313), np.float64(1.0))","T3
0.34",False
all-mpnet-base-v2,3,Misinformation & Propaganda,786,,5.276205,6.051707,0.339121013879776,"(np.float64(0.17254901960784313), np.float64(0.6274509803921569), np.float64(0.17254901960784313), np.float64(1.0))","T3
0.34",False
all-mpnet-base-v2,3,Misinformation & Propaganda,788,,5.0969625,6.214465,0.339121013879776,"(np.float64(0.17254901960784313), np.float64(0.6274509803921569), np.float64(0.17254901960784313), np.float64(1.0))","T3
0.34",False
all-mpnet-base-v2,3,Misinformation & Propaganda,874,,5.4566245,6.0824,0.339121013879776,"(np.float64(0.17254901960784313), np.float64(0.6274509803921569), np.float64(0.17254901960784313), np.float64(1.0))","T3
0.34",False
all-mpnet-base-v2,3,Misinformation & Propaganda,885,,4.948479,6.168606,0.339121013879776,"(np.float64(0.17254901960784313), np.float64(0.6274509803921569), np.float64(0.17254901960784313), np.float64(1.0))","T3
0.34",False
all-mpnet-base-v2,4,Misinformation & Propaganda,22,,8.139806,3.6474648,0.3566749095916748,"(np.float64(0.596078431372549), np.float64(0.8745098039215686), np.float64(0.5411764705882353), np.float64(1.0))","T4
0.36",False
all-mpnet-base-v2,4,Misinformation & Propaganda,39,,8.442448,3.7070274,0.3566749095916748,"(np.float64(0.596078431372549), np.float64(0.8745098039215686), np.float64(0.5411764705882353), np.float64(1.0))","T4
0.36",False
all-mpnet-base-v2,4,Misinformation & Propaganda,64,,8.614028,3.734415,0.3566749095916748,"(np.float64(0.596078431372549), np.float64(0.8745098039215686), np.float64(0.5411764705882353), np.float64(1.0))","T4
0.36",False
all-mpnet-base-v2,4,Misinformation & Propaganda,71,,8.590761,3.7277918,0.3566749095916748,"(np.float64(0.596078431372549), np.float64(0.8745098039215686), np.float64(0.5411764705882353), np.float64(1.0))","T4
0.36",False
all-mpnet-base-v2,4,Misinformation & Propaganda,99,,8.181109,4.0285673,0.3566749095916748,"(np.float64(0.596078431372549), np.float64(0.8745098039215686), np.float64(0.5411764705882353), np.float64(1.0))","T4
0.36",False
all-mpnet-base-v2,4,Misinformation & Propaganda,102,,7.919204,3.4830353,0.3566749095916748,"(np.float64(0.596078431372549), np.float64(0.8745098039215686), np.float64(0.5411764705882353), np.float64(1.0))","T4
0.36",False
all-mpnet-base-v2,4,Misinformation & Propaganda,193,,8.263807,3.6778228,0.3566749095916748,"(np.float64(0.596078431372549), np.float64(0.8745098039215686), np.float64(0.5411764705882353), np.float64(1.0))","T4
0.36",False
all-mpnet-base-v2,4,Misinformation & Propaganda,297,,8.44273,3.8192704,0.3566749095916748,"(np.float64(0.596078431372549), np.float64(0.8745098039215686), np.float64(0.5411764705882353), np.float64(1.0))","T4
0.36",False
all-mpnet-base-v2,4,Misinformation & Propaganda,300,,8.616707,3.7051368,0.3566749095916748,"(np.float64(0.596078431372549), np.float64(0.8745098039215686), np.float64(0.5411764705882353), np.float64(1.0))","T4
0.36",False
all-mpnet-base-v2,4,Misinformation & Propaganda,306,,8.156165,3.6036825,0.3566749095916748,"(np.float64(0.596078431372549), np.float64(0.8745098039215686), np.float64(0.5411764705882353), np.float64(1.0))","T4
0.36",False
all-mpnet-base-v2,4,Misinformation & Propaganda,385,,8.616089,3.7198324,0.3566749095916748,"(np.float64(0.596078431372549), np.float64(0.8745098039215686), np.float64(0.5411764705882353), np.float64(1.0))","T4
0.36",False
all-mpnet-base-v2,4,Misinformation & Propaganda,412,,8.469349,3.6888053,0.3566749095916748,"(np.float64(0.596078431372549), np.float64(0.8745098039215686), np.float64(0.5411764705882353), np.float64(1.0))","T4
0.36",False
all-mpnet-base-v2,4,Misinformation & Propaganda,430,,8.61233,3.7548397,0.3566749095916748,"(np.float64(0.596078431372549), np.float64(0.8745098039215686), np.float64(0.5411764705882353), np.float64(1.0))","T4
0.36",False
all-mpnet-base-v2,4,Misinformation & Propaganda,432,,8.295056,3.832872,0.3566749095916748,"(np.float64(0.596078431372549), np.float64(0.8745098039215686), np.float64(0.5411764705882353), np.float64(1.0))","T4
0.36",False
all-mpnet-base-v2,4,Misinformation & Propaganda,518,,8.244392,4.244836,0.3566749095916748,"(np.float64(0.596078431372549), np.float64(0.8745098039215686), np.float64(0.5411764705882353), np.float64(1.0))","T4
0.36",False
all-mpnet-base-v2,4,Misinformation & Propaganda,532,,8.771754,3.8397353,0.3566749095916748,"(np.float64(0.596078431372549), np.float64(0.8745098039215686), np.float64(0.5411764705882353), np.float64(1.0))","T4
0.36",False
all-mpnet-base-v2,4,Misinformation & Propaganda,614,,8.685573,3.743513,0.3566749095916748,"(np.float64(0.596078431372549), np.float64(0.8745098039215686), np.float64(0.5411764705882353), np.float64(1.0))","T4
0.36",False
all-mpnet-base-v2,4,Misinformation & Propaganda,651,,8.011209,3.479368,0.3566749095916748,"(np.float64(0.596078431372549), np.float64(0.8745098039215686), np.float64(0.5411764705882353), np.float64(1.0))","T4
0.36",False
all-mpnet-base-v2,4,Misinformation & Propaganda,671,,8.553458,3.8514576,0.3566749095916748,"(np.float64(0.596078431372549), np.float64(0.8745098039215686), np.float64(0.5411764705882353), np.float64(1.0))","T4
0.36",False
all-mpnet-base-v2,4,Misinformation & Propaganda,680,,8.633408,3.7329597,0.3566749095916748,"(np.float64(0.596078431372549), np.float64(0.8745098039215686), np.float64(0.5411764705882353), np.float64(1.0))","T4
0.36",False
all-mpnet-base-v2,5,Fact-Checking & Verification,0,,8.694784,6.7219586,0.7961075901985168,"(np.float64(0.8392156862745098), np.float64(0.15294117647058825), np.float64(0.1568627450980392), np.float64(1.0))","T5
0.80",False
all-mpnet-base-v2,5,Fact-Checking & Verification,24,,9.018778,6.8561482,0.7961075901985168,"(np.float64(0.8392156862745098), np.float64(0.15294117647058825), np.float64(0.1568627450980392), np.float64(1.0))","T5
0.80",False
all-mpnet-base-v2,5,Fact-Checking & Verification,28,,8.585501,7.293224,0.7961075901985168,"(np.float64(0.8392156862745098), np.float64(0.15294117647058825), np.float64(0.1568627450980392), np.float64(1.0))","T5
0.80",False
all-mpnet-base-v2,5,Fact-Checking & Verification,33,,8.741232,7.2944746,0.7961075901985168,"(np.float64(0.8392156862745098), np.float64(0.15294117647058825), np.float64(0.1568627450980392), np.float64(1.0))","T5
0.80",False
all-mpnet-base-v2,5,Fact-Checking & Verification,98,,8.350379,7.429539,0.7961075901985168,"(np.float64(0.8392156862745098), np.float64(0.15294117647058825), np.float64(0.1568627450980392), np.float64(1.0))","T5
0.80",False
all-mpnet-base-v2,5,Fact-Checking & Verification,266,,8.791639,6.978755,0.7961075901985168,"(np.float64(0.8392156862745098), np.float64(0.15294117647058825), np.float64(0.1568627450980392), np.float64(1.0))","T5
0.80",False
all-mpnet-base-v2,5,Fact-Checking & Verification,286,,8.533233,7.620362,0.7961075901985168,"(np.float64(0.8392156862745098), np.float64(0.15294117647058825), np.float64(0.1568627450980392), np.float64(1.0))","T5
0.80",False
all-mpnet-base-v2,5,Fact-Checking & Verification,369,,7.3287272,8.034621,0.7961075901985168,"(np.float64(0.8392156862745098), np.float64(0.15294117647058825), np.float64(0.1568627450980392), np.float64(1.0))","T5
0.80",False
all-mpnet-base-v2,5,Fact-Checking & Verification,440,,8.60641,7.2334795,0.7961075901985168,"(np.float64(0.8392156862745098), np.float64(0.15294117647058825), np.float64(0.1568627450980392), np.float64(1.0))","T5
0.80",False
all-mpnet-base-v2,5,Fact-Checking & Verification,555,,8.033034,7.391033,0.7961075901985168,"(np.float64(0.8392156862745098), np.float64(0.15294117647058825), np.float64(0.1568627450980392), np.float64(1.0))","T5
0.80",False
all-mpnet-base-v2,5,Fact-Checking & Verification,748,,8.6209345,7.2697453,0.7961075901985168,"(np.float64(0.8392156862745098), np.float64(0.15294117647058825), np.float64(0.1568627450980392), np.float64(1.0))","T5
0.80",False
all-mpnet-base-v2,5,Fact-Checking & Verification,820,,7.50792,7.8931146,0.7961075901985168,"(np.float64(0.8392156862745098), np.float64(0.15294117647058825), np.float64(0.1568627450980392), np.float64(1.0))","T5
0.80",False
all-mpnet-base-v2,5,Fact-Checking & Verification,825,,8.968195,7.1223426,0.7961075901985168,"(np.float64(0.8392156862745098), np.float64(0.15294117647058825), np.float64(0.1568627450980392), np.float64(1.0))","T5
0.80",False
all-mpnet-base-v2,5,Fact-Checking & Verification,838,,8.088244,7.0802326,0.7961075901985168,"(np.float64(0.8392156862745098), np.float64(0.15294117647058825), np.float64(0.1568627450980392), np.float64(1.0))","T5
0.80",False
all-mpnet-base-v2,5,Fact-Checking & Verification,840,,9.237389,6.7227182,0.7961075901985168,"(np.float64(0.8392156862745098), np.float64(0.15294117647058825), np.float64(0.1568627450980392), np.float64(1.0))","T5
0.80",False
all-mpnet-base-v2,5,Fact-Checking & Verification,854,,7.379365,7.9591446,0.7961075901985168,"(np.float64(0.8392156862745098), np.float64(0.15294117647058825), np.float64(0.1568627450980392), np.float64(1.0))","T5
0.80",False
all-mpnet-base-v2,5,Fact-Checking & Verification,863,,9.091949,7.0878983,0.7961075901985168,"(np.float64(0.8392156862745098), np.float64(0.15294117647058825), np.float64(0.1568627450980392), np.float64(1.0))","T5
0.80",False
all-mpnet-base-v2,5,Fact-Checking & Verification,864,,8.832798,6.782798,0.7961075901985168,"(np.float64(0.8392156862745098), np.float64(0.15294117647058825), np.float64(0.1568627450980392), np.float64(1.0))","T5
0.80",False
all-mpnet-base-v2,5,Fact-Checking & Verification,884,,8.763637,6.7693686,0.7961075901985168,"(np.float64(0.8392156862745098), np.float64(0.15294117647058825), np.float64(0.1568627450980392), np.float64(1.0))","T5
0.80",False
all-mpnet-base-v2,5,Fact-Checking & Verification,899,,8.487434,7.1318007,0.7961075901985168,"(np.float64(0.8392156862745098), np.float64(0.15294117647058825), np.float64(0.1568627450980392), np.float64(1.0))","T5
0.80",False
all-mpnet-base-v2,6,Misinformation & Propaganda,128,,6.1538744,14.14999,0.13188984990119934,"(np.float64(1.0), np.float64(0.596078431372549), np.float64(0.5882352941176471), np.float64(1.0))","T6
0.13",True
all-mpnet-base-v2,6,Misinformation & Propaganda,254,,6.142849,14.140983,0.13188984990119934,"(np.float64(1.0), np.float64(0.596078431372549), np.float64(0.5882352941176471), np.float64(1.0))","T6
0.13",True
all-mpnet-base-v2,6,Misinformation & Propaganda,281,,6.113677,14.107225,0.13188984990119934,"(np.float64(1.0), np.float64(0.596078431372549), np.float64(0.5882352941176471), np.float64(1.0))","T6
0.13",True
all-mpnet-base-v2,6,Misinformation & Propaganda,318,,6.110409,14.098733,0.13188984990119934,"(np.float64(1.0), np.float64(0.596078431372549), np.float64(0.5882352941176471), np.float64(1.0))","T6
0.13",True
all-mpnet-base-v2,6,Misinformation & Propaganda,326,,6.1484704,14.149483,0.13188984990119934,"(np.float64(1.0), np.float64(0.596078431372549), np.float64(0.5882352941176471), np.float64(1.0))","T6
0.13",True
all-mpnet-base-v2,6,Misinformation & Propaganda,331,,6.1241035,14.110696,0.13188984990119934,"(np.float64(1.0), np.float64(0.596078431372549), np.float64(0.5882352941176471), np.float64(1.0))","T6
0.13",True
all-mpnet-base-v2,6,Misinformation & Propaganda,338,,6.158811,14.157511,0.13188984990119934,"(np.float64(1.0), np.float64(0.596078431372549), np.float64(0.5882352941176471), np.float64(1.0))","T6
0.13",True
all-mpnet-base-v2,6,Misinformation & Propaganda,388,,6.1614456,14.146948,0.13188984990119934,"(np.float64(1.0), np.float64(0.596078431372549), np.float64(0.5882352941176471), np.float64(1.0))","T6
0.13",True
all-mpnet-base-v2,6,Misinformation & Propaganda,411,,6.0285387,13.965425,0.13188984990119934,"(np.float64(1.0), np.float64(0.596078431372549), np.float64(0.5882352941176471), np.float64(1.0))","T6
0.13",True
all-mpnet-base-v2,6,Misinformation & Propaganda,419,,6.22006,14.206757,0.13188984990119934,"(np.float64(1.0), np.float64(0.596078431372549), np.float64(0.5882352941176471), np.float64(1.0))","T6
0.13",True
all-mpnet-base-v2,6,Misinformation & Propaganda,468,,6.204701,14.204646,0.13188984990119934,"(np.float64(1.0), np.float64(0.596078431372549), np.float64(0.5882352941176471), np.float64(1.0))","T6
0.13",True
all-mpnet-base-v2,6,Misinformation & Propaganda,474,,5.9489746,13.968929,0.13188984990119934,"(np.float64(1.0), np.float64(0.596078431372549), np.float64(0.5882352941176471), np.float64(1.0))","T6
0.13",True
all-mpnet-base-v2,6,Misinformation & Propaganda,571,,6.0820866,13.969283,0.13188984990119934,"(np.float64(1.0), np.float64(0.596078431372549), np.float64(0.5882352941176471), np.float64(1.0))","T6
0.13",True
all-mpnet-base-v2,6,Misinformation & Propaganda,603,,6.101705,14.097273,0.13188984990119934,"(np.float64(1.0), np.float64(0.596078431372549), np.float64(0.5882352941176471), np.float64(1.0))","T6
0.13",True
all-mpnet-base-v2,6,Misinformation & Propaganda,606,,6.171278,14.168058,0.13188984990119934,"(np.float64(1.0), np.float64(0.596078431372549), np.float64(0.5882352941176471), np.float64(1.0))","T6
0.13",True
all-mpnet-base-v2,6,Misinformation & Propaganda,610,,6.081586,14.061494,0.13188984990119934,"(np.float64(1.0), np.float64(0.596078431372549), np.float64(0.5882352941176471), np.float64(1.0))","T6
0.13",True
all-mpnet-base-v2,6,Misinformation & Propaganda,623,,6.0995507,14.107303,0.13188984990119934,"(np.float64(1.0), np.float64(0.596078431372549), np.float64(0.5882352941176471), np.float64(1.0))","T6
0.13",True
all-mpnet-base-v2,6,Misinformation & Propaganda,701,,6.026797,13.797608,0.13188984990119934,"(np.float64(1.0), np.float64(0.596078431372549), np.float64(0.5882352941176471), np.float64(1.0))","T6
0.13",True
all-mpnet-base-v2,6,Misinformation & Propaganda,722,,6.11377,14.107619,0.13188984990119934,"(np.float64(1.0), np.float64(0.596078431372549), np.float64(0.5882352941176471), np.float64(1.0))","T6
0.13",True
all-mpnet-base-v2,7,"llms, llm",13,,8.277154,7.743301,0.48968276381492615,"(np.float64(0.5803921568627451), np.float64(0.403921568627451), np.float64(0.7411764705882353), np.float64(1.0))","T7
0.49",False
all-mpnet-base-v2,7,"llms, llm",14,,7.9632974,7.575947,0.48968276381492615,"(np.float64(0.5803921568627451), np.float64(0.403921568627451), np.float64(0.7411764705882353), np.float64(1.0))","T7
0.49",False
all-mpnet-base-v2,7,"llms, llm",26,,8.239318,8.16763,0.48968276381492615,"(np.float64(0.5803921568627451), np.float64(0.403921568627451), np.float64(0.7411764705882353), np.float64(1.0))","T7
0.49",False
all-mpnet-base-v2,7,"llms, llm",34,,8.126874,7.857136,0.48968276381492615,"(np.float64(0.5803921568627451), np.float64(0.403921568627451), np.float64(0.7411764705882353), np.float64(1.0))","T7
0.49",False
all-mpnet-base-v2,7,"llms, llm",56,,7.825887,8.427534,0.48968276381492615,"(np.float64(0.5803921568627451), np.float64(0.403921568627451), np.float64(0.7411764705882353), np.float64(1.0))","T7
0.49",False
all-mpnet-base-v2,7,"llms, llm",92,,7.8714128,8.437667,0.48968276381492615,"(np.float64(0.5803921568627451), np.float64(0.403921568627451), np.float64(0.7411764705882353), np.float64(1.0))","T7
0.49",False
all-mpnet-base-v2,7,"llms, llm",103,,8.238255,8.105314,0.48968276381492615,"(np.float64(0.5803921568627451), np.float64(0.403921568627451), np.float64(0.7411764705882353), np.float64(1.0))","T7
0.49",False
all-mpnet-base-v2,7,"llms, llm",179,,7.8920712,8.449178,0.48968276381492615,"(np.float64(0.5803921568627451), np.float64(0.403921568627451), np.float64(0.7411764705882353), np.float64(1.0))","T7
0.49",False
all-mpnet-base-v2,7,"llms, llm",198,,8.086612,7.7996597,0.48968276381492615,"(np.float64(0.5803921568627451), np.float64(0.403921568627451), np.float64(0.7411764705882353), np.float64(1.0))","T7
0.49",False
all-mpnet-base-v2,7,"llms, llm",211,,8.091582,8.1346445,0.48968276381492615,"(np.float64(0.5803921568627451), np.float64(0.403921568627451), np.float64(0.7411764705882353), np.float64(1.0))","T7
0.49",False
all-mpnet-base-v2,7,"llms, llm",226,,7.5268598,8.402259,0.48968276381492615,"(np.float64(0.5803921568627451), np.float64(0.403921568627451), np.float64(0.7411764705882353), np.float64(1.0))","T7
0.49",False
all-mpnet-base-v2,7,"llms, llm",230,,8.037167,8.249373,0.48968276381492615,"(np.float64(0.5803921568627451), np.float64(0.403921568627451), np.float64(0.7411764705882353), np.float64(1.0))","T7
0.49",False
all-mpnet-base-v2,7,"llms, llm",238,,8.355676,8.2044325,0.48968276381492615,"(np.float64(0.5803921568627451), np.float64(0.403921568627451), np.float64(0.7411764705882353), np.float64(1.0))","T7
0.49",False
all-mpnet-base-v2,7,"llms, llm",241,,7.2788944,8.519384,0.48968276381492615,"(np.float64(0.5803921568627451), np.float64(0.403921568627451), np.float64(0.7411764705882353), np.float64(1.0))","T7
0.49",False
all-mpnet-base-v2,7,"llms, llm",243,,8.205074,8.142405,0.48968276381492615,"(np.float64(0.5803921568627451), np.float64(0.403921568627451), np.float64(0.7411764705882353), np.float64(1.0))","T7
0.49",False
all-mpnet-base-v2,7,"llms, llm",245,,7.956752,8.393598,0.48968276381492615,"(np.float64(0.5803921568627451), np.float64(0.403921568627451), np.float64(0.7411764705882353), np.float64(1.0))","T7
0.49",False
all-mpnet-base-v2,7,"llms, llm",394,,7.935357,8.50618,0.48968276381492615,"(np.float64(0.5803921568627451), np.float64(0.403921568627451), np.float64(0.7411764705882353), np.float64(1.0))","T7
0.49",False
all-mpnet-base-v2,7,"llms, llm",396,,8.029992,8.590251,0.48968276381492615,"(np.float64(0.5803921568627451), np.float64(0.403921568627451), np.float64(0.7411764705882353), np.float64(1.0))","T7
0.49",False
all-mpnet-base-v2,8,Misinformation & Propaganda,52,,7.2230344,3.2651668,0.21890106797218323,"(np.float64(0.7725490196078432), np.float64(0.6901960784313725), np.float64(0.8352941176470589), np.float64(1.0))","T8
0.22",True
all-mpnet-base-v2,8,Misinformation & Propaganda,91,,7.4608727,3.206596,0.21890106797218323,"(np.float64(0.7725490196078432), np.float64(0.6901960784313725), np.float64(0.8352941176470589), np.float64(1.0))","T8
0.22",True
all-mpnet-base-v2,8,Misinformation & Propaganda,113,,7.286714,3.498544,0.21890106797218323,"(np.float64(0.7725490196078432), np.float64(0.6901960784313725), np.float64(0.8352941176470589), np.float64(1.0))","T8
0.22",True
all-mpnet-base-v2,8,Misinformation & Propaganda,285,,7.4518933,3.483527,0.21890106797218323,"(np.float64(0.7725490196078432), np.float64(0.6901960784313725), np.float64(0.8352941176470589), np.float64(1.0))","T8
0.22",True
all-mpnet-base-v2,8,Misinformation & Propaganda,391,,7.299752,3.3725634,0.21890106797218323,"(np.float64(0.7725490196078432), np.float64(0.6901960784313725), np.float64(0.8352941176470589), np.float64(1.0))","T8
0.22",True
all-mpnet-base-v2,8,Misinformation & Propaganda,426,,7.481829,3.2736573,0.21890106797218323,"(np.float64(0.7725490196078432), np.float64(0.6901960784313725), np.float64(0.8352941176470589), np.float64(1.0))","T8
0.22",True
all-mpnet-base-v2,8,Misinformation & Propaganda,449,,7.3696375,3.2616765,0.21890106797218323,"(np.float64(0.7725490196078432), np.float64(0.6901960784313725), np.float64(0.8352941176470589), np.float64(1.0))","T8
0.22",True
all-mpnet-base-v2,8,Misinformation & Propaganda,454,,7.357519,3.3809054,0.21890106797218323,"(np.float64(0.7725490196078432), np.float64(0.6901960784313725), np.float64(0.8352941176470589), np.float64(1.0))","T8
0.22",True
all-mpnet-base-v2,8,Misinformation & Propaganda,466,,7.251478,3.3512192,0.21890106797218323,"(np.float64(0.7725490196078432), np.float64(0.6901960784313725), np.float64(0.8352941176470589), np.float64(1.0))","T8
0.22",True
all-mpnet-base-v2,8,Misinformation & Propaganda,550,,7.2136707,3.6063292,0.21890106797218323,"(np.float64(0.7725490196078432), np.float64(0.6901960784313725), np.float64(0.8352941176470589), np.float64(1.0))","T8
0.22",True
all-mpnet-base-v2,8,Misinformation & Propaganda,572,,7.2665715,3.3143435,0.21890106797218323,"(np.float64(0.7725490196078432), np.float64(0.6901960784313725), np.float64(0.8352941176470589), np.float64(1.0))","T8
0.22",True
all-mpnet-base-v2,8,Misinformation & Propaganda,625,,7.1137657,3.2982793,0.21890106797218323,"(np.float64(0.7725490196078432), np.float64(0.6901960784313725), np.float64(0.8352941176470589), np.float64(1.0))","T8
0.22",True
all-mpnet-base-v2,8,Misinformation & Propaganda,632,,7.349551,3.5432496,0.21890106797218323,"(np.float64(0.7725490196078432), np.float64(0.6901960784313725), np.float64(0.8352941176470589), np.float64(1.0))","T8
0.22",True
all-mpnet-base-v2,8,Misinformation & Propaganda,731,,7.2985353,3.1580725,0.21890106797218323,"(np.float64(0.7725490196078432), np.float64(0.6901960784313725), np.float64(0.8352941176470589), np.float64(1.0))","T8
0.22",True
all-mpnet-base-v2,8,Misinformation & Propaganda,768,,7.037932,3.3164353,0.21890106797218323,"(np.float64(0.7725490196078432), np.float64(0.6901960784313725), np.float64(0.8352941176470589), np.float64(1.0))","T8
0.22",True
all-mpnet-base-v2,8,Misinformation & Propaganda,829,,7.331801,3.3778389,0.21890106797218323,"(np.float64(0.7725490196078432), np.float64(0.6901960784313725), np.float64(0.8352941176470589), np.float64(1.0))","T8
0.22",True
all-mpnet-base-v2,8,Misinformation & Propaganda,834,,7.2506332,3.204789,0.21890106797218323,"(np.float64(0.7725490196078432), np.float64(0.6901960784313725), np.float64(0.8352941176470589), np.float64(1.0))","T8
0.22",True
all-mpnet-base-v2,9,Credibility Assessment,57,,8.430764,4.9359827,0.29796192049980164,"(np.float64(0.5490196078431373), np.float64(0.33725490196078434), np.float64(0.29411764705882354), np.float64(1.0))","T9
0.30",True
all-mpnet-base-v2,9,Credibility Assessment,63,,8.380654,4.8574834,0.29796192049980164,"(np.float64(0.5490196078431373), np.float64(0.33725490196078434), np.float64(0.29411764705882354), np.float64(1.0))","T9
0.30",True
all-mpnet-base-v2,9,Credibility Assessment,139,,8.133347,4.6959486,0.29796192049980164,"(np.float64(0.5490196078431373), np.float64(0.33725490196078434), np.float64(0.29411764705882354), np.float64(1.0))","T9
0.30",True
all-mpnet-base-v2,9,Credibility Assessment,141,,8.845599,5.0296288,0.29796192049980164,"(np.float64(0.5490196078431373), np.float64(0.33725490196078434), np.float64(0.29411764705882354), np.float64(1.0))","T9
0.30",True
all-mpnet-base-v2,9,Credibility Assessment,341,,8.197007,4.519499,0.29796192049980164,"(np.float64(0.5490196078431373), np.float64(0.33725490196078434), np.float64(0.29411764705882354), np.float64(1.0))","T9
0.30",True
all-mpnet-base-v2,9,Credibility Assessment,374,,8.442513,4.744617,0.29796192049980164,"(np.float64(0.5490196078431373), np.float64(0.33725490196078434), np.float64(0.29411764705882354), np.float64(1.0))","T9
0.30",True
all-mpnet-base-v2,9,Credibility Assessment,375,,8.289807,4.6670737,0.29796192049980164,"(np.float64(0.5490196078431373), np.float64(0.33725490196078434), np.float64(0.29411764705882354), np.float64(1.0))","T9
0.30",True
all-mpnet-base-v2,9,Credibility Assessment,451,,8.379891,4.646677,0.29796192049980164,"(np.float64(0.5490196078431373), np.float64(0.33725490196078434), np.float64(0.29411764705882354), np.float64(1.0))","T9
0.30",True
all-mpnet-base-v2,9,Credibility Assessment,521,,8.023005,4.705586,0.29796192049980164,"(np.float64(0.5490196078431373), np.float64(0.33725490196078434), np.float64(0.29411764705882354), np.float64(1.0))","T9
0.30",True
all-mpnet-base-v2,9,Credibility Assessment,738,,8.555207,4.974211,0.29796192049980164,"(np.float64(0.5490196078431373), np.float64(0.33725490196078434), np.float64(0.29411764705882354), np.float64(1.0))","T9
0.30",True
all-mpnet-base-v2,9,Credibility Assessment,846,,8.273844,4.76711,0.29796192049980164,"(np.float64(0.5490196078431373), np.float64(0.33725490196078434), np.float64(0.29411764705882354), np.float64(1.0))","T9
0.30",True
all-mpnet-base-v2,9,Credibility Assessment,860,,8.364524,4.756605,0.29796192049980164,"(np.float64(0.5490196078431373), np.float64(0.33725490196078434), np.float64(0.29411764705882354), np.float64(1.0))","T9
0.30",True
all-mpnet-base-v2,9,Credibility Assessment,911,,8.215686,4.611108,0.29796192049980164,"(np.float64(0.5490196078431373), np.float64(0.33725490196078434), np.float64(0.29411764705882354), np.float64(1.0))","T9
0.30",True
all-mpnet-base-v2,9,Credibility Assessment,924,,8.313735,4.6804547,0.29796192049980164,"(np.float64(0.5490196078431373), np.float64(0.33725490196078434), np.float64(0.29411764705882354), np.float64(1.0))","T9
0.30",True
all-mpnet-base-v2,9,Credibility Assessment,929,,8.1470585,4.7334504,0.29796192049980164,"(np.float64(0.5490196078431373), np.float64(0.33725490196078434), np.float64(0.29411764705882354), np.float64(1.0))","T9
0.30",True
all-mpnet-base-v2,9,Credibility Assessment,943,,8.0048485,4.623037,0.29796192049980164,"(np.float64(0.5490196078431373), np.float64(0.33725490196078434), np.float64(0.29411764705882354), np.float64(1.0))","T9
0.30",True
all-mpnet-base-v2,10,Misinformation & Propaganda,5,,6.5695333,10.95755,0.19264091551303864,"(np.float64(0.7686274509803922), np.float64(0.611764705882353), np.float64(0.5803921568627451), np.float64(1.0))","T10
0.19",True
all-mpnet-base-v2,10,Misinformation & Propaganda,7,,6.693595,10.92817,0.19264091551303864,"(np.float64(0.7686274509803922), np.float64(0.611764705882353), np.float64(0.5803921568627451), np.float64(1.0))","T10
0.19",True
all-mpnet-base-v2,10,Misinformation & Propaganda,41,,6.8529663,11.072346,0.19264091551303864,"(np.float64(0.7686274509803922), np.float64(0.611764705882353), np.float64(0.5803921568627451), np.float64(1.0))","T10
0.19",True
all-mpnet-base-v2,10,Misinformation & Propaganda,114,,6.675066,10.88747,0.19264091551303864,"(np.float64(0.7686274509803922), np.float64(0.611764705882353), np.float64(0.5803921568627451), np.float64(1.0))","T10
0.19",True
all-mpnet-base-v2,10,Misinformation & Propaganda,145,,6.558337,10.879194,0.19264091551303864,"(np.float64(0.7686274509803922), np.float64(0.611764705882353), np.float64(0.5803921568627451), np.float64(1.0))","T10
0.19",True
all-mpnet-base-v2,10,Misinformation & Propaganda,163,,6.8177533,11.054277,0.19264091551303864,"(np.float64(0.7686274509803922), np.float64(0.611764705882353), np.float64(0.5803921568627451), np.float64(1.0))","T10
0.19",True
all-mpnet-base-v2,10,Misinformation & Propaganda,220,,6.733369,10.950228,0.19264091551303864,"(np.float64(0.7686274509803922), np.float64(0.611764705882353), np.float64(0.5803921568627451), np.float64(1.0))","T10
0.19",True
all-mpnet-base-v2,10,Misinformation & Propaganda,253,,6.5452514,10.967137,0.19264091551303864,"(np.float64(0.7686274509803922), np.float64(0.611764705882353), np.float64(0.5803921568627451), np.float64(1.0))","T10
0.19",True
all-mpnet-base-v2,10,Misinformation & Propaganda,296,,6.668498,10.827567,0.19264091551303864,"(np.float64(0.7686274509803922), np.float64(0.611764705882353), np.float64(0.5803921568627451), np.float64(1.0))","T10
0.19",True
all-mpnet-base-v2,10,Misinformation & Propaganda,334,,6.5160236,11.08557,0.19264091551303864,"(np.float64(0.7686274509803922), np.float64(0.611764705882353), np.float64(0.5803921568627451), np.float64(1.0))","T10
0.19",True
all-mpnet-base-v2,10,Misinformation & Propaganda,348,,6.7879744,10.986824,0.19264091551303864,"(np.float64(0.7686274509803922), np.float64(0.611764705882353), np.float64(0.5803921568627451), np.float64(1.0))","T10
0.19",True
all-mpnet-base-v2,10,Misinformation & Propaganda,416,,6.684796,11.017105,0.19264091551303864,"(np.float64(0.7686274509803922), np.float64(0.611764705882353), np.float64(0.5803921568627451), np.float64(1.0))","T10
0.19",True
all-mpnet-base-v2,10,Misinformation & Propaganda,420,,6.296564,11.023063,0.19264091551303864,"(np.float64(0.7686274509803922), np.float64(0.611764705882353), np.float64(0.5803921568627451), np.float64(1.0))","T10
0.19",True
all-mpnet-base-v2,10,Misinformation & Propaganda,456,,6.7424064,10.883964,0.19264091551303864,"(np.float64(0.7686274509803922), np.float64(0.611764705882353), np.float64(0.5803921568627451), np.float64(1.0))","T10
0.19",True
all-mpnet-base-v2,10,Misinformation & Propaganda,484,,6.710639,10.8731785,0.19264091551303864,"(np.float64(0.7686274509803922), np.float64(0.611764705882353), np.float64(0.5803921568627451), np.float64(1.0))","T10
0.19",True
all-mpnet-base-v2,10,Misinformation & Propaganda,511,,6.5998554,10.91277,0.19264091551303864,"(np.float64(0.7686274509803922), np.float64(0.611764705882353), np.float64(0.5803921568627451), np.float64(1.0))","T10
0.19",True
all-mpnet-base-v2,11,Credibility Assessment,427,,6.4776535,4.9306016,0.33690527081489563,"(np.float64(0.8901960784313725), np.float64(0.4666666666666667), np.float64(0.7607843137254902), np.float64(1.0))","T11
0.34",True
all-mpnet-base-v2,11,Credibility Assessment,545,,6.669728,4.94303,0.33690527081489563,"(np.float64(0.8901960784313725), np.float64(0.4666666666666667), np.float64(0.7607843137254902), np.float64(1.0))","T11
0.34",True
all-mpnet-base-v2,11,Credibility Assessment,633,,6.1054215,5.1938753,0.33690527081489563,"(np.float64(0.8901960784313725), np.float64(0.4666666666666667), np.float64(0.7607843137254902), np.float64(1.0))","T11
0.34",True
all-mpnet-base-v2,11,Credibility Assessment,639,,6.527274,4.864063,0.33690527081489563,"(np.float64(0.8901960784313725), np.float64(0.4666666666666667), np.float64(0.7607843137254902), np.float64(1.0))","T11
0.34",True
all-mpnet-base-v2,11,Credibility Assessment,818,,6.5147734,4.7920794,0.33690527081489563,"(np.float64(0.8901960784313725), np.float64(0.4666666666666667), np.float64(0.7607843137254902), np.float64(1.0))","T11
0.34",True
all-mpnet-base-v2,11,Credibility Assessment,845,,6.513659,4.856898,0.33690527081489563,"(np.float64(0.8901960784313725), np.float64(0.4666666666666667), np.float64(0.7607843137254902), np.float64(1.0))","T11
0.34",True
all-mpnet-base-v2,11,Credibility Assessment,852,,6.339273,4.9826,0.33690527081489563,"(np.float64(0.8901960784313725), np.float64(0.4666666666666667), np.float64(0.7607843137254902), np.float64(1.0))","T11
0.34",True
all-mpnet-base-v2,11,Credibility Assessment,870,,6.3093047,5.2697597,0.33690527081489563,"(np.float64(0.8901960784313725), np.float64(0.4666666666666667), np.float64(0.7607843137254902), np.float64(1.0))","T11
0.34",True
all-mpnet-base-v2,11,Credibility Assessment,904,,6.513876,4.808923,0.33690527081489563,"(np.float64(0.8901960784313725), np.float64(0.4666666666666667), np.float64(0.7607843137254902), np.float64(1.0))","T11
0.34",True
all-mpnet-base-v2,11,Credibility Assessment,906,,6.2106347,5.232676,0.33690527081489563,"(np.float64(0.8901960784313725), np.float64(0.4666666666666667), np.float64(0.7607843137254902), np.float64(1.0))","T11
0.34",True
all-mpnet-base-v2,11,Credibility Assessment,908,,6.067879,5.11177,0.33690527081489563,"(np.float64(0.8901960784313725), np.float64(0.4666666666666667), np.float64(0.7607843137254902), np.float64(1.0))","T11
0.34",True
all-mpnet-base-v2,11,Credibility Assessment,933,,6.572854,4.6623225,0.33690527081489563,"(np.float64(0.8901960784313725), np.float64(0.4666666666666667), np.float64(0.7607843137254902), np.float64(1.0))","T11
0.34",True
all-mpnet-base-v2,11,Credibility Assessment,950,,6.668403,4.6340575,0.33690527081489563,"(np.float64(0.8901960784313725), np.float64(0.4666666666666667), np.float64(0.7607843137254902), np.float64(1.0))","T11
0.34",True
all-mpnet-base-v2,11,Credibility Assessment,958,,6.3491187,4.9674673,0.33690527081489563,"(np.float64(0.8901960784313725), np.float64(0.4666666666666667), np.float64(0.7607843137254902), np.float64(1.0))","T11
0.34",True
all-mpnet-base-v2,12,"claim, pipeline",72,,9.594435,7.594632,0.2930605113506317,"(np.float64(0.9686274509803922), np.float64(0.7137254901960784), np.float64(0.8235294117647058), np.float64(1.0))","T12
0.29",True
all-mpnet-base-v2,12,"claim, pipeline",75,,9.37647,7.6761494,0.2930605113506317,"(np.float64(0.9686274509803922), np.float64(0.7137254901960784), np.float64(0.8235294117647058), np.float64(1.0))","T12
0.29",True
all-mpnet-base-v2,12,"claim, pipeline",246,,9.715217,7.659039,0.2930605113506317,"(np.float64(0.9686274509803922), np.float64(0.7137254901960784), np.float64(0.8235294117647058), np.float64(1.0))","T12
0.29",True
all-mpnet-base-v2,12,"claim, pipeline",275,,9.18753,7.6895437,0.2930605113506317,"(np.float64(0.9686274509803922), np.float64(0.7137254901960784), np.float64(0.8235294117647058), np.float64(1.0))","T12
0.29",True
all-mpnet-base-v2,12,"claim, pipeline",398,,9.4094925,7.691014,0.2930605113506317,"(np.float64(0.9686274509803922), np.float64(0.7137254901960784), np.float64(0.8235294117647058), np.float64(1.0))","T12
0.29",True
all-mpnet-base-v2,12,"claim, pipeline",399,,9.513798,7.8044825,0.2930605113506317,"(np.float64(0.9686274509803922), np.float64(0.7137254901960784), np.float64(0.8235294117647058), np.float64(1.0))","T12
0.29",True
all-mpnet-base-v2,12,"claim, pipeline",402,,9.688214,7.9299555,0.2930605113506317,"(np.float64(0.9686274509803922), np.float64(0.7137254901960784), np.float64(0.8235294117647058), np.float64(1.0))","T12
0.29",True
all-mpnet-base-v2,12,"claim, pipeline",542,,9.263473,7.5608015,0.2930605113506317,"(np.float64(0.9686274509803922), np.float64(0.7137254901960784), np.float64(0.8235294117647058), np.float64(1.0))","T12
0.29",True
all-mpnet-base-v2,12,"claim, pipeline",587,,9.739376,7.9349465,0.2930605113506317,"(np.float64(0.9686274509803922), np.float64(0.7137254901960784), np.float64(0.8235294117647058), np.float64(1.0))","T12
0.29",True
all-mpnet-base-v2,12,"claim, pipeline",657,,9.286874,7.7943034,0.2930605113506317,"(np.float64(0.9686274509803922), np.float64(0.7137254901960784), np.float64(0.8235294117647058), np.float64(1.0))","T12
0.29",True
all-mpnet-base-v2,12,"claim, pipeline",698,,9.712102,7.537843,0.2930605113506317,"(np.float64(0.9686274509803922), np.float64(0.7137254901960784), np.float64(0.8235294117647058), np.float64(1.0))","T12
0.29",True
all-mpnet-base-v2,12,"claim, pipeline",755,,9.571598,7.586075,0.2930605113506317,"(np.float64(0.9686274509803922), np.float64(0.7137254901960784), np.float64(0.8235294117647058), np.float64(1.0))","T12
0.29",True
all-mpnet-base-v2,12,"claim, pipeline",809,,9.590353,7.629947,0.2930605113506317,"(np.float64(0.9686274509803922), np.float64(0.7137254901960784), np.float64(0.8235294117647058), np.float64(1.0))","T12
0.29",True
all-mpnet-base-v2,13,"evidence, graph",69,,10.145076,8.718983,0.10981343686580658,"(np.float64(0.4980392156862745), np.float64(0.4980392156862745), np.float64(0.4980392156862745), np.float64(1.0))","T13
0.11",True
all-mpnet-base-v2,13,"evidence, graph",181,,10.239599,8.702896,0.10981343686580658,"(np.float64(0.4980392156862745), np.float64(0.4980392156862745), np.float64(0.4980392156862745), np.float64(1.0))","T13
0.11",True
all-mpnet-base-v2,13,"evidence, graph",210,,10.217153,8.784447,0.10981343686580658,"(np.float64(0.4980392156862745), np.float64(0.4980392156862745), np.float64(0.4980392156862745), np.float64(1.0))","T13
0.11",True
all-mpnet-base-v2,13,"evidence, graph",404,,10.153728,8.707112,0.10981343686580658,"(np.float64(0.4980392156862745), np.float64(0.4980392156862745), np.float64(0.4980392156862745), np.float64(1.0))","T13
0.11",True
all-mpnet-base-v2,13,"evidence, graph",408,,10.221756,8.785035,0.10981343686580658,"(np.float64(0.4980392156862745), np.float64(0.4980392156862745), np.float64(0.4980392156862745), np.float64(1.0))","T13
0.11",True
all-mpnet-base-v2,13,"evidence, graph",434,,10.143753,8.650305,0.10981343686580658,"(np.float64(0.4980392156862745), np.float64(0.4980392156862745), np.float64(0.4980392156862745), np.float64(1.0))","T13
0.11",True
all-mpnet-base-v2,13,"evidence, graph",576,,10.235148,8.59146,0.10981343686580658,"(np.float64(0.4980392156862745), np.float64(0.4980392156862745), np.float64(0.4980392156862745), np.float64(1.0))","T13
0.11",True
all-mpnet-base-v2,13,"evidence, graph",577,,10.16091,8.535472,0.10981343686580658,"(np.float64(0.4980392156862745), np.float64(0.4980392156862745), np.float64(0.4980392156862745), np.float64(1.0))","T13
0.11",True
all-mpnet-base-v2,13,"evidence, graph",578,,10.179876,8.722953,0.10981343686580658,"(np.float64(0.4980392156862745), np.float64(0.4980392156862745), np.float64(0.4980392156862745), np.float64(1.0))","T13
0.11",True
all-mpnet-base-v2,13,"evidence, graph",583,,10.252714,8.751472,0.10981343686580658,"(np.float64(0.4980392156862745), np.float64(0.4980392156862745), np.float64(0.4980392156862745), np.float64(1.0))","T13
0.11",True
all-mpnet-base-v2,13,"evidence, graph",658,,10.2561,8.830233,0.10981343686580658,"(np.float64(0.4980392156862745), np.float64(0.4980392156862745), np.float64(0.4980392156862745), np.float64(1.0))","T13
0.11",True
all-mpnet-base-v2,13,"evidence, graph",667,,10.179972,8.705748,0.10981343686580658,"(np.float64(0.4980392156862745), np.float64(0.4980392156862745), np.float64(0.4980392156862745), np.float64(1.0))","T13
0.11",True
all-mpnet-base-v2,13,"evidence, graph",745,,10.187662,8.738472,0.10981343686580658,"(np.float64(0.4980392156862745), np.float64(0.4980392156862745), np.float64(0.4980392156862745), np.float64(1.0))","T13
0.11",True
all-mpnet-base-v2,14,Misinformation & Propaganda,8,,5.5379434,8.807028,0.31219905614852905,"(np.float64(0.7803921568627451), np.float64(0.7803921568627451), np.float64(0.7803921568627451), np.float64(1.0))","T14
0.31",True
all-mpnet-base-v2,14,Misinformation & Propaganda,88,,5.594201,8.954473,0.31219905614852905,"(np.float64(0.7803921568627451), np.float64(0.7803921568627451), np.float64(0.7803921568627451), np.float64(1.0))","T14
0.31",True
all-mpnet-base-v2,14,Misinformation & Propaganda,108,,5.5130363,8.97877,0.31219905614852905,"(np.float64(0.7803921568627451), np.float64(0.7803921568627451), np.float64(0.7803921568627451), np.float64(1.0))","T14
0.31",True
all-mpnet-base-v2,14,Misinformation & Propaganda,130,,5.4305954,8.484861,0.31219905614852905,"(np.float64(0.7803921568627451), np.float64(0.7803921568627451), np.float64(0.7803921568627451), np.float64(1.0))","T14
0.31",True
all-mpnet-base-v2,14,Misinformation & Propaganda,150,,5.4324546,9.07566,0.31219905614852905,"(np.float64(0.7803921568627451), np.float64(0.7803921568627451), np.float64(0.7803921568627451), np.float64(1.0))","T14
0.31",True
all-mpnet-base-v2,14,Misinformation & Propaganda,242,,5.4314256,8.376845,0.31219905614852905,"(np.float64(0.7803921568627451), np.float64(0.7803921568627451), np.float64(0.7803921568627451), np.float64(1.0))","T14
0.31",True
all-mpnet-base-v2,14,Misinformation & Propaganda,280,,5.489565,8.926093,0.31219905614852905,"(np.float64(0.7803921568627451), np.float64(0.7803921568627451), np.float64(0.7803921568627451), np.float64(1.0))","T14
0.31",True
all-mpnet-base-v2,14,Misinformation & Propaganda,310,,5.486826,8.59257,0.31219905614852905,"(np.float64(0.7803921568627451), np.float64(0.7803921568627451), np.float64(0.7803921568627451), np.float64(1.0))","T14
0.31",True
all-mpnet-base-v2,14,Misinformation & Propaganda,367,,5.7671485,8.928377,0.31219905614852905,"(np.float64(0.7803921568627451), np.float64(0.7803921568627451), np.float64(0.7803921568627451), np.float64(1.0))","T14
0.31",True
all-mpnet-base-v2,14,Misinformation & Propaganda,387,,5.6383348,9.123022,0.31219905614852905,"(np.float64(0.7803921568627451), np.float64(0.7803921568627451), np.float64(0.7803921568627451), np.float64(1.0))","T14
0.31",True
all-mpnet-base-v2,14,Misinformation & Propaganda,553,,5.389234,9.11651,0.31219905614852905,"(np.float64(0.7803921568627451), np.float64(0.7803921568627451), np.float64(0.7803921568627451), np.float64(1.0))","T14
0.31",True
all-mpnet-base-v2,14,Misinformation & Propaganda,636,,5.5832505,8.985768,0.31219905614852905,"(np.float64(0.7803921568627451), np.float64(0.7803921568627451), np.float64(0.7803921568627451), np.float64(1.0))","T14
0.31",True
all-mpnet-base-v2,14,Misinformation & Propaganda,654,,5.5091786,8.961673,0.31219905614852905,"(np.float64(0.7803921568627451), np.float64(0.7803921568627451), np.float64(0.7803921568627451), np.float64(1.0))","T14
0.31",True
all-mpnet-base-v2,15,"images, image",46,,5.8040237,11.502114,0.13535141944885254,"(np.float64(0.7372549019607844), np.float64(0.7411764705882353), np.float64(0.13333333333333333), np.float64(1.0))","T15
0.14",True
all-mpnet-base-v2,15,"images, image",54,,5.859223,11.484402,0.13535141944885254,"(np.float64(0.7372549019607844), np.float64(0.7411764705882353), np.float64(0.13333333333333333), np.float64(1.0))","T15
0.14",True
all-mpnet-base-v2,15,"images, image",59,,5.861206,11.522073,0.13535141944885254,"(np.float64(0.7372549019607844), np.float64(0.7411764705882353), np.float64(0.13333333333333333), np.float64(1.0))","T15
0.14",True
all-mpnet-base-v2,15,"images, image",169,,5.7280545,11.616431,0.13535141944885254,"(np.float64(0.7372549019607844), np.float64(0.7411764705882353), np.float64(0.13333333333333333), np.float64(1.0))","T15
0.14",True
all-mpnet-base-v2,15,"images, image",188,,5.773163,11.453129,0.13535141944885254,"(np.float64(0.7372549019607844), np.float64(0.7411764705882353), np.float64(0.13333333333333333), np.float64(1.0))","T15
0.14",True
all-mpnet-base-v2,15,"images, image",189,,5.74393,11.623672,0.13535141944885254,"(np.float64(0.7372549019607844), np.float64(0.7411764705882353), np.float64(0.13333333333333333), np.float64(1.0))","T15
0.14",True
all-mpnet-base-v2,15,"images, image",191,,5.6224656,11.591727,0.13535141944885254,"(np.float64(0.7372549019607844), np.float64(0.7411764705882353), np.float64(0.13333333333333333), np.float64(1.0))","T15
0.14",True
all-mpnet-base-v2,15,"images, image",277,,5.7543063,11.602582,0.13535141944885254,"(np.float64(0.7372549019607844), np.float64(0.7411764705882353), np.float64(0.13333333333333333), np.float64(1.0))","T15
0.14",True
all-mpnet-base-v2,15,"images, image",372,,5.7037253,11.643387,0.13535141944885254,"(np.float64(0.7372549019607844), np.float64(0.7411764705882353), np.float64(0.13333333333333333), np.float64(1.0))","T15
0.14",True
all-mpnet-base-v2,15,"images, image",428,,5.662805,11.645273,0.13535141944885254,"(np.float64(0.7372549019607844), np.float64(0.7411764705882353), np.float64(0.13333333333333333), np.float64(1.0))","T15
0.14",True
all-mpnet-base-v2,15,"images, image",479,,5.684596,11.61021,0.13535141944885254,"(np.float64(0.7372549019607844), np.float64(0.7411764705882353), np.float64(0.13333333333333333), np.float64(1.0))","T15
0.14",True
all-mpnet-base-v2,15,"images, image",784,,5.726481,11.420636,0.13535141944885254,"(np.float64(0.7372549019607844), np.float64(0.7411764705882353), np.float64(0.13333333333333333), np.float64(1.0))","T15
0.14",True
all-mpnet-base-v2,16,"fact, multiclaim",78,,10.246645,8.025512,0.26874619722366333,"(np.float64(0.8588235294117647), np.float64(0.8588235294117647), np.float64(0.5529411764705883), np.float64(1.0))","T16
0.27",True
all-mpnet-base-v2,16,"fact, multiclaim",81,,10.037847,8.230321,0.26874619722366333,"(np.float64(0.8588235294117647), np.float64(0.8588235294117647), np.float64(0.5529411764705883), np.float64(1.0))","T16
0.27",True
all-mpnet-base-v2,16,"fact, multiclaim",235,,10.016483,8.544785,0.26874619722366333,"(np.float64(0.8588235294117647), np.float64(0.8588235294117647), np.float64(0.5529411764705883), np.float64(1.0))","T16
0.27",True
all-mpnet-base-v2,16,"fact, multiclaim",381,,10.13529,8.264755,0.26874619722366333,"(np.float64(0.8588235294117647), np.float64(0.8588235294117647), np.float64(0.5529411764705883), np.float64(1.0))","T16
0.27",True
all-mpnet-base-v2,16,"fact, multiclaim",444,,10.002505,8.117685,0.26874619722366333,"(np.float64(0.8588235294117647), np.float64(0.8588235294117647), np.float64(0.5529411764705883), np.float64(1.0))","T16
0.27",True
all-mpnet-base-v2,16,"fact, multiclaim",558,,10.225954,7.9793954,0.26874619722366333,"(np.float64(0.8588235294117647), np.float64(0.8588235294117647), np.float64(0.5529411764705883), np.float64(1.0))","T16
0.27",True
all-mpnet-base-v2,16,"fact, multiclaim",563,,10.025632,8.184287,0.26874619722366333,"(np.float64(0.8588235294117647), np.float64(0.8588235294117647), np.float64(0.5529411764705883), np.float64(1.0))","T16
0.27",True
all-mpnet-base-v2,16,"fact, multiclaim",652,,10.221836,8.198459,0.26874619722366333,"(np.float64(0.8588235294117647), np.float64(0.8588235294117647), np.float64(0.5529411764705883), np.float64(1.0))","T16
0.27",True
all-mpnet-base-v2,16,"fact, multiclaim",693,,10.3692045,8.037067,0.26874619722366333,"(np.float64(0.8588235294117647), np.float64(0.8588235294117647), np.float64(0.5529411764705883), np.float64(1.0))","T16
0.27",True
all-mpnet-base-v2,16,"fact, multiclaim",771,,10.148394,8.3945265,0.26874619722366333,"(np.float64(0.8588235294117647), np.float64(0.8588235294117647), np.float64(0.5529411764705883), np.float64(1.0))","T16
0.27",True
all-mpnet-base-v2,16,"fact, multiclaim",821,,10.188136,8.406591,0.26874619722366333,"(np.float64(0.8588235294117647), np.float64(0.8588235294117647), np.float64(0.5529411764705883), np.float64(1.0))","T16
0.27",True
all-mpnet-base-v2,16,"fact, multiclaim",822,,10.189363,8.426717,0.26874619722366333,"(np.float64(0.8588235294117647), np.float64(0.8588235294117647), np.float64(0.5529411764705883), np.float64(1.0))","T16
0.27",True
all-mpnet-base-v2,17,Misinformation & Propaganda,11,,6.61868,8.623942,0.28104573488235474,"(np.float64(0.09019607843137255), np.float64(0.7450980392156863), np.float64(0.8117647058823529), np.float64(1.0))","T17
0.28",True
all-mpnet-base-v2,17,Misinformation & Propaganda,40,,6.47321,8.919521,0.28104573488235474,"(np.float64(0.09019607843137255), np.float64(0.7450980392156863), np.float64(0.8117647058823529), np.float64(1.0))","T17
0.28",True
all-mpnet-base-v2,17,Misinformation & Propaganda,199,,6.440641,8.621276,0.28104573488235474,"(np.float64(0.09019607843137255), np.float64(0.7450980392156863), np.float64(0.8117647058823529), np.float64(1.0))","T17
0.28",True
all-mpnet-base-v2,17,Misinformation & Propaganda,219,,6.5096006,8.783409,0.28104573488235474,"(np.float64(0.09019607843137255), np.float64(0.7450980392156863), np.float64(0.8117647058823529), np.float64(1.0))","T17
0.28",True
all-mpnet-base-v2,17,Misinformation & Propaganda,231,,6.3393846,8.867064,0.28104573488235474,"(np.float64(0.09019607843137255), np.float64(0.7450980392156863), np.float64(0.8117647058823529), np.float64(1.0))","T17
0.28",True
all-mpnet-base-v2,17,Misinformation & Propaganda,252,,6.667615,8.676558,0.28104573488235474,"(np.float64(0.09019607843137255), np.float64(0.7450980392156863), np.float64(0.8117647058823529), np.float64(1.0))","T17
0.28",True
all-mpnet-base-v2,17,Misinformation & Propaganda,302,,6.351023,8.783729,0.28104573488235474,"(np.float64(0.09019607843137255), np.float64(0.7450980392156863), np.float64(0.8117647058823529), np.float64(1.0))","T17
0.28",True
all-mpnet-base-v2,17,Misinformation & Propaganda,472,,6.105551,8.828845,0.28104573488235474,"(np.float64(0.09019607843137255), np.float64(0.7450980392156863), np.float64(0.8117647058823529), np.float64(1.0))","T17
0.28",True
all-mpnet-base-v2,17,Misinformation & Propaganda,486,,6.3297033,8.750015,0.28104573488235474,"(np.float64(0.09019607843137255), np.float64(0.7450980392156863), np.float64(0.8117647058823529), np.float64(1.0))","T17
0.28",True
all-mpnet-base-v2,17,Misinformation & Propaganda,534,,6.419992,8.919504,0.28104573488235474,"(np.float64(0.09019607843137255), np.float64(0.7450980392156863), np.float64(0.8117647058823529), np.float64(1.0))","T17
0.28",True
all-mpnet-base-v2,17,Misinformation & Propaganda,618,,6.0704975,8.613376,0.28104573488235474,"(np.float64(0.09019607843137255), np.float64(0.7450980392156863), np.float64(0.8117647058823529), np.float64(1.0))","T17
0.28",True
all-mpnet-base-v2,17,Misinformation & Propaganda,763,,6.4412565,9.005986,0.28104573488235474,"(np.float64(0.09019607843137255), np.float64(0.7450980392156863), np.float64(0.8117647058823529), np.float64(1.0))","T17
0.28",True
all-mpnet-base-v2,18,Misinformation & Propaganda,9,,4.7933497,9.00968,0.19723990559577942,"(np.float64(0.6196078431372549), np.float64(0.8549019607843137), np.float64(0.8980392156862745), np.float64(1.0))","T18
0.20",True
all-mpnet-base-v2,18,Misinformation & Propaganda,18,,4.5958443,9.035125,0.19723990559577942,"(np.float64(0.6196078431372549), np.float64(0.8549019607843137), np.float64(0.8980392156862745), np.float64(1.0))","T18
0.20",True
all-mpnet-base-v2,18,Misinformation & Propaganda,156,,4.574848,9.105969,0.19723990559577942,"(np.float64(0.6196078431372549), np.float64(0.8549019607843137), np.float64(0.8980392156862745), np.float64(1.0))","T18
0.20",True
all-mpnet-base-v2,18,Misinformation & Propaganda,217,,4.5808954,9.08767,0.19723990559577942,"(np.float64(0.6196078431372549), np.float64(0.8549019607843137), np.float64(0.8980392156862745), np.float64(1.0))","T18
0.20",True
all-mpnet-base-v2,18,Misinformation & Propaganda,222,,4.715508,9.255272,0.19723990559577942,"(np.float64(0.6196078431372549), np.float64(0.8549019607843137), np.float64(0.8980392156862745), np.float64(1.0))","T18
0.20",True
all-mpnet-base-v2,18,Misinformation & Propaganda,314,,4.7057457,9.24017,0.19723990559577942,"(np.float64(0.6196078431372549), np.float64(0.8549019607843137), np.float64(0.8980392156862745), np.float64(1.0))","T18
0.20",True
all-mpnet-base-v2,18,Misinformation & Propaganda,329,,4.5146,9.14254,0.19723990559577942,"(np.float64(0.6196078431372549), np.float64(0.8549019607843137), np.float64(0.8980392156862745), np.float64(1.0))","T18
0.20",True
all-mpnet-base-v2,18,Misinformation & Propaganda,344,,4.7576227,8.81566,0.19723990559577942,"(np.float64(0.6196078431372549), np.float64(0.8549019607843137), np.float64(0.8980392156862745), np.float64(1.0))","T18
0.20",True
all-mpnet-base-v2,18,Misinformation & Propaganda,354,,4.673244,9.024306,0.19723990559577942,"(np.float64(0.6196078431372549), np.float64(0.8549019607843137), np.float64(0.8980392156862745), np.float64(1.0))","T18
0.20",True
all-mpnet-base-v2,18,Misinformation & Propaganda,475,,4.5034513,9.119179,0.19723990559577942,"(np.float64(0.6196078431372549), np.float64(0.8549019607843137), np.float64(0.8980392156862745), np.float64(1.0))","T18
0.20",True
all-mpnet-base-v2,18,Misinformation & Propaganda,601,,4.603982,9.11447,0.19723990559577942,"(np.float64(0.6196078431372549), np.float64(0.8549019607843137), np.float64(0.8980392156862745), np.float64(1.0))","T18
0.20",True
all-mpnet-base-v2,18,Misinformation & Propaganda,662,,4.5303087,8.920559,0.19723990559577942,"(np.float64(0.6196078431372549), np.float64(0.8549019607843137), np.float64(0.8980392156862745), np.float64(1.0))","T18
0.20",True
all-mpnet-base-v2,19,"verbal, cues",183,,6.1549473,2.7248023,0.07341622561216354,"(np.float64(0.12156862745098039), np.float64(0.4666666666666667), np.float64(0.7058823529411765), np.float64(1.0))","T19
0.07",True
all-mpnet-base-v2,19,"verbal, cues",457,,6.1304665,2.7184339,0.07341622561216354,"(np.float64(0.12156862745098039), np.float64(0.4666666666666667), np.float64(0.7058823529411765), np.float64(1.0))","T19
0.07",True
all-mpnet-base-v2,19,"verbal, cues",458,,6.210735,2.761749,0.07341622561216354,"(np.float64(0.12156862745098039), np.float64(0.4666666666666667), np.float64(0.7058823529411765), np.float64(1.0))","T19
0.07",True
all-mpnet-base-v2,19,"verbal, cues",524,,6.196669,2.753829,0.07341622561216354,"(np.float64(0.12156862745098039), np.float64(0.4666666666666667), np.float64(0.7058823529411765), np.float64(1.0))","T19
0.07",True
all-mpnet-base-v2,19,"verbal, cues",649,,6.1724443,2.7171805,0.07341622561216354,"(np.float64(0.12156862745098039), np.float64(0.4666666666666667), np.float64(0.7058823529411765), np.float64(1.0))","T19
0.07",True
all-mpnet-base-v2,19,"verbal, cues",707,,6.074068,2.643264,0.07341622561216354,"(np.float64(0.12156862745098039), np.float64(0.4666666666666667), np.float64(0.7058823529411765), np.float64(1.0))","T19
0.07",True
all-mpnet-base-v2,19,"verbal, cues",743,,6.181593,2.6855068,0.07341622561216354,"(np.float64(0.12156862745098039), np.float64(0.4666666666666667), np.float64(0.7058823529411765), np.float64(1.0))","T19
0.07",True
all-mpnet-base-v2,19,"verbal, cues",920,,6.087849,2.64051,0.07341622561216354,"(np.float64(0.12156862745098039), np.float64(0.4666666666666667), np.float64(0.7058823529411765), np.float64(1.0))","T19
0.07",True
all-mpnet-base-v2,19,"verbal, cues",934,,6.1491084,2.6767747,0.07341622561216354,"(np.float64(0.12156862745098039), np.float64(0.4666666666666667), np.float64(0.7058823529411765), np.float64(1.0))","T19
0.07",True
all-mpnet-base-v2,19,"verbal, cues",981,,6.148107,2.680589,0.07341622561216354,"(np.float64(0.12156862745098039), np.float64(0.4666666666666667), np.float64(0.7058823529411765), np.float64(1.0))","T19
0.07",True
all-mpnet-base-v2,19,"verbal, cues",982,,6.1150265,2.6707978,0.07341622561216354,"(np.float64(0.12156862745098039), np.float64(0.4666666666666667), np.float64(0.7058823529411765), np.float64(1.0))","T19
0.07",True
all-mpnet-base-v2,20,Misinformation & Propaganda,38,,7.24286,7.0796084,0.38053685426712036,"(np.float64(0.6823529411764706), np.float64(0.7803921568627451), np.float64(0.9098039215686274), np.float64(1.0))","T20
0.38",False
all-mpnet-base-v2,20,Misinformation & Propaganda,207,,7.499639,6.655531,0.38053685426712036,"(np.float64(0.6823529411764706), np.float64(0.7803921568627451), np.float64(0.9098039215686274), np.float64(1.0))","T20
0.38",False
all-mpnet-base-v2,20,Misinformation & Propaganda,208,,7.222355,7.097609,0.38053685426712036,"(np.float64(0.6823529411764706), np.float64(0.7803921568627451), np.float64(0.9098039215686274), np.float64(1.0))","T20
0.38",False
all-mpnet-base-v2,20,Misinformation & Propaganda,395,,7.540703,6.3984733,0.38053685426712036,"(np.float64(0.6823529411764706), np.float64(0.7803921568627451), np.float64(0.9098039215686274), np.float64(1.0))","T20
0.38",False
all-mpnet-base-v2,20,Misinformation & Propaganda,409,,7.0542264,7.0282574,0.38053685426712036,"(np.float64(0.6823529411764706), np.float64(0.7803921568627451), np.float64(0.9098039215686274), np.float64(1.0))","T20
0.38",False
all-mpnet-base-v2,20,Misinformation & Propaganda,447,,7.3031054,6.946182,0.38053685426712036,"(np.float64(0.6823529411764706), np.float64(0.7803921568627451), np.float64(0.9098039215686274), np.float64(1.0))","T20
0.38",False
all-mpnet-base-v2,20,Misinformation & Propaganda,543,,7.5115895,7.1205297,0.38053685426712036,"(np.float64(0.6823529411764706), np.float64(0.7803921568627451), np.float64(0.9098039215686274), np.float64(1.0))","T20
0.38",False
all-mpnet-base-v2,20,Misinformation & Propaganda,544,,7.3673406,7.378144,0.38053685426712036,"(np.float64(0.6823529411764706), np.float64(0.7803921568627451), np.float64(0.9098039215686274), np.float64(1.0))","T20
0.38",False
all-mpnet-base-v2,20,Misinformation & Propaganda,557,,7.4027553,6.9287286,0.38053685426712036,"(np.float64(0.6823529411764706), np.float64(0.7803921568627451), np.float64(0.9098039215686274), np.float64(1.0))","T20
0.38",False
all-mpnet-base-v2,20,Misinformation & Propaganda,593,,7.493713,6.8905277,0.38053685426712036,"(np.float64(0.6823529411764706), np.float64(0.7803921568627451), np.float64(0.9098039215686274), np.float64(1.0))","T20
0.38",False
all-mpnet-base-v2,20,Misinformation & Propaganda,819,,7.584438,7.0303464,0.38053685426712036,"(np.float64(0.6823529411764706), np.float64(0.7803921568627451), np.float64(0.9098039215686274), np.float64(1.0))","T20
0.38",False
all-mpnet-base-v2,21,Misinformation & Propaganda,111,,4.8890777,8.578994,0.34746718406677246,"(np.float64(1.0), np.float64(0.4980392156862745), np.float64(0.054901960784313725), np.float64(1.0))","T21
0.35",False
all-mpnet-base-v2,21,Misinformation & Propaganda,120,,4.9396772,8.315271,0.34746718406677246,"(np.float64(1.0), np.float64(0.4980392156862745), np.float64(0.054901960784313725), np.float64(1.0))","T21
0.35",False
all-mpnet-base-v2,21,Misinformation & Propaganda,142,,4.9321947,8.497007,0.34746718406677246,"(np.float64(1.0), np.float64(0.4980392156862745), np.float64(0.054901960784313725), np.float64(1.0))","T21
0.35",False
all-mpnet-base-v2,21,Misinformation & Propaganda,149,,5.07647,8.285437,0.34746718406677246,"(np.float64(1.0), np.float64(0.4980392156862745), np.float64(0.054901960784313725), np.float64(1.0))","T21
0.35",False
all-mpnet-base-v2,21,Misinformation & Propaganda,223,,5.187165,8.703589,0.34746718406677246,"(np.float64(1.0), np.float64(0.4980392156862745), np.float64(0.054901960784313725), np.float64(1.0))","T21
0.35",False
all-mpnet-base-v2,21,Misinformation & Propaganda,311,,4.794632,8.472153,0.34746718406677246,"(np.float64(1.0), np.float64(0.4980392156862745), np.float64(0.054901960784313725), np.float64(1.0))","T21
0.35",False
all-mpnet-base-v2,21,Misinformation & Propaganda,340,,5.0720034,8.253741,0.34746718406677246,"(np.float64(1.0), np.float64(0.4980392156862745), np.float64(0.054901960784313725), np.float64(1.0))","T21
0.35",False
all-mpnet-base-v2,21,Misinformation & Propaganda,602,,5.161582,8.715803,0.34746718406677246,"(np.float64(1.0), np.float64(0.4980392156862745), np.float64(0.054901960784313725), np.float64(1.0))","T21
0.35",False
all-mpnet-base-v2,21,Misinformation & Propaganda,710,,5.2082334,8.766106,0.34746718406677246,"(np.float64(1.0), np.float64(0.4980392156862745), np.float64(0.054901960784313725), np.float64(1.0))","T21
0.35",False
all-mpnet-base-v2,21,Misinformation & Propaganda,718,,4.867695,8.117453,0.34746718406677246,"(np.float64(1.0), np.float64(0.4980392156862745), np.float64(0.054901960784313725), np.float64(1.0))","T21
0.35",False
all-mpnet-base-v2,21,Misinformation & Propaganda,878,,5.232146,8.225558,0.34746718406677246,"(np.float64(1.0), np.float64(0.4980392156862745), np.float64(0.054901960784313725), np.float64(1.0))","T21
0.35",False
all-mpnet-base-v2,22,Misinformation & Propaganda,274,,7.4732046,5.340898,0.3200559914112091,"(np.float64(1.0), np.float64(0.7333333333333333), np.float64(0.47058823529411764), np.float64(1.0))","T22
0.32",True
all-mpnet-base-v2,22,Misinformation & Propaganda,287,,7.433725,4.7710195,0.3200559914112091,"(np.float64(1.0), np.float64(0.7333333333333333), np.float64(0.47058823529411764), np.float64(1.0))","T22
0.32",True
all-mpnet-base-v2,22,Misinformation & Propaganda,415,,7.385733,5.10508,0.3200559914112091,"(np.float64(1.0), np.float64(0.7333333333333333), np.float64(0.47058823529411764), np.float64(1.0))","T22
0.32",True
all-mpnet-base-v2,22,Misinformation & Propaganda,453,,7.4661403,5.6500807,0.3200559914112091,"(np.float64(1.0), np.float64(0.7333333333333333), np.float64(0.47058823529411764), np.float64(1.0))","T22
0.32",True
all-mpnet-base-v2,22,Misinformation & Propaganda,461,,7.371425,5.2969384,0.3200559914112091,"(np.float64(1.0), np.float64(0.7333333333333333), np.float64(0.47058823529411764), np.float64(1.0))","T22
0.32",True
all-mpnet-base-v2,22,Misinformation & Propaganda,567,,7.4261374,4.7252297,0.3200559914112091,"(np.float64(1.0), np.float64(0.7333333333333333), np.float64(0.47058823529411764), np.float64(1.0))","T22
0.32",True
all-mpnet-base-v2,22,Misinformation & Propaganda,582,,7.4627266,5.200708,0.3200559914112091,"(np.float64(1.0), np.float64(0.7333333333333333), np.float64(0.47058823529411764), np.float64(1.0))","T22
0.32",True
all-mpnet-base-v2,22,Misinformation & Propaganda,594,,7.507199,5.280253,0.3200559914112091,"(np.float64(1.0), np.float64(0.7333333333333333), np.float64(0.47058823529411764), np.float64(1.0))","T22
0.32",True
all-mpnet-base-v2,22,Misinformation & Propaganda,650,,7.3459864,4.974765,0.3200559914112091,"(np.float64(1.0), np.float64(0.7333333333333333), np.float64(0.47058823529411764), np.float64(1.0))","T22
0.32",True
all-mpnet-base-v2,22,Misinformation & Propaganda,688,,7.355026,5.0944147,0.3200559914112091,"(np.float64(1.0), np.float64(0.7333333333333333), np.float64(0.47058823529411764), np.float64(1.0))","T22
0.32",True
all-mpnet-base-v2,22,Misinformation & Propaganda,703,,7.361044,5.18934,0.3200559914112091,"(np.float64(1.0), np.float64(0.7333333333333333), np.float64(0.47058823529411764), np.float64(1.0))","T22
0.32",True
all-mpnet-base-v2,23,Misinformation & Propaganda,322,,5.3074994,8.234123,0.5027017593383789,"(np.float64(0.17254901960784313), np.float64(0.6274509803921569), np.float64(0.17254901960784313), np.float64(1.0))","T23
0.50",False
all-mpnet-base-v2,23,Misinformation & Propaganda,328,,5.3317175,8.605427,0.5027017593383789,"(np.float64(0.17254901960784313), np.float64(0.6274509803921569), np.float64(0.17254901960784313), np.float64(1.0))","T23
0.50",False
all-mpnet-base-v2,23,Misinformation & Propaganda,360,,5.1354537,8.490269,0.5027017593383789,"(np.float64(0.17254901960784313), np.float64(0.6274509803921569), np.float64(0.17254901960784313), np.float64(1.0))","T23
0.50",False
all-mpnet-base-v2,23,Misinformation & Propaganda,361,,5.790734,8.633961,0.5027017593383789,"(np.float64(0.17254901960784313), np.float64(0.6274509803921569), np.float64(0.17254901960784313), np.float64(1.0))","T23
0.50",False
all-mpnet-base-v2,23,Misinformation & Propaganda,362,,5.2426906,8.429891,0.5027017593383789,"(np.float64(0.17254901960784313), np.float64(0.6274509803921569), np.float64(0.17254901960784313), np.float64(1.0))","T23
0.50",False
all-mpnet-base-v2,23,Misinformation & Propaganda,384,,5.5906167,8.154885,0.5027017593383789,"(np.float64(0.17254901960784313), np.float64(0.6274509803921569), np.float64(0.17254901960784313), np.float64(1.0))","T23
0.50",False
all-mpnet-base-v2,23,Misinformation & Propaganda,488,,5.556984,8.476041,0.5027017593383789,"(np.float64(0.17254901960784313), np.float64(0.6274509803921569), np.float64(0.17254901960784313), np.float64(1.0))","T23
0.50",False
all-mpnet-base-v2,23,Misinformation & Propaganda,608,,5.601354,8.572174,0.5027017593383789,"(np.float64(0.17254901960784313), np.float64(0.6274509803921569), np.float64(0.17254901960784313), np.float64(1.0))","T23
0.50",False
all-mpnet-base-v2,23,Misinformation & Propaganda,648,,5.5318007,8.350617,0.5027017593383789,"(np.float64(0.17254901960784313), np.float64(0.6274509803921569), np.float64(0.17254901960784313), np.float64(1.0))","T23
0.50",False
all-mpnet-base-v2,23,Misinformation & Propaganda,762,,5.468198,8.545566,0.5027017593383789,"(np.float64(0.17254901960784313), np.float64(0.6274509803921569), np.float64(0.17254901960784313), np.float64(1.0))","T23
0.50",False
all-mpnet-base-v2,23,Misinformation & Propaganda,832,,6.4196386,9.2692995,0.5027017593383789,"(np.float64(0.17254901960784313), np.float64(0.6274509803921569), np.float64(0.17254901960784313), np.float64(1.0))","T23
0.50",False
all-mpnet-base-v2,24,Journalism & Media Studies,21,,6.7373056,6.5317335,0.3503410816192627,"(np.float64(0.596078431372549), np.float64(0.8745098039215686), np.float64(0.5411764705882353), np.float64(1.0))","T24
0.35",False
all-mpnet-base-v2,24,Journalism & Media Studies,55,,6.965633,6.5451756,0.3503410816192627,"(np.float64(0.596078431372549), np.float64(0.8745098039215686), np.float64(0.5411764705882353), np.float64(1.0))","T24
0.35",False
all-mpnet-base-v2,24,Journalism & Media Studies,164,,6.783831,6.400993,0.3503410816192627,"(np.float64(0.596078431372549), np.float64(0.8745098039215686), np.float64(0.5411764705882353), np.float64(1.0))","T24
0.35",False
all-mpnet-base-v2,24,Journalism & Media Studies,175,,6.235338,6.8942657,0.3503410816192627,"(np.float64(0.596078431372549), np.float64(0.8745098039215686), np.float64(0.5411764705882353), np.float64(1.0))","T24
0.35",False
all-mpnet-base-v2,24,Journalism & Media Studies,343,,6.776781,6.4787807,0.3503410816192627,"(np.float64(0.596078431372549), np.float64(0.8745098039215686), np.float64(0.5411764705882353), np.float64(1.0))","T24
0.35",False
all-mpnet-base-v2,24,Journalism & Media Studies,435,,6.998448,6.4718146,0.3503410816192627,"(np.float64(0.596078431372549), np.float64(0.8745098039215686), np.float64(0.5411764705882353), np.float64(1.0))","T24
0.35",False
all-mpnet-base-v2,24,Journalism & Media Studies,452,,6.308062,6.832071,0.3503410816192627,"(np.float64(0.596078431372549), np.float64(0.8745098039215686), np.float64(0.5411764705882353), np.float64(1.0))","T24
0.35",False
all-mpnet-base-v2,24,Journalism & Media Studies,485,,6.6335917,6.614427,0.3503410816192627,"(np.float64(0.596078431372549), np.float64(0.8745098039215686), np.float64(0.5411764705882353), np.float64(1.0))","T24
0.35",False
all-mpnet-base-v2,24,Journalism & Media Studies,506,,6.6731687,6.505335,0.3503410816192627,"(np.float64(0.596078431372549), np.float64(0.8745098039215686), np.float64(0.5411764705882353), np.float64(1.0))","T24
0.35",False
all-mpnet-base-v2,24,Journalism & Media Studies,512,,6.8198066,6.599745,0.3503410816192627,"(np.float64(0.596078431372549), np.float64(0.8745098039215686), np.float64(0.5411764705882353), np.float64(1.0))","T24
0.35",False
all-mpnet-base-v2,24,Journalism & Media Studies,626,,6.4226284,6.591466,0.3503410816192627,"(np.float64(0.596078431372549), np.float64(0.8745098039215686), np.float64(0.5411764705882353), np.float64(1.0))","T24
0.35",False
all-mpnet-base-v2,25,"ensemble, manet",86,,4.1584044,7.349782,0.17053203284740448,"(np.float64(0.8392156862745098), np.float64(0.15294117647058825), np.float64(0.1568627450980392), np.float64(1.0))","T25
0.17",True
all-mpnet-base-v2,25,"ensemble, manet",333,,3.8353934,7.3393693,0.17053203284740448,"(np.float64(0.8392156862745098), np.float64(0.15294117647058825), np.float64(0.1568627450980392), np.float64(1.0))","T25
0.17",True
all-mpnet-base-v2,25,"ensemble, manet",346,,3.893242,7.4330764,0.17053203284740448,"(np.float64(0.8392156862745098), np.float64(0.15294117647058825), np.float64(0.1568627450980392), np.float64(1.0))","T25
0.17",True
all-mpnet-base-v2,25,"ensemble, manet",350,,3.9066203,7.325328,0.17053203284740448,"(np.float64(0.8392156862745098), np.float64(0.15294117647058825), np.float64(0.1568627450980392), np.float64(1.0))","T25
0.17",True
all-mpnet-base-v2,25,"ensemble, manet",368,,3.8826249,7.3129787,0.17053203284740448,"(np.float64(0.8392156862745098), np.float64(0.15294117647058825), np.float64(0.1568627450980392), np.float64(1.0))","T25
0.17",True
all-mpnet-base-v2,25,"ensemble, manet",465,,3.7854393,7.3021774,0.17053203284740448,"(np.float64(0.8392156862745098), np.float64(0.15294117647058825), np.float64(0.1568627450980392), np.float64(1.0))","T25
0.17",True
all-mpnet-base-v2,25,"ensemble, manet",499,,3.7617404,7.2194552,0.17053203284740448,"(np.float64(0.8392156862745098), np.float64(0.15294117647058825), np.float64(0.1568627450980392), np.float64(1.0))","T25
0.17",True
all-mpnet-base-v2,25,"ensemble, manet",510,,3.7475357,7.1849046,0.17053203284740448,"(np.float64(0.8392156862745098), np.float64(0.15294117647058825), np.float64(0.1568627450980392), np.float64(1.0))","T25
0.17",True
all-mpnet-base-v2,25,"ensemble, manet",589,,3.8303206,7.366944,0.17053203284740448,"(np.float64(0.8392156862745098), np.float64(0.15294117647058825), np.float64(0.1568627450980392), np.float64(1.0))","T25
0.17",True
all-mpnet-base-v2,25,"ensemble, manet",628,,3.8516889,7.1403127,0.17053203284740448,"(np.float64(0.8392156862745098), np.float64(0.15294117647058825), np.float64(0.1568627450980392), np.float64(1.0))","T25
0.17",True
all-mpnet-base-v2,25,"ensemble, manet",702,,3.8668318,7.3716154,0.17053203284740448,"(np.float64(0.8392156862745098), np.float64(0.15294117647058825), np.float64(0.1568627450980392), np.float64(1.0))","T25
0.17",True
all-mpnet-base-v2,26,Misinformation & Propaganda,1,,6.835528,7.078079,0.29499363899230957,"(np.float64(1.0), np.float64(0.596078431372549), np.float64(0.5882352941176471), np.float64(1.0))","T26
0.29",True
all-mpnet-base-v2,26,Misinformation & Propaganda,61,,6.9047666,7.1742644,0.29499363899230957,"(np.float64(1.0), np.float64(0.596078431372549), np.float64(0.5882352941176471), np.float64(1.0))","T26
0.29",True
all-mpnet-base-v2,26,Misinformation & Propaganda,62,,6.889163,7.290752,0.29499363899230957,"(np.float64(1.0), np.float64(0.596078431372549), np.float64(0.5882352941176471), np.float64(1.0))","T26
0.29",True
all-mpnet-base-v2,26,Misinformation & Propaganda,171,,6.909969,6.838992,0.29499363899230957,"(np.float64(1.0), np.float64(0.596078431372549), np.float64(0.5882352941176471), np.float64(1.0))","T26
0.29",True
all-mpnet-base-v2,26,Misinformation & Propaganda,251,,7.0477185,6.6253657,0.29499363899230957,"(np.float64(1.0), np.float64(0.596078431372549), np.float64(0.5882352941176471), np.float64(1.0))","T26
0.29",True
all-mpnet-base-v2,26,Misinformation & Propaganda,259,,6.8891697,6.76751,0.29499363899230957,"(np.float64(1.0), np.float64(0.596078431372549), np.float64(0.5882352941176471), np.float64(1.0))","T26
0.29",True
all-mpnet-base-v2,26,Misinformation & Propaganda,377,,6.8233166,7.11054,0.29499363899230957,"(np.float64(1.0), np.float64(0.596078431372549), np.float64(0.5882352941176471), np.float64(1.0))","T26
0.29",True
all-mpnet-base-v2,26,Misinformation & Propaganda,378,,6.8260074,6.9430223,0.29499363899230957,"(np.float64(1.0), np.float64(0.596078431372549), np.float64(0.5882352941176471), np.float64(1.0))","T26
0.29",True
all-mpnet-base-v2,26,Misinformation & Propaganda,407,,6.8354435,6.909429,0.29499363899230957,"(np.float64(1.0), np.float64(0.596078431372549), np.float64(0.5882352941176471), np.float64(1.0))","T26
0.29",True
all-mpnet-base-v2,26,Misinformation & Propaganda,585,,7.1097527,6.953949,0.29499363899230957,"(np.float64(1.0), np.float64(0.596078431372549), np.float64(0.5882352941176471), np.float64(1.0))","T26
0.29",True
all-mpnet-base-v2,26,Misinformation & Propaganda,777,,6.5908284,7.031652,0.29499363899230957,"(np.float64(1.0), np.float64(0.596078431372549), np.float64(0.5882352941176471), np.float64(1.0))","T26
0.29",True
all-mpnet-base-v2,27,Fact-Checking & Verification,439,,6.39907,5.38605,0.1962960660457611,"(np.float64(0.5803921568627451), np.float64(0.403921568627451), np.float64(0.7411764705882353), np.float64(1.0))","T27
0.20",True
all-mpnet-base-v2,27,Fact-Checking & Verification,460,,6.236389,5.327065,0.1962960660457611,"(np.float64(0.5803921568627451), np.float64(0.403921568627451), np.float64(0.7411764705882353), np.float64(1.0))","T27
0.20",True
all-mpnet-base-v2,27,Fact-Checking & Verification,647,,6.302142,5.3423967,0.1962960660457611,"(np.float64(0.5803921568627451), np.float64(0.403921568627451), np.float64(0.7411764705882353), np.float64(1.0))","T27
0.20",True
all-mpnet-base-v2,27,Fact-Checking & Verification,683,,6.310423,5.4025826,0.1962960660457611,"(np.float64(0.5803921568627451), np.float64(0.403921568627451), np.float64(0.7411764705882353), np.float64(1.0))","T27
0.20",True
all-mpnet-base-v2,27,Fact-Checking & Verification,737,,6.2580943,5.1922765,0.1962960660457611,"(np.float64(0.5803921568627451), np.float64(0.403921568627451), np.float64(0.7411764705882353), np.float64(1.0))","T27
0.20",True
all-mpnet-base-v2,27,Fact-Checking & Verification,744,,6.0264926,5.335675,0.1962960660457611,"(np.float64(0.5803921568627451), np.float64(0.403921568627451), np.float64(0.7411764705882353), np.float64(1.0))","T27
0.20",True
all-mpnet-base-v2,27,Fact-Checking & Verification,802,,6.2405534,5.342971,0.1962960660457611,"(np.float64(0.5803921568627451), np.float64(0.403921568627451), np.float64(0.7411764705882353), np.float64(1.0))","T27
0.20",True
all-mpnet-base-v2,27,Fact-Checking & Verification,812,,6.2631545,5.118854,0.1962960660457611,"(np.float64(0.5803921568627451), np.float64(0.403921568627451), np.float64(0.7411764705882353), np.float64(1.0))","T27
0.20",True
all-mpnet-base-v2,27,Fact-Checking & Verification,816,,6.174948,5.281115,0.1962960660457611,"(np.float64(0.5803921568627451), np.float64(0.403921568627451), np.float64(0.7411764705882353), np.float64(1.0))","T27
0.20",True
all-mpnet-base-v2,27,Fact-Checking & Verification,862,,6.303069,5.265307,0.1962960660457611,"(np.float64(0.5803921568627451), np.float64(0.403921568627451), np.float64(0.7411764705882353), np.float64(1.0))","T27
0.20",True
all-mpnet-base-v2,27,Fact-Checking & Verification,912,,6.3542843,5.0029287,0.1962960660457611,"(np.float64(0.5803921568627451), np.float64(0.403921568627451), np.float64(0.7411764705882353), np.float64(1.0))","T27
0.20",True
all-mpnet-base-v2,28,"reviews, review",418,,3.3576305,6.3708177,0.20012393593788147,"(np.float64(0.7725490196078432), np.float64(0.6901960784313725), np.float64(0.8352941176470589), np.float64(1.0))","T28
0.20",True
all-mpnet-base-v2,28,"reviews, review",666,,3.368252,6.334625,0.20012393593788147,"(np.float64(0.7725490196078432), np.float64(0.6901960784313725), np.float64(0.8352941176470589), np.float64(1.0))","T28
0.20",True
all-mpnet-base-v2,28,"reviews, review",681,,3.4795153,6.364558,0.20012393593788147,"(np.float64(0.7725490196078432), np.float64(0.6901960784313725), np.float64(0.8352941176470589), np.float64(1.0))","T28
0.20",True
all-mpnet-base-v2,28,"reviews, review",740,,3.3432417,6.391063,0.20012393593788147,"(np.float64(0.7725490196078432), np.float64(0.6901960784313725), np.float64(0.8352941176470589), np.float64(1.0))","T28
0.20",True
all-mpnet-base-v2,28,"reviews, review",760,,3.5231755,6.3470073,0.20012393593788147,"(np.float64(0.7725490196078432), np.float64(0.6901960784313725), np.float64(0.8352941176470589), np.float64(1.0))","T28
0.20",True
all-mpnet-base-v2,28,"reviews, review",868,,3.6537664,6.6014047,0.20012393593788147,"(np.float64(0.7725490196078432), np.float64(0.6901960784313725), np.float64(0.8352941176470589), np.float64(1.0))","T28
0.20",True
all-mpnet-base-v2,28,"reviews, review",881,,3.506022,6.52245,0.20012393593788147,"(np.float64(0.7725490196078432), np.float64(0.6901960784313725), np.float64(0.8352941176470589), np.float64(1.0))","T28
0.20",True
all-mpnet-base-v2,28,"reviews, review",896,,3.3427935,6.374012,0.20012393593788147,"(np.float64(0.7725490196078432), np.float64(0.6901960784313725), np.float64(0.8352941176470589), np.float64(1.0))","T28
0.20",True
all-mpnet-base-v2,28,"reviews, review",921,,3.3245244,6.38027,0.20012393593788147,"(np.float64(0.7725490196078432), np.float64(0.6901960784313725), np.float64(0.8352941176470589), np.float64(1.0))","T28
0.20",True
all-mpnet-base-v2,28,"reviews, review",937,,3.7356863,6.487781,0.20012393593788147,"(np.float64(0.7725490196078432), np.float64(0.6901960784313725), np.float64(0.8352941176470589), np.float64(1.0))","T28
0.20",True
all-mpnet-base-v2,29,Crowdsourced Analysis,15,,6.2293296,3.0964835,0.20240432024002075,"(np.float64(0.5490196078431373), np.float64(0.33725490196078434), np.float64(0.29411764705882354), np.float64(1.0))","T29
0.20",True
all-mpnet-base-v2,29,Crowdsourced Analysis,170,,6.1943035,3.3263016,0.20240432024002075,"(np.float64(0.5490196078431373), np.float64(0.33725490196078434), np.float64(0.29411764705882354), np.float64(1.0))","T29
0.20",True
all-mpnet-base-v2,29,Crowdsourced Analysis,185,,6.4923463,3.186151,0.20240432024002075,"(np.float64(0.5490196078431373), np.float64(0.33725490196078434), np.float64(0.29411764705882354), np.float64(1.0))","T29
0.20",True
all-mpnet-base-v2,29,Crowdsourced Analysis,522,,6.233858,3.1992302,0.20240432024002075,"(np.float64(0.5490196078431373), np.float64(0.33725490196078434), np.float64(0.29411764705882354), np.float64(1.0))","T29
0.20",True
all-mpnet-base-v2,29,Crowdsourced Analysis,523,,6.2505603,3.240623,0.20240432024002075,"(np.float64(0.5490196078431373), np.float64(0.33725490196078434), np.float64(0.29411764705882354), np.float64(1.0))","T29
0.20",True
all-mpnet-base-v2,29,Crowdsourced Analysis,873,,6.2902007,3.193834,0.20240432024002075,"(np.float64(0.5490196078431373), np.float64(0.33725490196078434), np.float64(0.29411764705882354), np.float64(1.0))","T29
0.20",True
all-mpnet-base-v2,29,Crowdsourced Analysis,926,,6.0717864,3.0129976,0.20240432024002075,"(np.float64(0.5490196078431373), np.float64(0.33725490196078434), np.float64(0.29411764705882354), np.float64(1.0))","T29
0.20",True
all-mpnet-base-v2,29,Crowdsourced Analysis,952,,6.1621394,3.084481,0.20240432024002075,"(np.float64(0.5490196078431373), np.float64(0.33725490196078434), np.float64(0.29411764705882354), np.float64(1.0))","T29
0.20",True
all-mpnet-base-v2,29,Crowdsourced Analysis,954,,6.1925664,3.12826,0.20240432024002075,"(np.float64(0.5490196078431373), np.float64(0.33725490196078434), np.float64(0.29411764705882354), np.float64(1.0))","T29
0.20",True
all-mpnet-base-v2,29,Crowdsourced Analysis,976,,6.0249915,2.9949193,0.20240432024002075,"(np.float64(0.5490196078431373), np.float64(0.33725490196078434), np.float64(0.29411764705882354), np.float64(1.0))","T29
0.20",True
all-mpnet-base-v2,30,Fact-Checking & Verification,32,,6.557737,5.9082108,0.13979436457157135,"(np.float64(0.7686274509803922), np.float64(0.611764705882353), np.float64(0.5803921568627451), np.float64(1.0))","T30
0.14",True
all-mpnet-base-v2,30,Fact-Checking & Verification,376,,6.6197815,6.128625,0.13979436457157135,"(np.float64(0.7686274509803922), np.float64(0.611764705882353), np.float64(0.5803921568627451), np.float64(1.0))","T30
0.14",True
all-mpnet-base-v2,30,Fact-Checking & Verification,429,,6.5821786,5.8974533,0.13979436457157135,"(np.float64(0.7686274509803922), np.float64(0.611764705882353), np.float64(0.5803921568627451), np.float64(1.0))","T30
0.14",True
all-mpnet-base-v2,30,Fact-Checking & Verification,503,,6.4522433,5.9781365,0.13979436457157135,"(np.float64(0.7686274509803922), np.float64(0.611764705882353), np.float64(0.5803921568627451), np.float64(1.0))","T30
0.14",True
all-mpnet-base-v2,30,Fact-Checking & Verification,528,,6.584423,5.816589,0.13979436457157135,"(np.float64(0.7686274509803922), np.float64(0.611764705882353), np.float64(0.5803921568627451), np.float64(1.0))","T30
0.14",True
all-mpnet-base-v2,30,Fact-Checking & Verification,575,,6.5179477,5.9208264,0.13979436457157135,"(np.float64(0.7686274509803922), np.float64(0.611764705882353), np.float64(0.5803921568627451), np.float64(1.0))","T30
0.14",True
all-mpnet-base-v2,30,Fact-Checking & Verification,811,,6.5369782,5.7960753,0.13979436457157135,"(np.float64(0.7686274509803922), np.float64(0.611764705882353), np.float64(0.5803921568627451), np.float64(1.0))","T30
0.14",True
all-mpnet-base-v2,30,Fact-Checking & Verification,837,,6.5322824,5.9325905,0.13979436457157135,"(np.float64(0.7686274509803922), np.float64(0.611764705882353), np.float64(0.5803921568627451), np.float64(1.0))","T30
0.14",True
all-mpnet-base-v2,30,Fact-Checking & Verification,861,,6.4998126,5.8471723,0.13979436457157135,"(np.float64(0.7686274509803922), np.float64(0.611764705882353), np.float64(0.5803921568627451), np.float64(1.0))","T30
0.14",True
all-mpnet-base-v2,30,Fact-Checking & Verification,883,,6.4757566,6.033462,0.13979436457157135,"(np.float64(0.7686274509803922), np.float64(0.611764705882353), np.float64(0.5803921568627451), np.float64(1.0))","T30
0.14",True
all-mpnet-base-v2,31,"claimevidence, debiasing",16,,9.955292,7.9938564,0.1502481997013092,"(np.float64(0.8901960784313725), np.float64(0.4666666666666667), np.float64(0.7607843137254902), np.float64(1.0))","T31
0.15",True
all-mpnet-base-v2,31,"claimevidence, debiasing",20,,10.008278,7.855088,0.1502481997013092,"(np.float64(0.8901960784313725), np.float64(0.4666666666666667), np.float64(0.7607843137254902), np.float64(1.0))","T31
0.15",True
all-mpnet-base-v2,31,"claimevidence, debiasing",79,,10.121034,7.9109592,0.1502481997013092,"(np.float64(0.8901960784313725), np.float64(0.4666666666666667), np.float64(0.7607843137254902), np.float64(1.0))","T31
0.15",True
all-mpnet-base-v2,31,"claimevidence, debiasing",200,,9.922326,7.9776897,0.1502481997013092,"(np.float64(0.8901960784313725), np.float64(0.4666666666666667), np.float64(0.7607843137254902), np.float64(1.0))","T31
0.15",True
all-mpnet-base-v2,31,"claimevidence, debiasing",204,,9.827982,7.812207,0.1502481997013092,"(np.float64(0.8901960784313725), np.float64(0.4666666666666667), np.float64(0.7607843137254902), np.float64(1.0))","T31
0.15",True
all-mpnet-base-v2,31,"claimevidence, debiasing",237,,9.997395,7.719336,0.1502481997013092,"(np.float64(0.8901960784313725), np.float64(0.4666666666666667), np.float64(0.7607843137254902), np.float64(1.0))","T31
0.15",True
all-mpnet-base-v2,31,"claimevidence, debiasing",244,,9.935444,8.022371,0.1502481997013092,"(np.float64(0.8901960784313725), np.float64(0.4666666666666667), np.float64(0.7607843137254902), np.float64(1.0))","T31
0.15",True
all-mpnet-base-v2,31,"claimevidence, debiasing",441,,9.944256,7.934946,0.1502481997013092,"(np.float64(0.8901960784313725), np.float64(0.4666666666666667), np.float64(0.7607843137254902), np.float64(1.0))","T31
0.15",True
all-mpnet-base-v2,31,"claimevidence, debiasing",559,,9.959755,7.9884186,0.1502481997013092,"(np.float64(0.8901960784313725), np.float64(0.4666666666666667), np.float64(0.7607843137254902), np.float64(1.0))","T31
0.15",True
all-mpnet-base-v2,31,"claimevidence, debiasing",565,,9.910315,7.9745083,0.1502481997013092,"(np.float64(0.8901960784313725), np.float64(0.4666666666666667), np.float64(0.7607843137254902), np.float64(1.0))","T31
0.15",True
all-mpnet-base-v2,32,"lab, task",442,,8.917018,8.14925,0.18122822046279907,"(np.float64(0.9686274509803922), np.float64(0.7137254901960784), np.float64(0.8235294117647058), np.float64(1.0))","T32
0.18",True
all-mpnet-base-v2,32,"lab, task",535,,8.769505,8.234357,0.18122822046279907,"(np.float64(0.9686274509803922), np.float64(0.7137254901960784), np.float64(0.8235294117647058), np.float64(1.0))","T32
0.18",True
all-mpnet-base-v2,32,"lab, task",536,,8.689924,8.31313,0.18122822046279907,"(np.float64(0.9686274509803922), np.float64(0.7137254901960784), np.float64(0.8235294117647058), np.float64(1.0))","T32
0.18",True
all-mpnet-base-v2,32,"lab, task",538,,8.9419985,8.026296,0.18122822046279907,"(np.float64(0.9686274509803922), np.float64(0.7137254901960784), np.float64(0.8235294117647058), np.float64(1.0))","T32
0.18",True
all-mpnet-base-v2,32,"lab, task",552,,8.803475,8.102434,0.18122822046279907,"(np.float64(0.9686274509803922), np.float64(0.7137254901960784), np.float64(0.8235294117647058), np.float64(1.0))","T32
0.18",True
all-mpnet-base-v2,32,"lab, task",655,,8.858268,8.087464,0.18122822046279907,"(np.float64(0.9686274509803922), np.float64(0.7137254901960784), np.float64(0.8235294117647058), np.float64(1.0))","T32
0.18",True
all-mpnet-base-v2,32,"lab, task",656,,8.747951,8.36733,0.18122822046279907,"(np.float64(0.9686274509803922), np.float64(0.7137254901960784), np.float64(0.8235294117647058), np.float64(1.0))","T32
0.18",True
all-mpnet-base-v2,32,"lab, task",663,,8.702374,8.327747,0.18122822046279907,"(np.float64(0.9686274509803922), np.float64(0.7137254901960784), np.float64(0.8235294117647058), np.float64(1.0))","T32
0.18",True
all-mpnet-base-v2,32,"lab, task",700,,8.879709,8.088103,0.18122822046279907,"(np.float64(0.9686274509803922), np.float64(0.7137254901960784), np.float64(0.8235294117647058), np.float64(1.0))","T32
0.18",True
all-mpnet-base-v2,32,"lab, task",749,,8.8710375,8.120433,0.18122822046279907,"(np.float64(0.9686274509803922), np.float64(0.7137254901960784), np.float64(0.8235294117647058), np.float64(1.0))","T32
0.18",True
all-mpnet-base-v2,33,"discovery, truth",66,,10.143399,5.3564963,0.27969658374786377,"(np.float64(0.4980392156862745), np.float64(0.4980392156862745), np.float64(0.4980392156862745), np.float64(1.0))","T33
0.28",True
all-mpnet-base-v2,33,"discovery, truth",262,,10.0328,5.406058,0.27969658374786377,"(np.float64(0.4980392156862745), np.float64(0.4980392156862745), np.float64(0.4980392156862745), np.float64(1.0))","T33
0.28",True
all-mpnet-base-v2,33,"discovery, truth",520,,10.239163,5.3893995,0.27969658374786377,"(np.float64(0.4980392156862745), np.float64(0.4980392156862745), np.float64(0.4980392156862745), np.float64(1.0))","T33
0.28",True
all-mpnet-base-v2,33,"discovery, truth",579,,10.156138,5.756086,0.27969658374786377,"(np.float64(0.4980392156862745), np.float64(0.4980392156862745), np.float64(0.4980392156862745), np.float64(1.0))","T33
0.28",True
all-mpnet-base-v2,33,"discovery, truth",769,,10.130376,5.2198205,0.27969658374786377,"(np.float64(0.4980392156862745), np.float64(0.4980392156862745), np.float64(0.4980392156862745), np.float64(1.0))","T33
0.28",True
all-mpnet-base-v2,33,"discovery, truth",886,,10.065925,5.9669995,0.27969658374786377,"(np.float64(0.4980392156862745), np.float64(0.4980392156862745), np.float64(0.4980392156862745), np.float64(1.0))","T33
0.28",True
all-mpnet-base-v2,33,"discovery, truth",888,,10.214185,5.654919,0.27969658374786377,"(np.float64(0.4980392156862745), np.float64(0.4980392156862745), np.float64(0.4980392156862745), np.float64(1.0))","T33
0.28",True
all-mpnet-base-v2,33,"discovery, truth",893,,10.165517,5.595964,0.27969658374786377,"(np.float64(0.4980392156862745), np.float64(0.4980392156862745), np.float64(0.4980392156862745), np.float64(1.0))","T33
0.28",True
all-mpnet-base-v2,33,"discovery, truth",900,,10.138975,5.411899,0.27969658374786377,"(np.float64(0.4980392156862745), np.float64(0.4980392156862745), np.float64(0.4980392156862745), np.float64(1.0))","T33
0.28",True
all-mpnet-base-v2,33,"discovery, truth",914,,10.198031,5.5531125,0.27969658374786377,"(np.float64(0.4980392156862745), np.float64(0.4980392156862745), np.float64(0.4980392156862745), np.float64(1.0))","T33
0.28",True
all-mpnet-base-v2,34,"sensing, discovery",586,,10.490969,5.3391395,0.06298770010471344,"(np.float64(0.7803921568627451), np.float64(0.7803921568627451), np.float64(0.7803921568627451), np.float64(1.0))","T34
0.06",True
all-mpnet-base-v2,34,"sensing, discovery",772,,10.407074,5.385579,0.06298770010471344,"(np.float64(0.7803921568627451), np.float64(0.7803921568627451), np.float64(0.7803921568627451), np.float64(1.0))","T34
0.06",True
all-mpnet-base-v2,34,"sensing, discovery",853,,10.531347,5.306204,0.06298770010471344,"(np.float64(0.7803921568627451), np.float64(0.7803921568627451), np.float64(0.7803921568627451), np.float64(1.0))","T34
0.06",True
all-mpnet-base-v2,34,"sensing, discovery",872,,10.508498,5.3869123,0.06298770010471344,"(np.float64(0.7803921568627451), np.float64(0.7803921568627451), np.float64(0.7803921568627451), np.float64(1.0))","T34
0.06",True
all-mpnet-base-v2,34,"sensing, discovery",895,,10.510242,5.3923187,0.06298770010471344,"(np.float64(0.7803921568627451), np.float64(0.7803921568627451), np.float64(0.7803921568627451), np.float64(1.0))","T34
0.06",True
all-mpnet-base-v2,34,"sensing, discovery",897,,10.51921,5.3728776,0.06298770010471344,"(np.float64(0.7803921568627451), np.float64(0.7803921568627451), np.float64(0.7803921568627451), np.float64(1.0))","T34
0.06",True
all-mpnet-base-v2,34,"sensing, discovery",898,,10.422276,5.4091454,0.06298770010471344,"(np.float64(0.7803921568627451), np.float64(0.7803921568627451), np.float64(0.7803921568627451), np.float64(1.0))","T34
0.06",True
all-mpnet-base-v2,34,"sensing, discovery",909,,10.510844,5.346213,0.06298770010471344,"(np.float64(0.7803921568627451), np.float64(0.7803921568627451), np.float64(0.7803921568627451), np.float64(1.0))","T34
0.06",True
all-mpnet-base-v2,34,"sensing, discovery",931,,10.503989,5.33886,0.06298770010471344,"(np.float64(0.7803921568627451), np.float64(0.7803921568627451), np.float64(0.7803921568627451), np.float64(1.0))","T34
0.06",True
all-mpnet-base-v2,34,"sensing, discovery",956,,10.511003,5.3572254,0.06298770010471344,"(np.float64(0.7803921568627451), np.float64(0.7803921568627451), np.float64(0.7803921568627451), np.float64(1.0))","T34
0.06",True
all-mpnet-base-v2,35,Credibility Assessment,797,,9.05098,5.113673,0.12173180282115936,"(np.float64(0.7372549019607844), np.float64(0.7411764705882353), np.float64(0.13333333333333333), np.float64(1.0))","T35
0.12",True
all-mpnet-base-v2,35,Credibility Assessment,798,,9.067484,5.016116,0.12173180282115936,"(np.float64(0.7372549019607844), np.float64(0.7411764705882353), np.float64(0.13333333333333333), np.float64(1.0))","T35
0.12",True
all-mpnet-base-v2,35,Credibility Assessment,939,,9.118547,5.0818396,0.12173180282115936,"(np.float64(0.7372549019607844), np.float64(0.7411764705882353), np.float64(0.13333333333333333), np.float64(1.0))","T35
0.12",True
all-mpnet-base-v2,35,Credibility Assessment,960,,9.064866,4.893769,0.12173180282115936,"(np.float64(0.7372549019607844), np.float64(0.7411764705882353), np.float64(0.13333333333333333), np.float64(1.0))","T35
0.12",True
all-mpnet-base-v2,35,Credibility Assessment,964,,9.065281,5.063022,0.12173180282115936,"(np.float64(0.7372549019607844), np.float64(0.7411764705882353), np.float64(0.13333333333333333), np.float64(1.0))","T35
0.12",True
all-mpnet-base-v2,35,Credibility Assessment,968,,9.139945,5.099444,0.12173180282115936,"(np.float64(0.7372549019607844), np.float64(0.7411764705882353), np.float64(0.13333333333333333), np.float64(1.0))","T35
0.12",True
all-mpnet-base-v2,35,Credibility Assessment,970,,9.076845,5.1475806,0.12173180282115936,"(np.float64(0.7372549019607844), np.float64(0.7411764705882353), np.float64(0.13333333333333333), np.float64(1.0))","T35
0.12",True
all-mpnet-base-v2,35,Credibility Assessment,974,,9.067843,5.1459208,0.12173180282115936,"(np.float64(0.7372549019607844), np.float64(0.7411764705882353), np.float64(0.13333333333333333), np.float64(1.0))","T35
0.12",True
all-mpnet-base-v2,35,Credibility Assessment,977,,9.2055025,5.195351,0.12173180282115936,"(np.float64(0.7372549019607844), np.float64(0.7411764705882353), np.float64(0.13333333333333333), np.float64(1.0))","T35
0.12",True
all-mpnet-base-v2,35,Credibility Assessment,980,,9.066108,5.172488,0.12173180282115936,"(np.float64(0.7372549019607844), np.float64(0.7411764705882353), np.float64(0.13333333333333333), np.float64(1.0))","T35
0.12",True
all-mpnet-base-v2,36,Misinformation & Propaganda,104,,5.500654,6.6555643,0.2879107892513275,"(np.float64(0.8588235294117647), np.float64(0.8588235294117647), np.float64(0.5529411764705883), np.float64(1.0))","T36
0.29",True
all-mpnet-base-v2,36,Misinformation & Propaganda,316,,5.273718,6.3406982,0.2879107892513275,"(np.float64(0.8588235294117647), np.float64(0.8588235294117647), np.float64(0.5529411764705883), np.float64(1.0))","T36
0.29",True
all-mpnet-base-v2,36,Misinformation & Propaganda,339,,5.333889,6.599937,0.2879107892513275,"(np.float64(0.8588235294117647), np.float64(0.8588235294117647), np.float64(0.5529411764705883), np.float64(1.0))","T36
0.29",True
all-mpnet-base-v2,36,Misinformation & Propaganda,410,,5.4790945,6.472145,0.2879107892513275,"(np.float64(0.8588235294117647), np.float64(0.8588235294117647), np.float64(0.5529411764705883), np.float64(1.0))","T36
0.29",True
all-mpnet-base-v2,36,Misinformation & Propaganda,491,,5.5230956,7.0228734,0.2879107892513275,"(np.float64(0.8588235294117647), np.float64(0.8588235294117647), np.float64(0.5529411764705883), np.float64(1.0))","T36
0.29",True
all-mpnet-base-v2,36,Misinformation & Propaganda,568,,5.6612062,6.690518,0.2879107892513275,"(np.float64(0.8588235294117647), np.float64(0.8588235294117647), np.float64(0.5529411764705883), np.float64(1.0))","T36
0.29",True
all-mpnet-base-v2,36,Misinformation & Propaganda,570,,5.6284637,6.775651,0.2879107892513275,"(np.float64(0.8588235294117647), np.float64(0.8588235294117647), np.float64(0.5529411764705883), np.float64(1.0))","T36
0.29",True
all-mpnet-base-v2,36,Misinformation & Propaganda,685,,5.442394,6.593905,0.2879107892513275,"(np.float64(0.8588235294117647), np.float64(0.8588235294117647), np.float64(0.5529411764705883), np.float64(1.0))","T36
0.29",True
all-mpnet-base-v2,36,Misinformation & Propaganda,717,,5.435594,6.514188,0.2879107892513275,"(np.float64(0.8588235294117647), np.float64(0.8588235294117647), np.float64(0.5529411764705883), np.float64(1.0))","T36
0.29",True
all-mpnet-base-v2,37,Misinformation & Propaganda,216,,5.8539667,7.6357827,0.5571399927139282,"(np.float64(0.09019607843137255), np.float64(0.7450980392156863), np.float64(0.8117647058823529), np.float64(1.0))","T37
0.56",False
all-mpnet-base-v2,37,Misinformation & Propaganda,358,,5.7394133,7.2688518,0.5571399927139282,"(np.float64(0.09019607843137255), np.float64(0.7450980392156863), np.float64(0.8117647058823529), np.float64(1.0))","T37
0.56",False
all-mpnet-base-v2,37,Misinformation & Propaganda,359,,5.370182,7.1319246,0.5571399927139282,"(np.float64(0.09019607843137255), np.float64(0.7450980392156863), np.float64(0.8117647058823529), np.float64(1.0))","T37
0.56",False
all-mpnet-base-v2,37,Misinformation & Propaganda,599,,6.391549,7.6823015,0.5571399927139282,"(np.float64(0.09019607843137255), np.float64(0.7450980392156863), np.float64(0.8117647058823529), np.float64(1.0))","T37
0.56",False
all-mpnet-base-v2,37,Misinformation & Propaganda,660,,5.4109235,7.319345,0.5571399927139282,"(np.float64(0.09019607843137255), np.float64(0.7450980392156863), np.float64(0.8117647058823529), np.float64(1.0))","T37
0.56",False
all-mpnet-base-v2,37,Misinformation & Propaganda,661,,5.5264826,7.467577,0.5571399927139282,"(np.float64(0.09019607843137255), np.float64(0.7450980392156863), np.float64(0.8117647058823529), np.float64(1.0))","T37
0.56",False
all-mpnet-base-v2,37,Misinformation & Propaganda,692,,5.5732903,7.2987347,0.5571399927139282,"(np.float64(0.09019607843137255), np.float64(0.7450980392156863), np.float64(0.8117647058823529), np.float64(1.0))","T37
0.56",False
all-mpnet-base-v2,37,Misinformation & Propaganda,787,,6.3114386,7.1658673,0.5571399927139282,"(np.float64(0.09019607843137255), np.float64(0.7450980392156863), np.float64(0.8117647058823529), np.float64(1.0))","T37
0.56",False
all-mpnet-base-v2,37,Misinformation & Propaganda,917,,5.3015466,7.102005,0.5571399927139282,"(np.float64(0.09019607843137255), np.float64(0.7450980392156863), np.float64(0.8117647058823529), np.float64(1.0))","T37
0.56",False
all-mpnet-base-v2,38,"video, deepfake",37,,6.913656,4.0956492,4.039979457855225,"(np.float64(0.6196078431372549), np.float64(0.8549019607843137), np.float64(0.8980392156862745), np.float64(1.0))","T38
4.04",False
all-mpnet-base-v2,38,"video, deepfake",53,,5.4539075,11.553732,4.039979457855225,"(np.float64(0.6196078431372549), np.float64(0.8549019607843137), np.float64(0.8980392156862745), np.float64(1.0))","T38
4.04",False
all-mpnet-base-v2,38,"video, deepfake",177,,5.562122,11.6508875,4.039979457855225,"(np.float64(0.6196078431372549), np.float64(0.8549019607843137), np.float64(0.8980392156862745), np.float64(1.0))","T38
4.04",False
all-mpnet-base-v2,38,"video, deepfake",307,,6.9343834,3.875256,4.039979457855225,"(np.float64(0.6196078431372549), np.float64(0.8549019607843137), np.float64(0.8980392156862745), np.float64(1.0))","T38
4.04",False
all-mpnet-base-v2,38,"video, deepfake",446,,5.540869,11.637871,4.039979457855225,"(np.float64(0.6196078431372549), np.float64(0.8549019607843137), np.float64(0.8980392156862745), np.float64(1.0))","T38
4.04",False
all-mpnet-base-v2,38,"video, deepfake",704,,6.898437,3.9246757,4.039979457855225,"(np.float64(0.6196078431372549), np.float64(0.8549019607843137), np.float64(0.8980392156862745), np.float64(1.0))","T38
4.04",False
all-mpnet-base-v2,38,"video, deepfake",733,,7.036713,3.558952,4.039979457855225,"(np.float64(0.6196078431372549), np.float64(0.8549019607843137), np.float64(0.8980392156862745), np.float64(1.0))","T38
4.04",False
all-mpnet-base-v2,38,"video, deepfake",781,,6.916639,3.8759415,4.039979457855225,"(np.float64(0.6196078431372549), np.float64(0.8549019607843137), np.float64(0.8980392156862745), np.float64(1.0))","T38
4.04",False
all-mpnet-base-v2,38,"video, deepfake",836,,6.929616,3.805741,4.039979457855225,"(np.float64(0.6196078431372549), np.float64(0.8549019607843137), np.float64(0.8980392156862745), np.float64(1.0))","T38
4.04",False
all-mpnet-base-v2,39,"ofs, fact",25,,9.882859,6.8511157,0.27114319801330566,"(np.float64(0.12156862745098039), np.float64(0.4666666666666667), np.float64(0.7058823529411765), np.float64(1.0))","T39
0.27",True
all-mpnet-base-v2,39,"ofs, fact",65,,9.858956,6.780889,0.27114319801330566,"(np.float64(0.12156862745098039), np.float64(0.4666666666666667), np.float64(0.7058823529411765), np.float64(1.0))","T39
0.27",True
all-mpnet-base-v2,39,"ofs, fact",694,,9.618306,7.2119513,0.27114319801330566,"(np.float64(0.12156862745098039), np.float64(0.4666666666666667), np.float64(0.7058823529411765), np.float64(1.0))","T39
0.27",True
all-mpnet-base-v2,39,"ofs, fact",831,,9.831157,6.9800525,0.27114319801330566,"(np.float64(0.12156862745098039), np.float64(0.4666666666666667), np.float64(0.7058823529411765), np.float64(1.0))","T39
0.27",True
all-mpnet-base-v2,39,"ofs, fact",841,,9.939718,7.126003,0.27114319801330566,"(np.float64(0.12156862745098039), np.float64(0.4666666666666667), np.float64(0.7058823529411765), np.float64(1.0))","T39
0.27",True
all-mpnet-base-v2,39,"ofs, fact",871,,9.7537,7.0119815,0.27114319801330566,"(np.float64(0.12156862745098039), np.float64(0.4666666666666667), np.float64(0.7058823529411765), np.float64(1.0))","T39
0.27",True
all-mpnet-base-v2,39,"ofs, fact",887,,10.06584,7.2466083,0.27114319801330566,"(np.float64(0.12156862745098039), np.float64(0.4666666666666667), np.float64(0.7058823529411765), np.float64(1.0))","T39
0.27",True
all-mpnet-base-v2,39,"ofs, fact",918,,9.8821745,6.9073973,0.27114319801330566,"(np.float64(0.12156862745098039), np.float64(0.4666666666666667), np.float64(0.7058823529411765), np.float64(1.0))","T39
0.27",True
all-mpnet-base-v2,40,Credibility Assessment,70,,7.6682653,4.125385,0.19745948910713196,"(np.float64(0.6823529411764706), np.float64(0.7803921568627451), np.float64(0.9098039215686274), np.float64(1.0))","T40
0.20",True
all-mpnet-base-v2,40,Credibility Assessment,173,,7.466423,3.9810543,0.19745948910713196,"(np.float64(0.6823529411764706), np.float64(0.7803921568627451), np.float64(0.9098039215686274), np.float64(1.0))","T40
0.20",True
all-mpnet-base-v2,40,Credibility Assessment,209,,7.5282288,3.9826539,0.19745948910713196,"(np.float64(0.6823529411764706), np.float64(0.7803921568627451), np.float64(0.9098039215686274), np.float64(1.0))","T40
0.20",True
all-mpnet-base-v2,40,Credibility Assessment,260,,7.7793856,4.181345,0.19745948910713196,"(np.float64(0.6823529411764706), np.float64(0.7803921568627451), np.float64(0.9098039215686274), np.float64(1.0))","T40
0.20",True
all-mpnet-base-v2,40,Credibility Assessment,305,,7.5993605,4.086612,0.19745948910713196,"(np.float64(0.6823529411764706), np.float64(0.7803921568627451), np.float64(0.9098039215686274), np.float64(1.0))","T40
0.20",True
all-mpnet-base-v2,40,Credibility Assessment,455,,7.538442,4.0648637,0.19745948910713196,"(np.float64(0.6823529411764706), np.float64(0.7803921568627451), np.float64(0.9098039215686274), np.float64(1.0))","T40
0.20",True
all-mpnet-base-v2,40,Credibility Assessment,705,,7.79836,4.3254733,0.19745948910713196,"(np.float64(0.6823529411764706), np.float64(0.7803921568627451), np.float64(0.9098039215686274), np.float64(1.0))","T40
0.20",True
all-mpnet-base-v2,40,Credibility Assessment,706,,7.5980144,4.0675406,0.19745948910713196,"(np.float64(0.6823529411764706), np.float64(0.7803921568627451), np.float64(0.9098039215686274), np.float64(1.0))","T40
0.20",True
all-mpnet-base-v2,41,Fact-Checking & Verification,774,,8.969938,7.845394,0.319914847612381,"(np.float64(1.0), np.float64(0.4980392156862745), np.float64(0.054901960784313725), np.float64(1.0))","T41
0.32",True
all-mpnet-base-v2,41,Fact-Checking & Verification,805,,9.337538,7.483228,0.319914847612381,"(np.float64(1.0), np.float64(0.4980392156862745), np.float64(0.054901960784313725), np.float64(1.0))","T41
0.32",True
all-mpnet-base-v2,41,Fact-Checking & Verification,806,,9.167779,7.796494,0.319914847612381,"(np.float64(1.0), np.float64(0.4980392156862745), np.float64(0.054901960784313725), np.float64(1.0))","T41
0.32",True
all-mpnet-base-v2,41,Fact-Checking & Verification,808,,9.135677,7.4401383,0.319914847612381,"(np.float64(1.0), np.float64(0.4980392156862745), np.float64(0.054901960784313725), np.float64(1.0))","T41
0.32",True
all-mpnet-base-v2,41,Fact-Checking & Verification,810,,9.144683,7.414332,0.319914847612381,"(np.float64(1.0), np.float64(0.4980392156862745), np.float64(0.054901960784313725), np.float64(1.0))","T41
0.32",True
all-mpnet-base-v2,41,Fact-Checking & Verification,827,,9.350474,7.245967,0.319914847612381,"(np.float64(1.0), np.float64(0.4980392156862745), np.float64(0.054901960784313725), np.float64(1.0))","T41
0.32",True
all-mpnet-base-v2,41,Fact-Checking & Verification,856,,9.083746,7.4943323,0.319914847612381,"(np.float64(1.0), np.float64(0.4980392156862745), np.float64(0.054901960784313725), np.float64(1.0))","T41
0.32",True
all-mpnet-base-v2,42,"events, journalists",877,,5.6044044,5.27836,0.11563805490732193,"(np.float64(1.0), np.float64(0.7333333333333333), np.float64(0.47058823529411764), np.float64(1.0))","T42
0.12",True
all-mpnet-base-v2,42,"events, journalists",882,,5.696446,5.022509,0.11563805490732193,"(np.float64(1.0), np.float64(0.7333333333333333), np.float64(0.47058823529411764), np.float64(1.0))","T42
0.12",True
all-mpnet-base-v2,42,"events, journalists",890,,5.776735,5.0343356,0.11563805490732193,"(np.float64(1.0), np.float64(0.7333333333333333), np.float64(0.47058823529411764), np.float64(1.0))","T42
0.12",True
all-mpnet-base-v2,42,"events, journalists",891,,5.6732707,5.014716,0.11563805490732193,"(np.float64(1.0), np.float64(0.7333333333333333), np.float64(0.47058823529411764), np.float64(1.0))","T42
0.12",True
all-mpnet-base-v2,42,"events, journalists",894,,5.7031612,5.0248127,0.11563805490732193,"(np.float64(1.0), np.float64(0.7333333333333333), np.float64(0.47058823529411764), np.float64(1.0))","T42
0.12",True
all-mpnet-base-v2,42,"events, journalists",913,,5.6990433,4.991936,0.11563805490732193,"(np.float64(1.0), np.float64(0.7333333333333333), np.float64(0.47058823529411764), np.float64(1.0))","T42
0.12",True
all-mpnet-base-v2,42,"events, journalists",949,,5.6975856,4.989518,0.11563805490732193,"(np.float64(1.0), np.float64(0.7333333333333333), np.float64(0.47058823529411764), np.float64(1.0))","T42
0.12",True
all-mpnet-base-v2,43,"aigenerated, text",123,,4.786315,9.55905,0.1804993450641632,"(np.float64(0.17254901960784313), np.float64(0.6274509803921569), np.float64(0.17254901960784313), np.float64(1.0))","T43
0.18",True
all-mpnet-base-v2,43,"aigenerated, text",187,,4.782218,9.550241,0.1804993450641632,"(np.float64(0.17254901960784313), np.float64(0.6274509803921569), np.float64(0.17254901960784313), np.float64(1.0))","T43
0.18",True
all-mpnet-base-v2,43,"aigenerated, text",190,,4.8188367,9.579669,0.1804993450641632,"(np.float64(0.17254901960784313), np.float64(0.6274509803921569), np.float64(0.17254901960784313), np.float64(1.0))","T43
0.18",True
all-mpnet-base-v2,43,"aigenerated, text",224,,4.7847695,9.585371,0.1804993450641632,"(np.float64(0.17254901960784313), np.float64(0.6274509803921569), np.float64(0.17254901960784313), np.float64(1.0))","T43
0.18",True
all-mpnet-base-v2,43,"aigenerated, text",327,,4.848767,9.15578,0.1804993450641632,"(np.float64(0.17254901960784313), np.float64(0.6274509803921569), np.float64(0.17254901960784313), np.float64(1.0))","T43
0.18",True
all-mpnet-base-v2,43,"aigenerated, text",392,,4.7703204,9.5443945,0.1804993450641632,"(np.float64(0.17254901960784313), np.float64(0.6274509803921569), np.float64(0.17254901960784313), np.float64(1.0))","T43
0.18",True
all-mpnet-base-v2,43,"aigenerated, text",719,,4.807125,9.319416,0.1804993450641632,"(np.float64(0.17254901960784313), np.float64(0.6274509803921569), np.float64(0.17254901960784313), np.float64(1.0))","T43
0.18",True
all-mpnet-base-v2,44,Fact-Checking & Verification,29,,7.297662,10.639567,0.22189505398273468,"(np.float64(0.596078431372549), np.float64(0.8745098039215686), np.float64(0.5411764705882353), np.float64(1.0))","T44
0.22",True
all-mpnet-base-v2,44,Fact-Checking & Verification,80,,7.5321407,10.614064,0.22189505398273468,"(np.float64(0.596078431372549), np.float64(0.8745098039215686), np.float64(0.5411764705882353), np.float64(1.0))","T44
0.22",True
all-mpnet-base-v2,44,Fact-Checking & Verification,197,,7.580273,10.446324,0.22189505398273468,"(np.float64(0.596078431372549), np.float64(0.8745098039215686), np.float64(0.5411764705882353), np.float64(1.0))","T44
0.22",True
all-mpnet-base-v2,44,Fact-Checking & Verification,247,,7.645885,10.540523,0.22189505398273468,"(np.float64(0.596078431372549), np.float64(0.8745098039215686), np.float64(0.5411764705882353), np.float64(1.0))","T44
0.22",True
all-mpnet-base-v2,44,Fact-Checking & Verification,271,,7.4628015,10.464583,0.22189505398273468,"(np.float64(0.596078431372549), np.float64(0.8745098039215686), np.float64(0.5411764705882353), np.float64(1.0))","T44
0.22",True
all-mpnet-base-v2,44,Fact-Checking & Verification,539,,7.275654,10.7019615,0.22189505398273468,"(np.float64(0.596078431372549), np.float64(0.8745098039215686), np.float64(0.5411764705882353), np.float64(1.0))","T44
0.22",True
all-mpnet-base-v2,44,Fact-Checking & Verification,546,,7.4612775,10.670595,0.22189505398273468,"(np.float64(0.596078431372549), np.float64(0.8745098039215686), np.float64(0.5411764705882353), np.float64(1.0))","T44
0.22",True
all-mpnet-base-v2,45,"entity, knowledge",109,,6.9675756,8.508565,0.2402496635913849,"(np.float64(0.8392156862745098), np.float64(0.15294117647058825), np.float64(0.1568627450980392), np.float64(1.0))","T45
0.24",True
all-mpnet-base-v2,45,"entity, knowledge",121,,6.893801,8.558681,0.2402496635913849,"(np.float64(0.8392156862745098), np.float64(0.15294117647058825), np.float64(0.1568627450980392), np.float64(1.0))","T45
0.24",True
all-mpnet-base-v2,45,"entity, knowledge",134,,6.808299,8.5152235,0.2402496635913849,"(np.float64(0.8392156862745098), np.float64(0.15294117647058825), np.float64(0.1568627450980392), np.float64(1.0))","T45
0.24",True
all-mpnet-base-v2,45,"entity, knowledge",154,,6.6684628,8.646618,0.2402496635913849,"(np.float64(0.8392156862745098), np.float64(0.15294117647058825), np.float64(0.1568627450980392), np.float64(1.0))","T45
0.24",True
all-mpnet-base-v2,45,"entity, knowledge",413,,6.626803,8.726353,0.2402496635913849,"(np.float64(0.8392156862745098), np.float64(0.15294117647058825), np.float64(0.1568627450980392), np.float64(1.0))","T45
0.24",True
all-mpnet-base-v2,45,"entity, knowledge",417,,6.5300055,8.710436,0.2402496635913849,"(np.float64(0.8392156862745098), np.float64(0.15294117647058825), np.float64(0.1568627450980392), np.float64(1.0))","T45
0.24",True
all-mpnet-base-v2,45,"entity, knowledge",422,,6.6947846,8.782494,0.2402496635913849,"(np.float64(0.8392156862745098), np.float64(0.15294117647058825), np.float64(0.1568627450980392), np.float64(1.0))","T45
0.24",True
all-mpnet-base-v2,46,Credibility Assessment,106,,6.01108,7.9355273,0.42603039741516113,"(np.float64(1.0), np.float64(0.596078431372549), np.float64(0.5882352941176471), np.float64(1.0))","T46
0.43",False
all-mpnet-base-v2,46,Credibility Assessment,107,,5.791278,7.901232,0.42603039741516113,"(np.float64(1.0), np.float64(0.596078431372549), np.float64(0.5882352941176471), np.float64(1.0))","T46
0.43",False
all-mpnet-base-v2,46,Credibility Assessment,288,,6.172324,7.761507,0.42603039741516113,"(np.float64(1.0), np.float64(0.596078431372549), np.float64(0.5882352941176471), np.float64(1.0))","T46
0.43",False
all-mpnet-base-v2,46,Credibility Assessment,335,,5.6771383,8.212787,0.42603039741516113,"(np.float64(1.0), np.float64(0.596078431372549), np.float64(0.5882352941176471), np.float64(1.0))","T46
0.43",False
all-mpnet-base-v2,46,Credibility Assessment,493,,5.9933352,7.92846,0.42603039741516113,"(np.float64(1.0), np.float64(0.596078431372549), np.float64(0.5882352941176471), np.float64(1.0))","T46
0.43",False
all-mpnet-base-v2,46,Credibility Assessment,677,,6.268787,7.468125,0.42603039741516113,"(np.float64(1.0), np.float64(0.596078431372549), np.float64(0.5882352941176471), np.float64(1.0))","T46
0.43",False
all-mpnet-base-v2,46,Credibility Assessment,830,,6.3430424,7.6428986,0.42603039741516113,"(np.float64(1.0), np.float64(0.596078431372549), np.float64(0.5882352941176471), np.float64(1.0))","T46
0.43",False
all-mpnet-base-v2,47,"machinegenerated, humanwritten",49,,6.40121,8.38075,0.2066929191350937,"(np.float64(0.5803921568627451), np.float64(0.403921568627451), np.float64(0.7411764705882353), np.float64(1.0))","T47
0.21",True
all-mpnet-base-v2,47,"machinegenerated, humanwritten",50,,6.270934,8.123117,0.2066929191350937,"(np.float64(0.5803921568627451), np.float64(0.403921568627451), np.float64(0.7411764705882353), np.float64(1.0))","T47
0.21",True
all-mpnet-base-v2,47,"machinegenerated, humanwritten",152,,6.2654257,8.349064,0.2066929191350937,"(np.float64(0.5803921568627451), np.float64(0.403921568627451), np.float64(0.7411764705882353), np.float64(1.0))","T47
0.21",True
all-mpnet-base-v2,47,"machinegenerated, humanwritten",221,,6.3280907,8.368793,0.2066929191350937,"(np.float64(0.5803921568627451), np.float64(0.403921568627451), np.float64(0.7411764705882353), np.float64(1.0))","T47
0.21",True
all-mpnet-base-v2,47,"machinegenerated, humanwritten",551,,6.4162216,8.358959,0.2066929191350937,"(np.float64(0.5803921568627451), np.float64(0.403921568627451), np.float64(0.7411764705882353), np.float64(1.0))","T47
0.21",True
all-mpnet-base-v2,47,"machinegenerated, humanwritten",676,,6.3385653,8.43386,0.2066929191350937,"(np.float64(0.5803921568627451), np.float64(0.403921568627451), np.float64(0.7411764705882353), np.float64(1.0))","T47
0.21",True
all-mpnet-base-v2,47,"machinegenerated, humanwritten",721,,6.0477657,8.495237,0.2066929191350937,"(np.float64(0.5803921568627451), np.float64(0.403921568627451), np.float64(0.7411764705882353), np.float64(1.0))","T47
0.21",True
all-mpnet-base-v2,48,Credibility Assessment,961,,9.194581,4.7023277,0.08567431569099426,"(np.float64(0.7725490196078432), np.float64(0.6901960784313725), np.float64(0.8352941176470589), np.float64(1.0))","T48
0.09",True
all-mpnet-base-v2,48,Credibility Assessment,966,,9.169048,4.6990905,0.08567431569099426,"(np.float64(0.7725490196078432), np.float64(0.6901960784313725), np.float64(0.8352941176470589), np.float64(1.0))","T48
0.09",True
all-mpnet-base-v2,48,Credibility Assessment,969,,9.082155,4.653903,0.08567431569099426,"(np.float64(0.7725490196078432), np.float64(0.6901960784313725), np.float64(0.8352941176470589), np.float64(1.0))","T48
0.09",True
all-mpnet-base-v2,48,Credibility Assessment,972,,9.097533,4.817422,0.08567431569099426,"(np.float64(0.7725490196078432), np.float64(0.6901960784313725), np.float64(0.8352941176470589), np.float64(1.0))","T48
0.09",True
all-mpnet-base-v2,48,Credibility Assessment,975,,9.168856,4.710718,0.08567431569099426,"(np.float64(0.7725490196078432), np.float64(0.6901960784313725), np.float64(0.8352941176470589), np.float64(1.0))","T48
0.09",True
all-mpnet-base-v2,48,Credibility Assessment,979,,9.145638,4.6903815,0.08567431569099426,"(np.float64(0.7725490196078432), np.float64(0.6901960784313725), np.float64(0.8352941176470589), np.float64(1.0))","T48
0.09",True
all-mpnet-base-v2,49,Fact-Checking & Verification,540,,9.072788,7.8521066,0.1324758231639862,"(np.float64(0.5490196078431373), np.float64(0.33725490196078434), np.float64(0.29411764705882354), np.float64(1.0))","T49
0.13",True
all-mpnet-base-v2,49,Fact-Checking & Verification,562,,9.173129,7.758069,0.1324758231639862,"(np.float64(0.5490196078431373), np.float64(0.33725490196078434), np.float64(0.29411764705882354), np.float64(1.0))","T49
0.13",True
all-mpnet-base-v2,49,Fact-Checking & Verification,757,,9.081162,7.9841776,0.1324758231639862,"(np.float64(0.5490196078431373), np.float64(0.33725490196078434), np.float64(0.29411764705882354), np.float64(1.0))","T49
0.13",True
all-mpnet-base-v2,49,Fact-Checking & Verification,807,,8.97365,7.8787932,0.1324758231639862,"(np.float64(0.5490196078431373), np.float64(0.33725490196078434), np.float64(0.29411764705882354), np.float64(1.0))","T49
0.13",True
all-mpnet-base-v2,49,Fact-Checking & Verification,824,,8.986667,7.8950777,0.1324758231639862,"(np.float64(0.5490196078431373), np.float64(0.33725490196078434), np.float64(0.29411764705882354), np.float64(1.0))","T49
0.13",True
all-mpnet-base-v2,49,Fact-Checking & Verification,839,,8.998029,7.9153714,0.1324758231639862,"(np.float64(0.5490196078431373), np.float64(0.33725490196078434), np.float64(0.29411764705882354), np.float64(1.0))","T49
0.13",True
all-mpnet-base-v2,50,"multimodal, consistency",44,,6.738823,10.89859,0.2930484414100647,"(np.float64(0.7686274509803922), np.float64(0.611764705882353), np.float64(0.5803921568627451), np.float64(1.0))","T50
0.29",True
all-mpnet-base-v2,50,"multimodal, consistency",118,,6.2861795,10.8301325,0.2930484414100647,"(np.float64(0.7686274509803922), np.float64(0.611764705882353), np.float64(0.5803921568627451), np.float64(1.0))","T50
0.29",True
all-mpnet-base-v2,50,"multimodal, consistency",119,,6.3422,10.642027,0.2930484414100647,"(np.float64(0.7686274509803922), np.float64(0.611764705882353), np.float64(0.5803921568627451), np.float64(1.0))","T50
0.29",True
all-mpnet-base-v2,50,"multimodal, consistency",267,,6.1527033,10.665733,0.2930484414100647,"(np.float64(0.7686274509803922), np.float64(0.611764705882353), np.float64(0.5803921568627451), np.float64(1.0))","T50
0.29",True
all-mpnet-base-v2,50,"multimodal, consistency",478,,6.196493,10.717937,0.2930484414100647,"(np.float64(0.7686274509803922), np.float64(0.611764705882353), np.float64(0.5803921568627451), np.float64(1.0))","T50
0.29",True
all-mpnet-base-v2,50,"multimodal, consistency",495,,6.3164167,10.90739,0.2930484414100647,"(np.float64(0.7686274509803922), np.float64(0.611764705882353), np.float64(0.5803921568627451), np.float64(1.0))","T50
0.29",True
all-mpnet-base-v2,51,"headlines, participants",298,,7.5170126,3.400355,0.13124187290668488,"(np.float64(0.8901960784313725), np.float64(0.4666666666666667), np.float64(0.7607843137254902), np.float64(1.0))","T51
0.13",True
all-mpnet-base-v2,51,"headlines, participants",450,,7.48375,3.2443883,0.13124187290668488,"(np.float64(0.8901960784313725), np.float64(0.4666666666666667), np.float64(0.7607843137254902), np.float64(1.0))","T51
0.13",True
all-mpnet-base-v2,51,"headlines, participants",505,,7.521263,3.4893672,0.13124187290668488,"(np.float64(0.8901960784313725), np.float64(0.4666666666666667), np.float64(0.7607843137254902), np.float64(1.0))","T51
0.13",True
all-mpnet-base-v2,51,"headlines, participants",530,,7.646319,3.3798795,0.13124187290668488,"(np.float64(0.8901960784313725), np.float64(0.4666666666666667), np.float64(0.7607843137254902), np.float64(1.0))","T51
0.13",True
all-mpnet-base-v2,51,"headlines, participants",591,,7.5731506,3.3432279,0.13124187290668488,"(np.float64(0.8901960784313725), np.float64(0.4666666666666667), np.float64(0.7607843137254902), np.float64(1.0))","T51
0.13",True
all-mpnet-base-v2,51,"headlines, participants",687,,7.6125436,3.3706322,0.13124187290668488,"(np.float64(0.8901960784313725), np.float64(0.4666666666666667), np.float64(0.7607843137254902), np.float64(1.0))","T51
0.13",True
all-mpnet-base-v2,52,"images, image",643,,5.6711364,10.89095,0.06648488342761993,"(np.float64(0.9686274509803922), np.float64(0.7137254901960784), np.float64(0.8235294117647058), np.float64(1.0))","T52
0.07",True
all-mpnet-base-v2,52,"images, image",766,,5.71471,10.763592,0.06648488342761993,"(np.float64(0.9686274509803922), np.float64(0.7137254901960784), np.float64(0.8235294117647058), np.float64(1.0))","T52
0.07",True
all-mpnet-base-v2,52,"images, image",791,,5.67293,10.85032,0.06648488342761993,"(np.float64(0.9686274509803922), np.float64(0.7137254901960784), np.float64(0.8235294117647058), np.float64(1.0))","T52
0.07",True
all-mpnet-base-v2,52,"images, image",844,,5.705491,10.837968,0.06648488342761993,"(np.float64(0.9686274509803922), np.float64(0.7137254901960784), np.float64(0.8235294117647058), np.float64(1.0))","T52
0.07",True
all-mpnet-base-v2,52,"images, image",902,,5.6774187,10.780156,0.06648488342761993,"(np.float64(0.9686274509803922), np.float64(0.7137254901960784), np.float64(0.8235294117647058), np.float64(1.0))","T52
0.07",True
all-mpnet-base-v2,52,"images, image",925,,5.703278,10.79806,0.06648488342761993,"(np.float64(0.9686274509803922), np.float64(0.7137254901960784), np.float64(0.8235294117647058), np.float64(1.0))","T52
0.07",True
all-mpnet-base-v2,53,"medical, claims",95,,8.110621,6.128607,0.13999907672405243,"(np.float64(0.4980392156862745), np.float64(0.4980392156862745), np.float64(0.4980392156862745), np.float64(1.0))","T53
0.14",True
all-mpnet-base-v2,53,"medical, claims",186,,8.257979,6.073952,0.13999907672405243,"(np.float64(0.4980392156862745), np.float64(0.4980392156862745), np.float64(0.4980392156862745), np.float64(1.0))","T53
0.14",True
all-mpnet-base-v2,53,"medical, claims",194,,8.266476,6.081847,0.13999907672405243,"(np.float64(0.4980392156862745), np.float64(0.4980392156862745), np.float64(0.4980392156862745), np.float64(1.0))","T53
0.14",True
all-mpnet-base-v2,53,"medical, claims",202,,8.290658,6.2138243,0.13999907672405243,"(np.float64(0.4980392156862745), np.float64(0.4980392156862745), np.float64(0.4980392156862745), np.float64(1.0))","T53
0.14",True
all-mpnet-base-v2,53,"medical, claims",382,,8.324726,6.235145,0.13999907672405243,"(np.float64(0.4980392156862745), np.float64(0.4980392156862745), np.float64(0.4980392156862745), np.float64(1.0))","T53
0.14",True
all-mpnet-base-v2,53,"medical, claims",775,,8.356886,6.1380014,0.13999907672405243,"(np.float64(0.4980392156862745), np.float64(0.4980392156862745), np.float64(0.4980392156862745), np.float64(1.0))","T53
0.14",True
all-mpnet-base-v2,54,Rumor on Social Media,10,,5.897486,10.349056,0.15113502740859985,"(np.float64(0.7803921568627451), np.float64(0.7803921568627451), np.float64(0.7803921568627451), np.float64(1.0))","T54
0.15",True
all-mpnet-base-v2,54,Rumor on Social Media,320,,5.946535,10.471451,0.15113502740859985,"(np.float64(0.7803921568627451), np.float64(0.7803921568627451), np.float64(0.7803921568627451), np.float64(1.0))","T54
0.15",True
all-mpnet-base-v2,54,Rumor on Social Media,330,,5.832495,10.428431,0.15113502740859985,"(np.float64(0.7803921568627451), np.float64(0.7803921568627451), np.float64(0.7803921568627451), np.float64(1.0))","T54
0.15",True
all-mpnet-base-v2,54,Rumor on Social Media,370,,5.7972903,10.672279,0.15113502740859985,"(np.float64(0.7803921568627451), np.float64(0.7803921568627451), np.float64(0.7803921568627451), np.float64(1.0))","T54
0.15",True
all-mpnet-base-v2,54,Rumor on Social Media,790,,5.8874507,10.456789,0.15113502740859985,"(np.float64(0.7803921568627451), np.float64(0.7803921568627451), np.float64(0.7803921568627451), np.float64(1.0))","T54
0.15",True
all-mpnet-base-v2,54,Rumor on Social Media,875,,5.816143,10.413648,0.15113502740859985,"(np.float64(0.7803921568627451), np.float64(0.7803921568627451), np.float64(0.7803921568627451), np.float64(1.0))","T54
0.15",True
all-mpnet-base-v2,55,Misinformation & Propaganda,51,,4.3962574,7.937882,0.48086056113243103,"(np.float64(0.7372549019607844), np.float64(0.7411764705882353), np.float64(0.13333333333333333), np.float64(1.0))","T55
0.48",False
all-mpnet-base-v2,55,Misinformation & Propaganda,299,,5.3108544,7.544213,0.48086056113243103,"(np.float64(0.7372549019607844), np.float64(0.7411764705882353), np.float64(0.13333333333333333), np.float64(1.0))","T55
0.48",False
all-mpnet-base-v2,55,Misinformation & Propaganda,584,,5.001381,7.744525,0.48086056113243103,"(np.float64(0.7372549019607844), np.float64(0.7411764705882353), np.float64(0.13333333333333333), np.float64(1.0))","T55
0.48",False
all-mpnet-base-v2,55,Misinformation & Propaganda,598,,5.0709023,7.5419803,0.48086056113243103,"(np.float64(0.7372549019607844), np.float64(0.7411764705882353), np.float64(0.13333333333333333), np.float64(1.0))","T55
0.48",False
all-mpnet-base-v2,55,Misinformation & Propaganda,789,,4.5103493,7.8987336,0.48086056113243103,"(np.float64(0.7372549019607844), np.float64(0.7411764705882353), np.float64(0.13333333333333333), np.float64(1.0))","T55
0.48",False
all-mpnet-base-v2,55,Misinformation & Propaganda,849,,5.0325627,7.7546706,0.48086056113243103,"(np.float64(0.7372549019607844), np.float64(0.7411764705882353), np.float64(0.13333333333333333), np.float64(1.0))","T55
0.48",False
all-mpnet-base-v2,56,"trustworthiness, web",923,,9.036864,4.823751,0.21044616401195526,"(np.float64(0.8588235294117647), np.float64(0.8588235294117647), np.float64(0.5529411764705883), np.float64(1.0))","T56
0.21",True
all-mpnet-base-v2,56,"trustworthiness, web",941,,8.936674,4.7869306,0.21044616401195526,"(np.float64(0.8588235294117647), np.float64(0.8588235294117647), np.float64(0.5529411764705883), np.float64(1.0))","T56
0.21",True
all-mpnet-base-v2,56,"trustworthiness, web",953,,8.970891,4.845404,0.21044616401195526,"(np.float64(0.8588235294117647), np.float64(0.8588235294117647), np.float64(0.5529411764705883), np.float64(1.0))","T56
0.21",True
all-mpnet-base-v2,56,"trustworthiness, web",957,,9.284397,4.9978704,0.21044616401195526,"(np.float64(0.8588235294117647), np.float64(0.8588235294117647), np.float64(0.5529411764705883), np.float64(1.0))","T56
0.21",True
all-mpnet-base-v2,56,"trustworthiness, web",963,,9.1301775,4.745892,0.21044616401195526,"(np.float64(0.8588235294117647), np.float64(0.8588235294117647), np.float64(0.5529411764705883), np.float64(1.0))","T56
0.21",True
all-mpnet-base-v2,57,"5lcnn, phoney",137,,5.1548157,8.326481,0.29196399450302124,"(np.float64(0.09019607843137255), np.float64(0.7450980392156863), np.float64(0.8117647058823529), np.float64(1.0))","T57
0.29",True
all-mpnet-base-v2,57,"5lcnn, phoney",393,,4.8957453,8.377995,0.29196399450302124,"(np.float64(0.09019607843137255), np.float64(0.7450980392156863), np.float64(0.8117647058823529), np.float64(1.0))","T57
0.29",True
all-mpnet-base-v2,57,"5lcnn, phoney",467,,4.8073487,8.709845,0.29196399450302124,"(np.float64(0.09019607843137255), np.float64(0.7450980392156863), np.float64(0.8117647058823529), np.float64(1.0))","T57
0.29",True
all-mpnet-base-v2,57,"5lcnn, phoney",481,,4.7508054,8.435028,0.29196399450302124,"(np.float64(0.09019607843137255), np.float64(0.7450980392156863), np.float64(0.8117647058823529), np.float64(1.0))","T57
0.29",True
all-mpnet-base-v2,57,"5lcnn, phoney",634,,4.9502344,8.558122,0.29196399450302124,"(np.float64(0.09019607843137255), np.float64(0.7450980392156863), np.float64(0.8117647058823529), np.float64(1.0))","T57
0.29",True
all-mpnet-base-v2,58,Misinformation & Propaganda,67,,5.633719,7.8117356,0.1882893294095993,"(np.float64(0.6196078431372549), np.float64(0.8549019607843137), np.float64(0.8980392156862745), np.float64(1.0))","T58
0.19",True
all-mpnet-base-v2,58,Misinformation & Propaganda,131,,5.5544434,7.6834736,0.1882893294095993,"(np.float64(0.6196078431372549), np.float64(0.8549019607843137), np.float64(0.8980392156862745), np.float64(1.0))","T58
0.19",True
all-mpnet-base-v2,58,Misinformation & Propaganda,147,,5.4306407,7.896972,0.1882893294095993,"(np.float64(0.6196078431372549), np.float64(0.8549019607843137), np.float64(0.8980392156862745), np.float64(1.0))","T58
0.19",True
all-mpnet-base-v2,58,Misinformation & Propaganda,336,,5.653219,7.7951655,0.1882893294095993,"(np.float64(0.6196078431372549), np.float64(0.8549019607843137), np.float64(0.8980392156862745), np.float64(1.0))","T58
0.19",True
all-mpnet-base-v2,58,Misinformation & Propaganda,713,,5.685107,7.944429,0.1882893294095993,"(np.float64(0.6196078431372549), np.float64(0.8549019607843137), np.float64(0.8980392156862745), np.float64(1.0))","T58
0.19",True
all-mpnet-base-v2,59,Misinformation & Propaganda,68,,4.773834,6.809707,0.30094483494758606,"(np.float64(0.12156862745098039), np.float64(0.4666666666666667), np.float64(0.7058823529411765), np.float64(1.0))","T59
0.30",True
all-mpnet-base-v2,59,Misinformation & Propaganda,272,,4.6434813,6.923902,0.30094483494758606,"(np.float64(0.12156862745098039), np.float64(0.4666666666666667), np.float64(0.7058823529411765), np.float64(1.0))","T59
0.30",True
all-mpnet-base-v2,59,Misinformation & Propaganda,389,,4.52551,6.5783706,0.30094483494758606,"(np.float64(0.12156862745098039), np.float64(0.4666666666666667), np.float64(0.7058823529411765), np.float64(1.0))","T59
0.30",True
all-mpnet-base-v2,59,Misinformation & Propaganda,480,,4.8793645,6.9961643,0.30094483494758606,"(np.float64(0.12156862745098039), np.float64(0.4666666666666667), np.float64(0.7058823529411765), np.float64(1.0))","T59
0.30",True
all-mpnet-base-v2,59,Misinformation & Propaganda,736,,4.8354707,7.053685,0.30094483494758606,"(np.float64(0.12156862745098039), np.float64(0.4666666666666667), np.float64(0.7058823529411765), np.float64(1.0))","T59
0.30",True
all-mpnet-base-v2,60,"classic, covid19",101,,4.484073,8.822574,0.1284984052181244,"(np.float64(0.6823529411764706), np.float64(0.7803921568627451), np.float64(0.9098039215686274), np.float64(1.0))","T60
0.13",True
all-mpnet-base-v2,60,"classic, covid19",148,,4.4398756,8.761097,0.1284984052181244,"(np.float64(0.6823529411764706), np.float64(0.7803921568627451), np.float64(0.9098039215686274), np.float64(1.0))","T60
0.13",True
all-mpnet-base-v2,60,"classic, covid19",324,,4.411408,8.758675,0.1284984052181244,"(np.float64(0.6823529411764706), np.float64(0.7803921568627451), np.float64(0.9098039215686274), np.float64(1.0))","T60
0.13",True
all-mpnet-base-v2,60,"classic, covid19",390,,4.5623164,8.58032,0.1284984052181244,"(np.float64(0.6823529411764706), np.float64(0.7803921568627451), np.float64(0.9098039215686274), np.float64(1.0))","T60
0.13",True
all-mpnet-base-v2,60,"classic, covid19",501,,4.482864,8.777139,0.1284984052181244,"(np.float64(0.6823529411764706), np.float64(0.7803921568627451), np.float64(0.9098039215686274), np.float64(1.0))","T60
0.13",True
all-mpnet-base-v2,61,"articles, platform",283,,8.626534,5.4886675,0.5500933527946472,"(np.float64(1.0), np.float64(0.4980392156862745), np.float64(0.054901960784313725), np.float64(1.0))","T61
0.55",False
all-mpnet-base-v2,61,"articles, platform",323,,7.833215,5.4194484,0.5500933527946472,"(np.float64(1.0), np.float64(0.4980392156862745), np.float64(0.054901960784313725), np.float64(1.0))","T61
0.55",False
all-mpnet-base-v2,61,"articles, platform",574,,8.649319,5.344448,0.5500933527946472,"(np.float64(1.0), np.float64(0.4980392156862745), np.float64(0.054901960784313725), np.float64(1.0))","T61
0.55",False
all-mpnet-base-v2,61,"articles, platform",670,,7.9058046,5.176289,0.5500933527946472,"(np.float64(1.0), np.float64(0.4980392156862745), np.float64(0.054901960784313725), np.float64(1.0))","T61
0.55",False
all-mpnet-base-v2,61,"articles, platform",916,,8.401564,5.106023,0.5500933527946472,"(np.float64(1.0), np.float64(0.4980392156862745), np.float64(0.054901960784313725), np.float64(1.0))","T61
0.55",False
all-mpnet-base-v2,62,"health, clinicians",184,,8.206159,5.817843,0.10870490968227386,"(np.float64(1.0), np.float64(0.7333333333333333), np.float64(0.47058823529411764), np.float64(1.0))","T62
0.11",True
all-mpnet-base-v2,62,"health, clinicians",263,,8.317743,5.799219,0.10870490968227386,"(np.float64(1.0), np.float64(0.7333333333333333), np.float64(0.47058823529411764), np.float64(1.0))","T62
0.11",True
all-mpnet-base-v2,62,"health, clinicians",560,,8.175004,5.826757,0.10870490968227386,"(np.float64(1.0), np.float64(0.7333333333333333), np.float64(0.47058823529411764), np.float64(1.0))","T62
0.11",True
all-mpnet-base-v2,62,"health, clinicians",690,,8.255264,5.9395742,0.10870490968227386,"(np.float64(1.0), np.float64(0.7333333333333333), np.float64(0.47058823529411764), np.float64(1.0))","T62
0.11",True
all-mpnet-base-v2,62,"health, clinicians",843,,8.298365,5.8154306,0.10870490968227386,"(np.float64(1.0), np.float64(0.7333333333333333), np.float64(0.47058823529411764), np.float64(1.0))","T62
0.11",True
all-mpnet-base-v2,63,"glove, bilstm",126,,5.5392904,9.344383,0.268232524394989,"(np.float64(0.17254901960784313), np.float64(0.6274509803921569), np.float64(0.17254901960784313), np.float64(1.0))","T63
0.27",True
all-mpnet-base-v2,63,"glove, bilstm",290,,5.532751,9.318234,0.268232524394989,"(np.float64(0.17254901960784313), np.float64(0.6274509803921569), np.float64(0.17254901960784313), np.float64(1.0))","T63
0.27",True
all-mpnet-base-v2,63,"glove, bilstm",319,,5.293216,9.255685,0.268232524394989,"(np.float64(0.17254901960784313), np.float64(0.6274509803921569), np.float64(0.17254901960784313), np.float64(1.0))","T63
0.27",True
all-mpnet-base-v2,63,"glove, bilstm",337,,5.012543,9.259799,0.268232524394989,"(np.float64(0.17254901960784313), np.float64(0.6274509803921569), np.float64(0.17254901960784313), np.float64(1.0))","T63
0.27",True
all-mpnet-base-v2,63,"glove, bilstm",630,,5.2861967,9.277052,0.268232524394989,"(np.float64(0.17254901960784313), np.float64(0.6274509803921569), np.float64(0.17254901960784313), np.float64(1.0))","T63
0.27",True
all-mpnet-base-v2,64,"layer, title",153,,5.348473,9.096297,0.17937244474887848,"(np.float64(0.596078431372549), np.float64(0.8745098039215686), np.float64(0.5411764705882353), np.float64(1.0))","T64
0.18",True
all-mpnet-base-v2,64,"layer, title",312,,5.2109456,9.257494,0.17937244474887848,"(np.float64(0.596078431372549), np.float64(0.8745098039215686), np.float64(0.5411764705882353), np.float64(1.0))","T64
0.18",True
all-mpnet-base-v2,64,"layer, title",761,,5.2415113,9.185795,0.17937244474887848,"(np.float64(0.596078431372549), np.float64(0.8745098039215686), np.float64(0.5411764705882353), np.float64(1.0))","T64
0.18",True
all-mpnet-base-v2,64,"layer, title",847,,5.2401543,9.232992,0.17937244474887848,"(np.float64(0.596078431372549), np.float64(0.8745098039215686), np.float64(0.5411764705882353), np.float64(1.0))","T64
0.18",True
all-mpnet-base-v2,64,"layer, title",848,,5.4500675,8.992872,0.17937244474887848,"(np.float64(0.596078431372549), np.float64(0.8745098039215686), np.float64(0.5411764705882353), np.float64(1.0))","T64
0.18",True
all-mpnet-base-v2,65,"adadebunk, preprocessing",94,,5.050998,8.520186,0.29517483711242676,"(np.float64(0.8392156862745098), np.float64(0.15294117647058825), np.float64(0.1568627450980392), np.float64(1.0))","T65
0.30",True
all-mpnet-base-v2,65,"adadebunk, preprocessing",269,,4.9470916,8.38786,0.29517483711242676,"(np.float64(0.8392156862745098), np.float64(0.15294117647058825), np.float64(0.1568627450980392), np.float64(1.0))","T65
0.30",True
all-mpnet-base-v2,65,"adadebunk, preprocessing",366,,5.1721406,8.802651,0.29517483711242676,"(np.float64(0.8392156862745098), np.float64(0.15294117647058825), np.float64(0.1568627450980392), np.float64(1.0))","T65
0.30",True
all-mpnet-base-v2,65,"adadebunk, preprocessing",423,,5.3162646,8.435898,0.29517483711242676,"(np.float64(0.8392156862745098), np.float64(0.15294117647058825), np.float64(0.1568627450980392), np.float64(1.0))","T65
0.30",True
all-mpnet-base-v2,65,"adadebunk, preprocessing",709,,5.06219,8.662753,0.29517483711242676,"(np.float64(0.8392156862745098), np.float64(0.15294117647058825), np.float64(0.1568627450980392), np.float64(1.0))","T65
0.30",True
