embedding_model,topic_id,topic_label,document_id,score,x,y,density,color,label,cohesive
all-MiniLM-L6-v2,-1,Misinformation & Propaganda,4,,-1.923353,2.55098,3.0331478118896484,"(np.float64(0.12156862745098039), np.float64(0.4666666666666667), np.float64(0.7058823529411765), np.float64(1.0))","T-1
3.03",False
all-MiniLM-L6-v2,-1,Misinformation & Propaganda,8,,-0.45242617,3.3940287,3.0331478118896484,"(np.float64(0.12156862745098039), np.float64(0.4666666666666667), np.float64(0.7058823529411765), np.float64(1.0))","T-1
3.03",False
all-MiniLM-L6-v2,-1,Misinformation & Propaganda,12,,2.2005906,2.03789,3.0331478118896484,"(np.float64(0.12156862745098039), np.float64(0.4666666666666667), np.float64(0.7058823529411765), np.float64(1.0))","T-1
3.03",False
all-MiniLM-L6-v2,-1,Misinformation & Propaganda,17,,0.68425524,4.064487,3.0331478118896484,"(np.float64(0.12156862745098039), np.float64(0.4666666666666667), np.float64(0.7058823529411765), np.float64(1.0))","T-1
3.03",False
all-MiniLM-L6-v2,-1,Misinformation & Propaganda,18,,-2.0722234,4.732335,3.0331478118896484,"(np.float64(0.12156862745098039), np.float64(0.4666666666666667), np.float64(0.7058823529411765), np.float64(1.0))","T-1
3.03",False
all-MiniLM-L6-v2,-1,Misinformation & Propaganda,20,,3.0844953,2.2554905,3.0331478118896484,"(np.float64(0.12156862745098039), np.float64(0.4666666666666667), np.float64(0.7058823529411765), np.float64(1.0))","T-1
3.03",False
all-MiniLM-L6-v2,-1,Misinformation & Propaganda,24,,3.2080061,3.6791353,3.0331478118896484,"(np.float64(0.12156862745098039), np.float64(0.4666666666666667), np.float64(0.7058823529411765), np.float64(1.0))","T-1
3.03",False
all-MiniLM-L6-v2,-1,Misinformation & Propaganda,25,,3.9748845,3.1833756,3.0331478118896484,"(np.float64(0.12156862745098039), np.float64(0.4666666666666667), np.float64(0.7058823529411765), np.float64(1.0))","T-1
3.03",False
all-MiniLM-L6-v2,-1,Misinformation & Propaganda,26,,2.4852052,2.3404853,3.0331478118896484,"(np.float64(0.12156862745098039), np.float64(0.4666666666666667), np.float64(0.7058823529411765), np.float64(1.0))","T-1
3.03",False
all-MiniLM-L6-v2,-1,Misinformation & Propaganda,27,,2.8374295,2.5433989,3.0331478118896484,"(np.float64(0.12156862745098039), np.float64(0.4666666666666667), np.float64(0.7058823529411765), np.float64(1.0))","T-1
3.03",False
all-MiniLM-L6-v2,-1,Misinformation & Propaganda,32,,1.5800939,4.221327,3.0331478118896484,"(np.float64(0.12156862745098039), np.float64(0.4666666666666667), np.float64(0.7058823529411765), np.float64(1.0))","T-1
3.03",False
all-MiniLM-L6-v2,-1,Misinformation & Propaganda,33,,1.8614519,5.789449,3.0331478118896484,"(np.float64(0.12156862745098039), np.float64(0.4666666666666667), np.float64(0.7058823529411765), np.float64(1.0))","T-1
3.03",False
all-MiniLM-L6-v2,-1,Misinformation & Propaganda,36,,-2.0201147,1.5526577,3.0331478118896484,"(np.float64(0.12156862745098039), np.float64(0.4666666666666667), np.float64(0.7058823529411765), np.float64(1.0))","T-1
3.03",False
all-MiniLM-L6-v2,-1,Misinformation & Propaganda,37,,-2.4784663,2.3370764,3.0331478118896484,"(np.float64(0.12156862745098039), np.float64(0.4666666666666667), np.float64(0.7058823529411765), np.float64(1.0))","T-1
3.03",False
all-MiniLM-L6-v2,-1,Misinformation & Propaganda,40,,1.0560246,2.7421215,3.0331478118896484,"(np.float64(0.12156862745098039), np.float64(0.4666666666666667), np.float64(0.7058823529411765), np.float64(1.0))","T-1
3.03",False
all-MiniLM-L6-v2,-1,Misinformation & Propaganda,41,,-1.8522083,1.4875505,3.0331478118896484,"(np.float64(0.12156862745098039), np.float64(0.4666666666666667), np.float64(0.7058823529411765), np.float64(1.0))","T-1
3.03",False
all-MiniLM-L6-v2,-1,Misinformation & Propaganda,43,,3.6107588,4.4255905,3.0331478118896484,"(np.float64(0.12156862745098039), np.float64(0.4666666666666667), np.float64(0.7058823529411765), np.float64(1.0))","T-1
3.03",False
all-MiniLM-L6-v2,-1,Misinformation & Propaganda,46,,-2.4689028,2.5500336,3.0331478118896484,"(np.float64(0.12156862745098039), np.float64(0.4666666666666667), np.float64(0.7058823529411765), np.float64(1.0))","T-1
3.03",False
all-MiniLM-L6-v2,-1,Misinformation & Propaganda,47,,-0.6803573,2.3687959,3.0331478118896484,"(np.float64(0.12156862745098039), np.float64(0.4666666666666667), np.float64(0.7058823529411765), np.float64(1.0))","T-1
3.03",False
all-MiniLM-L6-v2,-1,Misinformation & Propaganda,49,,-0.39900246,4.206367,3.0331478118896484,"(np.float64(0.12156862745098039), np.float64(0.4666666666666667), np.float64(0.7058823529411765), np.float64(1.0))","T-1
3.03",False
all-MiniLM-L6-v2,-1,Misinformation & Propaganda,52,,1.749284,6.5358734,3.0331478118896484,"(np.float64(0.12156862745098039), np.float64(0.4666666666666667), np.float64(0.7058823529411765), np.float64(1.0))","T-1
3.03",False
all-MiniLM-L6-v2,-1,Misinformation & Propaganda,53,,-2.3932865,2.5665321,3.0331478118896484,"(np.float64(0.12156862745098039), np.float64(0.4666666666666667), np.float64(0.7058823529411765), np.float64(1.0))","T-1
3.03",False
all-MiniLM-L6-v2,-1,Misinformation & Propaganda,55,,2.4374192,5.13587,3.0331478118896484,"(np.float64(0.12156862745098039), np.float64(0.4666666666666667), np.float64(0.7058823529411765), np.float64(1.0))","T-1
3.03",False
all-MiniLM-L6-v2,-1,Misinformation & Propaganda,57,,4.042786,5.316461,3.0331478118896484,"(np.float64(0.12156862745098039), np.float64(0.4666666666666667), np.float64(0.7058823529411765), np.float64(1.0))","T-1
3.03",False
all-MiniLM-L6-v2,-1,Misinformation & Propaganda,58,,2.8920586,6.70223,3.0331478118896484,"(np.float64(0.12156862745098039), np.float64(0.4666666666666667), np.float64(0.7058823529411765), np.float64(1.0))","T-1
3.03",False
all-MiniLM-L6-v2,-1,Misinformation & Propaganda,60,,0.0848867,4.1134677,3.0331478118896484,"(np.float64(0.12156862745098039), np.float64(0.4666666666666667), np.float64(0.7058823529411765), np.float64(1.0))","T-1
3.03",False
all-MiniLM-L6-v2,-1,Misinformation & Propaganda,61,,0.045256328,4.2291684,3.0331478118896484,"(np.float64(0.12156862745098039), np.float64(0.4666666666666667), np.float64(0.7058823529411765), np.float64(1.0))","T-1
3.03",False
all-MiniLM-L6-v2,-1,Misinformation & Propaganda,62,,1.993868,5.696242,3.0331478118896484,"(np.float64(0.12156862745098039), np.float64(0.4666666666666667), np.float64(0.7058823529411765), np.float64(1.0))","T-1
3.03",False
all-MiniLM-L6-v2,-1,Misinformation & Propaganda,63,,4.0734553,5.355239,3.0331478118896484,"(np.float64(0.12156862745098039), np.float64(0.4666666666666667), np.float64(0.7058823529411765), np.float64(1.0))","T-1
3.03",False
all-MiniLM-L6-v2,-1,Misinformation & Propaganda,65,,3.8529468,3.0773835,3.0331478118896484,"(np.float64(0.12156862745098039), np.float64(0.4666666666666667), np.float64(0.7058823529411765), np.float64(1.0))","T-1
3.03",False
all-MiniLM-L6-v2,-1,Misinformation & Propaganda,73,,2.289463,2.8602183,3.0331478118896484,"(np.float64(0.12156862745098039), np.float64(0.4666666666666667), np.float64(0.7058823529411765), np.float64(1.0))","T-1
3.03",False
all-MiniLM-L6-v2,-1,Misinformation & Propaganda,76,,-0.437949,2.412332,3.0331478118896484,"(np.float64(0.12156862745098039), np.float64(0.4666666666666667), np.float64(0.7058823529411765), np.float64(1.0))","T-1
3.03",False
all-MiniLM-L6-v2,-1,Misinformation & Propaganda,83,,-0.099227145,4.2119007,3.0331478118896484,"(np.float64(0.12156862745098039), np.float64(0.4666666666666667), np.float64(0.7058823529411765), np.float64(1.0))","T-1
3.03",False
all-MiniLM-L6-v2,-1,Misinformation & Propaganda,84,,-1.0968347,3.1101124,3.0331478118896484,"(np.float64(0.12156862745098039), np.float64(0.4666666666666667), np.float64(0.7058823529411765), np.float64(1.0))","T-1
3.03",False
all-MiniLM-L6-v2,-1,Misinformation & Propaganda,89,,-1.1276566,5.825538,3.0331478118896484,"(np.float64(0.12156862745098039), np.float64(0.4666666666666667), np.float64(0.7058823529411765), np.float64(1.0))","T-1
3.03",False
all-MiniLM-L6-v2,-1,Misinformation & Propaganda,91,,1.7730266,6.4596543,3.0331478118896484,"(np.float64(0.12156862745098039), np.float64(0.4666666666666667), np.float64(0.7058823529411765), np.float64(1.0))","T-1
3.03",False
all-MiniLM-L6-v2,-1,Misinformation & Propaganda,93,,1.51662,3.4885314,3.0331478118896484,"(np.float64(0.12156862745098039), np.float64(0.4666666666666667), np.float64(0.7058823529411765), np.float64(1.0))","T-1
3.03",False
all-MiniLM-L6-v2,-1,Misinformation & Propaganda,94,,-1.175166,4.3067975,3.0331478118896484,"(np.float64(0.12156862745098039), np.float64(0.4666666666666667), np.float64(0.7058823529411765), np.float64(1.0))","T-1
3.03",False
all-MiniLM-L6-v2,-1,Misinformation & Propaganda,95,,1.8802669,3.4131317,3.0331478118896484,"(np.float64(0.12156862745098039), np.float64(0.4666666666666667), np.float64(0.7058823529411765), np.float64(1.0))","T-1
3.03",False
all-MiniLM-L6-v2,-1,Misinformation & Propaganda,96,,-1.1462462,2.6049316,3.0331478118896484,"(np.float64(0.12156862745098039), np.float64(0.4666666666666667), np.float64(0.7058823529411765), np.float64(1.0))","T-1
3.03",False
all-MiniLM-L6-v2,-1,Misinformation & Propaganda,101,,-1.5103894,4.6950917,3.0331478118896484,"(np.float64(0.12156862745098039), np.float64(0.4666666666666667), np.float64(0.7058823529411765), np.float64(1.0))","T-1
3.03",False
all-MiniLM-L6-v2,-1,Misinformation & Propaganda,104,,0.76518947,5.8333955,3.0331478118896484,"(np.float64(0.12156862745098039), np.float64(0.4666666666666667), np.float64(0.7058823529411765), np.float64(1.0))","T-1
3.03",False
all-MiniLM-L6-v2,-1,Misinformation & Propaganda,105,,3.26269,6.457817,3.0331478118896484,"(np.float64(0.12156862745098039), np.float64(0.4666666666666667), np.float64(0.7058823529411765), np.float64(1.0))","T-1
3.03",False
all-MiniLM-L6-v2,-1,Misinformation & Propaganda,112,,-1.2945765,4.5969787,3.0331478118896484,"(np.float64(0.12156862745098039), np.float64(0.4666666666666667), np.float64(0.7058823529411765), np.float64(1.0))","T-1
3.03",False
all-MiniLM-L6-v2,-1,Misinformation & Propaganda,115,,-1.8426685,2.7331789,3.0331478118896484,"(np.float64(0.12156862745098039), np.float64(0.4666666666666667), np.float64(0.7058823529411765), np.float64(1.0))","T-1
3.03",False
all-MiniLM-L6-v2,-1,Misinformation & Propaganda,119,,-1.8501332,2.0199373,3.0331478118896484,"(np.float64(0.12156862745098039), np.float64(0.4666666666666667), np.float64(0.7058823529411765), np.float64(1.0))","T-1
3.03",False
all-MiniLM-L6-v2,-1,Misinformation & Propaganda,120,,-0.81242055,4.8045673,3.0331478118896484,"(np.float64(0.12156862745098039), np.float64(0.4666666666666667), np.float64(0.7058823529411765), np.float64(1.0))","T-1
3.03",False
all-MiniLM-L6-v2,-1,Misinformation & Propaganda,122,,-0.8175439,2.7572756,3.0331478118896484,"(np.float64(0.12156862745098039), np.float64(0.4666666666666667), np.float64(0.7058823529411765), np.float64(1.0))","T-1
3.03",False
all-MiniLM-L6-v2,-1,Misinformation & Propaganda,123,,-0.55871487,4.379506,3.0331478118896484,"(np.float64(0.12156862745098039), np.float64(0.4666666666666667), np.float64(0.7058823529411765), np.float64(1.0))","T-1
3.03",False
all-MiniLM-L6-v2,-1,Misinformation & Propaganda,124,,-0.96029645,2.9708812,3.0331478118896484,"(np.float64(0.12156862745098039), np.float64(0.4666666666666667), np.float64(0.7058823529411765), np.float64(1.0))","T-1
3.03",False
all-MiniLM-L6-v2,-1,Misinformation & Propaganda,125,,-0.7352786,5.187914,3.0331478118896484,"(np.float64(0.12156862745098039), np.float64(0.4666666666666667), np.float64(0.7058823529411765), np.float64(1.0))","T-1
3.03",False
all-MiniLM-L6-v2,-1,Misinformation & Propaganda,126,,-1.4983628,3.7053213,3.0331478118896484,"(np.float64(0.12156862745098039), np.float64(0.4666666666666667), np.float64(0.7058823529411765), np.float64(1.0))","T-1
3.03",False
all-MiniLM-L6-v2,-1,Misinformation & Propaganda,131,,-0.53833973,4.9278326,3.0331478118896484,"(np.float64(0.12156862745098039), np.float64(0.4666666666666667), np.float64(0.7058823529411765), np.float64(1.0))","T-1
3.03",False
all-MiniLM-L6-v2,-1,Misinformation & Propaganda,132,,-1.416384,3.222033,3.0331478118896484,"(np.float64(0.12156862745098039), np.float64(0.4666666666666667), np.float64(0.7058823529411765), np.float64(1.0))","T-1
3.03",False
all-MiniLM-L6-v2,-1,Misinformation & Propaganda,133,,-1.1176159,4.1519156,3.0331478118896484,"(np.float64(0.12156862745098039), np.float64(0.4666666666666667), np.float64(0.7058823529411765), np.float64(1.0))","T-1
3.03",False
all-MiniLM-L6-v2,-1,Misinformation & Propaganda,136,,-1.879089,2.1536264,3.0331478118896484,"(np.float64(0.12156862745098039), np.float64(0.4666666666666667), np.float64(0.7058823529411765), np.float64(1.0))","T-1
3.03",False
all-MiniLM-L6-v2,-1,Misinformation & Propaganda,137,,-1.2224643,4.782601,3.0331478118896484,"(np.float64(0.12156862745098039), np.float64(0.4666666666666667), np.float64(0.7058823529411765), np.float64(1.0))","T-1
3.03",False
all-MiniLM-L6-v2,-1,Misinformation & Propaganda,139,,3.8065755,5.5132966,3.0331478118896484,"(np.float64(0.12156862745098039), np.float64(0.4666666666666667), np.float64(0.7058823529411765), np.float64(1.0))","T-1
3.03",False
all-MiniLM-L6-v2,-1,Misinformation & Propaganda,143,,-0.20871468,6.2677975,3.0331478118896484,"(np.float64(0.12156862745098039), np.float64(0.4666666666666667), np.float64(0.7058823529411765), np.float64(1.0))","T-1
3.03",False
all-MiniLM-L6-v2,-1,Misinformation & Propaganda,144,,-0.92521936,5.3139424,3.0331478118896484,"(np.float64(0.12156862745098039), np.float64(0.4666666666666667), np.float64(0.7058823529411765), np.float64(1.0))","T-1
3.03",False
all-MiniLM-L6-v2,-1,Misinformation & Propaganda,145,,-1.9341637,1.7138125,3.0331478118896484,"(np.float64(0.12156862745098039), np.float64(0.4666666666666667), np.float64(0.7058823529411765), np.float64(1.0))","T-1
3.03",False
all-MiniLM-L6-v2,-1,Misinformation & Propaganda,146,,-1.4979635,3.9009132,3.0331478118896484,"(np.float64(0.12156862745098039), np.float64(0.4666666666666667), np.float64(0.7058823529411765), np.float64(1.0))","T-1
3.03",False
all-MiniLM-L6-v2,-1,Misinformation & Propaganda,151,,-1.4661407,4.944077,3.0331478118896484,"(np.float64(0.12156862745098039), np.float64(0.4666666666666667), np.float64(0.7058823529411765), np.float64(1.0))","T-1
3.03",False
all-MiniLM-L6-v2,-1,Misinformation & Propaganda,152,,-0.976026,4.7814612,3.0331478118896484,"(np.float64(0.12156862745098039), np.float64(0.4666666666666667), np.float64(0.7058823529411765), np.float64(1.0))","T-1
3.03",False
all-MiniLM-L6-v2,-1,Misinformation & Propaganda,154,,-0.24628077,2.9330935,3.0331478118896484,"(np.float64(0.12156862745098039), np.float64(0.4666666666666667), np.float64(0.7058823529411765), np.float64(1.0))","T-1
3.03",False
all-MiniLM-L6-v2,-1,Misinformation & Propaganda,155,,-1.5172474,1.7641997,3.0331478118896484,"(np.float64(0.12156862745098039), np.float64(0.4666666666666667), np.float64(0.7058823529411765), np.float64(1.0))","T-1
3.03",False
all-MiniLM-L6-v2,-1,Misinformation & Propaganda,156,,-2.1687064,4.652724,3.0331478118896484,"(np.float64(0.12156862745098039), np.float64(0.4666666666666667), np.float64(0.7058823529411765), np.float64(1.0))","T-1
3.03",False
all-MiniLM-L6-v2,-1,Misinformation & Propaganda,157,,-0.8166932,4.6834145,3.0331478118896484,"(np.float64(0.12156862745098039), np.float64(0.4666666666666667), np.float64(0.7058823529411765), np.float64(1.0))","T-1
3.03",False
all-MiniLM-L6-v2,-1,Misinformation & Propaganda,159,,-2.382172,2.5695534,3.0331478118896484,"(np.float64(0.12156862745098039), np.float64(0.4666666666666667), np.float64(0.7058823529411765), np.float64(1.0))","T-1
3.03",False
all-MiniLM-L6-v2,-1,Misinformation & Propaganda,160,,-0.6935276,2.937686,3.0331478118896484,"(np.float64(0.12156862745098039), np.float64(0.4666666666666667), np.float64(0.7058823529411765), np.float64(1.0))","T-1
3.03",False
all-MiniLM-L6-v2,-1,Misinformation & Propaganda,161,,-0.5534605,4.9743857,3.0331478118896484,"(np.float64(0.12156862745098039), np.float64(0.4666666666666667), np.float64(0.7058823529411765), np.float64(1.0))","T-1
3.03",False
all-MiniLM-L6-v2,-1,Misinformation & Propaganda,162,,0.5696506,6.40151,3.0331478118896484,"(np.float64(0.12156862745098039), np.float64(0.4666666666666667), np.float64(0.7058823529411765), np.float64(1.0))","T-1
3.03",False
all-MiniLM-L6-v2,-1,Misinformation & Propaganda,163,,-1.8316629,1.3940542,3.0331478118896484,"(np.float64(0.12156862745098039), np.float64(0.4666666666666667), np.float64(0.7058823529411765), np.float64(1.0))","T-1
3.03",False
all-MiniLM-L6-v2,-1,Misinformation & Propaganda,164,,1.6817611,4.910343,3.0331478118896484,"(np.float64(0.12156862745098039), np.float64(0.4666666666666667), np.float64(0.7058823529411765), np.float64(1.0))","T-1
3.03",False
all-MiniLM-L6-v2,-1,Misinformation & Propaganda,167,,-1.6141055,1.7373973,3.0331478118896484,"(np.float64(0.12156862745098039), np.float64(0.4666666666666667), np.float64(0.7058823529411765), np.float64(1.0))","T-1
3.03",False
all-MiniLM-L6-v2,-1,Misinformation & Propaganda,170,,2.3862383,7.6835995,3.0331478118896484,"(np.float64(0.12156862745098039), np.float64(0.4666666666666667), np.float64(0.7058823529411765), np.float64(1.0))","T-1
3.03",False
all-MiniLM-L6-v2,-1,Misinformation & Propaganda,171,,1.2752852,4.391208,3.0331478118896484,"(np.float64(0.12156862745098039), np.float64(0.4666666666666667), np.float64(0.7058823529411765), np.float64(1.0))","T-1
3.03",False
all-MiniLM-L6-v2,-1,Misinformation & Propaganda,172,,-1.0799793,4.4513187,3.0331478118896484,"(np.float64(0.12156862745098039), np.float64(0.4666666666666667), np.float64(0.7058823529411765), np.float64(1.0))","T-1
3.03",False
all-MiniLM-L6-v2,-1,Misinformation & Propaganda,178,,2.2463064,6.984362,3.0331478118896484,"(np.float64(0.12156862745098039), np.float64(0.4666666666666667), np.float64(0.7058823529411765), np.float64(1.0))","T-1
3.03",False
all-MiniLM-L6-v2,-1,Misinformation & Propaganda,182,,2.5836926,7.268179,3.0331478118896484,"(np.float64(0.12156862745098039), np.float64(0.4666666666666667), np.float64(0.7058823529411765), np.float64(1.0))","T-1
3.03",False
all-MiniLM-L6-v2,-1,Misinformation & Propaganda,185,,2.3190923,7.5288315,3.0331478118896484,"(np.float64(0.12156862745098039), np.float64(0.4666666666666667), np.float64(0.7058823529411765), np.float64(1.0))","T-1
3.03",False
all-MiniLM-L6-v2,-1,Misinformation & Propaganda,187,,-0.5363163,4.2463207,3.0331478118896484,"(np.float64(0.12156862745098039), np.float64(0.4666666666666667), np.float64(0.7058823529411765), np.float64(1.0))","T-1
3.03",False
all-MiniLM-L6-v2,-1,Misinformation & Propaganda,190,,-0.72287965,4.3306904,3.0331478118896484,"(np.float64(0.12156862745098039), np.float64(0.4666666666666667), np.float64(0.7058823529411765), np.float64(1.0))","T-1
3.03",False
all-MiniLM-L6-v2,-1,Misinformation & Propaganda,194,,2.8882577,3.8196952,3.0331478118896484,"(np.float64(0.12156862745098039), np.float64(0.4666666666666667), np.float64(0.7058823529411765), np.float64(1.0))","T-1
3.03",False
all-MiniLM-L6-v2,-1,Misinformation & Propaganda,202,,3.0708187,3.4543006,3.0331478118896484,"(np.float64(0.12156862745098039), np.float64(0.4666666666666667), np.float64(0.7058823529411765), np.float64(1.0))","T-1
3.03",False
all-MiniLM-L6-v2,-1,Misinformation & Propaganda,204,,3.1818786,2.1465077,3.0331478118896484,"(np.float64(0.12156862745098039), np.float64(0.4666666666666667), np.float64(0.7058823529411765), np.float64(1.0))","T-1
3.03",False
all-MiniLM-L6-v2,-1,Misinformation & Propaganda,208,,0.84803474,3.8575697,3.0331478118896484,"(np.float64(0.12156862745098039), np.float64(0.4666666666666667), np.float64(0.7058823529411765), np.float64(1.0))","T-1
3.03",False
all-MiniLM-L6-v2,-1,Misinformation & Propaganda,212,,1.7981979,4.330864,3.0331478118896484,"(np.float64(0.12156862745098039), np.float64(0.4666666666666667), np.float64(0.7058823529411765), np.float64(1.0))","T-1
3.03",False
all-MiniLM-L6-v2,-1,Misinformation & Propaganda,213,,1.5147536,3.620402,3.0331478118896484,"(np.float64(0.12156862745098039), np.float64(0.4666666666666667), np.float64(0.7058823529411765), np.float64(1.0))","T-1
3.03",False
all-MiniLM-L6-v2,-1,Misinformation & Propaganda,215,,1.9793593,4.0395937,3.0331478118896484,"(np.float64(0.12156862745098039), np.float64(0.4666666666666667), np.float64(0.7058823529411765), np.float64(1.0))","T-1
3.03",False
all-MiniLM-L6-v2,-1,Misinformation & Propaganda,216,,-0.5944618,4.7753096,3.0331478118896484,"(np.float64(0.12156862745098039), np.float64(0.4666666666666667), np.float64(0.7058823529411765), np.float64(1.0))","T-1
3.03",False
all-MiniLM-L6-v2,-1,Misinformation & Propaganda,217,,-2.1564815,4.7434406,3.0331478118896484,"(np.float64(0.12156862745098039), np.float64(0.4666666666666667), np.float64(0.7058823529411765), np.float64(1.0))","T-1
3.03",False
all-MiniLM-L6-v2,-1,Misinformation & Propaganda,218,,-1.2904418,4.886823,3.0331478118896484,"(np.float64(0.12156862745098039), np.float64(0.4666666666666667), np.float64(0.7058823529411765), np.float64(1.0))","T-1
3.03",False
all-MiniLM-L6-v2,-1,Misinformation & Propaganda,221,,-0.5263859,4.2378654,3.0331478118896484,"(np.float64(0.12156862745098039), np.float64(0.4666666666666667), np.float64(0.7058823529411765), np.float64(1.0))","T-1
3.03",False
all-MiniLM-L6-v2,-1,Misinformation & Propaganda,224,,-0.9244392,4.1292033,3.0331478118896484,"(np.float64(0.12156862745098039), np.float64(0.4666666666666667), np.float64(0.7058823529411765), np.float64(1.0))","T-1
3.03",False
all-MiniLM-L6-v2,-1,Misinformation & Propaganda,225,,1.9020153,2.1042504,3.0331478118896484,"(np.float64(0.12156862745098039), np.float64(0.4666666666666667), np.float64(0.7058823529411765), np.float64(1.0))","T-1
3.03",False
all-MiniLM-L6-v2,-1,Misinformation & Propaganda,226,,1.5026416,2.2927668,3.0331478118896484,"(np.float64(0.12156862745098039), np.float64(0.4666666666666667), np.float64(0.7058823529411765), np.float64(1.0))","T-1
3.03",False
all-MiniLM-L6-v2,-1,Misinformation & Propaganda,231,,0.30975333,3.0415468,3.0331478118896484,"(np.float64(0.12156862745098039), np.float64(0.4666666666666667), np.float64(0.7058823529411765), np.float64(1.0))","T-1
3.03",False
all-MiniLM-L6-v2,-1,Misinformation & Propaganda,233,,3.0304601,3.1566114,3.0331478118896484,"(np.float64(0.12156862745098039), np.float64(0.4666666666666667), np.float64(0.7058823529411765), np.float64(1.0))","T-1
3.03",False
all-MiniLM-L6-v2,-1,Misinformation & Propaganda,234,,1.8191812,4.2295923,3.0331478118896484,"(np.float64(0.12156862745098039), np.float64(0.4666666666666667), np.float64(0.7058823529411765), np.float64(1.0))","T-1
3.03",False
all-MiniLM-L6-v2,-1,Misinformation & Propaganda,236,,-0.45460856,3.9361503,3.0331478118896484,"(np.float64(0.12156862745098039), np.float64(0.4666666666666667), np.float64(0.7058823529411765), np.float64(1.0))","T-1
3.03",False
all-MiniLM-L6-v2,-1,Misinformation & Propaganda,238,,2.547623,2.3426633,3.0331478118896484,"(np.float64(0.12156862745098039), np.float64(0.4666666666666667), np.float64(0.7058823529411765), np.float64(1.0))","T-1
3.03",False
all-MiniLM-L6-v2,-1,Misinformation & Propaganda,242,,-1.0177308,4.038895,3.0331478118896484,"(np.float64(0.12156862745098039), np.float64(0.4666666666666667), np.float64(0.7058823529411765), np.float64(1.0))","T-1
3.03",False
all-MiniLM-L6-v2,-1,Misinformation & Propaganda,243,,1.835879,2.2948904,3.0331478118896484,"(np.float64(0.12156862745098039), np.float64(0.4666666666666667), np.float64(0.7058823529411765), np.float64(1.0))","T-1
3.03",False
all-MiniLM-L6-v2,-1,Misinformation & Propaganda,246,,3.5417206,2.5216641,3.0331478118896484,"(np.float64(0.12156862745098039), np.float64(0.4666666666666667), np.float64(0.7058823529411765), np.float64(1.0))","T-1
3.03",False
all-MiniLM-L6-v2,-1,Misinformation & Propaganda,249,,2.3112545,3.8574235,3.0331478118896484,"(np.float64(0.12156862745098039), np.float64(0.4666666666666667), np.float64(0.7058823529411765), np.float64(1.0))","T-1
3.03",False
all-MiniLM-L6-v2,-1,Misinformation & Propaganda,250,,-0.93512213,5.6811333,3.0331478118896484,"(np.float64(0.12156862745098039), np.float64(0.4666666666666667), np.float64(0.7058823529411765), np.float64(1.0))","T-1
3.03",False
all-MiniLM-L6-v2,-1,Misinformation & Propaganda,256,,0.5086367,5.651369,3.0331478118896484,"(np.float64(0.12156862745098039), np.float64(0.4666666666666667), np.float64(0.7058823529411765), np.float64(1.0))","T-1
3.03",False
all-MiniLM-L6-v2,-1,Misinformation & Propaganda,257,,0.28073996,3.5141675,3.0331478118896484,"(np.float64(0.12156862745098039), np.float64(0.4666666666666667), np.float64(0.7058823529411765), np.float64(1.0))","T-1
3.03",False
all-MiniLM-L6-v2,-1,Misinformation & Propaganda,258,,-0.846864,2.3078904,3.0331478118896484,"(np.float64(0.12156862745098039), np.float64(0.4666666666666667), np.float64(0.7058823529411765), np.float64(1.0))","T-1
3.03",False
all-MiniLM-L6-v2,-1,Misinformation & Propaganda,259,,1.2561721,5.456757,3.0331478118896484,"(np.float64(0.12156862745098039), np.float64(0.4666666666666667), np.float64(0.7058823529411765), np.float64(1.0))","T-1
3.03",False
all-MiniLM-L6-v2,-1,Misinformation & Propaganda,261,,2.498443,6.5490727,3.0331478118896484,"(np.float64(0.12156862745098039), np.float64(0.4666666666666667), np.float64(0.7058823529411765), np.float64(1.0))","T-1
3.03",False
all-MiniLM-L6-v2,-1,Misinformation & Propaganda,265,,-0.14446588,3.0112624,3.0331478118896484,"(np.float64(0.12156862745098039), np.float64(0.4666666666666667), np.float64(0.7058823529411765), np.float64(1.0))","T-1
3.03",False
all-MiniLM-L6-v2,-1,Misinformation & Propaganda,269,,-1.7899511,5.063647,3.0331478118896484,"(np.float64(0.12156862745098039), np.float64(0.4666666666666667), np.float64(0.7058823529411765), np.float64(1.0))","T-1
3.03",False
all-MiniLM-L6-v2,-1,Misinformation & Propaganda,271,,3.4646075,1.5567825,3.0331478118896484,"(np.float64(0.12156862745098039), np.float64(0.4666666666666667), np.float64(0.7058823529411765), np.float64(1.0))","T-1
3.03",False
all-MiniLM-L6-v2,-1,Misinformation & Propaganda,272,,-0.9644849,5.7639894,3.0331478118896484,"(np.float64(0.12156862745098039), np.float64(0.4666666666666667), np.float64(0.7058823529411765), np.float64(1.0))","T-1
3.03",False
all-MiniLM-L6-v2,-1,Misinformation & Propaganda,276,,-0.58070177,5.198652,3.0331478118896484,"(np.float64(0.12156862745098039), np.float64(0.4666666666666667), np.float64(0.7058823529411765), np.float64(1.0))","T-1
3.03",False
all-MiniLM-L6-v2,-1,Misinformation & Propaganda,282,,-1.8745443,1.6772157,3.0331478118896484,"(np.float64(0.12156862745098039), np.float64(0.4666666666666667), np.float64(0.7058823529411765), np.float64(1.0))","T-1
3.03",False
all-MiniLM-L6-v2,-1,Misinformation & Propaganda,283,,3.4531379,4.4515023,3.0331478118896484,"(np.float64(0.12156862745098039), np.float64(0.4666666666666667), np.float64(0.7058823529411765), np.float64(1.0))","T-1
3.03",False
all-MiniLM-L6-v2,-1,Misinformation & Propaganda,286,,-0.87808317,4.550926,3.0331478118896484,"(np.float64(0.12156862745098039), np.float64(0.4666666666666667), np.float64(0.7058823529411765), np.float64(1.0))","T-1
3.03",False
all-MiniLM-L6-v2,-1,Misinformation & Propaganda,289,,0.88033056,3.8362074,3.0331478118896484,"(np.float64(0.12156862745098039), np.float64(0.4666666666666667), np.float64(0.7058823529411765), np.float64(1.0))","T-1
3.03",False
all-MiniLM-L6-v2,-1,Misinformation & Propaganda,291,,-1.6134572,2.8964536,3.0331478118896484,"(np.float64(0.12156862745098039), np.float64(0.4666666666666667), np.float64(0.7058823529411765), np.float64(1.0))","T-1
3.03",False
all-MiniLM-L6-v2,-1,Misinformation & Propaganda,294,,-0.464034,5.7919307,3.0331478118896484,"(np.float64(0.12156862745098039), np.float64(0.4666666666666667), np.float64(0.7058823529411765), np.float64(1.0))","T-1
3.03",False
all-MiniLM-L6-v2,-1,Misinformation & Propaganda,295,,-1.8465098,1.4545044,3.0331478118896484,"(np.float64(0.12156862745098039), np.float64(0.4666666666666667), np.float64(0.7058823529411765), np.float64(1.0))","T-1
3.03",False
all-MiniLM-L6-v2,-1,Misinformation & Propaganda,296,,-1.7400926,1.6663731,3.0331478118896484,"(np.float64(0.12156862745098039), np.float64(0.4666666666666667), np.float64(0.7058823529411765), np.float64(1.0))","T-1
3.03",False
all-MiniLM-L6-v2,-1,Misinformation & Propaganda,299,,-0.3792385,3.4180095,3.0331478118896484,"(np.float64(0.12156862745098039), np.float64(0.4666666666666667), np.float64(0.7058823529411765), np.float64(1.0))","T-1
3.03",False
all-MiniLM-L6-v2,-1,Misinformation & Propaganda,303,,2.0948055,3.0899706,3.0331478118896484,"(np.float64(0.12156862745098039), np.float64(0.4666666666666667), np.float64(0.7058823529411765), np.float64(1.0))","T-1
3.03",False
all-MiniLM-L6-v2,-1,Misinformation & Propaganda,304,,-0.9287872,3.5350015,3.0331478118896484,"(np.float64(0.12156862745098039), np.float64(0.4666666666666667), np.float64(0.7058823529411765), np.float64(1.0))","T-1
3.03",False
all-MiniLM-L6-v2,-1,Misinformation & Propaganda,307,,1.1873062,6.5214276,3.0331478118896484,"(np.float64(0.12156862745098039), np.float64(0.4666666666666667), np.float64(0.7058823529411765), np.float64(1.0))","T-1
3.03",False
all-MiniLM-L6-v2,-1,Misinformation & Propaganda,308,,2.2231214,2.8645895,3.0331478118896484,"(np.float64(0.12156862745098039), np.float64(0.4666666666666667), np.float64(0.7058823529411765), np.float64(1.0))","T-1
3.03",False
all-MiniLM-L6-v2,-1,Misinformation & Propaganda,311,,-1.8118417,3.4682117,3.0331478118896484,"(np.float64(0.12156862745098039), np.float64(0.4666666666666667), np.float64(0.7058823529411765), np.float64(1.0))","T-1
3.03",False
all-MiniLM-L6-v2,-1,Misinformation & Propaganda,317,,-0.261225,6.232561,3.0331478118896484,"(np.float64(0.12156862745098039), np.float64(0.4666666666666667), np.float64(0.7058823529411765), np.float64(1.0))","T-1
3.03",False
all-MiniLM-L6-v2,-1,Misinformation & Propaganda,320,,-1.9401757,1.5333726,3.0331478118896484,"(np.float64(0.12156862745098039), np.float64(0.4666666666666667), np.float64(0.7058823529411765), np.float64(1.0))","T-1
3.03",False
all-MiniLM-L6-v2,-1,Misinformation & Propaganda,321,,-0.32252976,2.7907495,3.0331478118896484,"(np.float64(0.12156862745098039), np.float64(0.4666666666666667), np.float64(0.7058823529411765), np.float64(1.0))","T-1
3.03",False
all-MiniLM-L6-v2,-1,Misinformation & Propaganda,324,,-1.4654154,4.781704,3.0331478118896484,"(np.float64(0.12156862745098039), np.float64(0.4666666666666667), np.float64(0.7058823529411765), np.float64(1.0))","T-1
3.03",False
all-MiniLM-L6-v2,-1,Misinformation & Propaganda,326,,-0.7478379,6.3012834,3.0331478118896484,"(np.float64(0.12156862745098039), np.float64(0.4666666666666667), np.float64(0.7058823529411765), np.float64(1.0))","T-1
3.03",False
all-MiniLM-L6-v2,-1,Misinformation & Propaganda,329,,-2.0962224,4.635489,3.0331478118896484,"(np.float64(0.12156862745098039), np.float64(0.4666666666666667), np.float64(0.7058823529411765), np.float64(1.0))","T-1
3.03",False
all-MiniLM-L6-v2,-1,Misinformation & Propaganda,332,,-1.8712481,1.5637985,3.0331478118896484,"(np.float64(0.12156862745098039), np.float64(0.4666666666666667), np.float64(0.7058823529411765), np.float64(1.0))","T-1
3.03",False
all-MiniLM-L6-v2,-1,Misinformation & Propaganda,333,,-1.0677376,5.676996,3.0331478118896484,"(np.float64(0.12156862745098039), np.float64(0.4666666666666667), np.float64(0.7058823529411765), np.float64(1.0))","T-1
3.03",False
all-MiniLM-L6-v2,-1,Misinformation & Propaganda,335,,-0.08153684,5.511345,3.0331478118896484,"(np.float64(0.12156862745098039), np.float64(0.4666666666666667), np.float64(0.7058823529411765), np.float64(1.0))","T-1
3.03",False
all-MiniLM-L6-v2,-1,Misinformation & Propaganda,339,,-0.75937057,5.3667283,3.0331478118896484,"(np.float64(0.12156862745098039), np.float64(0.4666666666666667), np.float64(0.7058823529411765), np.float64(1.0))","T-1
3.03",False
all-MiniLM-L6-v2,-1,Misinformation & Propaganda,340,,-0.7377473,5.3689256,3.0331478118896484,"(np.float64(0.12156862745098039), np.float64(0.4666666666666667), np.float64(0.7058823529411765), np.float64(1.0))","T-1
3.03",False
all-MiniLM-L6-v2,-1,Misinformation & Propaganda,344,,-1.7026436,3.6581764,3.0331478118896484,"(np.float64(0.12156862745098039), np.float64(0.4666666666666667), np.float64(0.7058823529411765), np.float64(1.0))","T-1
3.03",False
all-MiniLM-L6-v2,-1,Misinformation & Propaganda,347,,-1.0262059,5.5544586,3.0331478118896484,"(np.float64(0.12156862745098039), np.float64(0.4666666666666667), np.float64(0.7058823529411765), np.float64(1.0))","T-1
3.03",False
all-MiniLM-L6-v2,-1,Misinformation & Propaganda,348,,-1.7461997,1.4639646,3.0331478118896484,"(np.float64(0.12156862745098039), np.float64(0.4666666666666667), np.float64(0.7058823529411765), np.float64(1.0))","T-1
3.03",False
all-MiniLM-L6-v2,-1,Misinformation & Propaganda,349,,-1.9888676,3.882557,3.0331478118896484,"(np.float64(0.12156862745098039), np.float64(0.4666666666666667), np.float64(0.7058823529411765), np.float64(1.0))","T-1
3.03",False
all-MiniLM-L6-v2,-1,Misinformation & Propaganda,352,,0.71803796,6.448423,3.0331478118896484,"(np.float64(0.12156862745098039), np.float64(0.4666666666666667), np.float64(0.7058823529411765), np.float64(1.0))","T-1
3.03",False
all-MiniLM-L6-v2,-1,Misinformation & Propaganda,353,,-1.6976005,1.8217087,3.0331478118896484,"(np.float64(0.12156862745098039), np.float64(0.4666666666666667), np.float64(0.7058823529411765), np.float64(1.0))","T-1
3.03",False
all-MiniLM-L6-v2,-1,Misinformation & Propaganda,355,,-0.8724746,5.1070333,3.0331478118896484,"(np.float64(0.12156862745098039), np.float64(0.4666666666666667), np.float64(0.7058823529411765), np.float64(1.0))","T-1
3.03",False
all-MiniLM-L6-v2,-1,Misinformation & Propaganda,356,,-0.8511182,5.2185407,3.0331478118896484,"(np.float64(0.12156862745098039), np.float64(0.4666666666666667), np.float64(0.7058823529411765), np.float64(1.0))","T-1
3.03",False
all-MiniLM-L6-v2,-1,Misinformation & Propaganda,357,,-0.59329814,6.2089114,3.0331478118896484,"(np.float64(0.12156862745098039), np.float64(0.4666666666666667), np.float64(0.7058823529411765), np.float64(1.0))","T-1
3.03",False
all-MiniLM-L6-v2,-1,Misinformation & Propaganda,359,,-0.15501624,4.29519,3.0331478118896484,"(np.float64(0.12156862745098039), np.float64(0.4666666666666667), np.float64(0.7058823529411765), np.float64(1.0))","T-1
3.03",False
all-MiniLM-L6-v2,-1,Misinformation & Propaganda,363,,-0.98900616,5.8722925,3.0331478118896484,"(np.float64(0.12156862745098039), np.float64(0.4666666666666667), np.float64(0.7058823529411765), np.float64(1.0))","T-1
3.03",False
all-MiniLM-L6-v2,-1,Misinformation & Propaganda,364,,-1.3264378,2.275126,3.0331478118896484,"(np.float64(0.12156862745098039), np.float64(0.4666666666666667), np.float64(0.7058823529411765), np.float64(1.0))","T-1
3.03",False
all-MiniLM-L6-v2,-1,Misinformation & Propaganda,371,,-1.2319101,6.005096,3.0331478118896484,"(np.float64(0.12156862745098039), np.float64(0.4666666666666667), np.float64(0.7058823529411765), np.float64(1.0))","T-1
3.03",False
all-MiniLM-L6-v2,-1,Misinformation & Propaganda,374,,3.9443717,5.1425576,3.0331478118896484,"(np.float64(0.12156862745098039), np.float64(0.4666666666666667), np.float64(0.7058823529411765), np.float64(1.0))","T-1
3.03",False
all-MiniLM-L6-v2,-1,Misinformation & Propaganda,375,,3.8962631,5.4845815,3.0331478118896484,"(np.float64(0.12156862745098039), np.float64(0.4666666666666667), np.float64(0.7058823529411765), np.float64(1.0))","T-1
3.03",False
all-MiniLM-L6-v2,-1,Misinformation & Propaganda,376,,1.7470543,4.276809,3.0331478118896484,"(np.float64(0.12156862745098039), np.float64(0.4666666666666667), np.float64(0.7058823529411765), np.float64(1.0))","T-1
3.03",False
all-MiniLM-L6-v2,-1,Misinformation & Propaganda,379,,2.6624537,4.9851227,3.0331478118896484,"(np.float64(0.12156862745098039), np.float64(0.4666666666666667), np.float64(0.7058823529411765), np.float64(1.0))","T-1
3.03",False
all-MiniLM-L6-v2,-1,Misinformation & Propaganda,380,,1.4398991,2.9725955,3.0331478118896484,"(np.float64(0.12156862745098039), np.float64(0.4666666666666667), np.float64(0.7058823529411765), np.float64(1.0))","T-1
3.03",False
all-MiniLM-L6-v2,-1,Misinformation & Propaganda,382,,2.9090204,3.73437,3.0331478118896484,"(np.float64(0.12156862745098039), np.float64(0.4666666666666667), np.float64(0.7058823529411765), np.float64(1.0))","T-1
3.03",False
all-MiniLM-L6-v2,-1,Misinformation & Propaganda,389,,-0.65676385,5.9647074,3.0331478118896484,"(np.float64(0.12156862745098039), np.float64(0.4666666666666667), np.float64(0.7058823529411765), np.float64(1.0))","T-1
3.03",False
all-MiniLM-L6-v2,-1,Misinformation & Propaganda,390,,-1.448824,3.4763365,3.0331478118896484,"(np.float64(0.12156862745098039), np.float64(0.4666666666666667), np.float64(0.7058823529411765), np.float64(1.0))","T-1
3.03",False
all-MiniLM-L6-v2,-1,Misinformation & Propaganda,392,,-0.60571307,4.177001,3.0331478118896484,"(np.float64(0.12156862745098039), np.float64(0.4666666666666667), np.float64(0.7058823529411765), np.float64(1.0))","T-1
3.03",False
all-MiniLM-L6-v2,-1,Misinformation & Propaganda,397,,3.9911847,1.6368465,3.0331478118896484,"(np.float64(0.12156862745098039), np.float64(0.4666666666666667), np.float64(0.7058823529411765), np.float64(1.0))","T-1
3.03",False
all-MiniLM-L6-v2,-1,Misinformation & Propaganda,398,,3.1347487,2.6321294,3.0331478118896484,"(np.float64(0.12156862745098039), np.float64(0.4666666666666667), np.float64(0.7058823529411765), np.float64(1.0))","T-1
3.03",False
all-MiniLM-L6-v2,-1,Misinformation & Propaganda,401,,-1.2461278,3.6218073,3.0331478118896484,"(np.float64(0.12156862745098039), np.float64(0.4666666666666667), np.float64(0.7058823529411765), np.float64(1.0))","T-1
3.03",False
all-MiniLM-L6-v2,-1,Misinformation & Propaganda,402,,3.3569648,2.4894054,3.0331478118896484,"(np.float64(0.12156862745098039), np.float64(0.4666666666666667), np.float64(0.7058823529411765), np.float64(1.0))","T-1
3.03",False
all-MiniLM-L6-v2,-1,Misinformation & Propaganda,403,,2.1238241,2.3144665,3.0331478118896484,"(np.float64(0.12156862745098039), np.float64(0.4666666666666667), np.float64(0.7058823529411765), np.float64(1.0))","T-1
3.03",False
all-MiniLM-L6-v2,-1,Misinformation & Propaganda,405,,-0.5202985,2.419461,3.0331478118896484,"(np.float64(0.12156862745098039), np.float64(0.4666666666666667), np.float64(0.7058823529411765), np.float64(1.0))","T-1
3.03",False
all-MiniLM-L6-v2,-1,Misinformation & Propaganda,409,,0.8197513,3.934749,3.0331478118896484,"(np.float64(0.12156862745098039), np.float64(0.4666666666666667), np.float64(0.7058823529411765), np.float64(1.0))","T-1
3.03",False
all-MiniLM-L6-v2,-1,Misinformation & Propaganda,410,,0.37325782,6.2149076,3.0331478118896484,"(np.float64(0.12156862745098039), np.float64(0.4666666666666667), np.float64(0.7058823529411765), np.float64(1.0))","T-1
3.03",False
all-MiniLM-L6-v2,-1,Misinformation & Propaganda,417,,-0.012203748,3.0790215,3.0331478118896484,"(np.float64(0.12156862745098039), np.float64(0.4666666666666667), np.float64(0.7058823529411765), np.float64(1.0))","T-1
3.03",False
all-MiniLM-L6-v2,-1,Misinformation & Propaganda,421,,2.7228441,4.688558,3.0331478118896484,"(np.float64(0.12156862745098039), np.float64(0.4666666666666667), np.float64(0.7058823529411765), np.float64(1.0))","T-1
3.03",False
all-MiniLM-L6-v2,-1,Misinformation & Propaganda,424,,-0.74690527,6.351833,3.0331478118896484,"(np.float64(0.12156862745098039), np.float64(0.4666666666666667), np.float64(0.7058823529411765), np.float64(1.0))","T-1
3.03",False
all-MiniLM-L6-v2,-1,Misinformation & Propaganda,427,,1.9390925,5.3218246,3.0331478118896484,"(np.float64(0.12156862745098039), np.float64(0.4666666666666667), np.float64(0.7058823529411765), np.float64(1.0))","T-1
3.03",False
all-MiniLM-L6-v2,-1,Misinformation & Propaganda,429,,1.5136641,4.296697,3.0331478118896484,"(np.float64(0.12156862745098039), np.float64(0.4666666666666667), np.float64(0.7058823529411765), np.float64(1.0))","T-1
3.03",False
all-MiniLM-L6-v2,-1,Misinformation & Propaganda,440,,1.5949426,3.1454759,3.0331478118896484,"(np.float64(0.12156862745098039), np.float64(0.4666666666666667), np.float64(0.7058823529411765), np.float64(1.0))","T-1
3.03",False
all-MiniLM-L6-v2,-1,Misinformation & Propaganda,441,,3.3306208,2.2074852,3.0331478118896484,"(np.float64(0.12156862745098039), np.float64(0.4666666666666667), np.float64(0.7058823529411765), np.float64(1.0))","T-1
3.03",False
all-MiniLM-L6-v2,-1,Misinformation & Propaganda,446,,-2.5853677,2.553472,3.0331478118896484,"(np.float64(0.12156862745098039), np.float64(0.4666666666666667), np.float64(0.7058823529411765), np.float64(1.0))","T-1
3.03",False
all-MiniLM-L6-v2,-1,Misinformation & Propaganda,451,,1.1558338,6.7544622,3.0331478118896484,"(np.float64(0.12156862745098039), np.float64(0.4666666666666667), np.float64(0.7058823529411765), np.float64(1.0))","T-1
3.03",False
all-MiniLM-L6-v2,-1,Misinformation & Propaganda,452,,-1.2166036,4.4194155,3.0331478118896484,"(np.float64(0.12156862745098039), np.float64(0.4666666666666667), np.float64(0.7058823529411765), np.float64(1.0))","T-1
3.03",False
all-MiniLM-L6-v2,-1,Misinformation & Propaganda,453,,2.5943696,4.7649255,3.0331478118896484,"(np.float64(0.12156862745098039), np.float64(0.4666666666666667), np.float64(0.7058823529411765), np.float64(1.0))","T-1
3.03",False
all-MiniLM-L6-v2,-1,Misinformation & Propaganda,463,,-2.1777077,2.458904,3.0331478118896484,"(np.float64(0.12156862745098039), np.float64(0.4666666666666667), np.float64(0.7058823529411765), np.float64(1.0))","T-1
3.03",False
all-MiniLM-L6-v2,-1,Misinformation & Propaganda,464,,0.60555077,5.130153,3.0331478118896484,"(np.float64(0.12156862745098039), np.float64(0.4666666666666667), np.float64(0.7058823529411765), np.float64(1.0))","T-1
3.03",False
all-MiniLM-L6-v2,-1,Misinformation & Propaganda,465,,-0.66340184,5.7303386,3.0331478118896484,"(np.float64(0.12156862745098039), np.float64(0.4666666666666667), np.float64(0.7058823529411765), np.float64(1.0))","T-1
3.03",False
all-MiniLM-L6-v2,-1,Misinformation & Propaganda,470,,-1.0597358,3.141403,3.0331478118896484,"(np.float64(0.12156862745098039), np.float64(0.4666666666666667), np.float64(0.7058823529411765), np.float64(1.0))","T-1
3.03",False
all-MiniLM-L6-v2,-1,Misinformation & Propaganda,472,,-2.1162453,4.6547456,3.0331478118896484,"(np.float64(0.12156862745098039), np.float64(0.4666666666666667), np.float64(0.7058823529411765), np.float64(1.0))","T-1
3.03",False
all-MiniLM-L6-v2,-1,Misinformation & Propaganda,474,,0.33486813,6.041433,3.0331478118896484,"(np.float64(0.12156862745098039), np.float64(0.4666666666666667), np.float64(0.7058823529411765), np.float64(1.0))","T-1
3.03",False
all-MiniLM-L6-v2,-1,Misinformation & Propaganda,478,,-1.8369106,1.927562,3.0331478118896484,"(np.float64(0.12156862745098039), np.float64(0.4666666666666667), np.float64(0.7058823529411765), np.float64(1.0))","T-1
3.03",False
all-MiniLM-L6-v2,-1,Misinformation & Propaganda,480,,-1.0712295,5.8490243,3.0331478118896484,"(np.float64(0.12156862745098039), np.float64(0.4666666666666667), np.float64(0.7058823529411765), np.float64(1.0))","T-1
3.03",False
all-MiniLM-L6-v2,-1,Misinformation & Propaganda,482,,-1.6510171,4.2733417,3.0331478118896484,"(np.float64(0.12156862745098039), np.float64(0.4666666666666667), np.float64(0.7058823529411765), np.float64(1.0))","T-1
3.03",False
all-MiniLM-L6-v2,-1,Misinformation & Propaganda,484,,-1.9365432,1.5259666,3.0331478118896484,"(np.float64(0.12156862745098039), np.float64(0.4666666666666667), np.float64(0.7058823529411765), np.float64(1.0))","T-1
3.03",False
all-MiniLM-L6-v2,-1,Misinformation & Propaganda,486,,-1.6027851,4.074879,3.0331478118896484,"(np.float64(0.12156862745098039), np.float64(0.4666666666666667), np.float64(0.7058823529411765), np.float64(1.0))","T-1
3.03",False
all-MiniLM-L6-v2,-1,Misinformation & Propaganda,487,,-0.7706717,4.890996,3.0331478118896484,"(np.float64(0.12156862745098039), np.float64(0.4666666666666667), np.float64(0.7058823529411765), np.float64(1.0))","T-1
3.03",False
all-MiniLM-L6-v2,-1,Misinformation & Propaganda,489,,-0.63649505,5.20257,3.0331478118896484,"(np.float64(0.12156862745098039), np.float64(0.4666666666666667), np.float64(0.7058823529411765), np.float64(1.0))","T-1
3.03",False
all-MiniLM-L6-v2,-1,Misinformation & Propaganda,491,,-0.75051486,5.05926,3.0331478118896484,"(np.float64(0.12156862745098039), np.float64(0.4666666666666667), np.float64(0.7058823529411765), np.float64(1.0))","T-1
3.03",False
all-MiniLM-L6-v2,-1,Misinformation & Propaganda,494,,1.5409522,5.308326,3.0331478118896484,"(np.float64(0.12156862745098039), np.float64(0.4666666666666667), np.float64(0.7058823529411765), np.float64(1.0))","T-1
3.03",False
all-MiniLM-L6-v2,-1,Misinformation & Propaganda,495,,-1.6335404,1.8844129,3.0331478118896484,"(np.float64(0.12156862745098039), np.float64(0.4666666666666667), np.float64(0.7058823529411765), np.float64(1.0))","T-1
3.03",False
all-MiniLM-L6-v2,-1,Misinformation & Propaganda,497,,0.5017558,6.124359,3.0331478118896484,"(np.float64(0.12156862745098039), np.float64(0.4666666666666667), np.float64(0.7058823529411765), np.float64(1.0))","T-1
3.03",False
all-MiniLM-L6-v2,-1,Misinformation & Propaganda,499,,-0.14867479,5.81173,3.0331478118896484,"(np.float64(0.12156862745098039), np.float64(0.4666666666666667), np.float64(0.7058823529411765), np.float64(1.0))","T-1
3.03",False
all-MiniLM-L6-v2,-1,Misinformation & Propaganda,500,,-0.9301177,5.708082,3.0331478118896484,"(np.float64(0.12156862745098039), np.float64(0.4666666666666667), np.float64(0.7058823529411765), np.float64(1.0))","T-1
3.03",False
all-MiniLM-L6-v2,-1,Misinformation & Propaganda,501,,-1.5277597,4.3103094,3.0331478118896484,"(np.float64(0.12156862745098039), np.float64(0.4666666666666667), np.float64(0.7058823529411765), np.float64(1.0))","T-1
3.03",False
all-MiniLM-L6-v2,-1,Misinformation & Propaganda,502,,-0.30943608,3.5493207,3.0331478118896484,"(np.float64(0.12156862745098039), np.float64(0.4666666666666667), np.float64(0.7058823529411765), np.float64(1.0))","T-1
3.03",False
all-MiniLM-L6-v2,-1,Misinformation & Propaganda,503,,1.2495978,4.2842937,3.0331478118896484,"(np.float64(0.12156862745098039), np.float64(0.4666666666666667), np.float64(0.7058823529411765), np.float64(1.0))","T-1
3.03",False
all-MiniLM-L6-v2,-1,Misinformation & Propaganda,508,,-0.33478543,4.8634686,3.0331478118896484,"(np.float64(0.12156862745098039), np.float64(0.4666666666666667), np.float64(0.7058823529411765), np.float64(1.0))","T-1
3.03",False
all-MiniLM-L6-v2,-1,Misinformation & Propaganda,509,,-1.6167369,1.6120863,3.0331478118896484,"(np.float64(0.12156862745098039), np.float64(0.4666666666666667), np.float64(0.7058823529411765), np.float64(1.0))","T-1
3.03",False
all-MiniLM-L6-v2,-1,Misinformation & Propaganda,510,,-0.30398598,5.729553,3.0331478118896484,"(np.float64(0.12156862745098039), np.float64(0.4666666666666667), np.float64(0.7058823529411765), np.float64(1.0))","T-1
3.03",False
all-MiniLM-L6-v2,-1,Misinformation & Propaganda,511,,-1.9188259,1.776649,3.0331478118896484,"(np.float64(0.12156862745098039), np.float64(0.4666666666666667), np.float64(0.7058823529411765), np.float64(1.0))","T-1
3.03",False
all-MiniLM-L6-v2,-1,Misinformation & Propaganda,516,,-0.37088323,5.0771666,3.0331478118896484,"(np.float64(0.12156862745098039), np.float64(0.4666666666666667), np.float64(0.7058823529411765), np.float64(1.0))","T-1
3.03",False
all-MiniLM-L6-v2,-1,Misinformation & Propaganda,517,,1.1479782,6.0931063,3.0331478118896484,"(np.float64(0.12156862745098039), np.float64(0.4666666666666667), np.float64(0.7058823529411765), np.float64(1.0))","T-1
3.03",False
all-MiniLM-L6-v2,-1,Misinformation & Propaganda,518,,2.8659194,5.1838512,3.0331478118896484,"(np.float64(0.12156862745098039), np.float64(0.4666666666666667), np.float64(0.7058823529411765), np.float64(1.0))","T-1
3.03",False
all-MiniLM-L6-v2,-1,Misinformation & Propaganda,519,,3.8829343,5.3444924,3.0331478118896484,"(np.float64(0.12156862745098039), np.float64(0.4666666666666667), np.float64(0.7058823529411765), np.float64(1.0))","T-1
3.03",False
all-MiniLM-L6-v2,-1,Misinformation & Propaganda,521,,3.572507,5.5681467,3.0331478118896484,"(np.float64(0.12156862745098039), np.float64(0.4666666666666667), np.float64(0.7058823529411765), np.float64(1.0))","T-1
3.03",False
all-MiniLM-L6-v2,-1,Misinformation & Propaganda,525,,-1.9589072,4.4217715,3.0331478118896484,"(np.float64(0.12156862745098039), np.float64(0.4666666666666667), np.float64(0.7058823529411765), np.float64(1.0))","T-1
3.03",False
all-MiniLM-L6-v2,-1,Misinformation & Propaganda,526,,-1.8083683,4.3318176,3.0331478118896484,"(np.float64(0.12156862745098039), np.float64(0.4666666666666667), np.float64(0.7058823529411765), np.float64(1.0))","T-1
3.03",False
all-MiniLM-L6-v2,-1,Misinformation & Propaganda,527,,-0.51828593,5.6605825,3.0331478118896484,"(np.float64(0.12156862745098039), np.float64(0.4666666666666667), np.float64(0.7058823529411765), np.float64(1.0))","T-1
3.03",False
all-MiniLM-L6-v2,-1,Misinformation & Propaganda,528,,1.5733539,4.1189737,3.0331478118896484,"(np.float64(0.12156862745098039), np.float64(0.4666666666666667), np.float64(0.7058823529411765), np.float64(1.0))","T-1
3.03",False
all-MiniLM-L6-v2,-1,Misinformation & Propaganda,537,,2.7419682,1.9909447,3.0331478118896484,"(np.float64(0.12156862745098039), np.float64(0.4666666666666667), np.float64(0.7058823529411765), np.float64(1.0))","T-1
3.03",False
all-MiniLM-L6-v2,-1,Misinformation & Propaganda,539,,-1.5081007,1.3639724,3.0331478118896484,"(np.float64(0.12156862745098039), np.float64(0.4666666666666667), np.float64(0.7058823529411765), np.float64(1.0))","T-1
3.03",False
all-MiniLM-L6-v2,-1,Misinformation & Propaganda,542,,3.323212,2.58765,3.0331478118896484,"(np.float64(0.12156862745098039), np.float64(0.4666666666666667), np.float64(0.7058823529411765), np.float64(1.0))","T-1
3.03",False
all-MiniLM-L6-v2,-1,Misinformation & Propaganda,544,,0.910717,3.7757308,3.0331478118896484,"(np.float64(0.12156862745098039), np.float64(0.4666666666666667), np.float64(0.7058823529411765), np.float64(1.0))","T-1
3.03",False
all-MiniLM-L6-v2,-1,Misinformation & Propaganda,549,,-0.8796297,5.9557614,3.0331478118896484,"(np.float64(0.12156862745098039), np.float64(0.4666666666666667), np.float64(0.7058823529411765), np.float64(1.0))","T-1
3.03",False
all-MiniLM-L6-v2,-1,Misinformation & Propaganda,551,,-0.71927917,4.2997165,3.0331478118896484,"(np.float64(0.12156862745098039), np.float64(0.4666666666666667), np.float64(0.7058823529411765), np.float64(1.0))","T-1
3.03",False
all-MiniLM-L6-v2,-1,Misinformation & Propaganda,555,,0.7300109,3.2483106,3.0331478118896484,"(np.float64(0.12156862745098039), np.float64(0.4666666666666667), np.float64(0.7058823529411765), np.float64(1.0))","T-1
3.03",False
all-MiniLM-L6-v2,-1,Misinformation & Propaganda,557,,1.8739977,3.42688,3.0331478118896484,"(np.float64(0.12156862745098039), np.float64(0.4666666666666667), np.float64(0.7058823529411765), np.float64(1.0))","T-1
3.03",False
all-MiniLM-L6-v2,-1,Misinformation & Propaganda,561,,3.8805394,1.8474407,3.0331478118896484,"(np.float64(0.12156862745098039), np.float64(0.4666666666666667), np.float64(0.7058823529411765), np.float64(1.0))","T-1
3.03",False
all-MiniLM-L6-v2,-1,Misinformation & Propaganda,562,,2.54035,2.7482097,3.0331478118896484,"(np.float64(0.12156862745098039), np.float64(0.4666666666666667), np.float64(0.7058823529411765), np.float64(1.0))","T-1
3.03",False
all-MiniLM-L6-v2,-1,Misinformation & Propaganda,563,,3.2934408,2.4430053,3.0331478118896484,"(np.float64(0.12156862745098039), np.float64(0.4666666666666667), np.float64(0.7058823529411765), np.float64(1.0))","T-1
3.03",False
all-MiniLM-L6-v2,-1,Misinformation & Propaganda,569,,1.2126504,5.7682824,3.0331478118896484,"(np.float64(0.12156862745098039), np.float64(0.4666666666666667), np.float64(0.7058823529411765), np.float64(1.0))","T-1
3.03",False
all-MiniLM-L6-v2,-1,Misinformation & Propaganda,573,,-0.5240762,6.0227504,3.0331478118896484,"(np.float64(0.12156862745098039), np.float64(0.4666666666666667), np.float64(0.7058823529411765), np.float64(1.0))","T-1
3.03",False
all-MiniLM-L6-v2,-1,Misinformation & Propaganda,574,,3.6393666,4.6112695,3.0331478118896484,"(np.float64(0.12156862745098039), np.float64(0.4666666666666667), np.float64(0.7058823529411765), np.float64(1.0))","T-1
3.03",False
all-MiniLM-L6-v2,-1,Misinformation & Propaganda,575,,1.5830063,4.2662654,3.0331478118896484,"(np.float64(0.12156862745098039), np.float64(0.4666666666666667), np.float64(0.7058823529411765), np.float64(1.0))","T-1
3.03",False
all-MiniLM-L6-v2,-1,Misinformation & Propaganda,582,,3.1315515,6.0973253,3.0331478118896484,"(np.float64(0.12156862745098039), np.float64(0.4666666666666667), np.float64(0.7058823529411765), np.float64(1.0))","T-1
3.03",False
all-MiniLM-L6-v2,-1,Misinformation & Propaganda,584,,-0.6464152,4.6924543,3.0331478118896484,"(np.float64(0.12156862745098039), np.float64(0.4666666666666667), np.float64(0.7058823529411765), np.float64(1.0))","T-1
3.03",False
all-MiniLM-L6-v2,-1,Misinformation & Propaganda,587,,3.3542833,2.4388444,3.0331478118896484,"(np.float64(0.12156862745098039), np.float64(0.4666666666666667), np.float64(0.7058823529411765), np.float64(1.0))","T-1
3.03",False
all-MiniLM-L6-v2,-1,Misinformation & Propaganda,589,,-0.74307686,5.503993,3.0331478118896484,"(np.float64(0.12156862745098039), np.float64(0.4666666666666667), np.float64(0.7058823529411765), np.float64(1.0))","T-1
3.03",False
all-MiniLM-L6-v2,-1,Misinformation & Propaganda,592,,-1.4886501,3.1025524,3.0331478118896484,"(np.float64(0.12156862745098039), np.float64(0.4666666666666667), np.float64(0.7058823529411765), np.float64(1.0))","T-1
3.03",False
all-MiniLM-L6-v2,-1,Misinformation & Propaganda,593,,1.4300239,3.5316556,3.0331478118896484,"(np.float64(0.12156862745098039), np.float64(0.4666666666666667), np.float64(0.7058823529411765), np.float64(1.0))","T-1
3.03",False
all-MiniLM-L6-v2,-1,Misinformation & Propaganda,596,,-1.9880043,1.9007478,3.0331478118896484,"(np.float64(0.12156862745098039), np.float64(0.4666666666666667), np.float64(0.7058823529411765), np.float64(1.0))","T-1
3.03",False
all-MiniLM-L6-v2,-1,Misinformation & Propaganda,597,,0.22417867,5.9475822,3.0331478118896484,"(np.float64(0.12156862745098039), np.float64(0.4666666666666667), np.float64(0.7058823529411765), np.float64(1.0))","T-1
3.03",False
all-MiniLM-L6-v2,-1,Misinformation & Propaganda,598,,-0.2809,4.5814953,3.0331478118896484,"(np.float64(0.12156862745098039), np.float64(0.4666666666666667), np.float64(0.7058823529411765), np.float64(1.0))","T-1
3.03",False
all-MiniLM-L6-v2,-1,Misinformation & Propaganda,605,,-0.8681175,6.161758,3.0331478118896484,"(np.float64(0.12156862745098039), np.float64(0.4666666666666667), np.float64(0.7058823529411765), np.float64(1.0))","T-1
3.03",False
all-MiniLM-L6-v2,-1,Misinformation & Propaganda,607,,-1.6741904,4.108704,3.0331478118896484,"(np.float64(0.12156862745098039), np.float64(0.4666666666666667), np.float64(0.7058823529411765), np.float64(1.0))","T-1
3.03",False
all-MiniLM-L6-v2,-1,Misinformation & Propaganda,608,,-0.04701633,5.9959817,3.0331478118896484,"(np.float64(0.12156862745098039), np.float64(0.4666666666666667), np.float64(0.7058823529411765), np.float64(1.0))","T-1
3.03",False
all-MiniLM-L6-v2,-1,Misinformation & Propaganda,615,,-1.2414001,5.634314,3.0331478118896484,"(np.float64(0.12156862745098039), np.float64(0.4666666666666667), np.float64(0.7058823529411765), np.float64(1.0))","T-1
3.03",False
all-MiniLM-L6-v2,-1,Misinformation & Propaganda,618,,-0.9722466,5.262852,3.0331478118896484,"(np.float64(0.12156862745098039), np.float64(0.4666666666666667), np.float64(0.7058823529411765), np.float64(1.0))","T-1
3.03",False
all-MiniLM-L6-v2,-1,Misinformation & Propaganda,619,,2.4233935,5.0555058,3.0331478118896484,"(np.float64(0.12156862745098039), np.float64(0.4666666666666667), np.float64(0.7058823529411765), np.float64(1.0))","T-1
3.03",False
all-MiniLM-L6-v2,-1,Misinformation & Propaganda,625,,1.4403405,6.3570704,3.0331478118896484,"(np.float64(0.12156862745098039), np.float64(0.4666666666666667), np.float64(0.7058823529411765), np.float64(1.0))","T-1
3.03",False
all-MiniLM-L6-v2,-1,Misinformation & Propaganda,628,,-0.040044006,5.882926,3.0331478118896484,"(np.float64(0.12156862745098039), np.float64(0.4666666666666667), np.float64(0.7058823529411765), np.float64(1.0))","T-1
3.03",False
all-MiniLM-L6-v2,-1,Misinformation & Propaganda,630,,-1.3617196,3.6480384,3.0331478118896484,"(np.float64(0.12156862745098039), np.float64(0.4666666666666667), np.float64(0.7058823529411765), np.float64(1.0))","T-1
3.03",False
all-MiniLM-L6-v2,-1,Misinformation & Propaganda,631,,2.5881681,4.3377066,3.0331478118896484,"(np.float64(0.12156862745098039), np.float64(0.4666666666666667), np.float64(0.7058823529411765), np.float64(1.0))","T-1
3.03",False
all-MiniLM-L6-v2,-1,Misinformation & Propaganda,633,,1.6968957,5.1283717,3.0331478118896484,"(np.float64(0.12156862745098039), np.float64(0.4666666666666667), np.float64(0.7058823529411765), np.float64(1.0))","T-1
3.03",False
all-MiniLM-L6-v2,-1,Misinformation & Propaganda,636,,0.20442359,4.1038127,3.0331478118896484,"(np.float64(0.12156862745098039), np.float64(0.4666666666666667), np.float64(0.7058823529411765), np.float64(1.0))","T-1
3.03",False
all-MiniLM-L6-v2,-1,Misinformation & Propaganda,638,,-1.7323822,1.5793406,3.0331478118896484,"(np.float64(0.12156862745098039), np.float64(0.4666666666666667), np.float64(0.7058823529411765), np.float64(1.0))","T-1
3.03",False
all-MiniLM-L6-v2,-1,Misinformation & Propaganda,642,,-0.054131698,5.049161,3.0331478118896484,"(np.float64(0.12156862745098039), np.float64(0.4666666666666667), np.float64(0.7058823529411765), np.float64(1.0))","T-1
3.03",False
all-MiniLM-L6-v2,-1,Misinformation & Propaganda,646,,-1.104685,5.526674,3.0331478118896484,"(np.float64(0.12156862745098039), np.float64(0.4666666666666667), np.float64(0.7058823529411765), np.float64(1.0))","T-1
3.03",False
all-MiniLM-L6-v2,-1,Misinformation & Propaganda,657,,3.031086,2.7837827,3.0331478118896484,"(np.float64(0.12156862745098039), np.float64(0.4666666666666667), np.float64(0.7058823529411765), np.float64(1.0))","T-1
3.03",False
all-MiniLM-L6-v2,-1,Misinformation & Propaganda,659,,3.5175328,2.8666506,3.0331478118896484,"(np.float64(0.12156862745098039), np.float64(0.4666666666666667), np.float64(0.7058823529411765), np.float64(1.0))","T-1
3.03",False
all-MiniLM-L6-v2,-1,Misinformation & Propaganda,660,,-0.47633883,4.976587,3.0331478118896484,"(np.float64(0.12156862745098039), np.float64(0.4666666666666667), np.float64(0.7058823529411765), np.float64(1.0))","T-1
3.03",False
all-MiniLM-L6-v2,-1,Misinformation & Propaganda,661,,-0.66614854,4.8617697,3.0331478118896484,"(np.float64(0.12156862745098039), np.float64(0.4666666666666667), np.float64(0.7058823529411765), np.float64(1.0))","T-1
3.03",False
all-MiniLM-L6-v2,-1,Misinformation & Propaganda,665,,-1.0540239,3.6786358,3.0331478118896484,"(np.float64(0.12156862745098039), np.float64(0.4666666666666667), np.float64(0.7058823529411765), np.float64(1.0))","T-1
3.03",False
all-MiniLM-L6-v2,-1,Misinformation & Propaganda,670,,2.5663,5.1156297,3.0331478118896484,"(np.float64(0.12156862745098039), np.float64(0.4666666666666667), np.float64(0.7058823529411765), np.float64(1.0))","T-1
3.03",False
all-MiniLM-L6-v2,-1,Misinformation & Propaganda,672,,0.5434576,6.611964,3.0331478118896484,"(np.float64(0.12156862745098039), np.float64(0.4666666666666667), np.float64(0.7058823529411765), np.float64(1.0))","T-1
3.03",False
all-MiniLM-L6-v2,-1,Misinformation & Propaganda,673,,-0.03295755,6.0033565,3.0331478118896484,"(np.float64(0.12156862745098039), np.float64(0.4666666666666667), np.float64(0.7058823529411765), np.float64(1.0))","T-1
3.03",False
all-MiniLM-L6-v2,-1,Misinformation & Propaganda,675,,-0.16648044,3.3550138,3.0331478118896484,"(np.float64(0.12156862745098039), np.float64(0.4666666666666667), np.float64(0.7058823529411765), np.float64(1.0))","T-1
3.03",False
all-MiniLM-L6-v2,-1,Misinformation & Propaganda,676,,-0.2349836,3.9048069,3.0331478118896484,"(np.float64(0.12156862745098039), np.float64(0.4666666666666667), np.float64(0.7058823529411765), np.float64(1.0))","T-1
3.03",False
all-MiniLM-L6-v2,-1,Misinformation & Propaganda,677,,0.8381023,4.4904795,3.0331478118896484,"(np.float64(0.12156862745098039), np.float64(0.4666666666666667), np.float64(0.7058823529411765), np.float64(1.0))","T-1
3.03",False
all-MiniLM-L6-v2,-1,Misinformation & Propaganda,678,,-1.8753772,3.8598053,3.0331478118896484,"(np.float64(0.12156862745098039), np.float64(0.4666666666666667), np.float64(0.7058823529411765), np.float64(1.0))","T-1
3.03",False
all-MiniLM-L6-v2,-1,Misinformation & Propaganda,679,,0.88090813,6.513031,3.0331478118896484,"(np.float64(0.12156862745098039), np.float64(0.4666666666666667), np.float64(0.7058823529411765), np.float64(1.0))","T-1
3.03",False
all-MiniLM-L6-v2,-1,Misinformation & Propaganda,682,,0.9302223,4.0423517,3.0331478118896484,"(np.float64(0.12156862745098039), np.float64(0.4666666666666667), np.float64(0.7058823529411765), np.float64(1.0))","T-1
3.03",False
all-MiniLM-L6-v2,-1,Misinformation & Propaganda,689,,0.4053983,5.3966646,3.0331478118896484,"(np.float64(0.12156862745098039), np.float64(0.4666666666666667), np.float64(0.7058823529411765), np.float64(1.0))","T-1
3.03",False
all-MiniLM-L6-v2,-1,Misinformation & Propaganda,691,,2.9821692,2.4815395,3.0331478118896484,"(np.float64(0.12156862745098039), np.float64(0.4666666666666667), np.float64(0.7058823529411765), np.float64(1.0))","T-1
3.03",False
all-MiniLM-L6-v2,-1,Misinformation & Propaganda,695,,2.9801936,5.964968,3.0331478118896484,"(np.float64(0.12156862745098039), np.float64(0.4666666666666667), np.float64(0.7058823529411765), np.float64(1.0))","T-1
3.03",False
all-MiniLM-L6-v2,-1,Misinformation & Propaganda,697,,0.1723333,3.4505746,3.0331478118896484,"(np.float64(0.12156862745098039), np.float64(0.4666666666666667), np.float64(0.7058823529411765), np.float64(1.0))","T-1
3.03",False
all-MiniLM-L6-v2,-1,Misinformation & Propaganda,699,,3.0263062,2.4346864,3.0331478118896484,"(np.float64(0.12156862745098039), np.float64(0.4666666666666667), np.float64(0.7058823529411765), np.float64(1.0))","T-1
3.03",False
all-MiniLM-L6-v2,-1,Misinformation & Propaganda,702,,-0.75983816,5.5364428,3.0331478118896484,"(np.float64(0.12156862745098039), np.float64(0.4666666666666667), np.float64(0.7058823529411765), np.float64(1.0))","T-1
3.03",False
all-MiniLM-L6-v2,-1,Misinformation & Propaganda,704,,-2.8827467,1.9875805,3.0331478118896484,"(np.float64(0.12156862745098039), np.float64(0.4666666666666667), np.float64(0.7058823529411765), np.float64(1.0))","T-1
3.03",False
all-MiniLM-L6-v2,-1,Misinformation & Propaganda,705,,3.1321945,5.549882,3.0331478118896484,"(np.float64(0.12156862745098039), np.float64(0.4666666666666667), np.float64(0.7058823529411765), np.float64(1.0))","T-1
3.03",False
all-MiniLM-L6-v2,-1,Misinformation & Propaganda,709,,-1.6174169,4.0419397,3.0331478118896484,"(np.float64(0.12156862745098039), np.float64(0.4666666666666667), np.float64(0.7058823529411765), np.float64(1.0))","T-1
3.03",False
all-MiniLM-L6-v2,-1,Misinformation & Propaganda,711,,-0.6081416,6.1253467,3.0331478118896484,"(np.float64(0.12156862745098039), np.float64(0.4666666666666667), np.float64(0.7058823529411765), np.float64(1.0))","T-1
3.03",False
all-MiniLM-L6-v2,-1,Misinformation & Propaganda,714,,-0.37403503,6.341531,3.0331478118896484,"(np.float64(0.12156862745098039), np.float64(0.4666666666666667), np.float64(0.7058823529411765), np.float64(1.0))","T-1
3.03",False
all-MiniLM-L6-v2,-1,Misinformation & Propaganda,715,,1.1462997,6.804153,3.0331478118896484,"(np.float64(0.12156862745098039), np.float64(0.4666666666666667), np.float64(0.7058823529411765), np.float64(1.0))","T-1
3.03",False
all-MiniLM-L6-v2,-1,Misinformation & Propaganda,718,,-1.1891273,4.867607,3.0331478118896484,"(np.float64(0.12156862745098039), np.float64(0.4666666666666667), np.float64(0.7058823529411765), np.float64(1.0))","T-1
3.03",False
all-MiniLM-L6-v2,-1,Misinformation & Propaganda,719,,-1.4096142,3.6145315,3.0331478118896484,"(np.float64(0.12156862745098039), np.float64(0.4666666666666667), np.float64(0.7058823529411765), np.float64(1.0))","T-1
3.03",False
all-MiniLM-L6-v2,-1,Misinformation & Propaganda,725,,-0.9599382,2.5408058,3.0331478118896484,"(np.float64(0.12156862745098039), np.float64(0.4666666666666667), np.float64(0.7058823529411765), np.float64(1.0))","T-1
3.03",False
all-MiniLM-L6-v2,-1,Misinformation & Propaganda,726,,-0.52898914,6.0818477,3.0331478118896484,"(np.float64(0.12156862745098039), np.float64(0.4666666666666667), np.float64(0.7058823529411765), np.float64(1.0))","T-1
3.03",False
all-MiniLM-L6-v2,-1,Misinformation & Propaganda,727,,3.4706135,5.6155043,3.0331478118896484,"(np.float64(0.12156862745098039), np.float64(0.4666666666666667), np.float64(0.7058823529411765), np.float64(1.0))","T-1
3.03",False
all-MiniLM-L6-v2,-1,Misinformation & Propaganda,730,,0.15852602,3.236056,3.0331478118896484,"(np.float64(0.12156862745098039), np.float64(0.4666666666666667), np.float64(0.7058823529411765), np.float64(1.0))","T-1
3.03",False
all-MiniLM-L6-v2,-1,Misinformation & Propaganda,736,,0.050323725,5.5306163,3.0331478118896484,"(np.float64(0.12156862745098039), np.float64(0.4666666666666667), np.float64(0.7058823529411765), np.float64(1.0))","T-1
3.03",False
all-MiniLM-L6-v2,-1,Misinformation & Propaganda,738,,2.1052554,5.44632,3.0331478118896484,"(np.float64(0.12156862745098039), np.float64(0.4666666666666667), np.float64(0.7058823529411765), np.float64(1.0))","T-1
3.03",False
all-MiniLM-L6-v2,-1,Misinformation & Propaganda,742,,2.9487238,5.676579,3.0331478118896484,"(np.float64(0.12156862745098039), np.float64(0.4666666666666667), np.float64(0.7058823529411765), np.float64(1.0))","T-1
3.03",False
all-MiniLM-L6-v2,-1,Misinformation & Propaganda,744,,1.3865778,4.9857383,3.0331478118896484,"(np.float64(0.12156862745098039), np.float64(0.4666666666666667), np.float64(0.7058823529411765), np.float64(1.0))","T-1
3.03",False
all-MiniLM-L6-v2,-1,Misinformation & Propaganda,748,,1.914922,3.0484278,3.0331478118896484,"(np.float64(0.12156862745098039), np.float64(0.4666666666666667), np.float64(0.7058823529411765), np.float64(1.0))","T-1
3.03",False
all-MiniLM-L6-v2,-1,Misinformation & Propaganda,758,,1.3461088,6.526547,3.0331478118896484,"(np.float64(0.12156862745098039), np.float64(0.4666666666666667), np.float64(0.7058823529411765), np.float64(1.0))","T-1
3.03",False
all-MiniLM-L6-v2,-1,Misinformation & Propaganda,761,,-1.4198653,4.02002,3.0331478118896484,"(np.float64(0.12156862745098039), np.float64(0.4666666666666667), np.float64(0.7058823529411765), np.float64(1.0))","T-1
3.03",False
all-MiniLM-L6-v2,-1,Misinformation & Propaganda,767,,-1.1178516,5.372361,3.0331478118896484,"(np.float64(0.12156862745098039), np.float64(0.4666666666666667), np.float64(0.7058823529411765), np.float64(1.0))","T-1
3.03",False
all-MiniLM-L6-v2,-1,Misinformation & Propaganda,768,,1.2467878,6.2152305,3.0331478118896484,"(np.float64(0.12156862745098039), np.float64(0.4666666666666667), np.float64(0.7058823529411765), np.float64(1.0))","T-1
3.03",False
all-MiniLM-L6-v2,-1,Misinformation & Propaganda,770,,-0.19089341,4.9921904,3.0331478118896484,"(np.float64(0.12156862745098039), np.float64(0.4666666666666667), np.float64(0.7058823529411765), np.float64(1.0))","T-1
3.03",False
all-MiniLM-L6-v2,-1,Misinformation & Propaganda,771,,1.8406116,2.7339048,3.0331478118896484,"(np.float64(0.12156862745098039), np.float64(0.4666666666666667), np.float64(0.7058823529411765), np.float64(1.0))","T-1
3.03",False
all-MiniLM-L6-v2,-1,Misinformation & Propaganda,779,,-0.40155643,4.6370997,3.0331478118896484,"(np.float64(0.12156862745098039), np.float64(0.4666666666666667), np.float64(0.7058823529411765), np.float64(1.0))","T-1
3.03",False
all-MiniLM-L6-v2,-1,Misinformation & Propaganda,781,,2.335187,6.7509375,3.0331478118896484,"(np.float64(0.12156862745098039), np.float64(0.4666666666666667), np.float64(0.7058823529411765), np.float64(1.0))","T-1
3.03",False
all-MiniLM-L6-v2,-1,Misinformation & Propaganda,785,,-0.8260893,3.151584,3.0331478118896484,"(np.float64(0.12156862745098039), np.float64(0.4666666666666667), np.float64(0.7058823529411765), np.float64(1.0))","T-1
3.03",False
all-MiniLM-L6-v2,-1,Misinformation & Propaganda,786,,1.1112982,6.362053,3.0331478118896484,"(np.float64(0.12156862745098039), np.float64(0.4666666666666667), np.float64(0.7058823529411765), np.float64(1.0))","T-1
3.03",False
all-MiniLM-L6-v2,-1,Misinformation & Propaganda,790,,-2.4164488,1.758484,3.0331478118896484,"(np.float64(0.12156862745098039), np.float64(0.4666666666666667), np.float64(0.7058823529411765), np.float64(1.0))","T-1
3.03",False
all-MiniLM-L6-v2,-1,Misinformation & Propaganda,797,,3.794895,4.6718044,3.0331478118896484,"(np.float64(0.12156862745098039), np.float64(0.4666666666666667), np.float64(0.7058823529411765), np.float64(1.0))","T-1
3.03",False
all-MiniLM-L6-v2,-1,Misinformation & Propaganda,801,,-1.77735,4.349886,3.0331478118896484,"(np.float64(0.12156862745098039), np.float64(0.4666666666666667), np.float64(0.7058823529411765), np.float64(1.0))","T-1
3.03",False
all-MiniLM-L6-v2,-1,Misinformation & Propaganda,803,,1.5513058,4.4988246,3.0331478118896484,"(np.float64(0.12156862745098039), np.float64(0.4666666666666667), np.float64(0.7058823529411765), np.float64(1.0))","T-1
3.03",False
all-MiniLM-L6-v2,-1,Misinformation & Propaganda,805,,3.3718798,3.0768287,3.0331478118896484,"(np.float64(0.12156862745098039), np.float64(0.4666666666666667), np.float64(0.7058823529411765), np.float64(1.0))","T-1
3.03",False
all-MiniLM-L6-v2,-1,Misinformation & Propaganda,806,,3.028099,2.9946306,3.0331478118896484,"(np.float64(0.12156862745098039), np.float64(0.4666666666666667), np.float64(0.7058823529411765), np.float64(1.0))","T-1
3.03",False
all-MiniLM-L6-v2,-1,Misinformation & Propaganda,808,,3.1066308,2.9695272,3.0331478118896484,"(np.float64(0.12156862745098039), np.float64(0.4666666666666667), np.float64(0.7058823529411765), np.float64(1.0))","T-1
3.03",False
all-MiniLM-L6-v2,-1,Misinformation & Propaganda,810,,2.9684925,3.0444832,3.0331478118896484,"(np.float64(0.12156862745098039), np.float64(0.4666666666666667), np.float64(0.7058823529411765), np.float64(1.0))","T-1
3.03",False
all-MiniLM-L6-v2,-1,Misinformation & Propaganda,811,,1.775783,4.363725,3.0331478118896484,"(np.float64(0.12156862745098039), np.float64(0.4666666666666667), np.float64(0.7058823529411765), np.float64(1.0))","T-1
3.03",False
all-MiniLM-L6-v2,-1,Misinformation & Propaganda,812,,1.7306764,4.9355755,3.0331478118896484,"(np.float64(0.12156862745098039), np.float64(0.4666666666666667), np.float64(0.7058823529411765), np.float64(1.0))","T-1
3.03",False
all-MiniLM-L6-v2,-1,Misinformation & Propaganda,817,,4.312072,3.9024248,3.0331478118896484,"(np.float64(0.12156862745098039), np.float64(0.4666666666666667), np.float64(0.7058823529411765), np.float64(1.0))","T-1
3.03",False
all-MiniLM-L6-v2,-1,Misinformation & Propaganda,825,,3.1377919,3.5472841,3.0331478118896484,"(np.float64(0.12156862745098039), np.float64(0.4666666666666667), np.float64(0.7058823529411765), np.float64(1.0))","T-1
3.03",False
all-MiniLM-L6-v2,-1,Misinformation & Propaganda,827,,3.4694161,3.052134,3.0331478118896484,"(np.float64(0.12156862745098039), np.float64(0.4666666666666667), np.float64(0.7058823529411765), np.float64(1.0))","T-1
3.03",False
all-MiniLM-L6-v2,-1,Misinformation & Propaganda,832,,-1.2345967,3.0347297,3.0331478118896484,"(np.float64(0.12156862745098039), np.float64(0.4666666666666667), np.float64(0.7058823529411765), np.float64(1.0))","T-1
3.03",False
all-MiniLM-L6-v2,-1,Misinformation & Propaganda,834,,1.9845716,5.963409,3.0331478118896484,"(np.float64(0.12156862745098039), np.float64(0.4666666666666667), np.float64(0.7058823529411765), np.float64(1.0))","T-1
3.03",False
all-MiniLM-L6-v2,-1,Misinformation & Propaganda,835,,0.9839454,4.12838,3.0331478118896484,"(np.float64(0.12156862745098039), np.float64(0.4666666666666667), np.float64(0.7058823529411765), np.float64(1.0))","T-1
3.03",False
all-MiniLM-L6-v2,-1,Misinformation & Propaganda,836,,2.151311,6.897499,3.0331478118896484,"(np.float64(0.12156862745098039), np.float64(0.4666666666666667), np.float64(0.7058823529411765), np.float64(1.0))","T-1
3.03",False
all-MiniLM-L6-v2,-1,Misinformation & Propaganda,837,,1.6059823,4.346035,3.0331478118896484,"(np.float64(0.12156862745098039), np.float64(0.4666666666666667), np.float64(0.7058823529411765), np.float64(1.0))","T-1
3.03",False
all-MiniLM-L6-v2,-1,Misinformation & Propaganda,845,,1.3868928,4.605779,3.0331478118896484,"(np.float64(0.12156862745098039), np.float64(0.4666666666666667), np.float64(0.7058823529411765), np.float64(1.0))","T-1
3.03",False
all-MiniLM-L6-v2,-1,Misinformation & Propaganda,846,,2.2998652,5.652641,3.0331478118896484,"(np.float64(0.12156862745098039), np.float64(0.4666666666666667), np.float64(0.7058823529411765), np.float64(1.0))","T-1
3.03",False
all-MiniLM-L6-v2,-1,Misinformation & Propaganda,848,,-1.54401,3.6519535,3.0331478118896484,"(np.float64(0.12156862745098039), np.float64(0.4666666666666667), np.float64(0.7058823529411765), np.float64(1.0))","T-1
3.03",False
all-MiniLM-L6-v2,-1,Misinformation & Propaganda,849,,-1.0458754,5.08052,3.0331478118896484,"(np.float64(0.12156862745098039), np.float64(0.4666666666666667), np.float64(0.7058823529411765), np.float64(1.0))","T-1
3.03",False
all-MiniLM-L6-v2,-1,Misinformation & Propaganda,850,,3.9006767,4.6422577,3.0331478118896484,"(np.float64(0.12156862745098039), np.float64(0.4666666666666667), np.float64(0.7058823529411765), np.float64(1.0))","T-1
3.03",False
all-MiniLM-L6-v2,-1,Misinformation & Propaganda,851,,-2.1590989,2.1366732,3.0331478118896484,"(np.float64(0.12156862745098039), np.float64(0.4666666666666667), np.float64(0.7058823529411765), np.float64(1.0))","T-1
3.03",False
all-MiniLM-L6-v2,-1,Misinformation & Propaganda,856,,3.088977,2.9753747,3.0331478118896484,"(np.float64(0.12156862745098039), np.float64(0.4666666666666667), np.float64(0.7058823529411765), np.float64(1.0))","T-1
3.03",False
all-MiniLM-L6-v2,-1,Misinformation & Propaganda,858,,-0.25225514,3.1529481,3.0331478118896484,"(np.float64(0.12156862745098039), np.float64(0.4666666666666667), np.float64(0.7058823529411765), np.float64(1.0))","T-1
3.03",False
all-MiniLM-L6-v2,-1,Misinformation & Propaganda,861,,1.6132553,4.1752973,3.0331478118896484,"(np.float64(0.12156862745098039), np.float64(0.4666666666666667), np.float64(0.7058823529411765), np.float64(1.0))","T-1
3.03",False
all-MiniLM-L6-v2,-1,Misinformation & Propaganda,864,,2.3157442,4.2916203,3.0331478118896484,"(np.float64(0.12156862745098039), np.float64(0.4666666666666667), np.float64(0.7058823529411765), np.float64(1.0))","T-1
3.03",False
all-MiniLM-L6-v2,-1,Misinformation & Propaganda,867,,3.9112267,4.244083,3.0331478118896484,"(np.float64(0.12156862745098039), np.float64(0.4666666666666667), np.float64(0.7058823529411765), np.float64(1.0))","T-1
3.03",False
all-MiniLM-L6-v2,-1,Misinformation & Propaganda,873,,2.8251069,7.8111353,3.0331478118896484,"(np.float64(0.12156862745098039), np.float64(0.4666666666666667), np.float64(0.7058823529411765), np.float64(1.0))","T-1
3.03",False
all-MiniLM-L6-v2,-1,Misinformation & Propaganda,877,,0.15464717,6.1771917,3.0331478118896484,"(np.float64(0.12156862745098039), np.float64(0.4666666666666667), np.float64(0.7058823529411765), np.float64(1.0))","T-1
3.03",False
all-MiniLM-L6-v2,-1,Misinformation & Propaganda,878,,0.6185138,3.8788853,3.0331478118896484,"(np.float64(0.12156862745098039), np.float64(0.4666666666666667), np.float64(0.7058823529411765), np.float64(1.0))","T-1
3.03",False
all-MiniLM-L6-v2,-1,Misinformation & Propaganda,883,,1.4414468,4.377796,3.0331478118896484,"(np.float64(0.12156862745098039), np.float64(0.4666666666666667), np.float64(0.7058823529411765), np.float64(1.0))","T-1
3.03",False
all-MiniLM-L6-v2,-1,Misinformation & Propaganda,885,,0.47563946,6.249383,3.0331478118896484,"(np.float64(0.12156862745098039), np.float64(0.4666666666666667), np.float64(0.7058823529411765), np.float64(1.0))","T-1
3.03",False
all-MiniLM-L6-v2,-1,Misinformation & Propaganda,892,,1.0433613,4.98717,3.0331478118896484,"(np.float64(0.12156862745098039), np.float64(0.4666666666666667), np.float64(0.7058823529411765), np.float64(1.0))","T-1
3.03",False
all-MiniLM-L6-v2,-1,Misinformation & Propaganda,899,,1.9917375,2.972288,3.0331478118896484,"(np.float64(0.12156862745098039), np.float64(0.4666666666666667), np.float64(0.7058823529411765), np.float64(1.0))","T-1
3.03",False
all-MiniLM-L6-v2,-1,Misinformation & Propaganda,903,,-0.4534215,5.9896827,3.0331478118896484,"(np.float64(0.12156862745098039), np.float64(0.4666666666666667), np.float64(0.7058823529411765), np.float64(1.0))","T-1
3.03",False
all-MiniLM-L6-v2,-1,Misinformation & Propaganda,905,,1.0372014,5.6311283,3.0331478118896484,"(np.float64(0.12156862745098039), np.float64(0.4666666666666667), np.float64(0.7058823529411765), np.float64(1.0))","T-1
3.03",False
all-MiniLM-L6-v2,-1,Misinformation & Propaganda,916,,2.6438189,5.1188145,3.0331478118896484,"(np.float64(0.12156862745098039), np.float64(0.4666666666666667), np.float64(0.7058823529411765), np.float64(1.0))","T-1
3.03",False
all-MiniLM-L6-v2,-1,Misinformation & Propaganda,917,,-0.34947518,4.8840737,3.0331478118896484,"(np.float64(0.12156862745098039), np.float64(0.4666666666666667), np.float64(0.7058823529411765), np.float64(1.0))","T-1
3.03",False
all-MiniLM-L6-v2,-1,Misinformation & Propaganda,922,,3.9251657,4.608252,3.0331478118896484,"(np.float64(0.12156862745098039), np.float64(0.4666666666666667), np.float64(0.7058823529411765), np.float64(1.0))","T-1
3.03",False
all-MiniLM-L6-v2,-1,Misinformation & Propaganda,927,,3.7449136,3.4249227,3.0331478118896484,"(np.float64(0.12156862745098039), np.float64(0.4666666666666667), np.float64(0.7058823529411765), np.float64(1.0))","T-1
3.03",False
all-MiniLM-L6-v2,-1,Misinformation & Propaganda,932,,3.3610556,5.835053,3.0331478118896484,"(np.float64(0.12156862745098039), np.float64(0.4666666666666667), np.float64(0.7058823529411765), np.float64(1.0))","T-1
3.03",False
all-MiniLM-L6-v2,-1,Misinformation & Propaganda,939,,3.9595513,5.062366,3.0331478118896484,"(np.float64(0.12156862745098039), np.float64(0.4666666666666667), np.float64(0.7058823529411765), np.float64(1.0))","T-1
3.03",False
all-MiniLM-L6-v2,-1,Misinformation & Propaganda,940,,0.35337502,5.8848085,3.0331478118896484,"(np.float64(0.12156862745098039), np.float64(0.4666666666666667), np.float64(0.7058823529411765), np.float64(1.0))","T-1
3.03",False
all-MiniLM-L6-v2,-1,Misinformation & Propaganda,941,,4.0540037,5.141878,3.0331478118896484,"(np.float64(0.12156862745098039), np.float64(0.4666666666666667), np.float64(0.7058823529411765), np.float64(1.0))","T-1
3.03",False
all-MiniLM-L6-v2,-1,Misinformation & Propaganda,945,,4.208,5.2422023,3.0331478118896484,"(np.float64(0.12156862745098039), np.float64(0.4666666666666667), np.float64(0.7058823529411765), np.float64(1.0))","T-1
3.03",False
all-MiniLM-L6-v2,-1,Misinformation & Propaganda,951,,2.7210295,2.5032048,3.0331478118896484,"(np.float64(0.12156862745098039), np.float64(0.4666666666666667), np.float64(0.7058823529411765), np.float64(1.0))","T-1
3.03",False
all-MiniLM-L6-v2,-1,Misinformation & Propaganda,955,,3.589677,4.7206454,3.0331478118896484,"(np.float64(0.12156862745098039), np.float64(0.4666666666666667), np.float64(0.7058823529411765), np.float64(1.0))","T-1
3.03",False
all-MiniLM-L6-v2,-1,Misinformation & Propaganda,959,,3.5676258,5.2380767,3.0331478118896484,"(np.float64(0.12156862745098039), np.float64(0.4666666666666667), np.float64(0.7058823529411765), np.float64(1.0))","T-1
3.03",False
all-MiniLM-L6-v2,-1,Misinformation & Propaganda,962,,3.7343688,5.538724,3.0331478118896484,"(np.float64(0.12156862745098039), np.float64(0.4666666666666667), np.float64(0.7058823529411765), np.float64(1.0))","T-1
3.03",False
all-MiniLM-L6-v2,-1,Misinformation & Propaganda,963,,3.6076262,5.212838,3.0331478118896484,"(np.float64(0.12156862745098039), np.float64(0.4666666666666667), np.float64(0.7058823529411765), np.float64(1.0))","T-1
3.03",False
all-MiniLM-L6-v2,-1,Misinformation & Propaganda,964,,3.871161,5.098048,3.0331478118896484,"(np.float64(0.12156862745098039), np.float64(0.4666666666666667), np.float64(0.7058823529411765), np.float64(1.0))","T-1
3.03",False
all-MiniLM-L6-v2,-1,Misinformation & Propaganda,968,,3.9179642,4.832345,3.0331478118896484,"(np.float64(0.12156862745098039), np.float64(0.4666666666666667), np.float64(0.7058823529411765), np.float64(1.0))","T-1
3.03",False
all-MiniLM-L6-v2,-1,Misinformation & Propaganda,970,,3.7906497,4.8612337,3.0331478118896484,"(np.float64(0.12156862745098039), np.float64(0.4666666666666667), np.float64(0.7058823529411765), np.float64(1.0))","T-1
3.03",False
all-MiniLM-L6-v2,-1,Misinformation & Propaganda,971,,3.8157284,5.149624,3.0331478118896484,"(np.float64(0.12156862745098039), np.float64(0.4666666666666667), np.float64(0.7058823529411765), np.float64(1.0))","T-1
3.03",False
all-MiniLM-L6-v2,-1,Misinformation & Propaganda,974,,3.9790962,4.920167,3.0331478118896484,"(np.float64(0.12156862745098039), np.float64(0.4666666666666667), np.float64(0.7058823529411765), np.float64(1.0))","T-1
3.03",False
all-MiniLM-L6-v2,-1,Misinformation & Propaganda,977,,4.0549994,4.991152,3.0331478118896484,"(np.float64(0.12156862745098039), np.float64(0.4666666666666667), np.float64(0.7058823529411765), np.float64(1.0))","T-1
3.03",False
all-MiniLM-L6-v2,-1,Misinformation & Propaganda,980,,3.6784296,4.9462185,3.0331478118896484,"(np.float64(0.12156862745098039), np.float64(0.4666666666666667), np.float64(0.7058823529411765), np.float64(1.0))","T-1
3.03",False
all-MiniLM-L6-v2,0,Misinformation & Propaganda,102,,2.745564,6.712539,0.47797539830207825,"(np.float64(0.6823529411764706), np.float64(0.7803921568627451), np.float64(0.9098039215686274), np.float64(1.0))","T0
0.48",False
all-MiniLM-L6-v2,0,Misinformation & Propaganda,113,,1.5381099,6.9597673,0.47797539830207825,"(np.float64(0.6823529411764706), np.float64(0.7803921568627451), np.float64(0.9098039215686274), np.float64(1.0))","T0
0.48",False
all-MiniLM-L6-v2,0,Misinformation & Propaganda,285,,2.3272018,6.9519677,0.47797539830207825,"(np.float64(0.6823529411764706), np.float64(0.7803921568627451), np.float64(0.9098039215686274), np.float64(1.0))","T0
0.48",False
all-MiniLM-L6-v2,0,Misinformation & Propaganda,298,,2.5153491,6.856226,0.47797539830207825,"(np.float64(0.6823529411764706), np.float64(0.7803921568627451), np.float64(0.9098039215686274), np.float64(1.0))","T0
0.48",False
all-MiniLM-L6-v2,0,Misinformation & Propaganda,301,,2.6626043,6.60415,0.47797539830207825,"(np.float64(0.6823529411764706), np.float64(0.7803921568627451), np.float64(0.9098039215686274), np.float64(1.0))","T0
0.48",False
all-MiniLM-L6-v2,0,Misinformation & Propaganda,305,,2.655054,6.4715176,0.47797539830207825,"(np.float64(0.6823529411764706), np.float64(0.7803921568627451), np.float64(0.9098039215686274), np.float64(1.0))","T0
0.48",False
all-MiniLM-L6-v2,0,Misinformation & Propaganda,306,,2.9420664,6.845998,0.47797539830207825,"(np.float64(0.6823529411764706), np.float64(0.7803921568627451), np.float64(0.9098039215686274), np.float64(1.0))","T0
0.48",False
all-MiniLM-L6-v2,0,Misinformation & Propaganda,341,,1.9899707,6.8920484,0.47797539830207825,"(np.float64(0.6823529411764706), np.float64(0.7803921568627451), np.float64(0.9098039215686274), np.float64(1.0))","T0
0.48",False
all-MiniLM-L6-v2,0,Misinformation & Propaganda,391,,1.9610875,6.828268,0.47797539830207825,"(np.float64(0.6823529411764706), np.float64(0.7803921568627451), np.float64(0.9098039215686274), np.float64(1.0))","T0
0.48",False
all-MiniLM-L6-v2,0,Misinformation & Propaganda,449,,2.5326111,6.644395,0.47797539830207825,"(np.float64(0.6823529411764706), np.float64(0.7803921568627451), np.float64(0.9098039215686274), np.float64(1.0))","T0
0.48",False
all-MiniLM-L6-v2,0,Misinformation & Propaganda,450,,2.2725854,6.8507776,0.47797539830207825,"(np.float64(0.6823529411764706), np.float64(0.7803921568627451), np.float64(0.9098039215686274), np.float64(1.0))","T0
0.48",False
all-MiniLM-L6-v2,0,Misinformation & Propaganda,454,,2.0905602,6.8443184,0.47797539830207825,"(np.float64(0.6823529411764706), np.float64(0.7803921568627451), np.float64(0.9098039215686274), np.float64(1.0))","T0
0.48",False
all-MiniLM-L6-v2,0,Misinformation & Propaganda,466,,2.1072576,6.72097,0.47797539830207825,"(np.float64(0.6823529411764706), np.float64(0.7803921568627451), np.float64(0.9098039215686274), np.float64(1.0))","T0
0.48",False
all-MiniLM-L6-v2,0,Misinformation & Propaganda,505,,2.1956425,6.7354846,0.47797539830207825,"(np.float64(0.6823529411764706), np.float64(0.7803921568627451), np.float64(0.9098039215686274), np.float64(1.0))","T0
0.48",False
all-MiniLM-L6-v2,0,Misinformation & Propaganda,530,,2.3508823,6.8120956,0.47797539830207825,"(np.float64(0.6823529411764706), np.float64(0.7803921568627451), np.float64(0.9098039215686274), np.float64(1.0))","T0
0.48",False
all-MiniLM-L6-v2,0,Misinformation & Propaganda,550,,1.8412758,6.8730645,0.47797539830207825,"(np.float64(0.6823529411764706), np.float64(0.7803921568627451), np.float64(0.9098039215686274), np.float64(1.0))","T0
0.48",False
all-MiniLM-L6-v2,0,Misinformation & Propaganda,572,,2.080918,6.71625,0.47797539830207825,"(np.float64(0.6823529411764706), np.float64(0.7803921568627451), np.float64(0.9098039215686274), np.float64(1.0))","T0
0.48",False
all-MiniLM-L6-v2,0,Misinformation & Propaganda,591,,2.5759544,6.714386,0.47797539830207825,"(np.float64(0.6823529411764706), np.float64(0.7803921568627451), np.float64(0.9098039215686274), np.float64(1.0))","T0
0.48",False
all-MiniLM-L6-v2,0,Misinformation & Propaganda,632,,2.0369036,6.9530916,0.47797539830207825,"(np.float64(0.6823529411764706), np.float64(0.7803921568627451), np.float64(0.9098039215686274), np.float64(1.0))","T0
0.48",False
all-MiniLM-L6-v2,0,Misinformation & Propaganda,651,,2.857946,6.8085127,0.47797539830207825,"(np.float64(0.6823529411764706), np.float64(0.7803921568627451), np.float64(0.9098039215686274), np.float64(1.0))","T0
0.48",False
all-MiniLM-L6-v2,0,Misinformation & Propaganda,687,,2.5675097,6.615593,0.47797539830207825,"(np.float64(0.6823529411764706), np.float64(0.7803921568627451), np.float64(0.9098039215686274), np.float64(1.0))","T0
0.48",False
all-MiniLM-L6-v2,0,Misinformation & Propaganda,708,,2.1573935,6.9121957,0.47797539830207825,"(np.float64(0.6823529411764706), np.float64(0.7803921568627451), np.float64(0.9098039215686274), np.float64(1.0))","T0
0.48",False
all-MiniLM-L6-v2,0,Misinformation & Propaganda,731,,2.1355996,6.763665,0.47797539830207825,"(np.float64(0.6823529411764706), np.float64(0.7803921568627451), np.float64(0.9098039215686274), np.float64(1.0))","T0
0.48",False
all-MiniLM-L6-v2,0,Misinformation & Propaganda,733,,1.6291132,6.9182386,0.47797539830207825,"(np.float64(0.6823529411764706), np.float64(0.7803921568627451), np.float64(0.9098039215686274), np.float64(1.0))","T0
0.48",False
all-MiniLM-L6-v2,0,Misinformation & Propaganda,829,,2.2776825,6.339163,0.47797539830207825,"(np.float64(0.6823529411764706), np.float64(0.7803921568627451), np.float64(0.9098039215686274), np.float64(1.0))","T0
0.48",False
all-MiniLM-L6-v2,1,Fact-Checking & Verification,3,,2.5187316,1.6987977,0.3553304374217987,"(np.float64(1.0), np.float64(0.4980392156862745), np.float64(0.054901960784313725), np.float64(1.0))","T1
0.36",False
all-MiniLM-L6-v2,1,Fact-Checking & Verification,23,,2.5277665,1.7241071,0.3553304374217987,"(np.float64(1.0), np.float64(0.4980392156862745), np.float64(0.054901960784313725), np.float64(1.0))","T1
0.36",False
all-MiniLM-L6-v2,1,Fact-Checking & Verification,87,,2.5051942,1.7080277,0.3553304374217987,"(np.float64(1.0), np.float64(0.4980392156862745), np.float64(0.054901960784313725), np.float64(1.0))","T1
0.36",False
all-MiniLM-L6-v2,1,Fact-Checking & Verification,176,,2.5064363,1.6630832,0.3553304374217987,"(np.float64(1.0), np.float64(0.4980392156862745), np.float64(0.054901960784313725), np.float64(1.0))","T1
0.36",False
all-MiniLM-L6-v2,1,Fact-Checking & Verification,195,,2.8774083,1.9241117,0.3553304374217987,"(np.float64(1.0), np.float64(0.4980392156862745), np.float64(0.054901960784313725), np.float64(1.0))","T1
0.36",False
all-MiniLM-L6-v2,1,Fact-Checking & Verification,196,,2.6040475,1.8076197,0.3553304374217987,"(np.float64(1.0), np.float64(0.4980392156862745), np.float64(0.054901960784313725), np.float64(1.0))","T1
0.36",False
all-MiniLM-L6-v2,1,Fact-Checking & Verification,203,,2.7434278,2.1499577,0.3553304374217987,"(np.float64(1.0), np.float64(0.4980392156862745), np.float64(0.054901960784313725), np.float64(1.0))","T1
0.36",False
all-MiniLM-L6-v2,1,Fact-Checking & Verification,205,,3.0818303,1.978776,0.3553304374217987,"(np.float64(1.0), np.float64(0.4980392156862745), np.float64(0.054901960784313725), np.float64(1.0))","T1
0.36",False
all-MiniLM-L6-v2,1,Fact-Checking & Verification,214,,3.2078187,1.7739329,0.3553304374217987,"(np.float64(1.0), np.float64(0.4980392156862745), np.float64(0.054901960784313725), np.float64(1.0))","T1
0.36",False
all-MiniLM-L6-v2,1,Fact-Checking & Verification,228,,2.5946229,1.7914883,0.3553304374217987,"(np.float64(1.0), np.float64(0.4980392156862745), np.float64(0.054901960784313725), np.float64(1.0))","T1
0.36",False
all-MiniLM-L6-v2,1,Fact-Checking & Verification,232,,2.5637746,2.1093135,0.3553304374217987,"(np.float64(1.0), np.float64(0.4980392156862745), np.float64(0.054901960784313725), np.float64(1.0))","T1
0.36",False
all-MiniLM-L6-v2,1,Fact-Checking & Verification,237,,2.8495998,2.0860016,0.3553304374217987,"(np.float64(1.0), np.float64(0.4980392156862745), np.float64(0.054901960784313725), np.float64(1.0))","T1
0.36",False
all-MiniLM-L6-v2,1,Fact-Checking & Verification,239,,2.7687018,1.9944638,0.3553304374217987,"(np.float64(1.0), np.float64(0.4980392156862745), np.float64(0.054901960784313725), np.float64(1.0))","T1
0.36",False
all-MiniLM-L6-v2,1,Fact-Checking & Verification,240,,2.621662,1.8934654,0.3553304374217987,"(np.float64(1.0), np.float64(0.4980392156862745), np.float64(0.054901960784313725), np.float64(1.0))","T1
0.36",False
all-MiniLM-L6-v2,1,Fact-Checking & Verification,394,,2.6063373,1.7893891,0.3553304374217987,"(np.float64(1.0), np.float64(0.4980392156862745), np.float64(0.054901960784313725), np.float64(1.0))","T1
0.36",False
all-MiniLM-L6-v2,1,Fact-Checking & Verification,406,,2.3762548,1.8486106,0.3553304374217987,"(np.float64(1.0), np.float64(0.4980392156862745), np.float64(0.054901960784313725), np.float64(1.0))","T1
0.36",False
all-MiniLM-L6-v2,1,Fact-Checking & Verification,445,,2.743562,2.0063763,0.3553304374217987,"(np.float64(1.0), np.float64(0.4980392156862745), np.float64(0.054901960784313725), np.float64(1.0))","T1
0.36",False
all-MiniLM-L6-v2,1,Fact-Checking & Verification,541,,2.5594184,2.3174515,0.3553304374217987,"(np.float64(1.0), np.float64(0.4980392156862745), np.float64(0.054901960784313725), np.float64(1.0))","T1
0.36",False
all-MiniLM-L6-v2,1,Fact-Checking & Verification,556,,2.4801285,1.85042,0.3553304374217987,"(np.float64(1.0), np.float64(0.4980392156862745), np.float64(0.054901960784313725), np.float64(1.0))","T1
0.36",False
all-MiniLM-L6-v2,1,Fact-Checking & Verification,668,,2.5208526,2.0791667,0.3553304374217987,"(np.float64(1.0), np.float64(0.4980392156862745), np.float64(0.054901960784313725), np.float64(1.0))","T1
0.36",False
all-MiniLM-L6-v2,1,Fact-Checking & Verification,759,,3.1601183,1.8721074,0.3553304374217987,"(np.float64(1.0), np.float64(0.4980392156862745), np.float64(0.054901960784313725), np.float64(1.0))","T1
0.36",False
all-MiniLM-L6-v2,1,Fact-Checking & Verification,826,,2.5088694,1.6861012,0.3553304374217987,"(np.float64(1.0), np.float64(0.4980392156862745), np.float64(0.054901960784313725), np.float64(1.0))","T1
0.36",False
all-MiniLM-L6-v2,2,"discovery, truth",66,,4.658834,3.6011088,0.5469659566879272,"(np.float64(1.0), np.float64(0.7333333333333333), np.float64(0.47058823529411764), np.float64(1.0))","T2
0.55",False
all-MiniLM-L6-v2,2,"discovery, truth",262,,4.6713686,3.5937119,0.5469659566879272,"(np.float64(1.0), np.float64(0.7333333333333333), np.float64(0.47058823529411764), np.float64(1.0))","T2
0.55",False
all-MiniLM-L6-v2,2,"discovery, truth",520,,4.6944585,3.643019,0.5469659566879272,"(np.float64(1.0), np.float64(0.7333333333333333), np.float64(0.47058823529411764), np.float64(1.0))","T2
0.55",False
all-MiniLM-L6-v2,2,"discovery, truth",579,,4.5589213,3.4046586,0.5469659566879272,"(np.float64(1.0), np.float64(0.7333333333333333), np.float64(0.47058823529411764), np.float64(1.0))","T2
0.55",False
all-MiniLM-L6-v2,2,"discovery, truth",586,,4.600645,3.813881,0.5469659566879272,"(np.float64(1.0), np.float64(0.7333333333333333), np.float64(0.47058823529411764), np.float64(1.0))","T2
0.55",False
all-MiniLM-L6-v2,2,"discovery, truth",769,,4.536466,3.8190317,0.5469659566879272,"(np.float64(1.0), np.float64(0.7333333333333333), np.float64(0.47058823529411764), np.float64(1.0))","T2
0.55",False
all-MiniLM-L6-v2,2,"discovery, truth",772,,4.105869,3.8399773,0.5469659566879272,"(np.float64(1.0), np.float64(0.7333333333333333), np.float64(0.47058823529411764), np.float64(1.0))","T2
0.55",False
all-MiniLM-L6-v2,2,"discovery, truth",853,,4.7471333,3.7818396,0.5469659566879272,"(np.float64(1.0), np.float64(0.7333333333333333), np.float64(0.47058823529411764), np.float64(1.0))","T2
0.55",False
all-MiniLM-L6-v2,2,"discovery, truth",872,,4.744247,3.7114382,0.5469659566879272,"(np.float64(1.0), np.float64(0.7333333333333333), np.float64(0.47058823529411764), np.float64(1.0))","T2
0.55",False
all-MiniLM-L6-v2,2,"discovery, truth",886,,4.637438,3.5364199,0.5469659566879272,"(np.float64(1.0), np.float64(0.7333333333333333), np.float64(0.47058823529411764), np.float64(1.0))","T2
0.55",False
all-MiniLM-L6-v2,2,"discovery, truth",888,,4.5705814,3.5576653,0.5469659566879272,"(np.float64(1.0), np.float64(0.7333333333333333), np.float64(0.47058823529411764), np.float64(1.0))","T2
0.55",False
all-MiniLM-L6-v2,2,"discovery, truth",893,,4.6572695,3.6251698,0.5469659566879272,"(np.float64(1.0), np.float64(0.7333333333333333), np.float64(0.47058823529411764), np.float64(1.0))","T2
0.55",False
all-MiniLM-L6-v2,2,"discovery, truth",895,,4.81121,3.7653272,0.5469659566879272,"(np.float64(1.0), np.float64(0.7333333333333333), np.float64(0.47058823529411764), np.float64(1.0))","T2
0.55",False
all-MiniLM-L6-v2,2,"discovery, truth",897,,4.7580223,3.7428455,0.5469659566879272,"(np.float64(1.0), np.float64(0.7333333333333333), np.float64(0.47058823529411764), np.float64(1.0))","T2
0.55",False
all-MiniLM-L6-v2,2,"discovery, truth",898,,4.4675527,3.6436172,0.5469659566879272,"(np.float64(1.0), np.float64(0.7333333333333333), np.float64(0.47058823529411764), np.float64(1.0))","T2
0.55",False
all-MiniLM-L6-v2,2,"discovery, truth",900,,4.7672663,3.6756332,0.5469659566879272,"(np.float64(1.0), np.float64(0.7333333333333333), np.float64(0.47058823529411764), np.float64(1.0))","T2
0.55",False
all-MiniLM-L6-v2,2,"discovery, truth",909,,4.774243,3.765285,0.5469659566879272,"(np.float64(1.0), np.float64(0.7333333333333333), np.float64(0.47058823529411764), np.float64(1.0))","T2
0.55",False
all-MiniLM-L6-v2,2,"discovery, truth",914,,4.6601963,3.595517,0.5469659566879272,"(np.float64(1.0), np.float64(0.7333333333333333), np.float64(0.47058823529411764), np.float64(1.0))","T2
0.55",False
all-MiniLM-L6-v2,2,"discovery, truth",931,,4.789293,3.7824981,0.5469659566879272,"(np.float64(1.0), np.float64(0.7333333333333333), np.float64(0.47058823529411764), np.float64(1.0))","T2
0.55",False
all-MiniLM-L6-v2,2,"discovery, truth",935,,4.044974,3.7017193,0.5469659566879272,"(np.float64(1.0), np.float64(0.7333333333333333), np.float64(0.47058823529411764), np.float64(1.0))","T2
0.55",False
all-MiniLM-L6-v2,2,"discovery, truth",956,,2.3723803,5.970446,0.5469659566879272,"(np.float64(1.0), np.float64(0.7333333333333333), np.float64(0.47058823529411764), np.float64(1.0))","T2
0.55",False
all-MiniLM-L6-v2,3,"fact, checking",78,,3.8279352,2.044549,0.3232775628566742,"(np.float64(0.17254901960784313), np.float64(0.6274509803921569), np.float64(0.17254901960784313), np.float64(1.0))","T3
0.32",False
all-MiniLM-L6-v2,3,"fact, checking",81,,3.827645,2.2494843,0.3232775628566742,"(np.float64(0.17254901960784313), np.float64(0.6274509803921569), np.float64(0.17254901960784313), np.float64(1.0))","T3
0.32",False
all-MiniLM-L6-v2,3,"fact, checking",381,,3.552179,2.3282275,0.3232775628566742,"(np.float64(0.17254901960784313), np.float64(0.6274509803921569), np.float64(0.17254901960784313), np.float64(1.0))","T3
0.32",False
all-MiniLM-L6-v2,3,"fact, checking",443,,3.9352415,2.0588,0.3232775628566742,"(np.float64(0.17254901960784313), np.float64(0.6274509803921569), np.float64(0.17254901960784313), np.float64(1.0))","T3
0.32",False
all-MiniLM-L6-v2,3,"fact, checking",444,,3.4992597,2.5358768,0.3232775628566742,"(np.float64(0.17254901960784313), np.float64(0.6274509803921569), np.float64(0.17254901960784313), np.float64(1.0))","T3
0.32",False
all-MiniLM-L6-v2,3,"fact, checking",558,,3.6831625,2.0666807,0.3232775628566742,"(np.float64(0.17254901960784313), np.float64(0.6274509803921569), np.float64(0.17254901960784313), np.float64(1.0))","T3
0.32",False
all-MiniLM-L6-v2,3,"fact, checking",588,,3.4793518,2.427055,0.3232775628566742,"(np.float64(0.17254901960784313), np.float64(0.6274509803921569), np.float64(0.17254901960784313), np.float64(1.0))","T3
0.32",False
all-MiniLM-L6-v2,3,"fact, checking",652,,3.6656752,2.2458906,0.3232775628566742,"(np.float64(0.17254901960784313), np.float64(0.6274509803921569), np.float64(0.17254901960784313), np.float64(1.0))","T3
0.32",False
all-MiniLM-L6-v2,3,"fact, checking",693,,3.939106,2.2866693,0.3232775628566742,"(np.float64(0.17254901960784313), np.float64(0.6274509803921569), np.float64(0.17254901960784313), np.float64(1.0))","T3
0.32",False
all-MiniLM-L6-v2,3,"fact, checking",821,,3.5320516,2.2403626,0.3232775628566742,"(np.float64(0.17254901960784313), np.float64(0.6274509803921569), np.float64(0.17254901960784313), np.float64(1.0))","T3
0.32",False
all-MiniLM-L6-v2,3,"fact, checking",822,,3.5722842,2.2365382,0.3232775628566742,"(np.float64(0.17254901960784313), np.float64(0.6274509803921569), np.float64(0.17254901960784313), np.float64(1.0))","T3
0.32",False
all-MiniLM-L6-v2,3,"fact, checking",828,,3.674565,2.2347362,0.3232775628566742,"(np.float64(0.17254901960784313), np.float64(0.6274509803921569), np.float64(0.17254901960784313), np.float64(1.0))","T3
0.32",False
all-MiniLM-L6-v2,3,"fact, checking",831,,3.990891,2.502043,0.3232775628566742,"(np.float64(0.17254901960784313), np.float64(0.6274509803921569), np.float64(0.17254901960784313), np.float64(1.0))","T3
0.32",False
all-MiniLM-L6-v2,3,"fact, checking",841,,3.94484,2.4091687,0.3232775628566742,"(np.float64(0.17254901960784313), np.float64(0.6274509803921569), np.float64(0.17254901960784313), np.float64(1.0))","T3
0.32",False
all-MiniLM-L6-v2,3,"fact, checking",871,,3.9815164,2.4315333,0.3232775628566742,"(np.float64(0.17254901960784313), np.float64(0.6274509803921569), np.float64(0.17254901960784313), np.float64(1.0))","T3
0.32",False
all-MiniLM-L6-v2,3,"fact, checking",887,,3.8938704,2.3481278,0.3232775628566742,"(np.float64(0.17254901960784313), np.float64(0.6274509803921569), np.float64(0.17254901960784313), np.float64(1.0))","T3
0.32",False
all-MiniLM-L6-v2,3,"fact, checking",918,,3.947063,2.641415,0.3232775628566742,"(np.float64(0.17254901960784313), np.float64(0.6274509803921569), np.float64(0.17254901960784313), np.float64(1.0))","T3
0.32",False
all-MiniLM-L6-v2,4,Crowdsourced Analysis,39,,3.508153,6.7244296,0.28124022483825684,"(np.float64(0.596078431372549), np.float64(0.8745098039215686), np.float64(0.5411764705882353), np.float64(1.0))","T4
0.28",True
all-MiniLM-L6-v2,4,Crowdsourced Analysis,64,,3.618631,6.8471785,0.28124022483825684,"(np.float64(0.596078431372549), np.float64(0.8745098039215686), np.float64(0.5411764705882353), np.float64(1.0))","T4
0.28",True
all-MiniLM-L6-v2,4,Crowdsourced Analysis,71,,3.5358484,6.7826176,0.28124022483825684,"(np.float64(0.596078431372549), np.float64(0.8745098039215686), np.float64(0.5411764705882353), np.float64(1.0))","T4
0.28",True
all-MiniLM-L6-v2,4,Crowdsourced Analysis,97,,3.6074295,6.724035,0.28124022483825684,"(np.float64(0.596078431372549), np.float64(0.8745098039215686), np.float64(0.5411764705882353), np.float64(1.0))","T4
0.28",True
all-MiniLM-L6-v2,4,Crowdsourced Analysis,99,,3.0800707,6.4279532,0.28124022483825684,"(np.float64(0.596078431372549), np.float64(0.8745098039215686), np.float64(0.5411764705882353), np.float64(1.0))","T4
0.28",True
all-MiniLM-L6-v2,4,Crowdsourced Analysis,193,,3.3318126,6.7618594,0.28124022483825684,"(np.float64(0.596078431372549), np.float64(0.8745098039215686), np.float64(0.5411764705882353), np.float64(1.0))","T4
0.28",True
all-MiniLM-L6-v2,4,Crowdsourced Analysis,248,,3.1065795,6.674479,0.28124022483825684,"(np.float64(0.596078431372549), np.float64(0.8745098039215686), np.float64(0.5411764705882353), np.float64(1.0))","T4
0.28",True
all-MiniLM-L6-v2,4,Crowdsourced Analysis,297,,3.4650815,6.674078,0.28124022483825684,"(np.float64(0.596078431372549), np.float64(0.8745098039215686), np.float64(0.5411764705882353), np.float64(1.0))","T4
0.28",True
all-MiniLM-L6-v2,4,Crowdsourced Analysis,385,,3.5045786,6.8267384,0.28124022483825684,"(np.float64(0.596078431372549), np.float64(0.8745098039215686), np.float64(0.5411764705882353), np.float64(1.0))","T4
0.28",True
all-MiniLM-L6-v2,4,Crowdsourced Analysis,412,,3.546125,6.75961,0.28124022483825684,"(np.float64(0.596078431372549), np.float64(0.8745098039215686), np.float64(0.5411764705882353), np.float64(1.0))","T4
0.28",True
all-MiniLM-L6-v2,4,Crowdsourced Analysis,430,,3.6003556,6.8364635,0.28124022483825684,"(np.float64(0.596078431372549), np.float64(0.8745098039215686), np.float64(0.5411764705882353), np.float64(1.0))","T4
0.28",True
all-MiniLM-L6-v2,4,Crowdsourced Analysis,432,,3.3689568,6.609753,0.28124022483825684,"(np.float64(0.596078431372549), np.float64(0.8745098039215686), np.float64(0.5411764705882353), np.float64(1.0))","T4
0.28",True
all-MiniLM-L6-v2,4,Crowdsourced Analysis,448,,2.8711789,6.602963,0.28124022483825684,"(np.float64(0.596078431372549), np.float64(0.8745098039215686), np.float64(0.5411764705882353), np.float64(1.0))","T4
0.28",True
all-MiniLM-L6-v2,4,Crowdsourced Analysis,532,,3.633281,6.7386513,0.28124022483825684,"(np.float64(0.596078431372549), np.float64(0.8745098039215686), np.float64(0.5411764705882353), np.float64(1.0))","T4
0.28",True
all-MiniLM-L6-v2,4,Crowdsourced Analysis,614,,3.517011,6.774876,0.28124022483825684,"(np.float64(0.596078431372549), np.float64(0.8745098039215686), np.float64(0.5411764705882353), np.float64(1.0))","T4
0.28",True
all-MiniLM-L6-v2,4,Crowdsourced Analysis,671,,3.3763015,6.5018535,0.28124022483825684,"(np.float64(0.596078431372549), np.float64(0.8745098039215686), np.float64(0.5411764705882353), np.float64(1.0))","T4
0.28",True
all-MiniLM-L6-v2,4,Crowdsourced Analysis,680,,3.5448105,6.8146753,0.28124022483825684,"(np.float64(0.596078431372549), np.float64(0.8745098039215686), np.float64(0.5411764705882353), np.float64(1.0))","T4
0.28",True
all-MiniLM-L6-v2,5,Misinformation & Propaganda,88,,-1.263067,3.5463023,0.4650070369243622,"(np.float64(0.8392156862745098), np.float64(0.15294117647058825), np.float64(0.1568627450980392), np.float64(1.0))","T5
0.47",False
all-MiniLM-L6-v2,5,Misinformation & Propaganda,108,,-1.3216257,3.6862452,0.4650070369243622,"(np.float64(0.8392156862745098), np.float64(0.15294117647058825), np.float64(0.1568627450980392), np.float64(1.0))","T5
0.47",False
all-MiniLM-L6-v2,5,Misinformation & Propaganda,138,,-1.9590894,4.104076,0.4650070369243622,"(np.float64(0.8392156862745098), np.float64(0.15294117647058825), np.float64(0.1568627450980392), np.float64(1.0))","T5
0.47",False
all-MiniLM-L6-v2,5,Misinformation & Propaganda,150,,-1.3359939,3.9171774,0.4650070369243622,"(np.float64(0.8392156862745098), np.float64(0.15294117647058825), np.float64(0.1568627450980392), np.float64(1.0))","T5
0.47",False
all-MiniLM-L6-v2,5,Misinformation & Propaganda,153,,-1.032262,3.4738264,0.4650070369243622,"(np.float64(0.8392156862745098), np.float64(0.15294117647058825), np.float64(0.1568627450980392), np.float64(1.0))","T5
0.47",False
all-MiniLM-L6-v2,5,Misinformation & Propaganda,264,,-1.3328954,3.9263043,0.4650070369243622,"(np.float64(0.8392156862745098), np.float64(0.15294117647058825), np.float64(0.1568627450980392), np.float64(1.0))","T5
0.47",False
all-MiniLM-L6-v2,5,Misinformation & Propaganda,280,,-1.2460815,3.5051181,0.4650070369243622,"(np.float64(0.8392156862745098), np.float64(0.15294117647058825), np.float64(0.1568627450980392), np.float64(1.0))","T5
0.47",False
all-MiniLM-L6-v2,5,Misinformation & Propaganda,310,,-1.1658281,4.052262,0.4650070369243622,"(np.float64(0.8392156862745098), np.float64(0.15294117647058825), np.float64(0.1568627450980392), np.float64(1.0))","T5
0.47",False
all-MiniLM-L6-v2,5,Misinformation & Propaganda,312,,-1.6178802,3.8317604,0.4650070369243622,"(np.float64(0.8392156862745098), np.float64(0.15294117647058825), np.float64(0.1568627450980392), np.float64(1.0))","T5
0.47",False
all-MiniLM-L6-v2,5,Misinformation & Propaganda,337,,-1.5165184,3.919245,0.4650070369243622,"(np.float64(0.8392156862745098), np.float64(0.15294117647058825), np.float64(0.1568627450980392), np.float64(1.0))","T5
0.47",False
all-MiniLM-L6-v2,5,Misinformation & Propaganda,354,,-1.5632043,4.0749846,0.4650070369243622,"(np.float64(0.8392156862745098), np.float64(0.15294117647058825), np.float64(0.1568627450980392), np.float64(1.0))","T5
0.47",False
all-MiniLM-L6-v2,5,Misinformation & Propaganda,367,,-0.743341,3.497021,0.4650070369243622,"(np.float64(0.8392156862745098), np.float64(0.15294117647058825), np.float64(0.1568627450980392), np.float64(1.0))","T5
0.47",False
all-MiniLM-L6-v2,5,Misinformation & Propaganda,387,,-1.2734009,3.8443348,0.4650070369243622,"(np.float64(0.8392156862745098), np.float64(0.15294117647058825), np.float64(0.1568627450980392), np.float64(1.0))","T5
0.47",False
all-MiniLM-L6-v2,5,Misinformation & Propaganda,423,,-1.4071362,3.8528163,0.4650070369243622,"(np.float64(0.8392156862745098), np.float64(0.15294117647058825), np.float64(0.1568627450980392), np.float64(1.0))","T5
0.47",False
all-MiniLM-L6-v2,5,Misinformation & Propaganda,553,,-1.0388904,3.7968597,0.4650070369243622,"(np.float64(0.8392156862745098), np.float64(0.15294117647058825), np.float64(0.1568627450980392), np.float64(1.0))","T5
0.47",False
all-MiniLM-L6-v2,5,Misinformation & Propaganda,634,,-1.7661715,4.2871804,0.4650070369243622,"(np.float64(0.8392156862745098), np.float64(0.15294117647058825), np.float64(0.1568627450980392), np.float64(1.0))","T5
0.47",False
all-MiniLM-L6-v2,5,Misinformation & Propaganda,847,,-1.6511515,3.9609463,0.4650070369243622,"(np.float64(0.8392156862745098), np.float64(0.15294117647058825), np.float64(0.1568627450980392), np.float64(1.0))","T5
0.47",False
all-MiniLM-L6-v2,6,"lab, task",201,,2.3454182,3.611976,0.2687790095806122,"(np.float64(1.0), np.float64(0.596078431372549), np.float64(0.5882352941176471), np.float64(1.0))","T6
0.27",True
all-MiniLM-L6-v2,6,"lab, task",386,,2.2851217,3.7622828,0.2687790095806122,"(np.float64(1.0), np.float64(0.596078431372549), np.float64(0.5882352941176471), np.float64(1.0))","T6
0.27",True
all-MiniLM-L6-v2,6,"lab, task",437,,2.530838,3.4062736,0.2687790095806122,"(np.float64(1.0), np.float64(0.596078431372549), np.float64(0.5882352941176471), np.float64(1.0))","T6
0.27",True
all-MiniLM-L6-v2,6,"lab, task",442,,2.548817,3.307034,0.2687790095806122,"(np.float64(1.0), np.float64(0.596078431372549), np.float64(0.5882352941176471), np.float64(1.0))","T6
0.27",True
all-MiniLM-L6-v2,6,"lab, task",531,,2.4442527,3.4391923,0.2687790095806122,"(np.float64(1.0), np.float64(0.596078431372549), np.float64(0.5882352941176471), np.float64(1.0))","T6
0.27",True
all-MiniLM-L6-v2,6,"lab, task",535,,2.4847448,3.2967017,0.2687790095806122,"(np.float64(1.0), np.float64(0.596078431372549), np.float64(0.5882352941176471), np.float64(1.0))","T6
0.27",True
all-MiniLM-L6-v2,6,"lab, task",536,,2.5106843,3.3727584,0.2687790095806122,"(np.float64(1.0), np.float64(0.596078431372549), np.float64(0.5882352941176471), np.float64(1.0))","T6
0.27",True
all-MiniLM-L6-v2,6,"lab, task",538,,2.7011807,3.0791063,0.2687790095806122,"(np.float64(1.0), np.float64(0.596078431372549), np.float64(0.5882352941176471), np.float64(1.0))","T6
0.27",True
all-MiniLM-L6-v2,6,"lab, task",552,,2.5043721,3.2783914,0.2687790095806122,"(np.float64(1.0), np.float64(0.596078431372549), np.float64(0.5882352941176471), np.float64(1.0))","T6
0.27",True
all-MiniLM-L6-v2,6,"lab, task",655,,2.7383752,3.0538416,0.2687790095806122,"(np.float64(1.0), np.float64(0.596078431372549), np.float64(0.5882352941176471), np.float64(1.0))","T6
0.27",True
all-MiniLM-L6-v2,6,"lab, task",656,,2.4161134,3.4102407,0.2687790095806122,"(np.float64(1.0), np.float64(0.596078431372549), np.float64(0.5882352941176471), np.float64(1.0))","T6
0.27",True
all-MiniLM-L6-v2,6,"lab, task",663,,2.4264653,3.3734744,0.2687790095806122,"(np.float64(1.0), np.float64(0.596078431372549), np.float64(0.5882352941176471), np.float64(1.0))","T6
0.27",True
all-MiniLM-L6-v2,6,"lab, task",696,,2.5928433,3.3995042,0.2687790095806122,"(np.float64(1.0), np.float64(0.596078431372549), np.float64(0.5882352941176471), np.float64(1.0))","T6
0.27",True
all-MiniLM-L6-v2,6,"lab, task",700,,2.5374563,3.264909,0.2687790095806122,"(np.float64(1.0), np.float64(0.596078431372549), np.float64(0.5882352941176471), np.float64(1.0))","T6
0.27",True
all-MiniLM-L6-v2,6,"lab, task",749,,2.5909543,3.11079,0.2687790095806122,"(np.float64(1.0), np.float64(0.596078431372549), np.float64(0.5882352941176471), np.float64(1.0))","T6
0.27",True
all-MiniLM-L6-v2,6,"lab, task",774,,2.6952875,3.0879226,0.2687790095806122,"(np.float64(1.0), np.float64(0.596078431372549), np.float64(0.5882352941176471), np.float64(1.0))","T6
0.27",True
all-MiniLM-L6-v2,7,"evidence, graph",69,,4.0107503,1.5287021,0.15073786675930023,"(np.float64(0.5803921568627451), np.float64(0.403921568627451), np.float64(0.7411764705882353), np.float64(1.0))","T7
0.15",True
all-MiniLM-L6-v2,7,"evidence, graph",80,,3.7892685,1.4831071,0.15073786675930023,"(np.float64(0.5803921568627451), np.float64(0.403921568627451), np.float64(0.7411764705882353), np.float64(1.0))","T7
0.15",True
all-MiniLM-L6-v2,7,"evidence, graph",210,,3.714619,1.5456423,0.15073786675930023,"(np.float64(0.5803921568627451), np.float64(0.403921568627451), np.float64(0.7411764705882353), np.float64(1.0))","T7
0.15",True
all-MiniLM-L6-v2,7,"evidence, graph",404,,3.9117868,1.5407891,0.15073786675930023,"(np.float64(0.5803921568627451), np.float64(0.403921568627451), np.float64(0.7411764705882353), np.float64(1.0))","T7
0.15",True
all-MiniLM-L6-v2,7,"evidence, graph",408,,3.9946923,1.5897806,0.15073786675930023,"(np.float64(0.5803921568627451), np.float64(0.403921568627451), np.float64(0.7411764705882353), np.float64(1.0))","T7
0.15",True
all-MiniLM-L6-v2,7,"evidence, graph",434,,3.8338623,1.6354983,0.15073786675930023,"(np.float64(0.5803921568627451), np.float64(0.403921568627451), np.float64(0.7411764705882353), np.float64(1.0))","T7
0.15",True
all-MiniLM-L6-v2,7,"evidence, graph",576,,4.003427,1.5974675,0.15073786675930023,"(np.float64(0.5803921568627451), np.float64(0.403921568627451), np.float64(0.7411764705882353), np.float64(1.0))","T7
0.15",True
all-MiniLM-L6-v2,7,"evidence, graph",577,,4.00636,1.5690556,0.15073786675930023,"(np.float64(0.5803921568627451), np.float64(0.403921568627451), np.float64(0.7411764705882353), np.float64(1.0))","T7
0.15",True
all-MiniLM-L6-v2,7,"evidence, graph",578,,4.055182,1.623878,0.15073786675930023,"(np.float64(0.5803921568627451), np.float64(0.403921568627451), np.float64(0.7411764705882353), np.float64(1.0))","T7
0.15",True
all-MiniLM-L6-v2,7,"evidence, graph",581,,3.7751675,1.6467253,0.15073786675930023,"(np.float64(0.5803921568627451), np.float64(0.403921568627451), np.float64(0.7411764705882353), np.float64(1.0))","T7
0.15",True
all-MiniLM-L6-v2,7,"evidence, graph",583,,3.9501393,1.5434673,0.15073786675930023,"(np.float64(0.5803921568627451), np.float64(0.403921568627451), np.float64(0.7411764705882353), np.float64(1.0))","T7
0.15",True
all-MiniLM-L6-v2,7,"evidence, graph",658,,3.9875,1.5159538,0.15073786675930023,"(np.float64(0.5803921568627451), np.float64(0.403921568627451), np.float64(0.7411764705882353), np.float64(1.0))","T7
0.15",True
all-MiniLM-L6-v2,7,"evidence, graph",667,,4.0533156,1.5356127,0.15073786675930023,"(np.float64(0.5803921568627451), np.float64(0.403921568627451), np.float64(0.7411764705882353), np.float64(1.0))","T7
0.15",True
all-MiniLM-L6-v2,7,"evidence, graph",745,,3.987319,1.4878398,0.15073786675930023,"(np.float64(0.5803921568627451), np.float64(0.403921568627451), np.float64(0.7411764705882353), np.float64(1.0))","T7
0.15",True
all-MiniLM-L6-v2,7,"evidence, graph",746,,3.8321187,1.6348345,0.15073786675930023,"(np.float64(0.5803921568627451), np.float64(0.403921568627451), np.float64(0.7411764705882353), np.float64(1.0))","T7
0.15",True
all-MiniLM-L6-v2,8,Misinformation & Propaganda,9,,-0.9108386,3.7360158,0.41763922572135925,"(np.float64(0.7725490196078432), np.float64(0.6901960784313725), np.float64(0.8352941176470589), np.float64(1.0))","T8
0.42",False
all-MiniLM-L6-v2,8,Misinformation & Propaganda,67,,-0.27477026,3.762309,0.41763922572135925,"(np.float64(0.7725490196078432), np.float64(0.6901960784313725), np.float64(0.8352941176470589), np.float64(1.0))","T8
0.42",False
all-MiniLM-L6-v2,8,Misinformation & Propaganda,90,,-0.67905414,3.7707846,0.41763922572135925,"(np.float64(0.7725490196078432), np.float64(0.6901960784313725), np.float64(0.8352941176470589), np.float64(1.0))","T8
0.42",False
all-MiniLM-L6-v2,8,Misinformation & Propaganda,166,,-0.76251185,4.261043,0.41763922572135925,"(np.float64(0.7725490196078432), np.float64(0.6901960784313725), np.float64(0.8352941176470589), np.float64(1.0))","T8
0.42",False
all-MiniLM-L6-v2,8,Misinformation & Propaganda,168,,-0.44703946,4.388808,0.41763922572135925,"(np.float64(0.7725490196078432), np.float64(0.6901960784313725), np.float64(0.8352941176470589), np.float64(1.0))","T8
0.42",False
all-MiniLM-L6-v2,8,Misinformation & Propaganda,219,,-0.6066396,4.026945,0.41763922572135925,"(np.float64(0.7725490196078432), np.float64(0.6901960784313725), np.float64(0.8352941176470589), np.float64(1.0))","T8
0.42",False
all-MiniLM-L6-v2,8,Misinformation & Propaganda,279,,-0.8828773,3.6221206,0.41763922572135925,"(np.float64(0.7725490196078432), np.float64(0.6901960784313725), np.float64(0.8352941176470589), np.float64(1.0))","T8
0.42",False
all-MiniLM-L6-v2,8,Misinformation & Propaganda,293,,-0.7465859,3.886782,0.41763922572135925,"(np.float64(0.7725490196078432), np.float64(0.6901960784313725), np.float64(0.8352941176470589), np.float64(1.0))","T8
0.42",False
all-MiniLM-L6-v2,8,Misinformation & Propaganda,336,,-0.47355536,3.8680174,0.41763922572135925,"(np.float64(0.7725490196078432), np.float64(0.6901960784313725), np.float64(0.8352941176470589), np.float64(1.0))","T8
0.42",False
all-MiniLM-L6-v2,8,Misinformation & Propaganda,384,,-0.6733093,3.905336,0.41763922572135925,"(np.float64(0.7725490196078432), np.float64(0.6901960784313725), np.float64(0.8352941176470589), np.float64(1.0))","T8
0.42",False
all-MiniLM-L6-v2,8,Misinformation & Propaganda,648,,-0.8559401,3.777004,0.41763922572135925,"(np.float64(0.7725490196078432), np.float64(0.6901960784313725), np.float64(0.8352941176470589), np.float64(1.0))","T8
0.42",False
all-MiniLM-L6-v2,8,Misinformation & Propaganda,713,,-0.4795065,3.785594,0.41763922572135925,"(np.float64(0.7725490196078432), np.float64(0.6901960784313725), np.float64(0.8352941176470589), np.float64(1.0))","T8
0.42",False
all-MiniLM-L6-v2,8,Misinformation & Propaganda,756,,-0.3415126,3.686266,0.41763922572135925,"(np.float64(0.7725490196078432), np.float64(0.6901960784313725), np.float64(0.8352941176470589), np.float64(1.0))","T8
0.42",False
all-MiniLM-L6-v2,8,Misinformation & Propaganda,792,,-0.92941284,4.3786597,0.41763922572135925,"(np.float64(0.7725490196078432), np.float64(0.6901960784313725), np.float64(0.8352941176470589), np.float64(1.0))","T8
0.42",False
all-MiniLM-L6-v2,8,Misinformation & Propaganda,804,,-0.34898296,3.805916,0.41763922572135925,"(np.float64(0.7725490196078432), np.float64(0.6901960784313725), np.float64(0.8352941176470589), np.float64(1.0))","T8
0.42",False
all-MiniLM-L6-v2,9,"deception, verbal",183,,2.8319073,8.19151,0.08019363880157471,"(np.float64(0.5490196078431373), np.float64(0.33725490196078434), np.float64(0.29411764705882354), np.float64(1.0))","T9
0.08",True
all-MiniLM-L6-v2,9,"deception, verbal",457,,2.8095727,8.175303,0.08019363880157471,"(np.float64(0.5490196078431373), np.float64(0.33725490196078434), np.float64(0.29411764705882354), np.float64(1.0))","T9
0.08",True
all-MiniLM-L6-v2,9,"deception, verbal",458,,2.80821,8.173783,0.08019363880157471,"(np.float64(0.5490196078431373), np.float64(0.33725490196078434), np.float64(0.29411764705882354), np.float64(1.0))","T9
0.08",True
all-MiniLM-L6-v2,9,"deception, verbal",524,,2.741495,8.115084,0.08019363880157471,"(np.float64(0.5490196078431373), np.float64(0.33725490196078434), np.float64(0.29411764705882354), np.float64(1.0))","T9
0.08",True
all-MiniLM-L6-v2,9,"deception, verbal",649,,2.8532686,8.222055,0.08019363880157471,"(np.float64(0.5490196078431373), np.float64(0.33725490196078434), np.float64(0.29411764705882354), np.float64(1.0))","T9
0.08",True
all-MiniLM-L6-v2,9,"deception, verbal",707,,2.8305607,8.187404,0.08019363880157471,"(np.float64(0.5490196078431373), np.float64(0.33725490196078434), np.float64(0.29411764705882354), np.float64(1.0))","T9
0.08",True
all-MiniLM-L6-v2,9,"deception, verbal",743,,2.77758,8.146171,0.08019363880157471,"(np.float64(0.5490196078431373), np.float64(0.33725490196078434), np.float64(0.29411764705882354), np.float64(1.0))","T9
0.08",True
all-MiniLM-L6-v2,9,"deception, verbal",920,,2.810468,8.178817,0.08019363880157471,"(np.float64(0.5490196078431373), np.float64(0.33725490196078434), np.float64(0.29411764705882354), np.float64(1.0))","T9
0.08",True
all-MiniLM-L6-v2,9,"deception, verbal",926,,2.696936,8.061231,0.08019363880157471,"(np.float64(0.5490196078431373), np.float64(0.33725490196078434), np.float64(0.29411764705882354), np.float64(1.0))","T9
0.08",True
all-MiniLM-L6-v2,9,"deception, verbal",934,,2.8022528,8.172983,0.08019363880157471,"(np.float64(0.5490196078431373), np.float64(0.33725490196078434), np.float64(0.29411764705882354), np.float64(1.0))","T9
0.08",True
all-MiniLM-L6-v2,9,"deception, verbal",954,,2.664509,8.045363,0.08019363880157471,"(np.float64(0.5490196078431373), np.float64(0.33725490196078434), np.float64(0.29411764705882354), np.float64(1.0))","T9
0.08",True
all-MiniLM-L6-v2,9,"deception, verbal",965,,2.7213376,8.156424,0.08019363880157471,"(np.float64(0.5490196078431373), np.float64(0.33725490196078434), np.float64(0.29411764705882354), np.float64(1.0))","T9
0.08",True
all-MiniLM-L6-v2,9,"deception, verbal",967,,2.788792,8.1592865,0.08019363880157471,"(np.float64(0.5490196078431373), np.float64(0.33725490196078434), np.float64(0.29411764705882354), np.float64(1.0))","T9
0.08",True
all-MiniLM-L6-v2,9,"deception, verbal",981,,2.798174,8.170814,0.08019363880157471,"(np.float64(0.5490196078431373), np.float64(0.33725490196078434), np.float64(0.29411764705882354), np.float64(1.0))","T9
0.08",True
all-MiniLM-L6-v2,9,"deception, verbal",982,,2.8244247,8.188716,0.08019363880157471,"(np.float64(0.5490196078431373), np.float64(0.33725490196078434), np.float64(0.29411764705882354), np.float64(1.0))","T9
0.08",True
all-MiniLM-L6-v2,10,Journalism & Media Studies,128,,-0.7490965,7.925089,0.11480468511581421,"(np.float64(0.7686274509803922), np.float64(0.611764705882353), np.float64(0.5803921568627451), np.float64(1.0))","T10
0.11",True
all-MiniLM-L6-v2,10,Journalism & Media Studies,254,,-0.78512484,7.968564,0.11480468511581421,"(np.float64(0.7686274509803922), np.float64(0.611764705882353), np.float64(0.5803921568627451), np.float64(1.0))","T10
0.11",True
all-MiniLM-L6-v2,10,Journalism & Media Studies,281,,-0.7943598,7.969789,0.11480468511581421,"(np.float64(0.7686274509803922), np.float64(0.611764705882353), np.float64(0.5803921568627451), np.float64(1.0))","T10
0.11",True
all-MiniLM-L6-v2,10,Journalism & Media Studies,318,,-0.7834761,7.965245,0.11480468511581421,"(np.float64(0.7686274509803922), np.float64(0.611764705882353), np.float64(0.5803921568627451), np.float64(1.0))","T10
0.11",True
all-MiniLM-L6-v2,10,Journalism & Media Studies,331,,-0.8028657,7.967906,0.11480468511581421,"(np.float64(0.7686274509803922), np.float64(0.611764705882353), np.float64(0.5803921568627451), np.float64(1.0))","T10
0.11",True
all-MiniLM-L6-v2,10,Journalism & Media Studies,338,,-0.7933883,7.9849577,0.11480468511581421,"(np.float64(0.7686274509803922), np.float64(0.611764705882353), np.float64(0.5803921568627451), np.float64(1.0))","T10
0.11",True
all-MiniLM-L6-v2,10,Journalism & Media Studies,388,,-0.7492402,7.7597876,0.11480468511581421,"(np.float64(0.7686274509803922), np.float64(0.611764705882353), np.float64(0.5803921568627451), np.float64(1.0))","T10
0.11",True
all-MiniLM-L6-v2,10,Journalism & Media Studies,411,,-0.7853455,7.8126035,0.11480468511581421,"(np.float64(0.7686274509803922), np.float64(0.611764705882353), np.float64(0.5803921568627451), np.float64(1.0))","T10
0.11",True
all-MiniLM-L6-v2,10,Journalism & Media Studies,419,,-0.5750709,7.7582407,0.11480468511581421,"(np.float64(0.7686274509803922), np.float64(0.611764705882353), np.float64(0.5803921568627451), np.float64(1.0))","T10
0.11",True
all-MiniLM-L6-v2,10,Journalism & Media Studies,571,,-0.8119283,7.8499327,0.11480468511581421,"(np.float64(0.7686274509803922), np.float64(0.611764705882353), np.float64(0.5803921568627451), np.float64(1.0))","T10
0.11",True
all-MiniLM-L6-v2,10,Journalism & Media Studies,603,,-0.7553598,7.923614,0.11480468511581421,"(np.float64(0.7686274509803922), np.float64(0.611764705882353), np.float64(0.5803921568627451), np.float64(1.0))","T10
0.11",True
all-MiniLM-L6-v2,10,Journalism & Media Studies,606,,-0.7102306,7.9089727,0.11480468511581421,"(np.float64(0.7686274509803922), np.float64(0.611764705882353), np.float64(0.5803921568627451), np.float64(1.0))","T10
0.11",True
all-MiniLM-L6-v2,10,Journalism & Media Studies,610,,-0.79623723,7.797375,0.11480468511581421,"(np.float64(0.7686274509803922), np.float64(0.611764705882353), np.float64(0.5803921568627451), np.float64(1.0))","T10
0.11",True
all-MiniLM-L6-v2,10,Journalism & Media Studies,623,,-0.7507137,7.934647,0.11480468511581421,"(np.float64(0.7686274509803922), np.float64(0.611764705882353), np.float64(0.5803921568627451), np.float64(1.0))","T10
0.11",True
all-MiniLM-L6-v2,10,Journalism & Media Studies,722,,-0.76316357,7.948917,0.11480468511581421,"(np.float64(0.7686274509803922), np.float64(0.611764705882353), np.float64(0.5803921568627451), np.float64(1.0))","T10
0.11",True
all-MiniLM-L6-v2,11,Misinformation & Propaganda,19,,-1.2044579,5.9389644,0.2554559111595154,"(np.float64(0.8901960784313725), np.float64(0.4666666666666667), np.float64(0.7607843137254902), np.float64(1.0))","T11
0.26",True
all-MiniLM-L6-v2,11,Misinformation & Propaganda,48,,-1.1135074,5.997364,0.2554559111595154,"(np.float64(0.8901960784313725), np.float64(0.4666666666666667), np.float64(0.7607843137254902), np.float64(1.0))","T11
0.26",True
all-MiniLM-L6-v2,11,Misinformation & Propaganda,116,,-0.7553792,6.015888,0.2554559111595154,"(np.float64(0.8901960784313725), np.float64(0.4666666666666667), np.float64(0.7607843137254902), np.float64(1.0))","T11
0.26",True
all-MiniLM-L6-v2,11,Misinformation & Propaganda,135,,-1.1956135,6.043653,0.2554559111595154,"(np.float64(0.8901960784313725), np.float64(0.4666666666666667), np.float64(0.7607843137254902), np.float64(1.0))","T11
0.26",True
all-MiniLM-L6-v2,11,Misinformation & Propaganda,158,,-1.1273009,5.90961,0.2554559111595154,"(np.float64(0.8901960784313725), np.float64(0.4666666666666667), np.float64(0.7607843137254902), np.float64(1.0))","T11
0.26",True
all-MiniLM-L6-v2,11,Misinformation & Propaganda,345,,-0.9511047,6.1384225,0.2554559111595154,"(np.float64(0.8901960784313725), np.float64(0.4666666666666667), np.float64(0.7607843137254902), np.float64(1.0))","T11
0.26",True
all-MiniLM-L6-v2,11,Misinformation & Propaganda,351,,-1.2236133,5.8569436,0.2554559111595154,"(np.float64(0.8901960784313725), np.float64(0.4666666666666667), np.float64(0.7607843137254902), np.float64(1.0))","T11
0.26",True
all-MiniLM-L6-v2,11,Misinformation & Propaganda,471,,-0.98434997,5.989888,0.2554559111595154,"(np.float64(0.8901960784313725), np.float64(0.4666666666666667), np.float64(0.7607843137254902), np.float64(1.0))","T11
0.26",True
all-MiniLM-L6-v2,11,Misinformation & Propaganda,477,,-0.8366988,6.0561447,0.2554559111595154,"(np.float64(0.8901960784313725), np.float64(0.4666666666666667), np.float64(0.7607843137254902), np.float64(1.0))","T11
0.26",True
all-MiniLM-L6-v2,11,Misinformation & Propaganda,504,,-1.1619257,6.1439085,0.2554559111595154,"(np.float64(0.8901960784313725), np.float64(0.4666666666666667), np.float64(0.7607843137254902), np.float64(1.0))","T11
0.26",True
all-MiniLM-L6-v2,11,Misinformation & Propaganda,507,,-1.1750002,6.084481,0.2554559111595154,"(np.float64(0.8901960784313725), np.float64(0.4666666666666667), np.float64(0.7607843137254902), np.float64(1.0))","T11
0.26",True
all-MiniLM-L6-v2,11,Misinformation & Propaganda,590,,-0.93248844,5.978174,0.2554559111595154,"(np.float64(0.8901960784313725), np.float64(0.4666666666666667), np.float64(0.7607843137254902), np.float64(1.0))","T11
0.26",True
all-MiniLM-L6-v2,11,Misinformation & Propaganda,600,,-0.85295844,6.2060905,0.2554559111595154,"(np.float64(0.8901960784313725), np.float64(0.4666666666666667), np.float64(0.7607843137254902), np.float64(1.0))","T11
0.26",True
all-MiniLM-L6-v2,11,Misinformation & Propaganda,604,,-0.8227718,5.8923016,0.2554559111595154,"(np.float64(0.8901960784313725), np.float64(0.4666666666666667), np.float64(0.7607843137254902), np.float64(1.0))","T11
0.26",True
all-MiniLM-L6-v2,11,Misinformation & Propaganda,611,,-1.2900445,5.946082,0.2554559111595154,"(np.float64(0.8901960784313725), np.float64(0.4666666666666667), np.float64(0.7607843137254902), np.float64(1.0))","T11
0.26",True
all-MiniLM-L6-v2,12,Misinformation & Propaganda,85,,-1.971474,3.9029253,0.3552265465259552,"(np.float64(0.9686274509803922), np.float64(0.7137254901960784), np.float64(0.8235294117647058), np.float64(1.0))","T12
0.36",False
all-MiniLM-L6-v2,12,Misinformation & Propaganda,148,,-1.7907944,3.91762,0.3552265465259552,"(np.float64(0.9686274509803922), np.float64(0.7137254901960784), np.float64(0.8235294117647058), np.float64(1.0))","T12
0.36",False
all-MiniLM-L6-v2,12,Misinformation & Propaganda,222,,-1.969773,4.5113053,0.3552265465259552,"(np.float64(0.9686274509803922), np.float64(0.7137254901960784), np.float64(0.8235294117647058), np.float64(1.0))","T12
0.36",False
all-MiniLM-L6-v2,12,Misinformation & Propaganda,290,,-2.0874038,4.2890778,0.3552265465259552,"(np.float64(0.9686274509803922), np.float64(0.7137254901960784), np.float64(0.8235294117647058), np.float64(1.0))","T12
0.36",False
all-MiniLM-L6-v2,12,Misinformation & Propaganda,314,,-2.041514,4.2847013,0.3552265465259552,"(np.float64(0.9686274509803922), np.float64(0.7137254901960784), np.float64(0.8235294117647058), np.float64(1.0))","T12
0.36",False
all-MiniLM-L6-v2,12,Misinformation & Propaganda,327,,-1.9544551,4.2281523,0.3552265465259552,"(np.float64(0.9686274509803922), np.float64(0.7137254901960784), np.float64(0.8235294117647058), np.float64(1.0))","T12
0.36",False
all-MiniLM-L6-v2,12,Misinformation & Propaganda,362,,-2.0593383,4.2033505,0.3552265465259552,"(np.float64(0.9686274509803922), np.float64(0.7137254901960784), np.float64(0.8235294117647058), np.float64(1.0))","T12
0.36",False
all-MiniLM-L6-v2,12,Misinformation & Propaganda,366,,-1.9904499,4.4984045,0.3552265465259552,"(np.float64(0.9686274509803922), np.float64(0.7137254901960784), np.float64(0.8235294117647058), np.float64(1.0))","T12
0.36",False
all-MiniLM-L6-v2,12,Misinformation & Propaganda,467,,-1.737753,3.7083988,0.3552265465259552,"(np.float64(0.9686274509803922), np.float64(0.7137254901960784), np.float64(0.8235294117647058), np.float64(1.0))","T12
0.36",False
all-MiniLM-L6-v2,12,Misinformation & Propaganda,475,,-2.1080549,4.5236015,0.3552265465259552,"(np.float64(0.9686274509803922), np.float64(0.7137254901960784), np.float64(0.8235294117647058), np.float64(1.0))","T12
0.36",False
all-MiniLM-L6-v2,12,Misinformation & Propaganda,601,,-2.085879,4.502798,0.3552265465259552,"(np.float64(0.9686274509803922), np.float64(0.7137254901960784), np.float64(0.8235294117647058), np.float64(1.0))","T12
0.36",False
all-MiniLM-L6-v2,12,Misinformation & Propaganda,637,,-2.0847304,3.9803944,0.3552265465259552,"(np.float64(0.9686274509803922), np.float64(0.7137254901960784), np.float64(0.8235294117647058), np.float64(1.0))","T12
0.36",False
all-MiniLM-L6-v2,12,Misinformation & Propaganda,662,,-1.9976045,3.9275193,0.3552265465259552,"(np.float64(0.9686274509803922), np.float64(0.7137254901960784), np.float64(0.8235294117647058), np.float64(1.0))","T12
0.36",False
all-MiniLM-L6-v2,12,Misinformation & Propaganda,814,,-2.0764241,4.0995016,0.3552265465259552,"(np.float64(0.9686274509803922), np.float64(0.7137254901960784), np.float64(0.8235294117647058), np.float64(1.0))","T12
0.36",False
all-MiniLM-L6-v2,13,Journalism & Media Studies,10,,-2.1740365,2.1964145,0.30281826853752136,"(np.float64(0.4980392156862745), np.float64(0.4980392156862745), np.float64(0.4980392156862745), np.float64(1.0))","T13
0.30",True
all-MiniLM-L6-v2,13,Journalism & Media Studies,330,,-2.3801043,1.8406047,0.30281826853752136,"(np.float64(0.4980392156862745), np.float64(0.4980392156862745), np.float64(0.4980392156862745), np.float64(1.0))","T13
0.30",True
all-MiniLM-L6-v2,13,Journalism & Media Studies,370,,-2.3696957,1.7748213,0.30281826853752136,"(np.float64(0.4980392156862745), np.float64(0.4980392156862745), np.float64(0.4980392156862745), np.float64(1.0))","T13
0.30",True
all-MiniLM-L6-v2,13,Journalism & Media Studies,515,,-2.5550635,1.8506229,0.30281826853752136,"(np.float64(0.4980392156862745), np.float64(0.4980392156862745), np.float64(0.4980392156862745), np.float64(1.0))","T13
0.30",True
all-MiniLM-L6-v2,13,Journalism & Media Studies,627,,-2.1322386,1.5849248,0.30281826853752136,"(np.float64(0.4980392156862745), np.float64(0.4980392156862745), np.float64(0.4980392156862745), np.float64(1.0))","T13
0.30",True
all-MiniLM-L6-v2,13,Journalism & Media Studies,643,,-2.7284849,1.8589782,0.30281826853752136,"(np.float64(0.4980392156862745), np.float64(0.4980392156862745), np.float64(0.4980392156862745), np.float64(1.0))","T13
0.30",True
all-MiniLM-L6-v2,13,Journalism & Media Studies,766,,-2.5752177,1.7300546,0.30281826853752136,"(np.float64(0.4980392156862745), np.float64(0.4980392156862745), np.float64(0.4980392156862745), np.float64(1.0))","T13
0.30",True
all-MiniLM-L6-v2,13,Journalism & Media Studies,784,,-2.6869566,1.9526944,0.30281826853752136,"(np.float64(0.4980392156862745), np.float64(0.4980392156862745), np.float64(0.4980392156862745), np.float64(1.0))","T13
0.30",True
all-MiniLM-L6-v2,13,Journalism & Media Studies,791,,-2.719558,1.8904021,0.30281826853752136,"(np.float64(0.4980392156862745), np.float64(0.4980392156862745), np.float64(0.4980392156862745), np.float64(1.0))","T13
0.30",True
all-MiniLM-L6-v2,13,Journalism & Media Studies,833,,-2.5267642,1.7954265,0.30281826853752136,"(np.float64(0.4980392156862745), np.float64(0.4980392156862745), np.float64(0.4980392156862745), np.float64(1.0))","T13
0.30",True
all-MiniLM-L6-v2,13,Journalism & Media Studies,844,,-2.7701461,1.7909272,0.30281826853752136,"(np.float64(0.4980392156862745), np.float64(0.4980392156862745), np.float64(0.4980392156862745), np.float64(1.0))","T13
0.30",True
all-MiniLM-L6-v2,13,Journalism & Media Studies,875,,-2.3559134,1.7110053,0.30281826853752136,"(np.float64(0.4980392156862745), np.float64(0.4980392156862745), np.float64(0.4980392156862745), np.float64(1.0))","T13
0.30",True
all-MiniLM-L6-v2,13,Journalism & Media Studies,902,,-2.6472447,1.6998755,0.30281826853752136,"(np.float64(0.4980392156862745), np.float64(0.4980392156862745), np.float64(0.4980392156862745), np.float64(1.0))","T13
0.30",True
all-MiniLM-L6-v2,13,Journalism & Media Studies,925,,-2.6823475,1.8212022,0.30281826853752136,"(np.float64(0.4980392156862745), np.float64(0.4980392156862745), np.float64(0.4980392156862745), np.float64(1.0))","T13
0.30",True
all-MiniLM-L6-v2,14,Misinformation & Propaganda,186,,2.8596625,4.1021004,0.4092026352882385,"(np.float64(0.7803921568627451), np.float64(0.7803921568627451), np.float64(0.7803921568627451), np.float64(1.0))","T14
0.41",False
all-MiniLM-L6-v2,14,Misinformation & Propaganda,251,,2.365302,4.489068,0.4092026352882385,"(np.float64(0.7803921568627451), np.float64(0.7803921568627451), np.float64(0.7803921568627451), np.float64(1.0))","T14
0.41",False
all-MiniLM-L6-v2,14,Misinformation & Propaganda,263,,2.8661528,4.427213,0.4092026352882385,"(np.float64(0.7803921568627451), np.float64(0.7803921568627451), np.float64(0.7803921568627451), np.float64(1.0))","T14
0.41",False
all-MiniLM-L6-v2,14,Misinformation & Propaganda,383,,2.4168432,4.487855,0.4092026352882385,"(np.float64(0.7803921568627451), np.float64(0.7803921568627451), np.float64(0.7803921568627451), np.float64(1.0))","T14
0.41",False
all-MiniLM-L6-v2,14,Misinformation & Propaganda,435,,2.2900546,4.551731,0.4092026352882385,"(np.float64(0.7803921568627451), np.float64(0.7803921568627451), np.float64(0.7803921568627451), np.float64(1.0))","T14
0.41",False
all-MiniLM-L6-v2,14,Misinformation & Propaganda,560,,2.8012345,4.51097,0.4092026352882385,"(np.float64(0.7803921568627451), np.float64(0.7803921568627451), np.float64(0.7803921568627451), np.float64(1.0))","T14
0.41",False
all-MiniLM-L6-v2,14,Misinformation & Propaganda,580,,2.8678305,4.5299816,0.4092026352882385,"(np.float64(0.7803921568627451), np.float64(0.7803921568627451), np.float64(0.7803921568627451), np.float64(1.0))","T14
0.41",False
all-MiniLM-L6-v2,14,Misinformation & Propaganda,641,,2.6980684,4.555063,0.4092026352882385,"(np.float64(0.7803921568627451), np.float64(0.7803921568627451), np.float64(0.7803921568627451), np.float64(1.0))","T14
0.41",False
all-MiniLM-L6-v2,14,Misinformation & Propaganda,690,,2.768875,4.076885,0.4092026352882385,"(np.float64(0.7803921568627451), np.float64(0.7803921568627451), np.float64(0.7803921568627451), np.float64(1.0))","T14
0.41",False
all-MiniLM-L6-v2,14,Misinformation & Propaganda,775,,2.715555,4.0659347,0.4092026352882385,"(np.float64(0.7803921568627451), np.float64(0.7803921568627451), np.float64(0.7803921568627451), np.float64(1.0))","T14
0.41",False
all-MiniLM-L6-v2,14,Misinformation & Propaganda,843,,2.9725585,4.382443,0.4092026352882385,"(np.float64(0.7803921568627451), np.float64(0.7803921568627451), np.float64(0.7803921568627451), np.float64(1.0))","T14
0.41",False
all-MiniLM-L6-v2,14,Misinformation & Propaganda,944,,2.8827877,4.2433515,0.4092026352882385,"(np.float64(0.7803921568627451), np.float64(0.7803921568627451), np.float64(0.7803921568627451), np.float64(1.0))","T14
0.41",False
all-MiniLM-L6-v2,14,Misinformation & Propaganda,948,,2.9498572,4.8490496,0.4092026352882385,"(np.float64(0.7803921568627451), np.float64(0.7803921568627451), np.float64(0.7803921568627451), np.float64(1.0))","T14
0.41",False
all-MiniLM-L6-v2,15,Misinformation & Propaganda,11,,0.18979439,2.8101356,0.6605796813964844,"(np.float64(0.7372549019607844), np.float64(0.7411764705882353), np.float64(0.13333333333333333), np.float64(1.0))","T15
0.66",False
all-MiniLM-L6-v2,15,Misinformation & Propaganda,50,,0.29111984,3.2645695,0.6605796813964844,"(np.float64(0.7372549019607844), np.float64(0.7411764705882353), np.float64(0.13333333333333333), np.float64(1.0))","T15
0.66",False
all-MiniLM-L6-v2,15,Misinformation & Propaganda,199,,0.5447275,2.7415686,0.6605796813964844,"(np.float64(0.7372549019607844), np.float64(0.7411764705882353), np.float64(0.13333333333333333), np.float64(1.0))","T15
0.66",False
all-MiniLM-L6-v2,15,Misinformation & Propaganda,227,,0.17202294,3.388028,0.6605796813964844,"(np.float64(0.7372549019607844), np.float64(0.7411764705882353), np.float64(0.13333333333333333), np.float64(1.0))","T15
0.66",False
all-MiniLM-L6-v2,15,Misinformation & Propaganda,252,,0.34588343,2.8478699,0.6605796813964844,"(np.float64(0.7372549019607844), np.float64(0.7411764705882353), np.float64(0.13333333333333333), np.float64(1.0))","T15
0.66",False
all-MiniLM-L6-v2,15,Misinformation & Propaganda,413,,0.526106,2.8072388,0.6605796813964844,"(np.float64(0.7372549019607844), np.float64(0.7411764705882353), np.float64(0.13333333333333333), np.float64(1.0))","T15
0.66",False
all-MiniLM-L6-v2,15,Misinformation & Propaganda,422,,-0.017576424,3.0065656,0.6605796813964844,"(np.float64(0.7372549019607844), np.float64(0.7411764705882353), np.float64(0.13333333333333333), np.float64(1.0))","T15
0.66",False
all-MiniLM-L6-v2,15,Misinformation & Propaganda,534,,0.70194185,2.7971838,0.6605796813964844,"(np.float64(0.7372549019607844), np.float64(0.7411764705882353), np.float64(0.13333333333333333), np.float64(1.0))","T15
0.66",False
all-MiniLM-L6-v2,15,Misinformation & Propaganda,692,,0.06175519,4.1900434,0.6605796813964844,"(np.float64(0.7372549019607844), np.float64(0.7411764705882353), np.float64(0.13333333333333333), np.float64(1.0))","T15
0.66",False
all-MiniLM-L6-v2,15,Misinformation & Propaganda,721,,0.10332018,3.8590639,0.6605796813964844,"(np.float64(0.7372549019607844), np.float64(0.7411764705882353), np.float64(0.13333333333333333), np.float64(1.0))","T15
0.66",False
all-MiniLM-L6-v2,15,Misinformation & Propaganda,763,,0.22180927,3.0036063,0.6605796813964844,"(np.float64(0.7372549019607844), np.float64(0.7411764705882353), np.float64(0.13333333333333333), np.float64(1.0))","T15
0.66",False
all-MiniLM-L6-v2,15,Misinformation & Propaganda,901,,0.19365142,3.8392692,0.6605796813964844,"(np.float64(0.7372549019607844), np.float64(0.7411764705882353), np.float64(0.13333333333333333), np.float64(1.0))","T15
0.66",False
all-MiniLM-L6-v2,16,Misinformation & Propaganda,111,,-1.818596,3.3584347,0.37270933389663696,"(np.float64(0.8588235294117647), np.float64(0.8588235294117647), np.float64(0.5529411764705883), np.float64(1.0))","T16
0.37",False
all-MiniLM-L6-v2,16,Misinformation & Propaganda,127,,-1.4117261,3.1817944,0.37270933389663696,"(np.float64(0.8588235294117647), np.float64(0.8588235294117647), np.float64(0.5529411764705883), np.float64(1.0))","T16
0.37",False
all-MiniLM-L6-v2,16,Misinformation & Propaganda,322,,-1.1106806,3.2371101,0.37270933389663696,"(np.float64(0.8588235294117647), np.float64(0.8588235294117647), np.float64(0.5529411764705883), np.float64(1.0))","T16
0.37",False
all-MiniLM-L6-v2,16,Misinformation & Propaganda,328,,-1.1918037,3.259647,0.37270933389663696,"(np.float64(0.8588235294117647), np.float64(0.8588235294117647), np.float64(0.5529411764705883), np.float64(1.0))","T16
0.37",False
all-MiniLM-L6-v2,16,Misinformation & Propaganda,360,,-1.2023994,3.524483,0.37270933389663696,"(np.float64(0.8588235294117647), np.float64(0.8588235294117647), np.float64(0.5529411764705883), np.float64(1.0))","T16
0.37",False
all-MiniLM-L6-v2,16,Misinformation & Propaganda,361,,-1.1116083,3.2008474,0.37270933389663696,"(np.float64(0.8588235294117647), np.float64(0.8588235294117647), np.float64(0.5529411764705883), np.float64(1.0))","T16
0.37",False
all-MiniLM-L6-v2,16,Misinformation & Propaganda,369,,-1.1778002,3.1570866,0.37270933389663696,"(np.float64(0.8588235294117647), np.float64(0.8588235294117647), np.float64(0.5529411764705883), np.float64(1.0))","T16
0.37",False
all-MiniLM-L6-v2,16,Misinformation & Propaganda,488,,-1.303156,3.3221326,0.37270933389663696,"(np.float64(0.8588235294117647), np.float64(0.8588235294117647), np.float64(0.5529411764705883), np.float64(1.0))","T16
0.37",False
all-MiniLM-L6-v2,16,Misinformation & Propaganda,496,,-1.7103393,3.440072,0.37270933389663696,"(np.float64(0.8588235294117647), np.float64(0.8588235294117647), np.float64(0.5529411764705883), np.float64(1.0))","T16
0.37",False
all-MiniLM-L6-v2,16,Misinformation & Propaganda,602,,-1.7707213,3.319989,0.37270933389663696,"(np.float64(0.8588235294117647), np.float64(0.8588235294117647), np.float64(0.5529411764705883), np.float64(1.0))","T16
0.37",False
all-MiniLM-L6-v2,16,Misinformation & Propaganda,762,,-1.074776,3.3782907,0.37270933389663696,"(np.float64(0.8588235294117647), np.float64(0.8588235294117647), np.float64(0.5529411764705883), np.float64(1.0))","T16
0.37",False
all-MiniLM-L6-v2,17,Misinformation & Propaganda,278,,2.5658877,5.8106756,0.264177143573761,"(np.float64(0.09019607843137255), np.float64(0.7450980392156863), np.float64(0.8117647058823529), np.float64(1.0))","T17
0.26",True
all-MiniLM-L6-v2,17,Misinformation & Propaganda,287,,2.7893116,5.7336845,0.264177143573761,"(np.float64(0.09019607843137255), np.float64(0.7450980392156863), np.float64(0.8117647058823529), np.float64(1.0))","T17
0.26",True
all-MiniLM-L6-v2,17,Misinformation & Propaganda,343,,2.7518797,5.700364,0.264177143573761,"(np.float64(0.09019607843137255), np.float64(0.7450980392156863), np.float64(0.8117647058823529), np.float64(1.0))","T17
0.26",True
all-MiniLM-L6-v2,17,Misinformation & Propaganda,415,,2.7626808,5.674024,0.264177143573761,"(np.float64(0.09019607843137255), np.float64(0.7450980392156863), np.float64(0.8117647058823529), np.float64(1.0))","T17
0.26",True
all-MiniLM-L6-v2,17,Misinformation & Propaganda,455,,2.695135,6.022476,0.264177143573761,"(np.float64(0.09019607843137255), np.float64(0.7450980392156863), np.float64(0.8117647058823529), np.float64(1.0))","T17
0.26",True
all-MiniLM-L6-v2,17,Misinformation & Propaganda,461,,2.8727877,5.7260914,0.264177143573761,"(np.float64(0.09019607843137255), np.float64(0.7450980392156863), np.float64(0.8117647058823529), np.float64(1.0))","T17
0.26",True
all-MiniLM-L6-v2,17,Misinformation & Propaganda,567,,2.8071797,5.600448,0.264177143573761,"(np.float64(0.09019607843137255), np.float64(0.7450980392156863), np.float64(0.8117647058823529), np.float64(1.0))","T17
0.26",True
all-MiniLM-L6-v2,17,Misinformation & Propaganda,585,,2.7337584,5.561025,0.264177143573761,"(np.float64(0.09019607843137255), np.float64(0.7450980392156863), np.float64(0.8117647058823529), np.float64(1.0))","T17
0.26",True
all-MiniLM-L6-v2,17,Misinformation & Propaganda,594,,2.863756,5.250093,0.264177143573761,"(np.float64(0.09019607843137255), np.float64(0.7450980392156863), np.float64(0.8117647058823529), np.float64(1.0))","T17
0.26",True
all-MiniLM-L6-v2,17,Misinformation & Propaganda,688,,2.7329814,5.390414,0.264177143573761,"(np.float64(0.09019607843137255), np.float64(0.7450980392156863), np.float64(0.8117647058823529), np.float64(1.0))","T17
0.26",True
all-MiniLM-L6-v2,17,Misinformation & Propaganda,703,,2.7732666,5.6446843,0.264177143573761,"(np.float64(0.09019607843137255), np.float64(0.7450980392156863), np.float64(0.8117647058823529), np.float64(1.0))","T17
0.26",True
all-MiniLM-L6-v2,18,"reviews, review",325,,-0.25265342,5.352549,0.3962368071079254,"(np.float64(0.6196078431372549), np.float64(0.8549019607843137), np.float64(0.8980392156862745), np.float64(1.0))","T18
0.40",False
all-MiniLM-L6-v2,18,"reviews, review",418,,0.50927156,5.6604066,0.3962368071079254,"(np.float64(0.6196078431372549), np.float64(0.8549019607843137), np.float64(0.8980392156862745), np.float64(1.0))","T18
0.40",False
all-MiniLM-L6-v2,18,"reviews, review",666,,0.3536305,5.4051323,0.3962368071079254,"(np.float64(0.6196078431372549), np.float64(0.8549019607843137), np.float64(0.8980392156862745), np.float64(1.0))","T18
0.40",False
all-MiniLM-L6-v2,18,"reviews, review",681,,0.13076463,5.1960726,0.3962368071079254,"(np.float64(0.6196078431372549), np.float64(0.8549019607843137), np.float64(0.8980392156862745), np.float64(1.0))","T18
0.40",False
all-MiniLM-L6-v2,18,"reviews, review",740,,0.7476166,5.84941,0.3962368071079254,"(np.float64(0.6196078431372549), np.float64(0.8549019607843137), np.float64(0.8980392156862745), np.float64(1.0))","T18
0.40",False
all-MiniLM-L6-v2,18,"reviews, review",760,,0.31060928,5.1770606,0.3962368071079254,"(np.float64(0.6196078431372549), np.float64(0.8549019607843137), np.float64(0.8980392156862745), np.float64(1.0))","T18
0.40",False
all-MiniLM-L6-v2,18,"reviews, review",868,,0.1671432,5.3870816,0.3962368071079254,"(np.float64(0.6196078431372549), np.float64(0.8549019607843137), np.float64(0.8980392156862745), np.float64(1.0))","T18
0.40",False
all-MiniLM-L6-v2,18,"reviews, review",881,,0.28114468,5.2150555,0.3962368071079254,"(np.float64(0.6196078431372549), np.float64(0.8549019607843137), np.float64(0.8980392156862745), np.float64(1.0))","T18
0.40",False
all-MiniLM-L6-v2,18,"reviews, review",896,,0.34138563,5.3210654,0.3962368071079254,"(np.float64(0.6196078431372549), np.float64(0.8549019607843137), np.float64(0.8980392156862745), np.float64(1.0))","T18
0.40",False
all-MiniLM-L6-v2,18,"reviews, review",921,,0.4030011,5.469721,0.3962368071079254,"(np.float64(0.6196078431372549), np.float64(0.8549019607843137), np.float64(0.8980392156862745), np.float64(1.0))","T18
0.40",False
all-MiniLM-L6-v2,18,"reviews, review",937,,0.18882531,5.1389847,0.3962368071079254,"(np.float64(0.6196078431372549), np.float64(0.8549019607843137), np.float64(0.8980392156862745), np.float64(1.0))","T18
0.40",False
all-MiniLM-L6-v2,19,"images, deepfake",54,,-2.5790102,2.1421278,0.22046732902526855,"(np.float64(0.12156862745098039), np.float64(0.4666666666666667), np.float64(0.7058823529411765), np.float64(1.0))","T19
0.22",True
all-MiniLM-L6-v2,19,"images, deepfake",169,,-2.7367363,2.3474548,0.22046732902526855,"(np.float64(0.12156862745098039), np.float64(0.4666666666666667), np.float64(0.7058823529411765), np.float64(1.0))","T19
0.22",True
all-MiniLM-L6-v2,19,"images, deepfake",177,,-2.597766,2.5696065,0.22046732902526855,"(np.float64(0.12156862745098039), np.float64(0.4666666666666667), np.float64(0.7058823529411765), np.float64(1.0))","T19
0.22",True
all-MiniLM-L6-v2,19,"images, deepfake",188,,-2.7768745,2.297334,0.22046732902526855,"(np.float64(0.12156862745098039), np.float64(0.4666666666666667), np.float64(0.7058823529411765), np.float64(1.0))","T19
0.22",True
all-MiniLM-L6-v2,19,"images, deepfake",189,,-2.758956,2.3706372,0.22046732902526855,"(np.float64(0.12156862745098039), np.float64(0.4666666666666667), np.float64(0.7058823529411765), np.float64(1.0))","T19
0.22",True
all-MiniLM-L6-v2,19,"images, deepfake",191,,-2.6725934,2.5023284,0.22046732902526855,"(np.float64(0.12156862745098039), np.float64(0.4666666666666667), np.float64(0.7058823529411765), np.float64(1.0))","T19
0.22",True
all-MiniLM-L6-v2,19,"images, deepfake",277,,-2.7573864,2.4185321,0.22046732902526855,"(np.float64(0.12156862745098039), np.float64(0.4666666666666667), np.float64(0.7058823529411765), np.float64(1.0))","T19
0.22",True
all-MiniLM-L6-v2,19,"images, deepfake",372,,-2.710744,2.5380895,0.22046732902526855,"(np.float64(0.12156862745098039), np.float64(0.4666666666666667), np.float64(0.7058823529411765), np.float64(1.0))","T19
0.22",True
all-MiniLM-L6-v2,19,"images, deepfake",428,,-2.6648192,2.549316,0.22046732902526855,"(np.float64(0.12156862745098039), np.float64(0.4666666666666667), np.float64(0.7058823529411765), np.float64(1.0))","T19
0.22",True
all-MiniLM-L6-v2,19,"images, deepfake",479,,-2.7842605,2.1539023,0.22046732902526855,"(np.float64(0.12156862745098039), np.float64(0.4666666666666667), np.float64(0.7058823529411765), np.float64(1.0))","T19
0.22",True
all-MiniLM-L6-v2,19,"images, deepfake",701,,-2.8918936,2.2864316,0.22046732902526855,"(np.float64(0.12156862745098039), np.float64(0.4666666666666667), np.float64(0.7058823529411765), np.float64(1.0))","T19
0.22",True
all-MiniLM-L6-v2,20,"information, technologies",0,,1.0208256,6.685011,0.2556033134460449,"(np.float64(0.6823529411764706), np.float64(0.7803921568627451), np.float64(0.9098039215686274), np.float64(1.0))","T20
0.26",True
all-MiniLM-L6-v2,20,"information, technologies",206,,0.93636286,6.4125295,0.2556033134460449,"(np.float64(0.6823529411764706), np.float64(0.7803921568627451), np.float64(0.9098039215686274), np.float64(1.0))","T20
0.26",True
all-MiniLM-L6-v2,20,"information, technologies",284,,1.1200737,6.435414,0.2556033134460449,"(np.float64(0.6823529411764706), np.float64(0.7803921568627451), np.float64(0.9098039215686274), np.float64(1.0))","T20
0.26",True
all-MiniLM-L6-v2,20,"information, technologies",300,,1.115437,6.690828,0.2556033134460449,"(np.float64(0.6823529411764706), np.float64(0.7803921568627451), np.float64(0.9098039215686274), np.float64(1.0))","T20
0.26",True
all-MiniLM-L6-v2,20,"information, technologies",468,,1.1011457,6.83782,0.2556033134460449,"(np.float64(0.6823529411764706), np.float64(0.7803921568627451), np.float64(0.9098039215686274), np.float64(1.0))","T20
0.26",True
all-MiniLM-L6-v2,20,"information, technologies",621,,1.17012,6.8935814,0.2556033134460449,"(np.float64(0.6823529411764706), np.float64(0.7803921568627451), np.float64(0.9098039215686274), np.float64(1.0))","T20
0.26",True
all-MiniLM-L6-v2,20,"information, technologies",624,,1.0655882,6.8159294,0.2556033134460449,"(np.float64(0.6823529411764706), np.float64(0.7803921568627451), np.float64(0.9098039215686274), np.float64(1.0))","T20
0.26",True
all-MiniLM-L6-v2,20,"information, technologies",728,,1.0844201,6.8551836,0.2556033134460449,"(np.float64(0.6823529411764706), np.float64(0.7803921568627451), np.float64(0.9098039215686274), np.float64(1.0))","T20
0.26",True
all-MiniLM-L6-v2,20,"information, technologies",778,,1.020335,6.440353,0.2556033134460449,"(np.float64(0.6823529411764706), np.float64(0.7803921568627451), np.float64(0.9098039215686274), np.float64(1.0))","T20
0.26",True
all-MiniLM-L6-v2,20,"information, technologies",782,,1.1359462,6.915204,0.2556033134460449,"(np.float64(0.6823529411764706), np.float64(0.7803921568627451), np.float64(0.9098039215686274), np.float64(1.0))","T20
0.26",True
all-MiniLM-L6-v2,21,"evidence, sources",28,,3.2132173,3.4364944,0.29969003796577454,"(np.float64(1.0), np.float64(0.4980392156862745), np.float64(0.054901960784313725), np.float64(1.0))","T21
0.30",True
all-MiniLM-L6-v2,21,"evidence, sources",74,,3.3861063,3.4326754,0.29969003796577454,"(np.float64(1.0), np.float64(0.4980392156862745), np.float64(0.054901960784313725), np.float64(1.0))","T21
0.30",True
all-MiniLM-L6-v2,21,"evidence, sources",752,,3.6864562,3.5916119,0.29969003796577454,"(np.float64(1.0), np.float64(0.4980392156862745), np.float64(0.054901960784313725), np.float64(1.0))","T21
0.30",True
all-MiniLM-L6-v2,21,"evidence, sources",842,,3.5423882,3.293185,0.29969003796577454,"(np.float64(1.0), np.float64(0.4980392156862745), np.float64(0.054901960784313725), np.float64(1.0))","T21
0.30",True
all-MiniLM-L6-v2,21,"evidence, sources",863,,3.5047235,3.5142674,0.29969003796577454,"(np.float64(1.0), np.float64(0.4980392156862745), np.float64(0.054901960784313725), np.float64(1.0))","T21
0.30",True
all-MiniLM-L6-v2,21,"evidence, sources",865,,3.4719417,3.391669,0.29969003796577454,"(np.float64(1.0), np.float64(0.4980392156862745), np.float64(0.054901960784313725), np.float64(1.0))","T21
0.30",True
all-MiniLM-L6-v2,21,"evidence, sources",907,,3.8017292,3.7180634,0.29969003796577454,"(np.float64(1.0), np.float64(0.4980392156862745), np.float64(0.054901960784313725), np.float64(1.0))","T21
0.30",True
all-MiniLM-L6-v2,21,"evidence, sources",919,,3.543806,3.565833,0.29969003796577454,"(np.float64(1.0), np.float64(0.4980392156862745), np.float64(0.054901960784313725), np.float64(1.0))","T21
0.30",True
all-MiniLM-L6-v2,21,"evidence, sources",928,,3.349036,3.3631165,0.29969003796577454,"(np.float64(1.0), np.float64(0.4980392156862745), np.float64(0.054901960784313725), np.float64(1.0))","T21
0.30",True
all-MiniLM-L6-v2,21,"evidence, sources",947,,3.2678578,3.1770778,0.29969003796577454,"(np.float64(1.0), np.float64(0.4980392156862745), np.float64(0.054901960784313725), np.float64(1.0))","T21
0.30",True
all-MiniLM-L6-v2,22,"llms, responses",13,,1.919319,1.9816258,0.21046048402786255,"(np.float64(1.0), np.float64(0.7333333333333333), np.float64(0.47058823529411764), np.float64(1.0))","T22
0.21",True
all-MiniLM-L6-v2,22,"llms, responses",14,,1.9496773,2.0189924,0.21046048402786255,"(np.float64(1.0), np.float64(0.7333333333333333), np.float64(0.47058823529411764), np.float64(1.0))","T22
0.21",True
all-MiniLM-L6-v2,22,"llms, responses",34,,1.8214918,2.0482807,0.21046048402786255,"(np.float64(1.0), np.float64(0.7333333333333333), np.float64(0.47058823529411764), np.float64(1.0))","T22
0.21",True
all-MiniLM-L6-v2,22,"llms, responses",103,,1.704312,1.917898,0.21046048402786255,"(np.float64(1.0), np.float64(0.7333333333333333), np.float64(0.47058823529411764), np.float64(1.0))","T22
0.21",True
all-MiniLM-L6-v2,22,"llms, responses",184,,2.0109818,2.0767434,0.21046048402786255,"(np.float64(1.0), np.float64(0.7333333333333333), np.float64(0.47058823529411764), np.float64(1.0))","T22
0.21",True
all-MiniLM-L6-v2,22,"llms, responses",198,,1.8831931,2.0791163,0.21046048402786255,"(np.float64(1.0), np.float64(0.7333333333333333), np.float64(0.47058823529411764), np.float64(1.0))","T22
0.21",True
all-MiniLM-L6-v2,22,"llms, responses",211,,1.7693772,2.0038974,0.21046048402786255,"(np.float64(1.0), np.float64(0.7333333333333333), np.float64(0.47058823529411764), np.float64(1.0))","T22
0.21",True
all-MiniLM-L6-v2,22,"llms, responses",230,,1.5586189,1.9294614,0.21046048402786255,"(np.float64(1.0), np.float64(0.7333333333333333), np.float64(0.47058823529411764), np.float64(1.0))","T22
0.21",True
all-MiniLM-L6-v2,22,"llms, responses",245,,1.5934378,1.9229017,0.21046048402786255,"(np.float64(1.0), np.float64(0.7333333333333333), np.float64(0.47058823529411764), np.float64(1.0))","T22
0.21",True
all-MiniLM-L6-v2,23,Credibility Assessment,529,,2.0379775,5.290595,0.1449345499277115,"(np.float64(0.17254901960784313), np.float64(0.6274509803921569), np.float64(0.17254901960784313), np.float64(1.0))","T23
0.14",True
all-MiniLM-L6-v2,23,Credibility Assessment,620,,2.1777291,5.413967,0.1449345499277115,"(np.float64(0.17254901960784313), np.float64(0.6274509803921569), np.float64(0.17254901960784313), np.float64(1.0))","T23
0.14",True
all-MiniLM-L6-v2,23,Credibility Assessment,639,,2.1336985,5.349578,0.1449345499277115,"(np.float64(0.17254901960784313), np.float64(0.6274509803921569), np.float64(0.17254901960784313), np.float64(1.0))","T23
0.14",True
all-MiniLM-L6-v2,23,Credibility Assessment,739,,1.9964968,5.326062,0.1449345499277115,"(np.float64(0.17254901960784313), np.float64(0.6274509803921569), np.float64(0.17254901960784313), np.float64(1.0))","T23
0.14",True
all-MiniLM-L6-v2,23,Credibility Assessment,741,,2.0980334,5.378628,0.1449345499277115,"(np.float64(0.17254901960784313), np.float64(0.6274509803921569), np.float64(0.17254901960784313), np.float64(1.0))","T23
0.14",True
all-MiniLM-L6-v2,23,Credibility Assessment,793,,2.0483882,5.381175,0.1449345499277115,"(np.float64(0.17254901960784313), np.float64(0.6274509803921569), np.float64(0.17254901960784313), np.float64(1.0))","T23
0.14",True
all-MiniLM-L6-v2,23,Credibility Assessment,796,,2.0601785,5.3498144,0.1449345499277115,"(np.float64(0.17254901960784313), np.float64(0.6274509803921569), np.float64(0.17254901960784313), np.float64(1.0))","T23
0.14",True
all-MiniLM-L6-v2,23,Credibility Assessment,904,,1.8766487,5.229208,0.1449345499277115,"(np.float64(0.17254901960784313), np.float64(0.6274509803921569), np.float64(0.17254901960784313), np.float64(1.0))","T23
0.14",True
all-MiniLM-L6-v2,23,Credibility Assessment,943,,2.1616118,5.492763,0.1449345499277115,"(np.float64(0.17254901960784313), np.float64(0.6274509803921569), np.float64(0.17254901960784313), np.float64(1.0))","T23
0.14",True
all-MiniLM-L6-v2,24,Fact-Checking & Verification,29,,3.169238,1.7535638,0.2589797079563141,"(np.float64(0.596078431372549), np.float64(0.8745098039215686), np.float64(0.5411764705882353), np.float64(1.0))","T24
0.26",True
all-MiniLM-L6-v2,24,Fact-Checking & Verification,35,,3.0731335,1.9721982,0.2589797079563141,"(np.float64(0.596078431372549), np.float64(0.8745098039215686), np.float64(0.5411764705882353), np.float64(1.0))","T24
0.26",True
all-MiniLM-L6-v2,24,Fact-Checking & Verification,197,,3.2156072,1.813121,0.2589797079563141,"(np.float64(0.596078431372549), np.float64(0.8745098039215686), np.float64(0.5411764705882353), np.float64(1.0))","T24
0.26",True
all-MiniLM-L6-v2,24,Fact-Checking & Verification,229,,3.0516686,1.976492,0.2589797079563141,"(np.float64(0.596078431372549), np.float64(0.8745098039215686), np.float64(0.5411764705882353), np.float64(1.0))","T24
0.26",True
all-MiniLM-L6-v2,24,Fact-Checking & Verification,247,,3.2747927,1.7448661,0.2589797079563141,"(np.float64(0.596078431372549), np.float64(0.8745098039215686), np.float64(0.5411764705882353), np.float64(1.0))","T24
0.26",True
all-MiniLM-L6-v2,24,Fact-Checking & Verification,270,,2.9614787,1.963283,0.2589797079563141,"(np.float64(0.596078431372549), np.float64(0.8745098039215686), np.float64(0.5411764705882353), np.float64(1.0))","T24
0.26",True
all-MiniLM-L6-v2,24,Fact-Checking & Verification,396,,3.1674175,2.0347428,0.2589797079563141,"(np.float64(0.596078431372549), np.float64(0.8745098039215686), np.float64(0.5411764705882353), np.float64(1.0))","T24
0.26",True
all-MiniLM-L6-v2,24,Fact-Checking & Verification,546,,3.2435732,1.853632,0.2589797079563141,"(np.float64(0.596078431372549), np.float64(0.8745098039215686), np.float64(0.5411764705882353), np.float64(1.0))","T24
0.26",True
all-MiniLM-L6-v2,24,Fact-Checking & Verification,747,,3.0792742,2.3491604,0.2589797079563141,"(np.float64(0.596078431372549), np.float64(0.8745098039215686), np.float64(0.5411764705882353), np.float64(1.0))","T24
0.26",True
all-MiniLM-L6-v2,25,"tweets, classification",106,,0.26685283,4.462525,0.26912644505500793,"(np.float64(0.8392156862745098), np.float64(0.15294117647058825), np.float64(0.1568627450980392), np.float64(1.0))","T25
0.27",True
all-MiniLM-L6-v2,25,"tweets, classification",288,,0.4190223,4.818095,0.26912644505500793,"(np.float64(0.8392156862745098), np.float64(0.15294117647058825), np.float64(0.1568627450980392), np.float64(1.0))","T25
0.27",True
all-MiniLM-L6-v2,25,"tweets, classification",378,,0.6792749,4.75878,0.26912644505500793,"(np.float64(0.8392156862745098), np.float64(0.15294117647058825), np.float64(0.1568627450980392), np.float64(1.0))","T25
0.27",True
all-MiniLM-L6-v2,25,"tweets, classification",407,,0.6752553,4.7736783,0.26912644505500793,"(np.float64(0.8392156862745098), np.float64(0.15294117647058825), np.float64(0.1568627450980392), np.float64(1.0))","T25
0.27",True
all-MiniLM-L6-v2,25,"tweets, classification",493,,0.37799183,4.662336,0.26912644505500793,"(np.float64(0.8392156862745098), np.float64(0.15294117647058825), np.float64(0.1568627450980392), np.float64(1.0))","T25
0.27",True
all-MiniLM-L6-v2,25,"tweets, classification",616,,0.29593456,4.619313,0.26912644505500793,"(np.float64(0.8392156862745098), np.float64(0.15294117647058825), np.float64(0.1568627450980392), np.float64(1.0))","T25
0.27",True
all-MiniLM-L6-v2,25,"tweets, classification",684,,0.72969997,4.7449784,0.26912644505500793,"(np.float64(0.8392156862745098), np.float64(0.15294117647058825), np.float64(0.1568627450980392), np.float64(1.0))","T25
0.27",True
all-MiniLM-L6-v2,25,"tweets, classification",686,,0.32368496,4.5814066,0.26912644505500793,"(np.float64(0.8392156862745098), np.float64(0.15294117647058825), np.float64(0.1568627450980392), np.float64(1.0))","T25
0.27",True
all-MiniLM-L6-v2,25,"tweets, classification",732,,0.53713185,4.799385,0.26912644505500793,"(np.float64(0.8392156862745098), np.float64(0.15294117647058825), np.float64(0.1568627450980392), np.float64(1.0))","T25
0.27",True
all-MiniLM-L6-v2,26,Credibility Assessment,22,,1.3222879,5.12184,0.3849431872367859,"(np.float64(1.0), np.float64(0.596078431372549), np.float64(0.5882352941176471), np.float64(1.0))","T26
0.38",False
all-MiniLM-L6-v2,26,Credibility Assessment,669,,1.1723496,5.4704885,0.3849431872367859,"(np.float64(1.0), np.float64(0.596078431372549), np.float64(0.5882352941176471), np.float64(1.0))","T26
0.38",False
all-MiniLM-L6-v2,26,Credibility Assessment,751,,1.1351635,5.35613,0.3849431872367859,"(np.float64(1.0), np.float64(0.596078431372549), np.float64(0.5882352941176471), np.float64(1.0))","T26
0.38",False
all-MiniLM-L6-v2,26,Credibility Assessment,882,,1.234154,5.051421,0.3849431872367859,"(np.float64(1.0), np.float64(0.596078431372549), np.float64(0.5882352941176471), np.float64(1.0))","T26
0.38",False
all-MiniLM-L6-v2,26,Credibility Assessment,890,,1.4428544,5.291233,0.3849431872367859,"(np.float64(1.0), np.float64(0.596078431372549), np.float64(0.5882352941176471), np.float64(1.0))","T26
0.38",False
all-MiniLM-L6-v2,26,Credibility Assessment,891,,1.4782008,5.689678,0.3849431872367859,"(np.float64(1.0), np.float64(0.596078431372549), np.float64(0.5882352941176471), np.float64(1.0))","T26
0.38",False
all-MiniLM-L6-v2,26,Credibility Assessment,894,,1.066655,5.0795727,0.3849431872367859,"(np.float64(1.0), np.float64(0.596078431372549), np.float64(0.5882352941176471), np.float64(1.0))","T26
0.38",False
all-MiniLM-L6-v2,26,Credibility Assessment,949,,1.5059443,5.6350474,0.3849431872367859,"(np.float64(1.0), np.float64(0.596078431372549), np.float64(0.5882352941176471), np.float64(1.0))","T26
0.38",False
all-MiniLM-L6-v2,27,Misinformation & Propaganda,51,,-1.508562,4.980124,0.18673446774482727,"(np.float64(0.5803921568627451), np.float64(0.403921568627451), np.float64(0.7411764705882353), np.float64(1.0))","T27
0.19",True
all-MiniLM-L6-v2,27,Misinformation & Propaganda,110,,-1.3695242,5.011942,0.18673446774482727,"(np.float64(0.5803921568627451), np.float64(0.403921568627451), np.float64(0.7411764705882353), np.float64(1.0))","T27
0.19",True
all-MiniLM-L6-v2,27,Misinformation & Propaganda,342,,-1.4519535,5.0530005,0.18673446774482727,"(np.float64(0.5803921568627451), np.float64(0.403921568627451), np.float64(0.7411764705882353), np.float64(1.0))","T27
0.19",True
all-MiniLM-L6-v2,27,Misinformation & Propaganda,365,,-1.330437,5.1553464,0.18673446774482727,"(np.float64(0.5803921568627451), np.float64(0.403921568627451), np.float64(0.7411764705882353), np.float64(1.0))","T27
0.19",True
all-MiniLM-L6-v2,27,Misinformation & Propaganda,476,,-1.4344556,5.0841584,0.18673446774482727,"(np.float64(0.5803921568627451), np.float64(0.403921568627451), np.float64(0.7411764705882353), np.float64(1.0))","T27
0.19",True
all-MiniLM-L6-v2,27,Misinformation & Propaganda,609,,-1.4405051,5.399035,0.18673446774482727,"(np.float64(0.5803921568627451), np.float64(0.403921568627451), np.float64(0.7411764705882353), np.float64(1.0))","T27
0.19",True
all-MiniLM-L6-v2,27,Misinformation & Propaganda,635,,-1.4805971,4.990408,0.18673446774482727,"(np.float64(0.5803921568627451), np.float64(0.403921568627451), np.float64(0.7411764705882353), np.float64(1.0))","T27
0.19",True
all-MiniLM-L6-v2,27,Misinformation & Propaganda,789,,-1.3779083,5.203818,0.18673446774482727,"(np.float64(0.5803921568627451), np.float64(0.403921568627451), np.float64(0.7411764705882353), np.float64(1.0))","T27
0.19",True
all-MiniLM-L6-v2,28,"ensemble, transfer",45,,-1.4261124,5.7598825,0.20848014950752258,"(np.float64(0.7725490196078432), np.float64(0.6901960784313725), np.float64(0.8352941176470589), np.float64(1.0))","T28
0.21",True
all-MiniLM-L6-v2,28,"ensemble, transfer",140,,-1.3905241,5.3629646,0.20848014950752258,"(np.float64(0.7725490196078432), np.float64(0.6901960784313725), np.float64(0.8352941176470589), np.float64(1.0))","T28
0.21",True
all-MiniLM-L6-v2,28,"ensemble, transfer",192,,-1.2422863,5.798925,0.20848014950752258,"(np.float64(0.7725490196078432), np.float64(0.6901960784313725), np.float64(0.8352941176470589), np.float64(1.0))","T28
0.21",True
all-MiniLM-L6-v2,28,"ensemble, transfer",346,,-1.3029028,5.6579275,0.20848014950752258,"(np.float64(0.7725490196078432), np.float64(0.6901960784313725), np.float64(0.8352941176470589), np.float64(1.0))","T28
0.21",True
all-MiniLM-L6-v2,28,"ensemble, transfer",350,,-1.3409462,5.6143203,0.20848014950752258,"(np.float64(0.7725490196078432), np.float64(0.6901960784313725), np.float64(0.8352941176470589), np.float64(1.0))","T28
0.21",True
all-MiniLM-L6-v2,28,"ensemble, transfer",368,,-1.197856,5.5266137,0.20848014950752258,"(np.float64(0.7725490196078432), np.float64(0.6901960784313725), np.float64(0.8352941176470589), np.float64(1.0))","T28
0.21",True
all-MiniLM-L6-v2,28,"ensemble, transfer",548,,-1.2695462,5.7650814,0.20848014950752258,"(np.float64(0.7725490196078432), np.float64(0.6901960784313725), np.float64(0.8352941176470589), np.float64(1.0))","T28
0.21",True
all-MiniLM-L6-v2,28,"ensemble, transfer",723,,-1.2373171,5.7084785,0.20848014950752258,"(np.float64(0.7725490196078432), np.float64(0.6901960784313725), np.float64(0.8352941176470589), np.float64(1.0))","T28
0.21",True
all-MiniLM-L6-v2,29,"debiasing, causal",16,,3.4190457,2.0248506,0.22179892659187317,"(np.float64(0.5490196078431373), np.float64(0.33725490196078434), np.float64(0.29411764705882354), np.float64(1.0))","T29
0.22",True
all-MiniLM-L6-v2,29,"debiasing, causal",79,,3.478952,1.7946752,0.22179892659187317,"(np.float64(0.5490196078431373), np.float64(0.33725490196078434), np.float64(0.29411764705882354), np.float64(1.0))","T29
0.22",True
all-MiniLM-L6-v2,29,"debiasing, causal",181,,3.6029692,1.6327108,0.22179892659187317,"(np.float64(0.5490196078431373), np.float64(0.33725490196078434), np.float64(0.29411764705882354), np.float64(1.0))","T29
0.22",True
all-MiniLM-L6-v2,29,"debiasing, causal",200,,3.5204463,1.9095874,0.22179892659187317,"(np.float64(0.5490196078431373), np.float64(0.33725490196078434), np.float64(0.29411764705882354), np.float64(1.0))","T29
0.22",True
all-MiniLM-L6-v2,29,"debiasing, causal",235,,3.7067804,1.6253133,0.22179892659187317,"(np.float64(0.5490196078431373), np.float64(0.33725490196078434), np.float64(0.29411764705882354), np.float64(1.0))","T29
0.22",True
all-MiniLM-L6-v2,29,"debiasing, causal",244,,3.5438986,1.694979,0.22179892659187317,"(np.float64(0.5490196078431373), np.float64(0.33725490196078434), np.float64(0.29411764705882354), np.float64(1.0))","T29
0.22",True
all-MiniLM-L6-v2,29,"debiasing, causal",559,,3.478275,1.8527708,0.22179892659187317,"(np.float64(0.5490196078431373), np.float64(0.33725490196078434), np.float64(0.29411764705882354), np.float64(1.0))","T29
0.22",True
all-MiniLM-L6-v2,29,"debiasing, causal",565,,3.61445,1.6038399,0.22179892659187317,"(np.float64(0.5490196078431373), np.float64(0.33725490196078434), np.float64(0.29411764705882354), np.float64(1.0))","T29
0.22",True
all-MiniLM-L6-v2,30,"claim, pipeline",30,,2.9412076,2.4111912,0.2341756671667099,"(np.float64(0.7686274509803922), np.float64(0.611764705882353), np.float64(0.5803921568627451), np.float64(1.0))","T30
0.23",True
all-MiniLM-L6-v2,30,"claim, pipeline",72,,3.3420677,2.7162068,0.2341756671667099,"(np.float64(0.7686274509803922), np.float64(0.611764705882353), np.float64(0.5803921568627451), np.float64(1.0))","T30
0.23",True
all-MiniLM-L6-v2,30,"claim, pipeline",75,,2.9829779,2.4093108,0.2341756671667099,"(np.float64(0.7686274509803922), np.float64(0.611764705882353), np.float64(0.5803921568627451), np.float64(1.0))","T30
0.23",True
all-MiniLM-L6-v2,30,"claim, pipeline",268,,2.875907,2.4076388,0.2341756671667099,"(np.float64(0.7686274509803922), np.float64(0.611764705882353), np.float64(0.5803921568627451), np.float64(1.0))","T30
0.23",True
all-MiniLM-L6-v2,30,"claim, pipeline",275,,3.0391634,2.4944882,0.2341756671667099,"(np.float64(0.7686274509803922), np.float64(0.611764705882353), np.float64(0.5803921568627451), np.float64(1.0))","T30
0.23",True
all-MiniLM-L6-v2,30,"claim, pipeline",399,,3.060679,2.5958753,0.2341756671667099,"(np.float64(0.7686274509803922), np.float64(0.611764705882353), np.float64(0.5803921568627451), np.float64(1.0))","T30
0.23",True
all-MiniLM-L6-v2,30,"claim, pipeline",755,,2.9579883,2.6506605,0.2341756671667099,"(np.float64(0.7686274509803922), np.float64(0.611764705882353), np.float64(0.5803921568627451), np.float64(1.0))","T30
0.23",True
all-MiniLM-L6-v2,30,"claim, pipeline",809,,2.8855011,2.590094,0.2341756671667099,"(np.float64(0.7686274509803922), np.float64(0.611764705882353), np.float64(0.5803921568627451), np.float64(1.0))","T30
0.23",True
all-MiniLM-L6-v2,31,Misinformation & Propaganda,21,,-0.12948345,4.0946193,0.80854731798172,"(np.float64(0.8901960784313725), np.float64(0.4666666666666667), np.float64(0.7607843137254902), np.float64(1.0))","T31
0.81",False
all-MiniLM-L6-v2,31,Misinformation & Propaganda,485,,0.010854258,4.275885,0.80854731798172,"(np.float64(0.8901960784313725), np.float64(0.4666666666666667), np.float64(0.7607843137254902), np.float64(1.0))","T31
0.81",False
all-MiniLM-L6-v2,31,Misinformation & Propaganda,506,,-0.20090453,4.114195,0.80854731798172,"(np.float64(0.8901960784313725), np.float64(0.4666666666666667), np.float64(0.7607843137254902), np.float64(1.0))","T31
0.81",False
all-MiniLM-L6-v2,31,Misinformation & Propaganda,512,,-0.5813834,4.197175,0.80854731798172,"(np.float64(0.8901960784313725), np.float64(0.4666666666666667), np.float64(0.7607843137254902), np.float64(1.0))","T31
0.81",False
all-MiniLM-L6-v2,31,Misinformation & Propaganda,570,,0.07822194,4.4267616,0.80854731798172,"(np.float64(0.8901960784313725), np.float64(0.4666666666666667), np.float64(0.7607843137254902), np.float64(1.0))","T31
0.81",False
all-MiniLM-L6-v2,31,Misinformation & Propaganda,622,,1.3344383,4.7460623,0.80854731798172,"(np.float64(0.8901960784313725), np.float64(0.4666666666666667), np.float64(0.7607843137254902), np.float64(1.0))","T31
0.81",False
all-MiniLM-L6-v2,31,Misinformation & Propaganda,626,,0.44544756,4.270658,0.80854731798172,"(np.float64(0.8901960784313725), np.float64(0.4666666666666667), np.float64(0.7607843137254902), np.float64(1.0))","T31
0.81",False
all-MiniLM-L6-v2,31,Misinformation & Propaganda,734,,0.9491797,4.5597444,0.80854731798172,"(np.float64(0.8901960784313725), np.float64(0.4666666666666667), np.float64(0.7607843137254902), np.float64(1.0))","T31
0.81",False
all-MiniLM-L6-v2,32,Misinformation & Propaganda,316,,0.285725,6.5262303,0.15812253952026367,"(np.float64(0.9686274509803922), np.float64(0.7137254901960784), np.float64(0.8235294117647058), np.float64(1.0))","T32
0.16",True
all-MiniLM-L6-v2,32,Misinformation & Propaganda,492,,0.26410297,6.4051676,0.15812253952026367,"(np.float64(0.9686274509803922), np.float64(0.7137254901960784), np.float64(0.8235294117647058), np.float64(1.0))","T32
0.16",True
all-MiniLM-L6-v2,32,Misinformation & Propaganda,612,,0.13127038,6.274204,0.15812253952026367,"(np.float64(0.9686274509803922), np.float64(0.7137254901960784), np.float64(0.8235294117647058), np.float64(1.0))","T32
0.16",True
all-MiniLM-L6-v2,32,Misinformation & Propaganda,617,,0.12914239,6.4484816,0.15812253952026367,"(np.float64(0.9686274509803922), np.float64(0.7137254901960784), np.float64(0.8235294117647058), np.float64(1.0))","T32
0.16",True
all-MiniLM-L6-v2,32,Misinformation & Propaganda,712,,0.120357424,6.5076823,0.15812253952026367,"(np.float64(0.9686274509803922), np.float64(0.7137254901960784), np.float64(0.8235294117647058), np.float64(1.0))","T32
0.16",True
all-MiniLM-L6-v2,32,Misinformation & Propaganda,783,,0.037746765,6.4107285,0.15812253952026367,"(np.float64(0.9686274509803922), np.float64(0.7137254901960784), np.float64(0.8235294117647058), np.float64(1.0))","T32
0.16",True
all-MiniLM-L6-v2,32,Misinformation & Propaganda,788,,0.28713882,6.4761853,0.15812253952026367,"(np.float64(0.9686274509803922), np.float64(0.7137254901960784), np.float64(0.8235294117647058), np.float64(1.0))","T32
0.16",True
all-MiniLM-L6-v2,32,Misinformation & Propaganda,876,,0.21430789,6.4713283,0.15812253952026367,"(np.float64(0.9686274509803922), np.float64(0.7137254901960784), np.float64(0.8235294117647058), np.float64(1.0))","T32
0.16",True
all-MiniLM-L6-v2,33,Credibility Assessment,141,,3.9901798,5.063205,0.20561282336711884,"(np.float64(0.4980392156862745), np.float64(0.4980392156862745), np.float64(0.4980392156862745), np.float64(1.0))","T33
0.21",True
all-MiniLM-L6-v2,33,Credibility Assessment,798,,4.0016413,5.100007,0.20561282336711884,"(np.float64(0.4980392156862745), np.float64(0.4980392156862745), np.float64(0.4980392156862745), np.float64(1.0))","T33
0.21",True
all-MiniLM-L6-v2,33,Credibility Assessment,923,,4.193791,5.298027,0.20561282336711884,"(np.float64(0.4980392156862745), np.float64(0.4980392156862745), np.float64(0.4980392156862745), np.float64(1.0))","T33
0.21",True
all-MiniLM-L6-v2,33,Credibility Assessment,946,,4.0644393,5.170825,0.20561282336711884,"(np.float64(0.4980392156862745), np.float64(0.4980392156862745), np.float64(0.4980392156862745), np.float64(1.0))","T33
0.21",True
all-MiniLM-L6-v2,33,Credibility Assessment,953,,4.2124133,5.374337,0.20561282336711884,"(np.float64(0.4980392156862745), np.float64(0.4980392156862745), np.float64(0.4980392156862745), np.float64(1.0))","T33
0.21",True
all-MiniLM-L6-v2,33,Credibility Assessment,960,,4.116974,5.2477536,0.20561282336711884,"(np.float64(0.4980392156862745), np.float64(0.4980392156862745), np.float64(0.4980392156862745), np.float64(1.0))","T33
0.21",True
all-MiniLM-L6-v2,33,Credibility Assessment,973,,4.0580688,4.9803376,0.20561282336711884,"(np.float64(0.4980392156862745), np.float64(0.4980392156862745), np.float64(0.4980392156862745), np.float64(1.0))","T33
0.21",True
all-MiniLM-L6-v2,34,Misinformation & Propaganda,6,,-0.48402202,2.7136703,0.17619651556015015,"(np.float64(0.7803921568627451), np.float64(0.7803921568627451), np.float64(0.7803921568627451), np.float64(1.0))","T34
0.18",True
all-MiniLM-L6-v2,34,Misinformation & Propaganda,100,,-0.2891103,2.7058566,0.17619651556015015,"(np.float64(0.7803921568627451), np.float64(0.7803921568627451), np.float64(0.7803921568627451), np.float64(1.0))","T34
0.18",True
all-MiniLM-L6-v2,34,Misinformation & Propaganda,414,,-0.44279784,2.7950597,0.17619651556015015,"(np.float64(0.7803921568627451), np.float64(0.7803921568627451), np.float64(0.7803921568627451), np.float64(1.0))","T34
0.18",True
all-MiniLM-L6-v2,34,Misinformation & Propaganda,425,,-0.39000058,2.6219163,0.17619651556015015,"(np.float64(0.7803921568627451), np.float64(0.7803921568627451), np.float64(0.7803921568627451), np.float64(1.0))","T34
0.18",True
all-MiniLM-L6-v2,34,Misinformation & Propaganda,564,,-0.33626834,2.6181922,0.17619651556015015,"(np.float64(0.7803921568627451), np.float64(0.7803921568627451), np.float64(0.7803921568627451), np.float64(1.0))","T34
0.18",True
all-MiniLM-L6-v2,34,Misinformation & Propaganda,764,,-0.5390989,2.6920598,0.17619651556015015,"(np.float64(0.7803921568627451), np.float64(0.7803921568627451), np.float64(0.7803921568627451), np.float64(1.0))","T34
0.18",True
all-MiniLM-L6-v2,34,Misinformation & Propaganda,813,,-0.5118347,2.8943896,0.17619651556015015,"(np.float64(0.7803921568627451), np.float64(0.7803921568627451), np.float64(0.7803921568627451), np.float64(1.0))","T34
0.18",True
all-MiniLM-L6-v2,35,Misinformation & Propaganda,114,,-1.7756655,1.4491866,0.1806403249502182,"(np.float64(0.7372549019607844), np.float64(0.7411764705882353), np.float64(0.13333333333333333), np.float64(1.0))","T35
0.18",True
all-MiniLM-L6-v2,35,Misinformation & Propaganda,118,,-1.8375787,1.4160515,0.1806403249502182,"(np.float64(0.7372549019607844), np.float64(0.7411764705882353), np.float64(0.13333333333333333), np.float64(1.0))","T35
0.18",True
all-MiniLM-L6-v2,35,Misinformation & Propaganda,253,,-1.8130318,1.5233779,0.1806403249502182,"(np.float64(0.7372549019607844), np.float64(0.7411764705882353), np.float64(0.13333333333333333), np.float64(1.0))","T35
0.18",True
all-MiniLM-L6-v2,35,Misinformation & Propaganda,267,,-1.708704,1.4355717,0.1806403249502182,"(np.float64(0.7372549019607844), np.float64(0.7411764705882353), np.float64(0.13333333333333333), np.float64(1.0))","T35
0.18",True
all-MiniLM-L6-v2,35,Misinformation & Propaganda,334,,-2.0043747,1.6563334,0.1806403249502182,"(np.float64(0.7372549019607844), np.float64(0.7411764705882353), np.float64(0.13333333333333333), np.float64(1.0))","T35
0.18",True
all-MiniLM-L6-v2,35,Misinformation & Propaganda,416,,-1.9494754,1.3964883,0.1806403249502182,"(np.float64(0.7372549019607844), np.float64(0.7411764705882353), np.float64(0.13333333333333333), np.float64(1.0))","T35
0.18",True
all-MiniLM-L6-v2,35,Misinformation & Propaganda,456,,-1.8689607,1.3500319,0.1806403249502182,"(np.float64(0.7372549019607844), np.float64(0.7411764705882353), np.float64(0.13333333333333333), np.float64(1.0))","T35
0.18",True
all-MiniLM-L6-v2,36,Misinformation & Propaganda,142,,-1.7594128,3.5976305,0.2192261964082718,"(np.float64(0.8588235294117647), np.float64(0.8588235294117647), np.float64(0.5529411764705883), np.float64(1.0))","T36
0.22",True
all-MiniLM-L6-v2,36,Misinformation & Propaganda,149,,-1.6928077,3.7349236,0.2192261964082718,"(np.float64(0.8588235294117647), np.float64(0.8588235294117647), np.float64(0.5529411764705883), np.float64(1.0))","T36
0.22",True
all-MiniLM-L6-v2,36,Misinformation & Propaganda,223,,-1.7912024,3.5880136,0.2192261964082718,"(np.float64(0.8588235294117647), np.float64(0.8588235294117647), np.float64(0.5529411764705883), np.float64(1.0))","T36
0.22",True
all-MiniLM-L6-v2,36,Misinformation & Propaganda,309,,-1.8722477,3.3912594,0.2192261964082718,"(np.float64(0.8588235294117647), np.float64(0.8588235294117647), np.float64(0.5529411764705883), np.float64(1.0))","T36
0.22",True
all-MiniLM-L6-v2,36,Misinformation & Propaganda,319,,-1.8101592,3.423329,0.2192261964082718,"(np.float64(0.8588235294117647), np.float64(0.8588235294117647), np.float64(0.5529411764705883), np.float64(1.0))","T36
0.22",True
all-MiniLM-L6-v2,36,Misinformation & Propaganda,710,,-1.6800585,3.3199613,0.2192261964082718,"(np.float64(0.8588235294117647), np.float64(0.8588235294117647), np.float64(0.5529411764705883), np.float64(1.0))","T36
0.22",True
all-MiniLM-L6-v2,36,Misinformation & Propaganda,776,,-1.8808218,3.353631,0.2192261964082718,"(np.float64(0.8588235294117647), np.float64(0.8588235294117647), np.float64(0.5529411764705883), np.float64(1.0))","T36
0.22",True
all-MiniLM-L6-v2,37,Rumor on Social Media,439,,1.9040854,4.9627347,0.16353905200958252,"(np.float64(0.09019607843137255), np.float64(0.7450980392156863), np.float64(0.8117647058823529), np.float64(1.0))","T37
0.16",True
all-MiniLM-L6-v2,37,Rumor on Social Media,460,,1.77566,5.0831785,0.16353905200958252,"(np.float64(0.09019607843137255), np.float64(0.7450980392156863), np.float64(0.8117647058823529), np.float64(1.0))","T37
0.16",True
all-MiniLM-L6-v2,37,Rumor on Social Media,683,,1.6567296,4.9651175,0.16353905200958252,"(np.float64(0.09019607843137255), np.float64(0.7450980392156863), np.float64(0.8117647058823529), np.float64(1.0))","T37
0.16",True
all-MiniLM-L6-v2,37,Rumor on Social Media,737,,1.648808,4.967054,0.16353905200958252,"(np.float64(0.09019607843137255), np.float64(0.7450980392156863), np.float64(0.8117647058823529), np.float64(1.0))","T37
0.16",True
all-MiniLM-L6-v2,37,Rumor on Social Media,816,,1.6638893,4.9067907,0.16353905200958252,"(np.float64(0.09019607843137255), np.float64(0.7450980392156863), np.float64(0.8117647058823529), np.float64(1.0))","T37
0.16",True
all-MiniLM-L6-v2,37,Rumor on Social Media,906,,1.5767071,5.055933,0.16353905200958252,"(np.float64(0.09019607843137255), np.float64(0.7450980392156863), np.float64(0.8117647058823529), np.float64(1.0))","T37
0.16",True
all-MiniLM-L6-v2,37,Rumor on Social Media,908,,1.7614914,5.073428,0.16353905200958252,"(np.float64(0.09019607843137255), np.float64(0.7450980392156863), np.float64(0.8117647058823529), np.float64(1.0))","T37
0.16",True
all-MiniLM-L6-v2,38,"interpretability, automated",77,,1.6316448,2.7460275,0.16311554610729218,"(np.float64(0.6196078431372549), np.float64(0.8549019607843137), np.float64(0.8980392156862745), np.float64(1.0))","T38
0.16",True
all-MiniLM-L6-v2,38,"interpretability, automated",98,,1.8040667,2.6647098,0.16311554610729218,"(np.float64(0.6196078431372549), np.float64(0.8549019607843137), np.float64(0.8980392156862745), np.float64(1.0))","T38
0.16",True
all-MiniLM-L6-v2,38,"interpretability, automated",438,,1.7257634,2.6771343,0.16311554610729218,"(np.float64(0.6196078431372549), np.float64(0.8549019607843137), np.float64(0.8980392156862745), np.float64(1.0))","T38
0.16",True
all-MiniLM-L6-v2,38,"interpretability, automated",533,,1.7751237,2.5148287,0.16311554610729218,"(np.float64(0.6196078431372549), np.float64(0.8549019607843137), np.float64(0.8980392156862745), np.float64(1.0))","T38
0.16",True
all-MiniLM-L6-v2,38,"interpretability, automated",820,,1.647081,2.844568,0.16311554610729218,"(np.float64(0.6196078431372549), np.float64(0.8549019607843137), np.float64(0.8980392156862745), np.float64(1.0))","T38
0.16",True
all-MiniLM-L6-v2,38,"interpretability, automated",854,,1.7449168,2.783962,0.16311554610729218,"(np.float64(0.6196078431372549), np.float64(0.8549019607843137), np.float64(0.8980392156862745), np.float64(1.0))","T38
0.16",True
all-MiniLM-L6-v2,38,"interpretability, automated",857,,1.682634,2.6394238,0.16311554610729218,"(np.float64(0.6196078431372549), np.float64(0.8549019607843137), np.float64(0.8980392156862745), np.float64(1.0))","T38
0.16",True
all-MiniLM-L6-v2,39,Credibility Assessment,514,,2.087989,5.7863045,0.25019994378089905,"(np.float64(0.12156862745098039), np.float64(0.4666666666666667), np.float64(0.7058823529411765), np.float64(1.0))","T39
0.25",True
all-MiniLM-L6-v2,39,Credibility Assessment,545,,2.263828,5.803792,0.25019994378089905,"(np.float64(0.12156862745098039), np.float64(0.4666666666666667), np.float64(0.7058823529411765), np.float64(1.0))","T39
0.25",True
all-MiniLM-L6-v2,39,Credibility Assessment,650,,2.319969,5.991721,0.25019994378089905,"(np.float64(0.12156862745098039), np.float64(0.4666666666666667), np.float64(0.7058823529411765), np.float64(1.0))","T39
0.25",True
all-MiniLM-L6-v2,39,Credibility Assessment,818,,1.9864832,5.5732045,0.25019994378089905,"(np.float64(0.12156862745098039), np.float64(0.4666666666666667), np.float64(0.7058823529411765), np.float64(1.0))","T39
0.25",True
all-MiniLM-L6-v2,39,Credibility Assessment,930,,2.3481188,5.6097374,0.25019994378089905,"(np.float64(0.12156862745098039), np.float64(0.4666666666666667), np.float64(0.7058823529411765), np.float64(1.0))","T39
0.25",True
all-MiniLM-L6-v2,39,Credibility Assessment,933,,2.1572452,5.787864,0.25019994378089905,"(np.float64(0.12156862745098039), np.float64(0.4666666666666667), np.float64(0.7058823529411765), np.float64(1.0))","T39
0.25",True
all-MiniLM-L6-v2,39,Credibility Assessment,950,,2.3045242,5.7476215,0.25019994378089905,"(np.float64(0.12156862745098039), np.float64(0.4666666666666667), np.float64(0.7058823529411765), np.float64(1.0))","T39
0.25",True
all-MiniLM-L6-v2,40,Crowdsourced Analysis,15,,2.4308271,7.7105045,0.14870162308216095,"(np.float64(0.6823529411764706), np.float64(0.7803921568627451), np.float64(0.9098039215686274), np.float64(1.0))","T40
0.15",True
all-MiniLM-L6-v2,40,Crowdsourced Analysis,522,,2.5341249,7.8686333,0.14870162308216095,"(np.float64(0.6823529411764706), np.float64(0.7803921568627451), np.float64(0.9098039215686274), np.float64(1.0))","T40
0.15",True
all-MiniLM-L6-v2,40,Crowdsourced Analysis,523,,2.596778,7.919164,0.14870162308216095,"(np.float64(0.6823529411764706), np.float64(0.7803921568627451), np.float64(0.9098039215686274), np.float64(1.0))","T40
0.15",True
all-MiniLM-L6-v2,40,Crowdsourced Analysis,729,,2.431967,7.681701,0.14870162308216095,"(np.float64(0.6823529411764706), np.float64(0.7803921568627451), np.float64(0.9098039215686274), np.float64(1.0))","T40
0.15",True
all-MiniLM-L6-v2,40,Crowdsourced Analysis,952,,2.521855,7.8029675,0.14870162308216095,"(np.float64(0.6823529411764706), np.float64(0.7803921568627451), np.float64(0.9098039215686274), np.float64(1.0))","T40
0.15",True
all-MiniLM-L6-v2,40,Crowdsourced Analysis,976,,2.4405394,7.8547716,0.14870162308216095,"(np.float64(0.6823529411764706), np.float64(0.7803921568627451), np.float64(0.9098039215686274), np.float64(1.0))","T40
0.15",True
all-MiniLM-L6-v2,41,"gfake, receiver",302,,0.6411249,5.982969,0.2232304960489273,"(np.float64(1.0), np.float64(0.4980392156862745), np.float64(0.054901960784313725), np.float64(1.0))","T41
0.22",True
all-MiniLM-L6-v2,41,"gfake, receiver",433,,0.79808265,6.2115536,0.2232304960489273,"(np.float64(1.0), np.float64(0.4980392156862745), np.float64(0.054901960784313725), np.float64(1.0))","T41
0.22",True
all-MiniLM-L6-v2,41,"gfake, receiver",490,,0.7231359,6.2267513,0.2232304960489273,"(np.float64(1.0), np.float64(0.4980392156862745), np.float64(0.054901960784313725), np.float64(1.0))","T41
0.22",True
all-MiniLM-L6-v2,41,"gfake, receiver",685,,0.6294271,6.215006,0.2232304960489273,"(np.float64(1.0), np.float64(0.4980392156862745), np.float64(0.054901960784313725), np.float64(1.0))","T41
0.22",True
all-MiniLM-L6-v2,41,"gfake, receiver",750,,0.96960074,6.2004795,0.2232304960489273,"(np.float64(1.0), np.float64(0.4980392156862745), np.float64(0.054901960784313725), np.float64(1.0))","T41
0.22",True
all-MiniLM-L6-v2,41,"gfake, receiver",874,,0.7613563,6.346207,0.2232304960489273,"(np.float64(1.0), np.float64(0.4980392156862745), np.float64(0.054901960784313725), np.float64(1.0))","T41
0.22",True
all-MiniLM-L6-v2,42,Fact-Checking & Verification,647,,1.7279589,4.699395,0.12228479981422424,"(np.float64(1.0), np.float64(0.7333333333333333), np.float64(0.47058823529411764), np.float64(1.0))","T42
0.12",True
all-MiniLM-L6-v2,42,Fact-Checking & Verification,802,,1.7320622,4.713718,0.12228479981422424,"(np.float64(1.0), np.float64(0.7333333333333333), np.float64(0.47058823529411764), np.float64(1.0))","T42
0.12",True
all-MiniLM-L6-v2,42,Fact-Checking & Verification,862,,1.7018605,4.7693944,0.12228479981422424,"(np.float64(1.0), np.float64(0.7333333333333333), np.float64(0.47058823529411764), np.float64(1.0))","T42
0.12",True
all-MiniLM-L6-v2,42,Fact-Checking & Verification,866,,1.7744132,4.7141457,0.12228479981422424,"(np.float64(1.0), np.float64(0.7333333333333333), np.float64(0.47058823529411764), np.float64(1.0))","T42
0.12",True
all-MiniLM-L6-v2,42,Fact-Checking & Verification,870,,1.6396312,4.9627156,0.12228479981422424,"(np.float64(1.0), np.float64(0.7333333333333333), np.float64(0.47058823529411764), np.float64(1.0))","T42
0.12",True
all-MiniLM-L6-v2,42,Fact-Checking & Verification,912,,1.7179062,4.689411,0.12228479981422424,"(np.float64(1.0), np.float64(0.7333333333333333), np.float64(0.47058823529411764), np.float64(1.0))","T42
0.12",True
all-MiniLM-L6-v2,43,"forums, cqa",753,,2.4733596,2.8023527,0.28297626972198486,"(np.float64(0.17254901960784313), np.float64(0.6274509803921569), np.float64(0.17254901960784313), np.float64(1.0))","T43
0.28",True
all-MiniLM-L6-v2,43,"forums, cqa",754,,2.7334263,2.867608,0.28297626972198486,"(np.float64(0.17254901960784313), np.float64(0.6274509803921569), np.float64(0.17254901960784313), np.float64(1.0))","T43
0.28",True
all-MiniLM-L6-v2,43,"forums, cqa",757,,2.3366156,2.7035964,0.28297626972198486,"(np.float64(0.17254901960784313), np.float64(0.6274509803921569), np.float64(0.17254901960784313), np.float64(1.0))","T43
0.28",True
all-MiniLM-L6-v2,43,"forums, cqa",807,,2.3675036,3.0544832,0.28297626972198486,"(np.float64(0.17254901960784313), np.float64(0.6274509803921569), np.float64(0.17254901960784313), np.float64(1.0))","T43
0.28",True
all-MiniLM-L6-v2,43,"forums, cqa",839,,2.3440228,2.9332464,0.28297626972198486,"(np.float64(0.17254901960784313), np.float64(0.6274509803921569), np.float64(0.17254901960784313), np.float64(1.0))","T43
0.28",True
all-MiniLM-L6-v2,43,"forums, cqa",859,,2.699203,2.8618953,0.28297626972198486,"(np.float64(0.17254901960784313), np.float64(0.6274509803921569), np.float64(0.17254901960784313), np.float64(1.0))","T43
0.28",True
all-MiniLM-L6-v2,44,Journalism & Media Studies,799,,1.7460254,5.3990607,0.1109681949019432,"(np.float64(0.596078431372549), np.float64(0.8745098039215686), np.float64(0.5411764705882353), np.float64(1.0))","T44
0.11",True
all-MiniLM-L6-v2,44,Journalism & Media Studies,852,,1.650417,5.37185,0.1109681949019432,"(np.float64(0.596078431372549), np.float64(0.8745098039215686), np.float64(0.5411764705882353), np.float64(1.0))","T44
0.11",True
all-MiniLM-L6-v2,44,Journalism & Media Studies,879,,1.7523682,5.427025,0.1109681949019432,"(np.float64(0.596078431372549), np.float64(0.8745098039215686), np.float64(0.5411764705882353), np.float64(1.0))","T44
0.11",True
all-MiniLM-L6-v2,44,Journalism & Media Studies,913,,1.6853968,5.4243007,0.1109681949019432,"(np.float64(0.596078431372549), np.float64(0.8745098039215686), np.float64(0.5411764705882353), np.float64(1.0))","T44
0.11",True
all-MiniLM-L6-v2,44,Journalism & Media Studies,936,,1.6192296,5.4143114,0.1109681949019432,"(np.float64(0.596078431372549), np.float64(0.8745098039215686), np.float64(0.5411764705882353), np.float64(1.0))","T44
0.11",True
all-MiniLM-L6-v2,44,Journalism & Media Studies,958,,1.6767933,5.247138,0.1109681949019432,"(np.float64(0.596078431372549), np.float64(0.8745098039215686), np.float64(0.5411764705882353), np.float64(1.0))","T44
0.11",True
all-MiniLM-L6-v2,45,"websites, health",431,,3.174653,4.7666144,0.24313880503177643,"(np.float64(0.8392156862745098), np.float64(0.15294117647058825), np.float64(0.1568627450980392), np.float64(1.0))","T45
0.24",True
all-MiniLM-L6-v2,45,"websites, health",644,,3.0726864,4.828488,0.24313880503177643,"(np.float64(0.8392156862745098), np.float64(0.15294117647058825), np.float64(0.1568627450980392), np.float64(1.0))","T45
0.24",True
all-MiniLM-L6-v2,45,"websites, health",800,,3.232136,5.04536,0.24313880503177643,"(np.float64(0.8392156862745098), np.float64(0.15294117647058825), np.float64(0.1568627450980392), np.float64(1.0))","T45
0.24",True
all-MiniLM-L6-v2,45,"websites, health",815,,3.2797346,5.180912,0.24313880503177643,"(np.float64(0.8392156862745098), np.float64(0.15294117647058825), np.float64(0.1568627450980392), np.float64(1.0))","T45
0.24",True
all-MiniLM-L6-v2,45,"websites, health",880,,3.306766,4.9596276,0.24313880503177643,"(np.float64(0.8392156862745098), np.float64(0.15294117647058825), np.float64(0.1568627450980392), np.float64(1.0))","T45
0.24",True
all-MiniLM-L6-v2,45,"websites, health",978,,3.3797925,5.0487156,0.24313880503177643,"(np.float64(0.8392156862745098), np.float64(0.15294117647058825), np.float64(0.1568627450980392), np.float64(1.0))","T45
0.24",True
all-MiniLM-L6-v2,46,Misinformation & Propaganda,42,,-0.8481337,2.5918403,0.23320214450359344,"(np.float64(1.0), np.float64(0.596078431372549), np.float64(0.5882352941176471), np.float64(1.0))","T46
0.23",True
all-MiniLM-L6-v2,46,Misinformation & Propaganda,255,,-0.76392514,2.434675,0.23320214450359344,"(np.float64(1.0), np.float64(0.596078431372549), np.float64(0.5882352941176471), np.float64(1.0))","T46
0.23",True
all-MiniLM-L6-v2,46,Misinformation & Propaganda,313,,-0.8429207,2.3728669,0.23320214450359344,"(np.float64(1.0), np.float64(0.596078431372549), np.float64(0.5882352941176471), np.float64(1.0))","T46
0.23",True
all-MiniLM-L6-v2,46,Misinformation & Propaganda,459,,-0.85073954,2.6197283,0.23320214450359344,"(np.float64(1.0), np.float64(0.596078431372549), np.float64(0.5882352941176471), np.float64(1.0))","T46
0.23",True
all-MiniLM-L6-v2,46,Misinformation & Propaganda,498,,-1.0294803,2.4843895,0.23320214450359344,"(np.float64(1.0), np.float64(0.596078431372549), np.float64(0.5882352941176471), np.float64(1.0))","T46
0.23",True
all-MiniLM-L6-v2,46,Misinformation & Propaganda,674,,-0.5650899,2.4559174,0.23320214450359344,"(np.float64(1.0), np.float64(0.596078431372549), np.float64(0.5882352941176471), np.float64(1.0))","T46
0.23",True
all-MiniLM-L6-v2,47,"phoney, papers",147,,-0.3217187,5.2530236,0.3593975305557251,"(np.float64(0.5803921568627451), np.float64(0.403921568627451), np.float64(0.7411764705882353), np.float64(1.0))","T47
0.36",False
all-MiniLM-L6-v2,47,"phoney, papers",393,,-0.59328234,5.2723856,0.3593975305557251,"(np.float64(0.5803921568627451), np.float64(0.403921568627451), np.float64(0.7411764705882353), np.float64(1.0))","T47
0.36",False
all-MiniLM-L6-v2,47,"phoney, papers",481,,-0.33940908,5.270039,0.3593975305557251,"(np.float64(0.5803921568627451), np.float64(0.403921568627451), np.float64(0.7411764705882353), np.float64(1.0))","T47
0.36",False
all-MiniLM-L6-v2,47,"phoney, papers",629,,-0.5058951,5.863887,0.3593975305557251,"(np.float64(0.5803921568627451), np.float64(0.403921568627451), np.float64(0.7411764705882353), np.float64(1.0))","T47
0.36",False
all-MiniLM-L6-v2,47,"phoney, papers",664,,-0.5959184,5.467316,0.3593975305557251,"(np.float64(0.5803921568627451), np.float64(0.403921568627451), np.float64(0.7411764705882353), np.float64(1.0))","T47
0.36",False
all-MiniLM-L6-v2,47,"phoney, papers",717,,-0.20370194,5.318481,0.3593975305557251,"(np.float64(0.5803921568627451), np.float64(0.403921568627451), np.float64(0.7411764705882353), np.float64(1.0))","T47
0.36",False
all-MiniLM-L6-v2,48,Credibility Assessment,70,,2.7772677,6.2990065,0.15439541637897491,"(np.float64(0.7725490196078432), np.float64(0.6901960784313725), np.float64(0.8352941176470589), np.float64(1.0))","T48
0.15",True
all-MiniLM-L6-v2,48,Credibility Assessment,173,,2.7322679,6.3174863,0.15439541637897491,"(np.float64(0.7725490196078432), np.float64(0.6901960784313725), np.float64(0.8352941176470589), np.float64(1.0))","T48
0.15",True
all-MiniLM-L6-v2,48,Credibility Assessment,174,,2.5402167,6.14806,0.15439541637897491,"(np.float64(0.7725490196078432), np.float64(0.6901960784313725), np.float64(0.8352941176470589), np.float64(1.0))","T48
0.15",True
all-MiniLM-L6-v2,48,Credibility Assessment,209,,2.7750754,6.3034277,0.15439541637897491,"(np.float64(0.7725490196078432), np.float64(0.6901960784313725), np.float64(0.8352941176470589), np.float64(1.0))","T48
0.15",True
all-MiniLM-L6-v2,48,Credibility Assessment,260,,2.6799378,6.109314,0.15439541637897491,"(np.float64(0.7725490196078432), np.float64(0.6901960784313725), np.float64(0.8352941176470589), np.float64(1.0))","T48
0.15",True
all-MiniLM-L6-v2,48,Credibility Assessment,706,,2.7896452,6.274449,0.15439541637897491,"(np.float64(0.7725490196078432), np.float64(0.6901960784313725), np.float64(0.8352941176470589), np.float64(1.0))","T48
0.15",True
all-MiniLM-L6-v2,49,Misinformation & Propaganda,31,,1.2043812,3.066645,0.29767414927482605,"(np.float64(0.5490196078431373), np.float64(0.33725490196078434), np.float64(0.29411764705882354), np.float64(1.0))","T49
0.30",True
all-MiniLM-L6-v2,49,Misinformation & Propaganda,180,,0.81978995,3.6122916,0.29767414927482605,"(np.float64(0.5490196078431373), np.float64(0.33725490196078434), np.float64(0.29411764705882354), np.float64(1.0))","T49
0.30",True
all-MiniLM-L6-v2,49,Misinformation & Propaganda,207,,1.1479291,3.393323,0.29767414927482605,"(np.float64(0.5490196078431373), np.float64(0.33725490196078434), np.float64(0.29411764705882354), np.float64(1.0))","T49
0.30",True
all-MiniLM-L6-v2,49,Misinformation & Propaganda,653,,0.968475,3.2309203,0.29767414927482605,"(np.float64(0.5490196078431373), np.float64(0.33725490196078434), np.float64(0.29411764705882354), np.float64(1.0))","T49
0.30",True
all-MiniLM-L6-v2,49,Misinformation & Propaganda,780,,0.9887749,3.1682923,0.29767414927482605,"(np.float64(0.5490196078431373), np.float64(0.33725490196078434), np.float64(0.29411764705882354), np.float64(1.0))","T49
0.30",True
all-MiniLM-L6-v2,49,Misinformation & Propaganda,830,,1.0780997,3.3028147,0.29767414927482605,"(np.float64(0.5490196078431373), np.float64(0.33725490196078434), np.float64(0.29411764705882354), np.float64(1.0))","T49
0.30",True
all-MiniLM-L6-v2,50,Credibility Assessment,961,,4.258371,5.144647,0.15234936773777008,"(np.float64(0.7686274509803922), np.float64(0.611764705882353), np.float64(0.5803921568627451), np.float64(1.0))","T50
0.15",True
all-MiniLM-L6-v2,50,Credibility Assessment,966,,4.269304,5.033853,0.15234936773777008,"(np.float64(0.7686274509803922), np.float64(0.611764705882353), np.float64(0.5803921568627451), np.float64(1.0))","T50
0.15",True
all-MiniLM-L6-v2,50,Credibility Assessment,969,,4.2655773,5.109166,0.15234936773777008,"(np.float64(0.7686274509803922), np.float64(0.611764705882353), np.float64(0.5803921568627451), np.float64(1.0))","T50
0.15",True
all-MiniLM-L6-v2,50,Credibility Assessment,972,,4.1988378,5.188108,0.15234936773777008,"(np.float64(0.7686274509803922), np.float64(0.611764705882353), np.float64(0.5803921568627451), np.float64(1.0))","T50
0.15",True
all-MiniLM-L6-v2,50,Credibility Assessment,975,,4.301312,5.064421,0.15234936773777008,"(np.float64(0.7686274509803922), np.float64(0.611764705882353), np.float64(0.5803921568627451), np.float64(1.0))","T50
0.15",True
all-MiniLM-L6-v2,50,Credibility Assessment,979,,4.1321526,4.8723507,0.15234936773777008,"(np.float64(0.7686274509803922), np.float64(0.611764705882353), np.float64(0.5803921568627451), np.float64(1.0))","T50
0.15",True
all-MiniLM-L6-v2,51,Misinformation & Propaganda,117,,-1.0214584,2.298769,0.1613219827413559,"(np.float64(0.8901960784313725), np.float64(0.4666666666666667), np.float64(0.7607843137254902), np.float64(1.0))","T51
0.16",True
all-MiniLM-L6-v2,51,Misinformation & Propaganda,165,,-1.1073197,2.2069628,0.1613219827413559,"(np.float64(0.8901960784313725), np.float64(0.4666666666666667), np.float64(0.7607843137254902), np.float64(1.0))","T51
0.16",True
all-MiniLM-L6-v2,51,Misinformation & Propaganda,469,,-0.9588122,2.3937976,0.1613219827413559,"(np.float64(0.8901960784313725), np.float64(0.4666666666666667), np.float64(0.7607843137254902), np.float64(1.0))","T51
0.16",True
all-MiniLM-L6-v2,51,Misinformation & Propaganda,483,,-0.8241225,2.3289952,0.1613219827413559,"(np.float64(0.8901960784313725), np.float64(0.4666666666666667), np.float64(0.7607843137254902), np.float64(1.0))","T51
0.16",True
all-MiniLM-L6-v2,51,Misinformation & Propaganda,547,,-0.8824318,2.2575572,0.1613219827413559,"(np.float64(0.8901960784313725), np.float64(0.4666666666666667), np.float64(0.7607843137254902), np.float64(1.0))","T51
0.16",True
all-MiniLM-L6-v2,51,Misinformation & Propaganda,613,,-1.0009536,2.3691697,0.1613219827413559,"(np.float64(0.8901960784313725), np.float64(0.4666666666666667), np.float64(0.7607843137254902), np.float64(1.0))","T51
0.16",True
all-MiniLM-L6-v2,52,Misinformation & Propaganda,273,,0.60168153,3.755652,0.16998335719108582,"(np.float64(0.9686274509803922), np.float64(0.7137254901960784), np.float64(0.8235294117647058), np.float64(1.0))","T52
0.17",True
all-MiniLM-L6-v2,52,Misinformation & Propaganda,315,,0.46826228,3.6982706,0.16998335719108582,"(np.float64(0.9686274509803922), np.float64(0.7137254901960784), np.float64(0.8235294117647058), np.float64(1.0))","T52
0.17",True
all-MiniLM-L6-v2,52,Misinformation & Propaganda,358,,0.45540866,3.9544725,0.16998335719108582,"(np.float64(0.9686274509803922), np.float64(0.7137254901960784), np.float64(0.8235294117647058), np.float64(1.0))","T52
0.17",True
all-MiniLM-L6-v2,52,Misinformation & Propaganda,599,,0.63797176,3.8605585,0.16998335719108582,"(np.float64(0.9686274509803922), np.float64(0.7137254901960784), np.float64(0.8235294117647058), np.float64(1.0))","T52
0.17",True
all-MiniLM-L6-v2,52,Misinformation & Propaganda,787,,0.5469515,3.836438,0.16998335719108582,"(np.float64(0.9686274509803922), np.float64(0.7137254901960784), np.float64(0.8235294117647058), np.float64(1.0))","T52
0.17",True
all-MiniLM-L6-v2,53,"colloquial, subquestions",266,,2.2709808,2.7761679,0.20408634841442108,"(np.float64(0.4980392156862745), np.float64(0.4980392156862745), np.float64(0.4980392156862745), np.float64(1.0))","T53
0.20",True
all-MiniLM-L6-v2,53,"colloquial, subquestions",540,,2.4122307,2.4375763,0.20408634841442108,"(np.float64(0.4980392156862745), np.float64(0.4980392156862745), np.float64(0.4980392156862745), np.float64(1.0))","T53
0.20",True
all-MiniLM-L6-v2,53,"colloquial, subquestions",554,,2.3803723,2.457084,0.20408634841442108,"(np.float64(0.4980392156862745), np.float64(0.4980392156862745), np.float64(0.4980392156862745), np.float64(1.0))","T53
0.20",True
all-MiniLM-L6-v2,53,"colloquial, subquestions",824,,2.2549224,2.5788739,0.20408634841442108,"(np.float64(0.4980392156862745), np.float64(0.4980392156862745), np.float64(0.4980392156862745), np.float64(1.0))","T53
0.20",True
all-MiniLM-L6-v2,53,"colloquial, subquestions",855,,2.2285664,2.6364853,0.20408634841442108,"(np.float64(0.4980392156862745), np.float64(0.4980392156862745), np.float64(0.4980392156862745), np.float64(1.0))","T53
0.20",True
all-MiniLM-L6-v2,54,Misinformation & Propaganda,38,,1.0858004,3.772165,0.14411619305610657,"(np.float64(0.7803921568627451), np.float64(0.7803921568627451), np.float64(0.7803921568627451), np.float64(1.0))","T54
0.14",True
all-MiniLM-L6-v2,54,Misinformation & Propaganda,395,,1.3251679,3.9536774,0.14411619305610657,"(np.float64(0.7803921568627451), np.float64(0.7803921568627451), np.float64(0.7803921568627451), np.float64(1.0))","T54
0.14",True
all-MiniLM-L6-v2,54,Misinformation & Propaganda,447,,1.2061994,3.8073492,0.14411619305610657,"(np.float64(0.7803921568627451), np.float64(0.7803921568627451), np.float64(0.7803921568627451), np.float64(1.0))","T54
0.14",True
all-MiniLM-L6-v2,54,Misinformation & Propaganda,543,,1.266424,3.8119905,0.14411619305610657,"(np.float64(0.7803921568627451), np.float64(0.7803921568627451), np.float64(0.7803921568627451), np.float64(1.0))","T54
0.14",True
all-MiniLM-L6-v2,54,Misinformation & Propaganda,819,,1.1917334,3.7849107,0.14411619305610657,"(np.float64(0.7803921568627451), np.float64(0.7803921568627451), np.float64(0.7803921568627451), np.float64(1.0))","T54
0.14",True
all-MiniLM-L6-v2,55,"trustworthiness, sources",795,,4.2790117,4.9013815,0.14193709194660187,"(np.float64(0.7372549019607844), np.float64(0.7411764705882353), np.float64(0.13333333333333333), np.float64(1.0))","T55
0.14",True
all-MiniLM-L6-v2,55,"trustworthiness, sources",869,,4.3281465,4.8662467,0.14193709194660187,"(np.float64(0.7372549019607844), np.float64(0.7411764705882353), np.float64(0.13333333333333333), np.float64(1.0))","T55
0.14",True
all-MiniLM-L6-v2,55,"trustworthiness, sources",915,,4.2929935,4.769027,0.14193709194660187,"(np.float64(0.7372549019607844), np.float64(0.7411764705882353), np.float64(0.13333333333333333), np.float64(1.0))","T55
0.14",True
all-MiniLM-L6-v2,55,"trustworthiness, sources",942,,4.234966,4.7091336,0.14193709194660187,"(np.float64(0.7372549019607844), np.float64(0.7411764705882353), np.float64(0.13333333333333333), np.float64(1.0))","T55
0.14",True
all-MiniLM-L6-v2,55,"trustworthiness, sources",957,,4.315159,4.9705176,0.14193709194660187,"(np.float64(0.7372549019607844), np.float64(0.7411764705882353), np.float64(0.13333333333333333), np.float64(1.0))","T55
0.14",True
all-MiniLM-L6-v2,56,Misinformation & Propaganda,59,,-2.5237205,2.1706288,0.3536629378795624,"(np.float64(0.8588235294117647), np.float64(0.8588235294117647), np.float64(0.5529411764705883), np.float64(1.0))","T56
0.35",False
all-MiniLM-L6-v2,56,Misinformation & Propaganda,129,,-1.9917781,2.1991968,0.3536629378795624,"(np.float64(0.8588235294117647), np.float64(0.8588235294117647), np.float64(0.5529411764705883), np.float64(1.0))","T56
0.35",False
all-MiniLM-L6-v2,56,Misinformation & Propaganda,400,,-1.9681197,2.2866366,0.3536629378795624,"(np.float64(0.8588235294117647), np.float64(0.8588235294117647), np.float64(0.5529411764705883), np.float64(1.0))","T56
0.35",False
all-MiniLM-L6-v2,56,Misinformation & Propaganda,420,,-2.4639401,2.0234542,0.3536629378795624,"(np.float64(0.8588235294117647), np.float64(0.8588235294117647), np.float64(0.5529411764705883), np.float64(1.0))","T56
0.35",False
all-MiniLM-L6-v2,56,Misinformation & Propaganda,640,,-2.1009507,2.1457164,0.3536629378795624,"(np.float64(0.8588235294117647), np.float64(0.8588235294117647), np.float64(0.5529411764705883), np.float64(1.0))","T56
0.35",False
all-MiniLM-L6-v2,57,Credibility Assessment,645,,3.8571036,5.169582,0.23241941630840302,"(np.float64(0.09019607843137255), np.float64(0.7450980392156863), np.float64(0.8117647058823529), np.float64(1.0))","T57
0.23",True
all-MiniLM-L6-v2,57,Credibility Assessment,860,,4.078608,5.4174323,0.23241941630840302,"(np.float64(0.09019607843137255), np.float64(0.7450980392156863), np.float64(0.8117647058823529), np.float64(1.0))","T57
0.23",True
all-MiniLM-L6-v2,57,Credibility Assessment,911,,3.9445012,5.4934554,0.23241941630840302,"(np.float64(0.09019607843137255), np.float64(0.7450980392156863), np.float64(0.8117647058823529), np.float64(1.0))","T57
0.23",True
all-MiniLM-L6-v2,57,Credibility Assessment,924,,4.144722,5.418859,0.23241941630840302,"(np.float64(0.09019607843137255), np.float64(0.7450980392156863), np.float64(0.8117647058823529), np.float64(1.0))","T57
0.23",True
all-MiniLM-L6-v2,57,Credibility Assessment,929,,4.1764674,5.345093,0.23241941630840302,"(np.float64(0.09019607843137255), np.float64(0.7450980392156863), np.float64(0.8117647058823529), np.float64(1.0))","T57
0.23",True
all-MiniLM-L6-v2,58,Misinformation & Propaganda,68,,-0.06137145,6.2705593,0.0963442251086235,"(np.float64(0.6196078431372549), np.float64(0.8549019607843137), np.float64(0.8980392156862745), np.float64(1.0))","T58
0.10",True
all-MiniLM-L6-v2,58,Misinformation & Propaganda,473,,0.014271406,6.2666917,0.0963442251086235,"(np.float64(0.6196078431372549), np.float64(0.8549019607843137), np.float64(0.8980392156862745), np.float64(1.0))","T58
0.10",True
all-MiniLM-L6-v2,58,Misinformation & Propaganda,720,,-0.11136735,6.192344,0.0963442251086235,"(np.float64(0.6196078431372549), np.float64(0.8549019607843137), np.float64(0.8980392156862745), np.float64(1.0))","T58
0.10",True
all-MiniLM-L6-v2,58,Misinformation & Propaganda,724,,-0.007565443,6.2516246,0.0963442251086235,"(np.float64(0.6196078431372549), np.float64(0.8549019607843137), np.float64(0.8980392156862745), np.float64(1.0))","T58
0.10",True
all-MiniLM-L6-v2,58,Misinformation & Propaganda,735,,-0.058602355,6.1481557,0.0963442251086235,"(np.float64(0.6196078431372549), np.float64(0.8549019607843137), np.float64(0.8980392156862745), np.float64(1.0))","T58
0.10",True
all-MiniLM-L6-v2,59,Fact-Checking & Verification,82,,3.1283727,2.9978817,0.43911781907081604,"(np.float64(0.12156862745098039), np.float64(0.4666666666666667), np.float64(0.7058823529411765), np.float64(1.0))","T59
0.44",False
all-MiniLM-L6-v2,59,Fact-Checking & Verification,566,,3.2348464,3.0020335,0.43911781907081604,"(np.float64(0.12156862745098039), np.float64(0.4666666666666667), np.float64(0.7058823529411765), np.float64(1.0))","T59
0.44",False
all-MiniLM-L6-v2,59,Fact-Checking & Verification,694,,2.8671174,2.892339,0.43911781907081604,"(np.float64(0.12156862745098039), np.float64(0.4666666666666667), np.float64(0.7058823529411765), np.float64(1.0))","T59
0.44",False
all-MiniLM-L6-v2,59,Fact-Checking & Verification,698,,3.1824691,2.945374,0.43911781907081604,"(np.float64(0.12156862745098039), np.float64(0.4666666666666667), np.float64(0.7058823529411765), np.float64(1.0))","T59
0.44",False
all-MiniLM-L6-v2,59,Fact-Checking & Verification,938,,2.335319,2.7900922,0.43911781907081604,"(np.float64(0.12156862745098039), np.float64(0.4666666666666667), np.float64(0.7058823529411765), np.float64(1.0))","T59
0.44",False
all-MiniLM-L6-v2,60,Misinformation & Propaganda,274,,1.6409328,6.1716228,0.2994699776172638,"(np.float64(0.6823529411764706), np.float64(0.7803921568627451), np.float64(0.9098039215686274), np.float64(1.0))","T60
0.30",True
all-MiniLM-L6-v2,60,Misinformation & Propaganda,426,,1.8453777,6.419459,0.2994699776172638,"(np.float64(0.6823529411764706), np.float64(0.7803921568627451), np.float64(0.9098039215686274), np.float64(1.0))","T60
0.30",True
all-MiniLM-L6-v2,60,Misinformation & Propaganda,462,,1.7264547,6.232696,0.2994699776172638,"(np.float64(0.6823529411764706), np.float64(0.7803921568627451), np.float64(0.9098039215686274), np.float64(1.0))","T60
0.30",True
all-MiniLM-L6-v2,60,Misinformation & Propaganda,794,,1.9690868,6.291169,0.2994699776172638,"(np.float64(0.6823529411764706), np.float64(0.7803921568627451), np.float64(0.9098039215686274), np.float64(1.0))","T60
0.30",True
all-MiniLM-L6-v2,60,Misinformation & Propaganda,889,,1.5087571,6.0171733,0.2994699776172638,"(np.float64(0.6823529411764706), np.float64(0.7803921568627451), np.float64(0.9098039215686274), np.float64(1.0))","T60
0.30",True
all-MiniLM-L6-v2,61,Journalism & Media Studies,1,,0.8353532,5.0016403,0.20890489220619202,"(np.float64(1.0), np.float64(0.4980392156862745), np.float64(0.054901960784313725), np.float64(1.0))","T61
0.21",True
all-MiniLM-L6-v2,61,Journalism & Media Studies,175,,0.79753965,5.094662,0.20890489220619202,"(np.float64(1.0), np.float64(0.4980392156862745), np.float64(0.054901960784313725), np.float64(1.0))","T61
0.21",True
all-MiniLM-L6-v2,61,Journalism & Media Studies,377,,0.81805295,5.1725416,0.20890489220619202,"(np.float64(1.0), np.float64(0.4980392156862745), np.float64(0.054901960784313725), np.float64(1.0))","T61
0.21",True
all-MiniLM-L6-v2,61,Journalism & Media Studies,838,,0.9678401,5.053613,0.20890489220619202,"(np.float64(1.0), np.float64(0.4980392156862745), np.float64(0.054901960784313725), np.float64(1.0))","T61
0.21",True
all-MiniLM-L6-v2,61,Journalism & Media Studies,910,,1.1050549,5.24058,0.20890489220619202,"(np.float64(1.0), np.float64(0.4980392156862745), np.float64(0.054901960784313725), np.float64(1.0))","T61
0.21",True
all-MiniLM-L6-v2,62,NLP Methods,130,,-0.94179225,4.1275463,0.20990712940692902,"(np.float64(1.0), np.float64(0.7333333333333333), np.float64(0.47058823529411764), np.float64(1.0))","T62
0.21",True
all-MiniLM-L6-v2,62,NLP Methods,373,,-0.7044968,4.080607,0.20990712940692902,"(np.float64(1.0), np.float64(0.7333333333333333), np.float64(0.47058823529411764), np.float64(1.0))","T62
0.21",True
all-MiniLM-L6-v2,62,NLP Methods,513,,-0.9222333,4.2838902,0.20990712940692902,"(np.float64(1.0), np.float64(0.7333333333333333), np.float64(0.47058823529411764), np.float64(1.0))","T62
0.21",True
all-MiniLM-L6-v2,62,NLP Methods,654,,-0.8683035,4.1447926,0.20990712940692902,"(np.float64(1.0), np.float64(0.7333333333333333), np.float64(0.47058823529411764), np.float64(1.0))","T62
0.21",True
all-MiniLM-L6-v2,62,NLP Methods,716,,-0.8790889,4.394252,0.20990712940692902,"(np.float64(1.0), np.float64(0.7333333333333333), np.float64(0.47058823529411764), np.float64(1.0))","T62
0.21",True
all-MiniLM-L6-v2,63,"checks, newsdeps",323,,1.1397151,5.7468023,0.8419701457023621,"(np.float64(0.17254901960784313), np.float64(0.6274509803921569), np.float64(0.17254901960784313), np.float64(1.0))","T63
0.84",False
all-MiniLM-L6-v2,63,"checks, newsdeps",436,,2.1970336,4.777356,0.8419701457023621,"(np.float64(0.17254901960784313), np.float64(0.6274509803921569), np.float64(0.17254901960784313), np.float64(1.0))","T63
0.84",False
all-MiniLM-L6-v2,63,"checks, newsdeps",568,,1.3115761,5.8450127,0.8419701457023621,"(np.float64(0.17254901960784313), np.float64(0.6274509803921569), np.float64(0.17254901960784313), np.float64(1.0))","T63
0.84",False
all-MiniLM-L6-v2,63,"checks, newsdeps",840,,1.0380701,6.1805654,0.8419701457023621,"(np.float64(0.17254901960784313), np.float64(0.6274509803921569), np.float64(0.17254901960784313), np.float64(1.0))","T63
0.84",False
all-MiniLM-L6-v2,63,"checks, newsdeps",884,,0.97218597,5.599543,0.8419701457023621,"(np.float64(0.17254901960784313), np.float64(0.6274509803921569), np.float64(0.17254901960784313), np.float64(1.0))","T63
0.84",False
all-MiniLM-L6-v2,64,Misinformation & Propaganda,86,,0.03938396,4.878984,0.2670579254627228,"(np.float64(0.596078431372549), np.float64(0.8745098039215686), np.float64(0.5411764705882353), np.float64(1.0))","T64
0.27",True
all-MiniLM-L6-v2,64,Misinformation & Propaganda,292,,0.012111752,4.790928,0.2670579254627228,"(np.float64(0.596078431372549), np.float64(0.8745098039215686), np.float64(0.5411764705882353), np.float64(1.0))","T64
0.27",True
all-MiniLM-L6-v2,64,Misinformation & Propaganda,773,,0.23583522,4.869482,0.2670579254627228,"(np.float64(0.596078431372549), np.float64(0.8745098039215686), np.float64(0.5411764705882353), np.float64(1.0))","T64
0.27",True
all-MiniLM-L6-v2,64,Misinformation & Propaganda,777,,0.4551932,4.9196744,0.2670579254627228,"(np.float64(0.596078431372549), np.float64(0.8745098039215686), np.float64(0.5411764705882353), np.float64(1.0))","T64
0.27",True
all-MiniLM-L6-v2,64,Misinformation & Propaganda,823,,0.16021411,4.667416,0.2670579254627228,"(np.float64(0.596078431372549), np.float64(0.8745098039215686), np.float64(0.5411764705882353), np.float64(1.0))","T64
0.27",True
all-MiniLM-L6-v2,65,"knowledge, graphs",107,,-0.33527365,3.1197639,0.13085225224494934,"(np.float64(0.8392156862745098), np.float64(0.15294117647058825), np.float64(0.1568627450980392), np.float64(1.0))","T65
0.13",True
all-MiniLM-L6-v2,65,"knowledge, graphs",109,,-0.36618966,3.100078,0.13085225224494934,"(np.float64(0.8392156862745098), np.float64(0.15294117647058825), np.float64(0.1568627450980392), np.float64(1.0))","T65
0.13",True
all-MiniLM-L6-v2,65,"knowledge, graphs",121,,-0.40688926,2.9555168,0.13085225224494934,"(np.float64(0.8392156862745098), np.float64(0.15294117647058825), np.float64(0.1568627450980392), np.float64(1.0))","T65
0.13",True
all-MiniLM-L6-v2,65,"knowledge, graphs",134,,-0.32061943,3.1688626,0.13085225224494934,"(np.float64(0.8392156862745098), np.float64(0.15294117647058825), np.float64(0.1568627450980392), np.float64(1.0))","T65
0.13",True
all-MiniLM-L6-v2,65,"knowledge, graphs",595,,-0.47547036,3.0725632,0.13085225224494934,"(np.float64(0.8392156862745098), np.float64(0.15294117647058825), np.float64(0.1568627450980392), np.float64(1.0))","T65
0.13",True
all-MiniLM-L6-v2,66,"multimodal, crossmodal",5,,-1.7417994,1.5415055,0.09506901353597641,"(np.float64(1.0), np.float64(0.596078431372549), np.float64(0.5882352941176471), np.float64(1.0))","T66
0.10",True
all-MiniLM-L6-v2,66,"multimodal, crossmodal",7,,-1.6597881,1.4775285,0.09506901353597641,"(np.float64(1.0), np.float64(0.596078431372549), np.float64(0.5882352941176471), np.float64(1.0))","T66
0.10",True
all-MiniLM-L6-v2,66,"multimodal, crossmodal",44,,-1.7892479,1.4052454,0.09506901353597641,"(np.float64(1.0), np.float64(0.596078431372549), np.float64(0.5882352941176471), np.float64(1.0))","T66
0.10",True
all-MiniLM-L6-v2,66,"multimodal, crossmodal",220,,-1.711583,1.5174643,0.09506901353597641,"(np.float64(1.0), np.float64(0.596078431372549), np.float64(0.5882352941176471), np.float64(1.0))","T66
0.10",True
all-MiniLM-L6-v2,66,"multimodal, crossmodal",765,,-1.6850755,1.4586052,0.09506901353597641,"(np.float64(1.0), np.float64(0.596078431372549), np.float64(0.5882352941176471), np.float64(1.0))","T66
0.10",True
all-MiniLM-L6-v2,67,"llms, hallucination",2,,1.3668641,2.086572,0.09642163664102554,"(np.float64(0.5803921568627451), np.float64(0.403921568627451), np.float64(0.7411764705882353), np.float64(1.0))","T67
0.10",True
all-MiniLM-L6-v2,67,"llms, hallucination",56,,1.3864495,2.060742,0.09642163664102554,"(np.float64(0.5803921568627451), np.float64(0.403921568627451), np.float64(0.7411764705882353), np.float64(1.0))","T67
0.10",True
all-MiniLM-L6-v2,67,"llms, hallucination",92,,1.3174975,2.0755231,0.09642163664102554,"(np.float64(0.5803921568627451), np.float64(0.403921568627451), np.float64(0.7411764705882353), np.float64(1.0))","T67
0.10",True
all-MiniLM-L6-v2,67,"llms, hallucination",179,,1.4166296,2.061153,0.09642163664102554,"(np.float64(0.5803921568627451), np.float64(0.403921568627451), np.float64(0.7411764705882353), np.float64(1.0))","T67
0.10",True
all-MiniLM-L6-v2,67,"llms, hallucination",241,,1.4498575,2.201903,0.09642163664102554,"(np.float64(0.5803921568627451), np.float64(0.403921568627451), np.float64(0.7411764705882353), np.float64(1.0))","T67
0.10",True
