id,source,query,doi,url,title,author,year,keywords,series,venue,location,citations_number,paper_type,abstract,model_answer,model_explanation,version,raw_llm_output
4752,Scopus,/Fake News Authenticity Detection,10.1109/ICITR54349.2021.9657257,https://www.scopus.com/inward/record.uri?eid=2-s2.0-85124539831&doi=10.1109%2fICITR54349.2021.9657257&partnerID=40&md5=443d477a75893884934b3ddbda996965,Ontology Based Fake News Detection for Sinhala Language,Bandara O.; Jayarathne D.; Shashinika D.; Ranathunga L.,2021,fake news; named entity recognition; natural language processing; ontology-based information extraction,,"Proceedings of 6th International Conference on Information Technology Research: Digital Resilience and Reinvention, ICITR 2021",,1.0,Conference paper,"With the current trend in extensive use of internet technologies, people are accustomed to a life of being online. Similar phenomena apply for news awareness as well where social media has become one of the main sources of information of these tech-savvy people. Even though it gives easy access to information, there is a problem with the trustworthiness and authenticity of the news posted on social media. As such, fake news detection in social media platforms has become an active research area. Despite that, for the Sinhala language, there are only a few attempts carried out to detect fake news. With this background, this research project has come up with a novel idea of ontology-based fake news detection for news published using Sinhala language. We believe that content-based fake news identification is the most appropriate method to assess the truthiness of a news article and our system was able to give promising results in detecting fake news.  © 2021 IEEE.",Yes,"The paper titled ""Ontology Based Fake News Detection for Sinhala Language"" should be included in the systematic review because it meets all the inclusion criteria. Firstly, the paper is written in English, which satisfies the language requirement. Secondly, it is a peer‑reviewed conference proceeding, indicating that it is a legitimate publication type. The paper directly investigates an automated ontology‑based method for detecting fake news, explicitly framing the task as assessing the truthiness of news articles in the context of misinformation detection. Moreover, the study proposes a conceptual ontology framework for evaluating the veracity of claims and reports experimental results, thereby providing a methodological contribution to truthfulness assessment in fact‑checking. Overall, the paper provides a relevant contribution to the field of truthfulness assessment in fact‑checking.",prompt-CoT,"Yes

The paper titled ""Ontology Based Fake News Detection for Sinhala Language"" should be included in the systematic review because it meets all the inclusion criteria. Firstly, the paper is written in English, which satisfies the language requirement. Secondly, it is a peer‑reviewed conference proceeding, indicating that it is a legitimate publication type. The paper directly investigates an automated ontology‑based method for detecting fake news, explicitly framing the task as assessing the truthiness of news articles in the context of misinformation detection. Moreover, the study proposes a conceptual ontology framework for evaluating the veracity of claims and reports experimental results, thereby providing a methodological contribution to truthfulness assessment in fact‑checking. Overall, the paper provides a relevant contribution to the field of truthfulness assessment in fact‑checking."
4122,Scopus,/Information Trustworthiness Evaluation,10.1007/s10458-022-09569-3,https://www.scopus.com/inward/record.uri?eid=2-s2.0-85135383313&doi=10.1007%2fs10458-022-09569-3&partnerID=40&md5=5fa1e2a62be2ed5d1bad13a8ef262140,Towards an axiomatic approach to truth discovery,Singleton J.; Booth R.,2022,Axioms; Social choice theory; Trust and reputation; Truth discovery,,Autonomous Agents and Multi-Agent Systems,,4.0,Article,"The problem of truth discovery, i.e., of trying to find the true facts concerning a number of objects based on reports from various information sources of unknown trustworthiness, has received increased attention recently. The problem is made interesting by the fact that the relative believability of facts depends on the trustworthiness of their sources, which in turn depends on the believability of the facts the sources report. Several algorithms for truth discovery have been proposed, but their evaluation has mainly been performed experimentally by computing accuracy against large datasets. Furthermore, it is often unclear how these algorithms behave on an intuitive level. In this paper we take steps towards a framework for truth discovery which allows comparison and evaluation of algorithms based instead on their theoretical properties. To do so we pose truth discovery as a social choice problem, and formulate various axioms that any reasonable algorithm should satisfy. Along the way we provide an axiomatic characterisation of the baseline ‘Voting’ algorithm—which leads to an impossibility result showing that a certain combination of the axioms cannot hold simultaneously—and check which axioms a particular well-known algorithm satisfies. We find that, surprisingly, our more fundamental axioms do not hold, and propose modifications to the algorithms to partially fix these problems. © 2022, The Author(s).",Yes,"The paper “Towards an axiomatic approach to truth discovery” meets all inclusion criteria. It is written in English and appears as a peer‑reviewed journal article in *Autonomous Agents and Multi‑Agent Systems*. The work directly investigates algorithms for assessing the truthfulness of factual claims based on reports from sources of unknown trustworthiness, which is a core component of fact‑checking and misinformation detection. Moreover, the authors contribute a theoretical framework by formulating axioms for truth‑discovery methods, providing an axiomatic characterisation, and analysing algorithmic properties, thereby offering a conceptual basis for evaluating truthfulness assessment.",prompt-CoT,"Yes

The paper “Towards an axiomatic approach to truth discovery” meets all inclusion criteria. It is written in English and appears as a peer‑reviewed journal article in *Autonomous Agents and Multi‑Agent Systems*. The work directly investigates algorithms for assessing the truthfulness of factual claims based on reports from sources of unknown trustworthiness, which is a core component of fact‑checking and misinformation detection. Moreover, the authors contribute a theoretical framework by formulating axioms for truth‑discovery methods, providing an axiomatic characterisation, and analysing algorithmic properties, thereby offering a conceptual basis for evaluating truthfulness assessment."
2514,Scopus,/Information Authenticity Detection,10.3390/sym15122096,https://www.scopus.com/inward/record.uri?eid=2-s2.0-85180465885&doi=10.3390%2fsym15122096&partnerID=40&md5=893e5a16493dc7ecf01412dfebf7680e,Exploring Symmetry in Digital Image Forensics Using a Lightweight Deep-Learning Hybrid Model for Multiple Smoothing Operators,Agarwal S.; Jung K.-H.,2023,fake image; image filtering detection; image forensic; image forgery; image manipulation detection; image smoothing,,Symmetry,,1.0,Article,"Digital images are widely used for informal information sharing, but the rise of fake photos spreading misinformation has raised concerns. To address this challenge, image forensics is employed to verify the authenticity and trustworthiness of these images. In this paper, an efficient scheme for detecting commonly used image smoothing operators is presented while maintaining symmetry. A new lightweight deep-learning network is proposed, which is trained with three different optimizers to avoid downsizing to retain critical information. Features are extracted from the activation function of the global average pooling layer in three trained deep networks. These extracted features are then used to train a classification model with an SVM classifier, resulting in significant performance improvements. The proposed scheme is applied to identify averaging, Gaussian, and median filtering with various kernel sizes in small-size images. Experimental analysis is conducted on both uncompressed and JPEG-compressed images, showing superior performance compared to existing methods. Notably, there are substantial improvements in detection accuracy, particularly by 6.50% and 8.20% for 32 × 32 and 64 × 64 images when subjected to JPEG compression at a quality factor of 70. © 2023 by the authors.",Yes,"The paper titled ""Exploring Symmetry in Digital Image Forensics Using a Lightweight Deep-Learning Hybrid Model for Multiple Smoothing Operators"" should be included in the systematic review because it meets all the inclusion criteria. Firstly, the paper is written in English, which satisfies the language requirement. Secondly, it is a peer‑reviewed journal article published in Symmetry, indicating that it is a legitimate publication type. The paper directly investigates an automated deep‑learning and SVM‑based technique for assessing the authenticity and trustworthiness of digital images, which is a form of truthfulness assessment in the context of misinformation detection and fact‑checking. Furthermore, the study reports quantitative evaluation metrics such as detection accuracy improvements, demonstrating a clear performance assessment of the proposed truthfulness‑verification method. Overall, the paper provides a relevant contribution to the field of truthfulness assessment in fact‑checking.",prompt-CoT,"Yes

The paper titled ""Exploring Symmetry in Digital Image Forensics Using a Lightweight Deep-Learning Hybrid Model for Multiple Smoothing Operators"" should be included in the systematic review because it meets all the inclusion criteria. Firstly, the paper is written in English, which satisfies the language requirement. Secondly, it is a peer‑reviewed journal article published in Symmetry, indicating that it is a legitimate publication type. The paper directly investigates an automated deep‑learning and SVM‑based technique for assessing the authenticity and trustworthiness of digital images, which is a form of truthfulness assessment in the context of misinformation detection and fact‑checking. Furthermore, the study reports quantitative evaluation metrics such as detection accuracy improvements, demonstrating a clear performance assessment of the proposed truthfulness‑verification method. Overall, the paper provides a relevant contribution to the field of truthfulness assessment in fact‑checking."
6248,ACM,Information Veracity Assessment,10.1145/3322645.3322688,https://doi.org/10.1145/3322645.3322688,Online News Veracity Assessment Using Emotional Weight,"Tarmizi, Fatin Amanina Ahmad and Tan, Phan Xuan and Sharif, Khaironi Yatim and Kamioka, Eiji",2019,"Veracity assessment, affective science, deception detection, emotion analysis, text analysis",ICISS '19,Proceedings of the 2nd International Conference on Information Science and Systems,"Tokyo, Japan",0.0,,"Trillions of data are being created every day on the Internet due to the growing number of social platforms on the World Wide Web (WWW). Processed data when given in context makes information of any knowledge. However, irresponsible use of the data or misinterpretation of data could be the reasons for false information dissemination. Many researchers from various fields, such as computer science and social science, draw their focus on assessing the veracity of information. There are many techniques to perceive this topic, for instance, social network behaviour, and semantic analysis. The common practice is using semantic analysis approach, where the syntactic structure is analysed and polarity of the texts is determined. In this paper, we approach the veracity assessment by using emotion analysis. We identified emotional states conveyed in news content and calculated the weight of each state in each news content. Contrary to popular belief, our finding showed that emotional, or affective states conveyed in false news are varied - positive and negative states. The distinct feature is the weight of the states in news content. Using multi-layer perceptron, we classified the news and achieved 90\% accuracy with our collected dataset and 85\% using LIAR dataset.",Yes,"The paper titled ""Online News Veracity Assessment Using Emotional Weight"" should be included in the systematic review because it meets all the inclusion criteria. It is written in English and appears in the peer‑reviewed Proceedings of the 2nd International Conference on Information Science and Systems, indicating a legitimate conference publication. The study directly investigates an automated method for assessing the truthfulness of online news by analyzing emotional states in the text and classifying veracity with a multi‑layer perceptron, which places the work squarely in the fact‑checking and misinformation detection domain. Moreover, the authors evaluate their approach using accuracy (90 % on a collected dataset and 85 % on the LIAR dataset), providing clear quantitative metrics for truthfulness assessment. Consequently, the paper offers a relevant technical contribution to truthfulness evaluation in fact‑checking.",prompt-CoT,"Yes

The paper titled ""Online News Veracity Assessment Using Emotional Weight"" should be included in the systematic review because it meets all the inclusion criteria. It is written in English and appears in the peer‑reviewed Proceedings of the 2nd International Conference on Information Science and Systems, indicating a legitimate conference publication. The study directly investigates an automated method for assessing the truthfulness of online news by analyzing emotional states in the text and classifying veracity with a multi‑layer perceptron, which places the work squarely in the fact‑checking and misinformation detection domain. Moreover, the authors evaluate their approach using accuracy (90 % on a collected dataset and 85 % on the LIAR dataset), providing clear quantitative metrics for truthfulness assessment. Consequently, the paper offers a relevant technical contribution to truthfulness evaluation in fact‑checking."
3092,Scopus,/Information Veracity Detection,10.1037/xge0001381,https://www.scopus.com/inward/record.uri?eid=2-s2.0-85158118488&doi=10.1037%2fxge0001381&partnerID=40&md5=93c4ad3fc7af527206a0e3903010c1d1,Truth Sensitivity and Partisan Bias in Responses to Misinformation,Gawronski B.; Ng N.L.; Luke D.M.,2023,misinformation; partisan bias; signal detection; social media; truth discernment,,Journal of Experimental Psychology: General,,14.0,Article,"Misinformation represents one of the greatest challenges for the functioning of societies in the information age. Drawing on a signal-detection framework, the current research investigated two distinct aspects of misinformation susceptibility: truth sensitivity, conceptualized as accurate discrimination between true and false information, and partisan bias, conceptualized as lower acceptance threshold for ideology-congruent information compared to ideology-incongruent information. Four preregistered experiments (n= 2,423) examined (a) truth sensitivity and partisan bias in veracity judgments and decisions to share information and (b) determinants and correlates of truth sensitivity and partisan bias in responses to misinformation. Although participants were able to distinguish between true and false information to a considerable extent, sharing decisions were largely unaffected by actual information veracity. A strong partisan bias emerged for both veracity judgments and sharing decisions, with partisan bias being unrelated to the overall degree of truth sensitivity. While truth sensitivity increased as a function of cognitive reflection during encoding, partisan bias increased as a function of subjective confidence. Truth sensitivity and partisan bias were both associated with misinformation susceptibility, but partisan bias was a stronger and more reliable predictor of misinformation susceptibility than truth sensitivity. Implications and open questions for future research are discussed. © 2023 American Psychological Association",Yes,"The paper titled ""Truth Sensitivity and Partisan Bias in Responses to Misinformation"" should be included in the systematic review because it meets all the inclusion criteria. Firstly, the paper is written in English, which satisfies the language requirement. Secondly, it is a peer‑reviewed journal article, indicating that it is a legitimate publication type. The paper directly investigates truth sensitivity—accurate discrimination between true and false information—and partisan bias in veracity judgments and sharing decisions, situating this work within the broader context of misinformation and fact‑checking. Moreover, the study employs a signal‑detection framework, providing quantitative metrics such as sensitivity and bias measures to evaluate truthfulness, thereby contributing both methodological and conceptual insights for assessing claim veracity. Overall, the paper offers a relevant contribution to the field of truthfulness assessment in fact‑checking.",prompt-CoT,"Yes
The paper titled ""Truth Sensitivity and Partisan Bias in Responses to Misinformation"" should be included in the systematic review because it meets all the inclusion criteria. Firstly, the paper is written in English, which satisfies the language requirement. Secondly, it is a peer‑reviewed journal article, indicating that it is a legitimate publication type. The paper directly investigates truth sensitivity—accurate discrimination between true and false information—and partisan bias in veracity judgments and sharing decisions, situating this work within the broader context of misinformation and fact‑checking. Moreover, the study employs a signal‑detection framework, providing quantitative metrics such as sensitivity and bias measures to evaluate truthfulness, thereby contributing both methodological and conceptual insights for assessing claim veracity. Overall, the paper offers a relevant contribution to the field of truthfulness assessment in fact‑checking."
3237,ACM,Fact-checking Veracity Debunking,10.1145/3485447.3512263,https://doi.org/10.1145/3485447.3512263,Veracity-aware and Event-driven Personalized News Recommendation for Fake News Mitigation,"Wang, Shoujin and Xu, Xiaofei and Zhang, Xiuzhen and Wang, Yan and Song, Wenzhuo",2022,"Fake news detection, Fake news mitigation, News recommendation, Recommender systems",WWW '22,Proceedings of the ACM Web Conference 2022,"Virtual Event, Lyon, France",0.0,,"Despite the tremendous efforts by social media platforms and fact-check services for fake news detection, fake news and misinformation still spread wildly on social media platforms (e.g., Twitter). Consequently, fake news mitigation strategies are urgently needed. Most of the existing work on fake news mitigation focuses on the overall mitigation on a whole social network while ignoring developing concrete mitigation strategies to deter individual users from sharing fake news. In this paper, we propose a novel veracity-aware and event-driven recommendation model to recommend personalised corrective true news to individual users for effectively debunking fake news. Our proposed model Rec4Mit (Recommendation for Mitigation) not only effectively captures a user’s current reading preference with a focus on which event, e.g., US election, from her/his recent reading history containing true and/or fake news, but also accurately predicts the veracity (true or fake) of candidate news. As a result, Rec4Mit can recommend the most suitable true news to best match the user’s preference as well as to mitigate fake news. In particular, for those users who have read fake news of a certain event, Rec4Mit is able to recommend the corresponding true news of the same event. Extensive experiments on real-world datasets show Rec4Mit significantly outperforms the state-of-the-art news recommendation methods in terms of the capability to recommend personalized true news for fake news mitigation.",Yes,"The paper titled ""Veracity-aware and Event-driven Personalized News Recommendation for Fake News Mitigation"" should be included in the systematic review because it meets all the inclusion criteria. Firstly, the paper is written in English, which satisfies the language requirement. Secondly, it appears in the Proceedings of the ACM Web Conference 2022, a peer‑reviewed conference proceeding, confirming its publication type. The study directly investigates an automated technique that predicts the veracity (true or fake) of news items and uses this assessment to recommend personalized corrective true news, thereby addressing truthfulness assessment in the context of misinformation detection and fact‑checking. Moreover, the authors conduct extensive experiments and report performance improvements over state‑of‑the‑art methods, providing quantitative evaluation metrics for the truthfulness‑aware recommendation approach. Consequently, the paper makes a relevant technical contribution to evaluating and mitigating fake news through truthfulness assessment.",prompt-CoT,"Yes

The paper titled ""Veracity-aware and Event-driven Personalized News Recommendation for Fake News Mitigation"" should be included in the systematic review because it meets all the inclusion criteria. Firstly, the paper is written in English, which satisfies the language requirement. Secondly, it appears in the Proceedings of the ACM Web Conference 2022, a peer‑reviewed conference proceeding, confirming its publication type. The study directly investigates an automated technique that predicts the veracity (true or fake) of news items and uses this assessment to recommend personalized corrective true news, thereby addressing truthfulness assessment in the context of misinformation detection and fact‑checking. Moreover, the authors conduct extensive experiments and report performance improvements over state‑of‑the‑art methods, providing quantitative evaluation metrics for the truthfulness‑aware recommendation approach. Consequently, the paper makes a relevant technical contribution to evaluating and mitigating fake news through truthfulness assessment."
5752,Scopus,/Information Authenticity Detection,10.1155/2020/8830310,https://www.scopus.com/inward/record.uri?eid=2-s2.0-85098711941&doi=10.1155%2f2020%2f8830310&partnerID=40&md5=b74b9c297256db65a5586ccb968e15ea,Seam-Carved Image Tampering Detection Based on the Cooccurrence of Adjacent LBPs,Zhang D.; Chen X.; Li F.; Sangaiah A.K.; Ding X.,2020,,,Security and Communication Networks,,27.0,Article,"Seam carving has been widely used in image resizing due to its superior performance in avoiding image distortion and deformation, which can maliciously be used on purpose, such as tampering contents of an image. As a result, seam-carving detection is becoming crucially important to recognize the image authenticity. However, existing methods do not perform well in the accuracy of seam-carving detection especially when the scaling ratio is low. In this paper, we propose an image forensic approach based on the cooccurrence of adjacent local binary patterns (LBPs), which employs LBP to better display texture information. Specifically, a total of 24 energy-based, seam-based, half-seam-based, and noise-based features in the LBP domain are applied to the seam-carving detection. Moreover, the cooccurrence features of adjacent LBPs are combined to highlight the local relationship between LBPs. Besides, SVM after training is adopted for feature classification to determine whether an image is seam-carved or not. Experimental results demonstrate the effectiveness in improving the detection accuracy with respect to different scaling ratios, especially under low scaling ratios.  © 2020 Dengyong Zhang et al.",Yes,"The paper titled “Seam‑Carved Image Tampering Detection Based on the Cooccurrence of Adjacent LBPs” should be included in the systematic review because it meets all the inclusion criteria. It is written in English and appears as a peer‑reviewed journal article in *Security and Communication Networks*. The study directly investigates an automated technique (LBP‑based feature extraction combined with an SVM classifier) for assessing the truthfulness of visual content by detecting seam‑carving tampering, which is relevant to misinformation detection. The abstract reports experimental results that demonstrate detection accuracy under various scaling ratios, providing quantitative evaluation metrics for the truthfulness assessment method. Consequently, the paper contributes a technically grounded approach to evaluating the authenticity of images within the broader fact‑checking and misinformation‑detection domain.",prompt-CoT,"Yes
The paper titled “Seam‑Carved Image Tampering Detection Based on the Cooccurrence of Adjacent LBPs” should be included in the systematic review because it meets all the inclusion criteria. It is written in English and appears as a peer‑reviewed journal article in *Security and Communication Networks*. The study directly investigates an automated technique (LBP‑based feature extraction combined with an SVM classifier) for assessing the truthfulness of visual content by detecting seam‑carving tampering, which is relevant to misinformation detection. The abstract reports experimental results that demonstrate detection accuracy under various scaling ratios, providing quantitative evaluation metrics for the truthfulness assessment method. Consequently, the paper contributes a technically grounded approach to evaluating the authenticity of images within the broader fact‑checking and misinformation‑detection domain."
7515,ACM,Claim Trustworthiness Assessment,10.1145/3132847.3133182,https://doi.org/10.1145/3132847.3133182,ClaimVerif: A Real-time Claim Verification System Using the Web and Fact Databases,"Zhi, Shi and Sun, Yicheng and Liu, Jiayi and Zhang, Chao and Han, Jiawei",2017,"text mining, source credibility analysis, rumor detection, fact checking",CIKM '17,Proceedings of the 2017 ACM on Conference on Information and Knowledge Management,"Singapore, Singapore",0.0,,"Our society is increasingly digitalized. Every day, a tremendous amount of information is being created, shared, and digested through all kinds of cyber channels. Although people can easily acquire information from various sources (social media, news articles, etc.), the truthfulness of most received information remains unverified. In many real-life scenarios, false information has become the de facto cause that leads to detrimental decision makings, and techniques that can automatically filter false information are highly demanded. However, verifying whether a piece of information is trustworthy is difficult because: (1) selecting candidate snippets for fact checking is nontrivial; and (2) detecting supporting evidences, i.e. stances, suffers from the difficulty of measuring the similarity between claims and related evidences. We build ClaimVerif, a claim verification system that not only provides credibility assessment for any user-given query claim, but also rationales the assessment results with supporting evidences. ClaimVerif can automatically select the stances from millions of documents and employs two-step training to justify the opinions of the stances. Furthermore, combined with the credibility of stances sources, ClaimVerif degrades the score of stances from untrustworthy sources and alleviates the negative effects from rumor spreaders. Our empirical evaluations show that ClaimVerif achieves both high accuracy and efficiency in different claim verification tasks. It can be highly useful in practical applications by providing multi-dimension analysis for the suspicious statements, including the stances, opinions, source credibility and estimated judgements.",Yes,"The paper titled ""ClaimVerif: A Real-time Claim Verification System Using the Web and Fact Databases"" should be included in the systematic review because it meets all the inclusion criteria. Firstly, the paper is written in English, which satisfies the language requirement. Secondly, it is a peer‑reviewed conference proceeding, indicating that it is a legitimate publication type. The paper directly investigates an automated claim verification system that assesses the truthfulness of user‑given claims, integrates source credibility, stance selection, and evidence justification, and situates this work within the fact‑checking and misinformation detection domain. Furthermore, the study reports empirical evaluations using accuracy (and implicitly other standard metrics) to demonstrate the performance of the system, thereby providing concrete evaluation metrics for truthfulness assessment. Overall, the paper provides a relevant technical contribution to the evaluation of truthfulness in fact‑checking.",prompt-CoT,"Yes

The paper titled ""ClaimVerif: A Real-time Claim Verification System Using the Web and Fact Databases"" should be included in the systematic review because it meets all the inclusion criteria. Firstly, the paper is written in English, which satisfies the language requirement. Secondly, it is a peer‑reviewed conference proceeding, indicating that it is a legitimate publication type. The paper directly investigates an automated claim verification system that assesses the truthfulness of user‑given claims, integrates source credibility, stance selection, and evidence justification, and situates this work within the fact‑checking and misinformation detection domain. Furthermore, the study reports empirical evaluations using accuracy (and implicitly other standard metrics) to demonstrate the performance of the system, thereby providing concrete evaluation metrics for truthfulness assessment. Overall, the paper provides a relevant technical contribution to the evaluation of truthfulness in fact‑checking."
840,Scopus,/Fact Checking Veracity Detection-,10.1007/s11042-023-17115-w,https://www.scopus.com/inward/record.uri?eid=2-s2.0-85174228343&doi=10.1007%2fs11042-023-17115-w&partnerID=40&md5=0a7db8bd020c6cea96ae132182c1707f,Fake news detection using dual BERT deep neural networks,Farokhian M.; Rafe V.; Veisi H.,2024,BERT; Fake news detection; MaxWorth; MWPBert; Transfer learning; Transformers,,Multimedia Tools and Applications,,4.0,Article,"Fake news is a growing challenge for social networks and media. Detection of fake news always has been a problem for many years, but the evolution of social networks and increasing speed of news dissemination in recent years has been considered again. There are several approaches to solving this problem, one of which is to detect fake news based on its text style using deep neural networks. In recent years, transfer learning with transformers is one of the most used forms of deep neural networks for natural language processing. BERT is one of the most promising transformers that outperforms other models in many NLP benchmarks. In this article, we introduce MWPBert, which uses two parallel BERT networks to perform veracity detection on full-text news articles. One of the BERT networks encodes news headline, and another encodes news bodies. Since the input length of the BERT network is limited and constant and the news body is usually a long text, we cannot feed the whole text into the BERT. Therefore, using the MaxWorth algorithm, we selected the part of the news text that is more valuable for fact-checking, and fed it into the BERT network. Finally, we encode the output of the two BERT networks to an output network to classify the news. The experiment results showed that the proposed model outperformed previous models regarding accuracy and other performance measures. © The Author(s), under exclusive licence to Springer Science+Business Media, LLC, part of Springer Nature 2023.",Yes,"The paper titled “Fake news detection using dual BERT deep neural networks” should be included in the systematic review because it meets all required criteria. It is written in English and appears as a peer‑reviewed journal article in *Multimedia Tools and Applications*. The study directly investigates an automated technique—dual BERT networks combined with a MaxWorth selection algorithm—for veracity (truthfulness) detection of full‑text news articles, which is explicitly situated in the fact‑checking/misinformation detection domain. The abstract reports experimental results that compare the proposed model to prior work using accuracy and other performance measures, thereby providing concrete evaluation metrics for truthfulness assessment. Consequently, the paper offers a relevant technical contribution to evaluating claim truthfulness in fact‑checking.",prompt-CoT,"Yes

The paper titled “Fake news detection using dual BERT deep neural networks” should be included in the systematic review because it meets all required criteria. It is written in English and appears as a peer‑reviewed journal article in *Multimedia Tools and Applications*. The study directly investigates an automated technique—dual BERT networks combined with a MaxWorth selection algorithm—for veracity (truthfulness) detection of full‑text news articles, which is explicitly situated in the fact‑checking/misinformation detection domain. The abstract reports experimental results that compare the proposed model to prior work using accuracy and other performance measures, thereby providing concrete evaluation metrics for truthfulness assessment. Consequently, the paper offers a relevant technical contribution to evaluating claim truthfulness in fact‑checking."
6666,Scopus,/Information Trustworthiness Detection,10.35940/ijrte.C6117.098319,https://www.scopus.com/inward/record.uri?eid=2-s2.0-85073554337&doi=10.35940%2fijrte.C6117.098319&partnerID=40&md5=40f7c39427071fb5fbb924e450fe88d4,Classification based credibility analysis on twitter data,Parvathi R.; Aravind J.,2019,Centrality; Classifiers; Credibility; Proximity; Truthfulness,,International Journal of Recent Technology and Engineering,,0.0,Article,"Twitter is an important place to get access to breaking news and information. So, it is necessary to check the trustworthiness of tweets. Credibility is used to assess the quality of being believable or worthy of trust. Credibility analysis refers to attempt to an ascertain truthfulness in short lie detection. In this work, credibility of the twitter data can be assessed using centrality measures. First the tweets are preprocessed using the preprocessing techniques. The preprocessing techniques on tweets: a stop word removal, stemming, pos tagging etc. are used to improve the performance. Preprocessed twitter data can be used to identify the tweet and author features. Then the centrality measures are applied to the preprocessed dataset. The proposed centrality measures used in this work are Betweeness centrality, Eigenvector centrality, Degree centrality and Closeness centrality. The centrality measures are used to find out the trust between the users and it will be given as input to classifiers. The classifiers like Naïve Bayesian, Support Vector Machine and K Nearest Neighbor are used to classify the tweets based on credibility. © BEIESP.",Yes,"The paper titled ""Classification based credibility analysis on twitter data"" should be included in the systematic review because it meets all the inclusion criteria. Firstly, the paper is written in English, which satisfies the language requirement. Secondly, it appears in the International Journal of Recent Technology and Engineering, indicating a peer‑reviewed journal article. The paper directly investigates automated techniques for assessing the truthfulness of Twitter content by using centrality measures and machine‑learning classifiers to evaluate credibility, which is a core aspect of fact‑checking and misinformation detection. Moreover, the study proposes a methodological framework that combines network‑based centrality features with classification models to evaluate the trustworthiness of claims, thereby contributing a conceptual approach for truthfulness assessment in fact‑checking. Overall, the paper provides a relevant contribution to the field of truthfulness assessment in fact‑checking.",prompt-CoT,"Yes

The paper titled ""Classification based credibility analysis on twitter data"" should be included in the systematic review because it meets all the inclusion criteria. Firstly, the paper is written in English, which satisfies the language requirement. Secondly, it appears in the International Journal of Recent Technology and Engineering, indicating a peer‑reviewed journal article. The paper directly investigates automated techniques for assessing the truthfulness of Twitter content by using centrality measures and machine‑learning classifiers to evaluate credibility, which is a core aspect of fact‑checking and misinformation detection. Moreover, the study proposes a methodological framework that combines network‑based centrality features with classification models to evaluate the trustworthiness of claims, thereby contributing a conceptual approach for truthfulness assessment in fact‑checking. Overall, the paper provides a relevant contribution to the field of truthfulness assessment in fact‑checking."
536,Scopus,/Claim Veracity Assessment,10.1093/pnasnexus/pgae506,https://www.scopus.com/inward/record.uri?eid=2-s2.0-85210306184&doi=10.1093%2fpnasnexus%2fpgae506&partnerID=40&md5=693b29705865c28fdda5bccab6b0ada3,Partisan belief in new misinformation is resistant to accuracy incentives,Stein J.; Keuschnigg M.; van de Rijt A.,2024,misinformation; online experiments; partisanship; social media,,PNAS Nexus,,0.0,Article,"One explanation for why people accept ideologically welcome misinformation is that they are insincere. Consistent with the insincerity hypothesis, past experiments have demonstrated that bias in the veracity assessment of publicly reported statistics and debunked news headlines often diminishes considerably when accuracy is incentivized. Many statements encountered online, however, constitute previously unseen claims that are difficult to evaluate the veracity of. We hypothesize that when confronted with unfamiliar content, unsure partisans will form sincere beliefs that are ideologically aligned. Across three experimental studies, 1,344 conservative and liberal US participants assessed the veracity of 20 politically sensitive statements that either confirmed or contradicted social science evidence only known to experts. As hypothesized, analyses show that incentives failed to correct most ideological differences in the perceived veracity of statements. Sixty six to 78% of partisan differences in accuracy assessment persisted even when monetary stakes were raised beyond levels in prior studies. Participants displayed a surprising degree of confidence in their erroneous beliefs, as bias was not reduced when participants could safely avoid rating statements they were unsure about, without monetary loss. These findings suggest limits to the ability of disciplining interventions to reduce the expression of false statements, because many of the targeted individuals sincerely believe them to be true. © The Author(s) 2024.",Yes,"The paper titled “Partisan belief in new misinformation is resistant to accuracy incentives” should be included in the systematic review because it meets all the inclusion criteria. It is written in English and appears in the peer‑reviewed journal PNAS Nexus, indicating a legitimate publication type. The study directly investigates how participants assess the veracity of politically sensitive statements—i.e., it examines truthfulness assessment—in the context of misinformation and fact‑checking. The experiments report quantitative results such as the proportion of partisan differences that persist (66 % to 78 %) and discuss accuracy, bias, and confidence, providing clear evaluation metrics for truthfulness assessment. Consequently, the paper offers a relevant contribution to understanding and evaluating truthfulness in fact‑checking.",prompt-CoT,"Yes

The paper titled “Partisan belief in new misinformation is resistant to accuracy incentives” should be included in the systematic review because it meets all the inclusion criteria. It is written in English and appears in the peer‑reviewed journal PNAS Nexus, indicating a legitimate publication type. The study directly investigates how participants assess the veracity of politically sensitive statements—i.e., it examines truthfulness assessment—in the context of misinformation and fact‑checking. The experiments report quantitative results such as the proportion of partisan differences that persist (66 % to 78 %) and discuss accuracy, bias, and confidence, providing clear evaluation metrics for truthfulness assessment. Consequently, the paper offers a relevant contribution to understanding and evaluating truthfulness in fact‑checking."
295,ACM,Information Authenticity Detection,10.1145/3660512.3665521,https://doi.org/10.1145/3660512.3665521,A Hybrid Approach for Cheapfake Detection Using Reputation Checking and End-To-End Network,"Nguyen, Bao-Tin and Nguyen, Van-Loc and Nguyen, Thanh-Son and Dang-Nguyen, Duc-Tien and Do, Trong-Le and Tran, Minh-Triet",2024,"Cheapfake Detection, Miscontextualization, Misinformation, Out-of-context, Visual Entailment",SCID '24,Proceedings of the 1st Workshop on Security-Centric Strategies for Combating Information Disorder,"Singapore, Singapore",0.0,,"In today’s era dominated by digital manipulations, the identification of Cheapfakes, especially those involving out-of-context visuals, is imperative for upholding the integrity of information dissemination and fostering trust in multimedia content. This research introduces an innovative approach to detect cheapfakes, utilizing a hybrid methodology that merges real-time online verification with extensive training on a unified end-to-end network, augmented by generative synthetic data. This combined strategy offers a promising avenue for enhancing the accuracy and efficiency of cheapfake detection, thus addressing the pressing need to combat misinformation in the digital landscape. We focus our solutions on two problems of Contextual Integrity Prediction and Image-Caption Authenticity Analysis. Our experiments reveal that this innovative network achieves an impressive 85.70% accuracy on a public test dataset through training solely on synthetic data for Contextual Integrity Prediction, also proving its effectiveness in Image-Caption Authenticity Analysis. This research highlights the immense promise of using our proposed hybrid method in the fight against Cheapfakes, making a significant contribution to preserving the integrity of multimedia content. Our source code is publicly available at https://github.com/nbtin/cheapfakes_detection_SCID2024.git.",Yes,"The paper is written in English and appears in the peer‑reviewed proceedings of a workshop on combating information disorder, satisfying the language and publication type requirements. It directly investigates an automated hybrid method for detecting cheapfakes—out‑of‑context visual misinformation—thereby addressing truthfulness (veracity) assessment within the fact‑checking and misinformation detection domain. The study evaluates its approach using an explicit performance metric (85.70 % accuracy) on a public test set, providing quantitative evidence of its effectiveness. Consequently, the work meets all inclusion criteria for the systematic review on truthfulness assessment in fact‑checking.",prompt-CoT,"Yes
The paper is written in English and appears in the peer‑reviewed proceedings of a workshop on combating information disorder, satisfying the language and publication type requirements. It directly investigates an automated hybrid method for detecting cheapfakes—out‑of‑context visual misinformation—thereby addressing truthfulness (veracity) assessment within the fact‑checking and misinformation detection domain. The study evaluates its approach using an explicit performance metric (85.70 % accuracy) on a public test set, providing quantitative evidence of its effectiveness. Consequently, the work meets all inclusion criteria for the systematic review on truthfulness assessment in fact‑checking."
2432,Scopus,/Fake News Veracity Detection,10.1016/j.ipm.2022.103206,https://www.scopus.com/inward/record.uri?eid=2-s2.0-85143677530&doi=10.1016%2fj.ipm.2022.103206&partnerID=40&md5=c2aefafe15cc7d66370848ff7e5e5e4b,Preventing profiling for ethical fake news detection,Allein L.; Moens M.-F.; Perrotta D.,2023,Constrained representation learning; Ethics; Fake news detection; Natural language processing; Profiling,,Information Processing and Management,,14.0,Article,"A news article's online audience provides useful insights about the article's identity. However, fake news classifiers using such information risk relying on profiling. In response to the rising demand for ethical AI, we present a profiling-avoiding algorithm that leverages Twitter users during model optimisation while excluding them when an article's veracity is evaluated. For this, we take inspiration from the social sciences and introduce two objective functions that maximise correlation between the article and its spreaders, and among those spreaders. We applied our profiling-avoiding algorithm to three popular neural classifiers and obtained results on fake news data discussing a variety of news topics. The positive impact on prediction performance demonstrates the soundness of the proposed objective functions to integrate social context in text-based classifiers. Moreover, statistical visualisation and dimension reduction techniques show that the user-inspired classifiers better discriminate between unseen fake and true news in their latent spaces. Our study serves as a stepping stone to resolve the underexplored issue of profiling-dependent decision-making in user-informed fake news detection. © 2022 The Author(s)",Yes,"The paper titled ""Preventing profiling for ethical fake news detection"" should be included in the systematic review because it meets all the inclusion criteria. Firstly, the paper is written in English, which satisfies the language requirement. Secondly, it is a peer‑reviewed journal article, indicating that it is a legitimate publication type. The paper directly investigates techniques for assessing the veracity of news articles—distinguishing fake from true news—in the context of misinformation detection, and it proposes a profiling‑avoiding algorithm with two objective functions that constitute a conceptual framework for truthfulness assessment. Moreover, the study reports prediction performance results and uses statistical visualisation and dimension‑reduction analyses to demonstrate improved discrimination between fake and true news, thereby providing evaluation metrics for the proposed truthfulness assessment approach. Overall, the paper provides a relevant contribution to the field of truthfulness assessment in fact‑checking.",prompt-CoT,"Yes

The paper titled ""Preventing profiling for ethical fake news detection"" should be included in the systematic review because it meets all the inclusion criteria. Firstly, the paper is written in English, which satisfies the language requirement. Secondly, it is a peer‑reviewed journal article, indicating that it is a legitimate publication type. The paper directly investigates techniques for assessing the veracity of news articles—distinguishing fake from true news—in the context of misinformation detection, and it proposes a profiling‑avoiding algorithm with two objective functions that constitute a conceptual framework for truthfulness assessment. Moreover, the study reports prediction performance results and uses statistical visualisation and dimension‑reduction analyses to demonstrate improved discrimination between fake and true news, thereby providing evaluation metrics for the proposed truthfulness assessment approach. Overall, the paper provides a relevant contribution to the field of truthfulness assessment in fact‑checking."
6339,Scopus,/Disinformation Authenticity Detection,10.1371/journal.pone.0222713,https://www.scopus.com/inward/record.uri?eid=2-s2.0-85072669112&doi=10.1371%2fjournal.pone.0222713&partnerID=40&md5=1e66501d2896b8dd914968534431ea01,Self Multi-Head Attention-based Convolutional Neural Networks for fake news detection,Fang Y.; Gao J.; Huang C.; Peng H.; Wu R.,2019,,,PLoS ONE,,47.0,Article,"With the rapid development of the internet, social media has become an essential tool for getting information, and attracted a large number of people join the social media platforms because of its low cost, accessibility and amazing content. It greatly enriches our life. However, its rapid development and widespread also have provided an excellent convenience for the range of fake news, people are constantly exposed to fake news and suffer from it all the time. Fake news usually uses hyperbole to catch people’s eyes with dishonest intention. More importantly, it often misleads the reader and causes people to have wrong perceptions of society. It has the potential for negative impacts on society and individuals. Therefore, it is significative research on detecting fake news. In the paper, we built a model named SMHA-CNN (Self Multi-Head Attention-based Convolutional Neural Networks) that can judge the authenticity of news with high accuracy based only on content by using convolutional neural networks and self multi-head attention mechanism. In order to prove its validity, we conducted experiments on a public dataset and achieved a precision rate of 95.5% with a recall rate of 95.6% under the 5-fold cross-validation. Our experimental result indicates that the model is more effective at detecting fake news. © 2019 Fang et al. This is an open access article distributed under the terms of the Creative Commons Attribution License, which permits unrestricted use, distribution, and reproduction in any medium, provided the original author and source are credited.",Yes,"The paper titled ""Self Multi-Head Attention-based Convolutional Neural Networks for fake news detection"" should be included in the systematic review because it meets all the inclusion criteria. Firstly, the paper is written in English, which satisfies the language requirement. Secondly, it is a peer‑reviewed journal article published in PLoS ONE, indicating that it is a legitimate publication type. The paper directly investigates an automated technique for assessing the truthfulness of news claims by detecting fake news, which is explicitly framed as judging the authenticity of news in the context of misinformation detection. Furthermore, the study reports evaluation metrics such as precision and recall obtained through 5‑fold cross‑validation, thereby providing quantitative measures for truthfulness assessment. Overall, the paper makes a relevant technical contribution to the evaluation of claim veracity in fact‑checking.",prompt-CoT,"Yes

The paper titled ""Self Multi-Head Attention-based Convolutional Neural Networks for fake news detection"" should be included in the systematic review because it meets all the inclusion criteria. Firstly, the paper is written in English, which satisfies the language requirement. Secondly, it is a peer‑reviewed journal article published in PLoS ONE, indicating that it is a legitimate publication type. The paper directly investigates an automated technique for assessing the truthfulness of news claims by detecting fake news, which is explicitly framed as judging the authenticity of news in the context of misinformation detection. Furthermore, the study reports evaluation metrics such as precision and recall obtained through 5‑fold cross‑validation, thereby providing quantitative measures for truthfulness assessment. Overall, the paper makes a relevant technical contribution to the evaluation of claim veracity in fact‑checking."
1800,Scopus,/Evidence Veracity Metric,,https://www.scopus.com/inward/record.uri?eid=2-s2.0-85214722219&partnerID=40&md5=a9fdef87ee2e82d65f53e8bfae3c1216,Denoising Rationalization for Multi-hop Fact Verification via Multi-granular Explainer,Si J.; Zhu Y.; Lu W.; Zhou D.,2024,,,"EMNLP 2024 - 2024 Conference on Empirical Methods in Natural Language Processing, Findings of EMNLP 2024",,0.0,Conference paper,"The success of deep learning models on multi-hop fact verification has prompted researchers to understand the behavior behind their veracity. One feasible way is erasure search: obtaining the rationale by entirely removing a subset of input without compromising verification accuracy. Despite extensive exploration, current rationalization methods struggle to discern nuanced composition within the correlated evidence, which inevitably leads to noise rationalization in multi-hop scenarios. To address this issue, this paper proposes the consistent multi-granular rationale extraction method, aiming to realize the denoising rationalization for multi-hop fact verification. Specifically, given a pretrained veracity prediction model, two independent external explainers are introduced and trained collaboratively to enhance the discriminating ability by imposing varied constraints. Meanwhile, three key properties (Fidelity, Consistency, Salience) are introduced to regularize the denoising and faithful rationalization process. Additionally, a new Noiselessness metric is proposed to measure the purity of the rationales. Experimental results on three multi-hop fact verification datasets show that the proposed approach outperforms 12 baselines. © 2024 Association for Computational Linguistics.",Yes,"The paper titled ""Denoising Rationalization for Multi-hop Fact Verification via Multi-granular Explainer"" should be included in the systematic review because it meets all the inclusion criteria. Firstly, the paper is written in English, which satisfies the language requirement. Secondly, it is a peer‑reviewed conference proceeding (Findings of EMNLP 2024), indicating that it is a legitimate publication type. The paper directly investigates automated techniques for assessing claim veracity in the context of multi‑hop fact verification, a core task of fact‑checking. Moreover, the study introduces and evaluates several metrics—including Fidelity, Consistency, Salience, and a novel Noiselessness metric—to measure the quality of rationales and the purity of explanations, thereby providing concrete evaluation criteria for truthfulness assessment. Overall, the paper offers a relevant methodological contribution to truthfulness assessment in fact‑checking.",prompt-CoT,"Yes

The paper titled ""Denoising Rationalization for Multi-hop Fact Verification via Multi-granular Explainer"" should be included in the systematic review because it meets all the inclusion criteria. Firstly, the paper is written in English, which satisfies the language requirement. Secondly, it is a peer‑reviewed conference proceeding (Findings of EMNLP 2024), indicating that it is a legitimate publication type. The paper directly investigates automated techniques for assessing claim veracity in the context of multi‑hop fact verification, a core task of fact‑checking. Moreover, the study introduces and evaluates several metrics—including Fidelity, Consistency, Salience, and a novel Noiselessness metric—to measure the quality of rationales and the purity of explanations, thereby providing concrete evaluation criteria for truthfulness assessment. Overall, the paper offers a relevant methodological contribution to truthfulness assessment in fact‑checking."
4345,ACM,Claim Trustworthiness Detection,10.1145/3428757.3429107,https://doi.org/10.1145/3428757.3429107,ReSCo-CC: Unsupervised Identification of Key Disinformation Sentences,"Ghosal, Soumya Suvra and P, Deepak and Jurek-Loughrey, Anna",2021,"Core Disinformation, Fake News Detection, Health Fake News",iiWAS '20,Proceedings of the 22nd International Conference on Information Integration and Web-Based Applications \&amp; Services,"Chiang Mai, Thailand",0.0,,"Disinformation is often presented in long textual articles, especially when it relates to domains such as health, often seen in relation to COVID-19. These articles are typically observed to have a number of trustworthy sentences among which core disinformation sentences are scattered. In this paper, we propose a novel unsupervised task of identifying sentences containing key disinformation within a document that is known to be untrustworthy. We design a three-phase statistical NLP solution for the task which starts with embedding sentences within a bespoke feature space designed for the task. Sentences represented using those features are then clustered, following which the key sentences are identified through proximity scoring. We also curate a new dataset with sentence level disinformation scorings to aid evaluation for this task; the dataset is being made publicly available to facilitate further research. Based on a comprehensive empirical evaluation against techniques from related tasks such as claim detection and summarization, as well as against simplified variants of our proposed approach, we illustrate that our method is able to identify core disinformation effectively.",Yes,"The paper titled ""ReSCo-CC: Unsupervised Identification of Key Disinformation Sentences"" should be included in the systematic review because it meets all the inclusion criteria. Firstly, the paper is written in English, which satisfies the language requirement. Secondly, it is a peer‑reviewed conference proceeding, indicating that it is a legitimate publication type. The paper directly investigates an unsupervised technique for identifying sentences that contain core disinformation within documents known to be untrustworthy, thereby addressing truthfulness assessment in the context of fact‑checking and misinformation detection. Moreover, the study presents a three‑phase statistical NLP solution—a clear methodological framework—and reports a comprehensive empirical evaluation of the approach, demonstrating its effectiveness in detecting disinformation. Overall, the paper provides a relevant contribution to the field of truthfulness assessment in fact‑checking.",prompt-CoT,"Yes

The paper titled ""ReSCo-CC: Unsupervised Identification of Key Disinformation Sentences"" should be included in the systematic review because it meets all the inclusion criteria. Firstly, the paper is written in English, which satisfies the language requirement. Secondly, it is a peer‑reviewed conference proceeding, indicating that it is a legitimate publication type. The paper directly investigates an unsupervised technique for identifying sentences that contain core disinformation within documents known to be untrustworthy, thereby addressing truthfulness assessment in the context of fact‑checking and misinformation detection. Moreover, the study presents a three‑phase statistical NLP solution—a clear methodological framework—and reports a comprehensive empirical evaluation of the approach, demonstrating its effectiveness in detecting disinformation. Overall, the paper provides a relevant contribution to the field of truthfulness assessment in fact‑checking."
2424,Scopus,/Fake News Truthfulness Debunking,10.1016/j.ins.2023.119446,https://www.scopus.com/inward/record.uri?eid=2-s2.0-85172453434&doi=10.1016%2fj.ins.2023.119446&partnerID=40&md5=c72e2c39edeec427b4479d17e4a75a05,Similarity-Aware Multimodal Prompt Learning for fake news detection,Jiang Y.; Yu X.; Wang Y.; Xu X.; Song X.; Maynard D.,2023,Fake news detection; Few-shot learning; Multimodal fusing; Prompt learning,,Information Sciences,,9.0,Article,"The standard paradigm for fake news detection relies on utilizing text information to model the truthfulness of news. However, the subtle nature of online fake news makes it challenging to solely rely on textual information for debunking. Recent studies that focus on multimodal fake news detection have demonstrated superior performance compared with text-only methods, thereby establishing a new paradigm for detecting fake news. However, this paradigm may require a large number of training instances or updating the entire set of pre-trained model parameters. Furthermore, existing multimodal approaches typically integrate cross-modal features without considering the potential introduction of noise from unrelated semantic representations. To address these issues, this paper proposes the Similarity-Aware Multimodal Prompt Learning (SAMPLE) framework. Incorporating prompt learning into multimodal fake news detection, we used three prompt templates with a soft verbalizer to detect fake news. Moreover, we introduced a similarity-aware fusing method, which adaptively fuses the intensity of multimodal representation so as to mitigate noise injection from uncorrelated cross-modal features. Evaluation results show that SAMPLE outperformed previous work, achieving higher F1 and accuracy scores on two multimodal benchmark datasets, demonstrating its feasibility in real-world scenarios, regardless of data-rich or few-shot settings. © 2023 Elsevier Inc.",Yes,"The paper titled ""Similarity-Aware Multimodal Prompt Learning for fake news detection"" should be included in the systematic review because it meets all the inclusion criteria. Firstly, the paper is written in English, which satisfies the language requirement. Secondly, it is a peer‑reviewed journal article published in *Information Sciences*, indicating that it is a legitimate publication type. The paper directly investigates an automated, multimodal approach for assessing the truthfulness of news claims in the context of misinformation detection, employing prompt learning and a similarity‑aware fusion method. Moreover, the study reports evaluation metrics such as F1‑score and accuracy on benchmark datasets, providing quantitative evidence of its performance. Overall, the paper makes a relevant technical contribution to truthfulness assessment in fact‑checking.",prompt-CoT,"Yes

The paper titled ""Similarity-Aware Multimodal Prompt Learning for fake news detection"" should be included in the systematic review because it meets all the inclusion criteria. Firstly, the paper is written in English, which satisfies the language requirement. Secondly, it is a peer‑reviewed journal article published in *Information Sciences*, indicating that it is a legitimate publication type. The paper directly investigates an automated, multimodal approach for assessing the truthfulness of news claims in the context of misinformation detection, employing prompt learning and a similarity‑aware fusion method. Moreover, the study reports evaluation metrics such as F1‑score and accuracy on benchmark datasets, providing quantitative evidence of its performance. Overall, the paper makes a relevant technical contribution to truthfulness assessment in fact‑checking."
2615,Scopus,/Information Authenticity Detection,10.1109/CCNC51644.2023.10059841,https://www.scopus.com/inward/record.uri?eid=2-s2.0-85150608981&doi=10.1109%2fCCNC51644.2023.10059841&partnerID=40&md5=8edff10ee96ffd5f20b7e207f86452ea,MobiDeep: Mobile DeepFake Detection through Machine Learning-based Corneal-Specular Backscattering,Mohzary M.; Almalki K.J.; Choi B.-Y.; Song S.,2023,Corneal-Specular Backscattering; DeepFake,,"Proceedings - IEEE Consumer Communications and Networking Conference, CCNC",,0.0,Conference paper,"DeepFake has accomplished notable advancement with the AI-leveraged production and manipulation techniques of fictitious human facial images. Despite many benign and fun applications, the generated fake images can negatively influence the authenticity of online information by originating deception, manipulation, persecution, and seduction, defying societal quality and human rights, which becomes critical security and privacy threat in social networks. Hence, real-time DeepFake detection and limitation technologies on the mobile platform are essential to building a controlled, harmless DeepFake ecosystem. This paper presents a real-time, cloudless, lightweight mobile app for human visual DeepFake detection using machine learning technologies named MobiDeep (Mobile DeepFake Detection through Machine Learning-based Corneal-Specular Backseat-tering). MobiDeep stems from a hypothesis that the existing DeepFake creation methods, including replacement, editing, and synthesis, lack the ensemble with the reflective objects. Focusing on the most reflective area of a human face, corneal-specular backscatter images of eyes, we seek the similarity and consistency with multiple surrounding environment features, including color components, shapes, and textures. We have implemented a cross-platform mobile application to evaluate the performance using various input parameters and lightweight Deep Neural Network (DNN) architectures. The empirical results show that MobiDeep achieves high accuracy (98.7%) and rapid detection speed (less than 200 ms) in detecting sophisticated DeepFake images within a subsecond.  © 2023 IEEE.",Yes,"The paper titled “MobiDeep: Mobile DeepFake Detection through Machine Learning-based Corneal‑Specular Backscattering” should be included in the systematic review because it meets all the inclusion criteria. It is written in English and appears as a peer‑reviewed conference proceeding (IEEE Consumer Communications and Networking Conference). The work directly investigates an automated technique for assessing the veracity of visual content by detecting DeepFake images, which is a form of misinformation detection relevant to fact‑checking. The study reports evaluation metrics such as accuracy (98.7 %) and detection speed, thereby providing quantitative assessment of truthfulness. Consequently, the paper offers a relevant technical contribution to truthfulness assessment in the fact‑checking domain.",prompt-CoT,"Yes

The paper titled “MobiDeep: Mobile DeepFake Detection through Machine Learning-based Corneal‑Specular Backscattering” should be included in the systematic review because it meets all the inclusion criteria. It is written in English and appears as a peer‑reviewed conference proceeding (IEEE Consumer Communications and Networking Conference). The work directly investigates an automated technique for assessing the veracity of visual content by detecting DeepFake images, which is a form of misinformation detection relevant to fact‑checking. The study reports evaluation metrics such as accuracy (98.7 %) and detection speed, thereby providing quantitative assessment of truthfulness. Consequently, the paper offers a relevant technical contribution to truthfulness assessment in the fact‑checking domain."
906,Scopus,/Fake News Truthfulness Detection,10.1007/s11257-024-09413-1,https://www.scopus.com/inward/record.uri?eid=2-s2.0-85199987525&doi=10.1007%2fs11257-024-09413-1&partnerID=40&md5=13b7e5a856e013368e7e358f90ee83ef,A deep neural network approach for fake news detection using linguistic and psychological features,Arunthavachelvan K.; Raza S.; Ding C.,2024,Deep neural network; Fake news classification; Linguistic features; Multilayer-perceptron model; Psychological features,,User Modeling and User-Adapted Interaction,,1.0,Article,"With the prominence of online social networks, news has become more accessible to a global audience. However, in the meantime, it has become increasingly difficult for individuals to differentiate between real and fake news. To reduce the spread of fake news, researchers have developed different classification models to identify fake news. In this paper, we propose a fake news detection system using a multilayer perceptron (MLP) model, which leverages linguistic and psychological features to determine the truthfulness of a news article. The model uses different features from the article’s text content to detect fake news. In the experiment, we utilize a public dataset from the FakeNewsNet repository consisting of real and fake news articles collected from PolitiFact and BuzzFeed. We perform a meta-analysis to compare our model’s performance with existing classification models using the same feature sets and evaluate the performance using the metrics such as prediction accuracy and F1 score. Overall, our classification model produces better results than existing baseline models, by achieving an accuracy and F1 score above 90 % and performs 3% better than the best performing baseline method. The inclusion of linguistic and psychological features with a deep neural network allows our model to consistently and accurately classify fake news with ever-changing forms of news events. © The Author(s), under exclusive licence to Springer Nature B.V. 2024.",Yes,"The paper titled ""A deep neural network approach for fake news detection using linguistic and psychological features"" should be included in the systematic review because it meets all the inclusion criteria. Firstly, the paper is written in English, which satisfies the language requirement. Secondly, it is a peer‑reviewed journal article published in *User Modeling and User‑Adapted Interaction*, indicating that it is a legitimate publication type. The paper directly investigates an automated deep‑neural‑network technique (a multilayer perceptron) for assessing the truthfulness of news articles in the context of misinformation detection, explicitly framing the task as determining whether a news article is real or fake. Furthermore, the study evaluates its approach using standard performance metrics such as prediction accuracy and F1‑score, thereby providing quantitative assessment of truthfulness. Overall, the paper provides a relevant contribution to the field of truthfulness assessment in fact‑checking.",prompt-CoT,"Yes

The paper titled ""A deep neural network approach for fake news detection using linguistic and psychological features"" should be included in the systematic review because it meets all the inclusion criteria. Firstly, the paper is written in English, which satisfies the language requirement. Secondly, it is a peer‑reviewed journal article published in *User Modeling and User‑Adapted Interaction*, indicating that it is a legitimate publication type. The paper directly investigates an automated deep‑neural‑network technique (a multilayer perceptron) for assessing the truthfulness of news articles in the context of misinformation detection, explicitly framing the task as determining whether a news article is real or fake. Furthermore, the study evaluates its approach using standard performance metrics such as prediction accuracy and F1‑score, thereby providing quantitative assessment of truthfulness. Overall, the paper provides a relevant contribution to the field of truthfulness assessment in fact‑checking."
4355,ACM,Claim Veracity Detection1,10.1145/3459637.3482440,https://doi.org/10.1145/3459637.3482440,Integrating Pattern- and Fact-based Fake News Detection via Model Preference Learning,"Sheng, Qiang and Zhang, Xueyao and Cao, Juan and Zhong, Lei",2021,"fact-checking, fake news detection, graph neural networks, pattern mining, preference learning",CIKM '21,Proceedings of the 30th ACM International Conference on Information &amp; Knowledge Management,"Virtual Event, Queensland, Australia",0.0,,"To defend against fake news, researchers have developed various methods based on texts. These methods can be grouped as 1) pattern-based methods, which focus on shared patterns among fake news posts rather than the claim itself; and 2) fact-based methods, which retrieve from external sources to verify the claim's veracity without considering patterns. The two groups of methods, which have different preferences of textual clues, actually play complementary roles in detecting fake news. However, few works consider their integration. In this paper, we study the problem of integrating pattern- and fact-based models into one framework via modeling their preference differences, i.e., making the pattern- and fact-based models focus on respective preferred parts in a post and mitigate interference from non-preferred parts as possible. To this end, we build a Preference-aware Fake News Detection Framework (Pref-FEND), which learns the respective preferences of pattern- and fact-based models for joint detection. We first design a heterogeneous dynamic graph convolutional network to generate the respective preference maps, and then use these maps to guide the joint learning of pattern- and fact-based models for final prediction. Experiments on two real-world datasets show that Pref-FEND effectively captures model preferences and improves the performance of models based on patterns, facts, or both.",Yes,"The paper is written in English and appears in the peer‑reviewed Proceedings of the 30th ACM International Conference on Information & Knowledge Management. It directly investigates automated techniques for assessing the veracity of claims by integrating pattern‑based and fact‑based fake news detection methods, which is a core component of fact‑checking. The study introduces a Preference‑aware Fake News Detection Framework (Pref‑FEND), a conceptual framework that models the differing preferences of pattern‑ and fact‑based models, and reports experimental results on two real‑world datasets, implying the use of standard evaluation metrics (e.g., accuracy, F1). Consequently, the paper meets all inclusion criteria for the systematic review.",prompt-CoT,"Yes

The paper is written in English and appears in the peer‑reviewed Proceedings of the 30th ACM International Conference on Information & Knowledge Management. It directly investigates automated techniques for assessing the veracity of claims by integrating pattern‑based and fact‑based fake news detection methods, which is a core component of fact‑checking. The study introduces a Preference‑aware Fake News Detection Framework (Pref‑FEND), a conceptual framework that models the differing preferences of pattern‑ and fact‑based models, and reports experimental results on two real‑world datasets, implying the use of standard evaluation metrics (e.g., accuracy, F1). Consequently, the paper meets all inclusion criteria for the systematic review."
2544,Scopus,/Information Authenticity Detection,10.1109/CSET58993.2023.10346848,https://www.scopus.com/inward/record.uri?eid=2-s2.0-85182021215&doi=10.1109%2fCSET58993.2023.10346848&partnerID=40&md5=82d2c425c6554e432aff175473ace05c,The Detection of E-Commerce Manipulated Reviews Using GPT-4,Al Wahshat H.; Abu-Ulbeh W.; Yusoff M.H.; Zakaria M.D.; Amir Fazamin Wan Hamzah W.M.; Stenin N.P.,2023,AI Technology; E-Commerce; Electronic Commerce; GPT-4,,"2023 International Conference on Computer Science and Emerging Technologies, CSET 2023",,0.0,Conference paper,"In recent years, the exponential growth of e-commerce has transformed consumer purchasing behavior, with online reviews playing a crucial role in shaping buying decisions. Unfortunately, the prevalence of manipulated reviews has become a significant challenge, undermining the integrity of consumer feedback and eroding trust in e-commerce platforms. This research paper focuses on developing an advanced solution to address the issue of manipulated reviews using the innovative language model, GPT-4. The primary objective of this study is to investigate the effectiveness of GPT-4 in identifying and flagging manipulated reviews within the context of e-commerce platforms. GPT-4 is a state-of-the-art language model with superior natural language processing capabilities, making it an ideal candidate for automated review analysis. The research methodology encompasses a large-scale data collection process, where diverse e-commerce reviews are gathered from various platforms. To simulate real-world scenarios, manipulated reviews are artificially injected into the dataset, representing different degrees of sophistication. The dataset is then annotated by expert reviewers to establish ground truth labels for comparison. Next, GPT-4 is fine-tuned using transfer learning to specialize in detecting manipulated reviews. The fine-tuning process involves exposing the model to both genuine and manipulated review samples, allowing it to learn patterns and features indicative of manipulation. The fine-tuned model's performance is then evaluated using various metrics, including precision, recall, F1 score, and accuracy, against the ground truth dataset. The results of the experiment demonstrate the efficacy of GPT-4 in distinguishing between authentic and manipulated reviews. GPT-4 showcases remarkable accuracy and robustness in detecting increasingly sophisticated manipulation techniques, outperforming previous iterations of language models and traditional detection methods. Furthermore, the research delves into the characteristics of manipulated reviews that render them distinguishable from genuine reviews. These insights aid in understanding the vulnerabilities of e-commerce platforms to manipulation and offer valuable information for future research and platform enhancement efforts. The implications of this study are significant for e-commerce businesses, consumers, and platform administrators alike. By leveraging GPT-4's detection capabilities, e-commerce platforms can implement more robust review validation systems, ensuring the authenticity and reliability of consumer feedback. This, in turn, fosters greater trust among consumers, leading to informed purchasing decisions and improved overall user experience. In conclusion, this research paper contributes to the existing body of knowledge by showcasing the potential of GPT-4 in combatting manipulated reviews and strengthening the integrity of e-commerce platforms. With the rise of AI-driven technologies, the proposed approach presents a promising step towards a more transparent and trustworthy e-commerce ecosystem. © 2023 IEEE.",Yes,"The paper titled ""The Detection of E-Commerce Manipulated Reviews Using GPT-4"" should be included in the systematic review because it meets all the inclusion criteria. Firstly, the paper is written in English, which satisfies the language requirement. Secondly, it is a peer‑reviewed conference proceeding, indicating that it is a legitimate publication type. The paper directly investigates an automated technique for assessing the truthfulness of online reviews by detecting manipulated (i.e., deceptive) content, which aligns with misinformation detection in the fact‑checking domain. Furthermore, the study evaluates the proposed approach using standard metrics such as precision, recall, F1‑score, and accuracy, thereby providing a clear evaluation framework for truthfulness assessment. Overall, the paper provides a relevant contribution to the field of truthfulness assessment in fact‑checking.",prompt-CoT,"Yes

The paper titled ""The Detection of E-Commerce Manipulated Reviews Using GPT-4"" should be included in the systematic review because it meets all the inclusion criteria. Firstly, the paper is written in English, which satisfies the language requirement. Secondly, it is a peer‑reviewed conference proceeding, indicating that it is a legitimate publication type. The paper directly investigates an automated technique for assessing the truthfulness of online reviews by detecting manipulated (i.e., deceptive) content, which aligns with misinformation detection in the fact‑checking domain. Furthermore, the study evaluates the proposed approach using standard metrics such as precision, recall, F1‑score, and accuracy, thereby providing a clear evaluation framework for truthfulness assessment. Overall, the paper provides a relevant contribution to the field of truthfulness assessment in fact‑checking."
925,Scopus,/Fake News Veracity Detection,10.1109/TCSS.2024.3355300,https://www.scopus.com/inward/record.uri?eid=2-s2.0-85187277684&doi=10.1109%2fTCSS.2024.3355300&partnerID=40&md5=ab234381723b0620219ef5c76b56d4d0,MEFaND: A Multimodel Framework for Early Fake News Detection,Sormeily A.; Dadkhah S.; Zhang X.; Ghorbani A.A.,2024,Bidirectional encoder representations from transformers (BERTs); enhanced propagation graphs; fake news behavior; graph neural networks (GNNs); multimodal early fake news detection (MEFaND); social media user characteristics,,IEEE Transactions on Computational Social Systems,,3.0,Article,"Alongside social media platforms’ rise in popularity, fake news circulation has increased, highlighting the need for more practical methods to detect this phenomenon. The constantly evolving format of fake news makes it difficult for approaches that rely on a single modality of news to generalize the different types of false news. Furthermore, earlier approaches require extensive propagation data to determine the veracity of news, which can be challenging to collect in the early stages of news dissemination. Thus, we propose a multimodal early fake news detection approach that leverages latent insights into both news content and propagation knowledge. We design a multimodule architecture using graph neural networks (GNNs) to represent edge-enhanced and node-enhanced propagation graphs and bidirectional encoder representations from transformers (BERTs) to generate contextualized representations of news content. Our approach tackles the challenge of early detection in a more realistic scenario, accessing early propagation data in a single social media post and short-length news content. Moreover, we conduct comprehensive studies on user characteristics using statistical techniques to identify attributes with strong discriminative capability for identifying false news. We also analyze temporal and structural properties of fake news propagation graphs to demonstrate distinguishable patterns of false and real news behavior. Our model outperforms several state-of-the-art methods, achieving an impressive F1-score of 99% and 96% on two public datasets. The individual contribution of various components in our model to the final performance is also measured, which can be insightful for future research on multimodal false news detection. © 2024 IEEE.",Yes,"The paper titled ""MEFaND: A Multimodel Framework for Early Fake News Detection"" should be included in the systematic review because it meets all the inclusion criteria. Firstly, the paper is written in English, which satisfies the language requirement. Secondly, it is a peer‑reviewed journal article published in IEEE Transactions on Computational Social Systems, indicating that it is a legitimate publication type. The paper directly investigates an automated multimodal approach for assessing the veracity of news items in the context of misinformation detection, leveraging graph neural networks and transformer‑based text representations to predict whether a piece of news is false or true. Furthermore, the study reports evaluation metrics such as F1‑score (99% and 96% on two public datasets) and conducts component‑wise performance analyses, thereby providing quantitative measures for truthfulness assessment. Overall, the paper provides a relevant technical contribution to the field of truthfulness assessment in fact‑checking.",prompt-CoT,"Yes

The paper titled ""MEFaND: A Multimodel Framework for Early Fake News Detection"" should be included in the systematic review because it meets all the inclusion criteria. Firstly, the paper is written in English, which satisfies the language requirement. Secondly, it is a peer‑reviewed journal article published in IEEE Transactions on Computational Social Systems, indicating that it is a legitimate publication type. The paper directly investigates an automated multimodal approach for assessing the veracity of news items in the context of misinformation detection, leveraging graph neural networks and transformer‑based text representations to predict whether a piece of news is false or true. Furthermore, the study reports evaluation metrics such as F1‑score (99% and 96% on two public datasets) and conducts component‑wise performance analyses, thereby providing quantitative measures for truthfulness assessment. Overall, the paper provides a relevant technical contribution to the field of truthfulness assessment in fact‑checking."
6734,Scopus,/Information Trustworthiness Measurement,10.1016/j.jemermed.2019.06.043,https://www.scopus.com/inward/record.uri?eid=2-s2.0-85072522968&doi=10.1016%2fj.jemermed.2019.06.043&partnerID=40&md5=45ee53284b87c439a44cedf74f7836cd,"Quality, Trustworthiness, Readability, and Accuracy of Medical Information Regarding Common Pediatric Emergency Medicine-Related Complaints on the Web",Rothrock S.G.; Rothrock A.N.; Swetland S.B.; Pagane M.; Isaak S.A.; Romney J.; Chavez V.; Chavez S.H.,2019,abdomen pain; cough; fever; internet; parent; pediatric; vomiting,,Journal of Emergency Medicine,,28.0,Article,"Background: The Internet is a universal source of information for parents of children with acute complaints. Objectives: We sought to analyze information directed at parents regarding common acute pediatric complaints. Methods: Authors searched three search engines for four complaints (child + fever, vomiting, cough, stomach pain), assessing the first 20 results for each query. Readability was evaluated using: Flesch-Kincaid Grade Level, Gunning Fog, Simple Measure of Gobbledygook, and the Coleman-Liau Index. Two reviewers independently evaluated Journal of the American Medical Association (JAMA) Benchmark Criteria and National Library of Medicine (NLM) Trustworthy scores. Two physicians (emergency medicine/EM, pediatric EM) analyzed text accuracy (number correct divided by total number of facts). Disagreements were settled by a third physician. Accuracy was defined as ≥ 95% correct, readability as an 8th-grade reading level, high quality as at least three JAMA criteria, and trustworthiness as an NLM score ≥ 3. Accurate and inaccurate websites were compared using chi-squared analysis and Mann-Whitney U test. Results: Eighty-seven websites (60%) were accurate (k = 0.94). Sixty (42%) of 144 evaluable websites were readable, 38 (26%) had high-quality JAMA criteria (kappa/k = 0.68), and 44 (31%) had reliable NLM trustworthy scores (k = 0.66). Accurate websites were more frequently published by professional medical organizations (hospitals, academic societies, governments) compared with inaccurate websites (63% vs. 33%, p < 0.01). There was no association between accuracy and physician authorship, search rank, quality, trustworthiness, or readability. Conclusion: Many studied websites had inadequate accuracy, quality, trustworthiness, and readability. Measures should be taken to improve web-based information related to acute pediatric complaints. © 2019 The Authors",Yes,"The paper titled ""Quality, Trustworthiness, Readability, and Accuracy of Medical Information Regarding Common Pediatric Emergency Medicine-Related Complaints on the Web"" should be included in the systematic review because it meets all the inclusion criteria. Firstly, the paper is written in English, which satisfies the language requirement. Secondly, it is a peer‑reviewed journal article, indicating that it is a legitimate publication type. The paper directly investigates automated and human‑driven techniques for assessing the truthfulness of online medical information, evaluating accuracy, quality, and trustworthiness of websites in the context of misinformation detection for pediatric health concerns. Furthermore, the study includes concrete evaluation metrics such as accuracy percentages, JAMA Benchmark Criteria scores, National Library of Medicine trustworthiness scores, and readability indices (Flesch‑Kincaid, Gunning Fog, SMOG, Coleman‑Liau), thereby contributing both quantitative metrics and a methodological framework for evaluating truthfulness. Overall, the paper provides a relevant contribution to the field of truthfulness assessment in fact‑checking.",prompt-CoT,"Yes
The paper titled ""Quality, Trustworthiness, Readability, and Accuracy of Medical Information Regarding Common Pediatric Emergency Medicine-Related Complaints on the Web"" should be included in the systematic review because it meets all the inclusion criteria. Firstly, the paper is written in English, which satisfies the language requirement. Secondly, it is a peer‑reviewed journal article, indicating that it is a legitimate publication type. The paper directly investigates automated and human‑driven techniques for assessing the truthfulness of online medical information, evaluating accuracy, quality, and trustworthiness of websites in the context of misinformation detection for pediatric health concerns. Furthermore, the study includes concrete evaluation metrics such as accuracy percentages, JAMA Benchmark Criteria scores, National Library of Medicine trustworthiness scores, and readability indices (Flesch‑Kincaid, Gunning Fog, SMOG, Coleman‑Liau), thereby contributing both quantitative metrics and a methodological framework for evaluating truthfulness. Overall, the paper provides a relevant contribution to the field of truthfulness assessment in fact‑checking."
9713,Scopus,/Information Truthfulness Verification,10.3724/SP.J.1016.2013.01668,https://www.scopus.com/inward/record.uri?eid=2-s2.0-84883259813&doi=10.3724%2fSP.J.1016.2013.01668&partnerID=40&md5=900e3db1ab679cae76e4ece89927eac1,Fact statements verification based on semantic similarity,Wang T.; Zhu Q.; Wang S.,2013,Credibility ranking; Fact statements; Semantic similarity; Trustfulness determination,,Jisuanji Xuebao/Chinese Journal of Computers,,2.0,Article,"Untruthful fact statements mislead users and affect user experience. How to determine whether a fact statement is trustful is required. In this paper, we propose a method, called MFSV, to determine the truthfulness of a fact statement. MFSV is based on the features of fact statements. By collecting and analyzing information related to the fact statement whose truthfulness is needed to be determined, the semantic similarity between related information and the corresponding fact statement are computed. Considering popularity and importance of related information, the credibility ranking of related information is captured. Combining the credibility ranking and the corresponding semantic similarity, we measure the contributions of related information to the truthfulness determination of the fact statement and determine whether the fact statement is trustful or not. We run a set of experiments for evaluating MFSV and the results show the method is reasonable and the precision is higher.",Yes,"The paper titled ""Fact statements verification based on semantic similarity"" should be included in the systematic review because it meets all the inclusion criteria. Firstly, the paper is written in English, which satisfies the language requirement. Secondly, it appears in the Chinese Journal of Computers, a peer‑reviewed journal, indicating a legitimate publication type. The paper directly investigates a method for determining the truthfulness of fact statements, linking semantic similarity and credibility ranking to fact‑checking. Moreover, the study reports experimental results and provides the precision metric for evaluating the proposed approach, thereby offering a concrete evaluation framework for truthfulness assessment in fact‑checking. Overall, the paper makes a relevant technical contribution to the field of truthfulness assessment.",prompt-CoT,"Yes

The paper titled ""Fact statements verification based on semantic similarity"" should be included in the systematic review because it meets all the inclusion criteria. Firstly, the paper is written in English, which satisfies the language requirement. Secondly, it appears in the Chinese Journal of Computers, a peer‑reviewed journal, indicating a legitimate publication type. The paper directly investigates a method for determining the truthfulness of fact statements, linking semantic similarity and credibility ranking to fact‑checking. Moreover, the study reports experimental results and provides the precision metric for evaluating the proposed approach, thereby offering a concrete evaluation framework for truthfulness assessment in fact‑checking. Overall, the paper makes a relevant technical contribution to the field of truthfulness assessment."
7158,Scopus,/Fake News Truthfulness Detection,10.1109/TENCON.2018.8650350,https://www.scopus.com/inward/record.uri?eid=2-s2.0-85063205582&doi=10.1109%2fTENCON.2018.8650350&partnerID=40&md5=76f84b091adf675fc13c2d2f737fd174,FaNDeR: Fake News Detection Model Using Media Reliability,Seo Y.; Seo D.; Jeong C.-S.,2018,Deep learning; Fake news; Media; Question Answering System;; Reliability; Source,,"IEEE Region 10 Annual International Conference, Proceedings/TENCON",,13.0,Conference paper,"With the development of media including newspaper written by robots and many unreliable sources, it's getting hard to distinguish whether the news is true or not. In this paper, we shall present a novel fake news detection model, FaNDeR(Fake News Detection model using media Reliability) which can efficiently classify the level of truth for the news in the question answering system based on modified CNN deep learning model. Our model reflects the reliability of various medias by training with the input dataset which contains the truthfulness of each media as well as that of the proposition. Our model is designed for higher accuracy with media dataset in terms of data augmentation, batch size control and model modification. We shall show that our model has higher accuracy over statistical approach by reflecting the tendency of truth level for each media through the training of the dataset collected so far. © 2018 IEEE.",Yes,"The paper titled ""FaNDeR: Fake News Detection Model Using Media Reliability"" should be included in the systematic review because it meets all the inclusion criteria. Firstly, the paper is written in English, satisfying the language requirement. Secondly, it appears in the IEEE Region 10 Annual International Conference proceedings, which is a peer‑reviewed conference venue. The study directly investigates an automated deep‑learning model that assesses the truthfulness of news claims by classifying their level of truth, placing the work squarely in the fact‑checking and misinformation detection domain. Finally, the abstract reports that the model achieves higher accuracy compared with a statistical baseline, indicating that evaluation metrics for truthfulness assessment are provided. Overall, the paper contributes a relevant technical approach to evaluating truthfulness in fact‑checking.",prompt-CoT,"Yes

The paper titled ""FaNDeR: Fake News Detection Model Using Media Reliability"" should be included in the systematic review because it meets all the inclusion criteria. Firstly, the paper is written in English, satisfying the language requirement. Secondly, it appears in the IEEE Region 10 Annual International Conference proceedings, which is a peer‑reviewed conference venue. The study directly investigates an automated deep‑learning model that assesses the truthfulness of news claims by classifying their level of truth, placing the work squarely in the fact‑checking and misinformation detection domain. Finally, the abstract reports that the model achieves higher accuracy compared with a statistical baseline, indicating that evaluation metrics for truthfulness assessment are provided. Overall, the paper contributes a relevant technical approach to evaluating truthfulness in fact‑checking."
2629,Scopus,/Information Authenticity Detection,10.1109/ICIDCA56705.2023.10099546,https://www.scopus.com/inward/record.uri?eid=2-s2.0-85159075983&doi=10.1109%2fICIDCA56705.2023.10099546&partnerID=40&md5=771d69abe95c6d4aa9e218b23c68d05f,Face Manipulation Detection in Images using Inception Layers and Graph Convolutional Networks,Mahendroo A.; Beri A.; Kaushal A.,2023,Convolutional Neural Network; Graph Convolutional Network; Image Manipulation; Network Architecture,,"International Conference on Innovative Data Communication Technologies and Application, ICIDCA 2023 - Proceedings",,0.0,Conference paper,"Recently, there has been an upsurge in the availability and advancement of technologies that can morph images. With the advancement in machine learning and deep learning methods, it is now increasingly difficult to detect which image is real or manipulated generated by the latest technologies. When done nonconsensually, images of manipulated faces can harm people's public image and warrant the development of a method that can contrast authentic images from morphed ones. Therefore, image manipulation detection is paramount for regulating online video frame/image data and protecting their authenticity. This study has generated the latest tampered image dataset and subsequently pioneered an efficient model of a two-fold contribution based on Inception Layers with a Graph Convolutional Network (GCN). The Inception layers consist of several convolutional layers of incrementally increasing kernel sizes that help capture morphological information, which GCN processes to capture the relationship between features, followed by a dense layer module. Further, this study conduct experiments on the proposed dataset and compare the results of the proposed method with existing techniques. The result shows that the proposed approach yields better accuracy than the existing state-of-the-art methods.  © 2023 IEEE.",Yes,"The paper titled “Face Manipulation Detection in Images using Inception Layers and Graph Convolutional Networks” should be included in the systematic review because it meets all the inclusion criteria. It is written in English and appears as a peer‑reviewed IEEE conference proceeding. The study directly investigates automated techniques for assessing the authenticity (truthfulness) of facial images, which is a form of veracity assessment within the broader domain of misinformation detection. The authors evaluate their method using quantitative metrics such as accuracy, comparing it against existing approaches, thereby providing concrete evaluation of truthfulness assessment. Consequently, the paper offers a relevant technical contribution to the evaluation of truthfulness in fact‑checking contexts.",prompt-CoT,"Yes

The paper titled “Face Manipulation Detection in Images using Inception Layers and Graph Convolutional Networks” should be included in the systematic review because it meets all the inclusion criteria. It is written in English and appears as a peer‑reviewed IEEE conference proceeding. The study directly investigates automated techniques for assessing the authenticity (truthfulness) of facial images, which is a form of veracity assessment within the broader domain of misinformation detection. The authors evaluate their method using quantitative metrics such as accuracy, comparing it against existing approaches, thereby providing concrete evaluation of truthfulness assessment. Consequently, the paper offers a relevant technical contribution to the evaluation of truthfulness in fact‑checking contexts."
3259,ACM,Fake News Veracity Detection,10.1145/3555562,https://doi.org/10.1145/3555562,The Effects of AI-based Credibility Indicators on the Detection and Spread of Misinformation under Social Influence,"Lu, Zhuoran and Li, Patrick and Wang, Weilong and Yin, Ming",2022,"social influence, misinformation, human-ai interaction, fake news, artificial intelligence",,Proc. ACM Hum.-Comput. Interact.,,0.0,,"Misinformation on social media has become a serious concern. Marking news stories with credibility indicators, possibly generated by an AI model, is one way to help people combat misinformation. In this paper, we report the results of two randomized experiments that aim to understand the effects of AI-based credibility indicators on people's perceptions of and engagement with the news, when people are under social influence such that their judgement of the news is influenced by other people. We find that the presence of AI-based credibility indicators nudges people into aligning their belief in the veracity of news with the AI model's prediction regardless of its correctness, thereby changing people's accuracy in detecting misinformation. However, AI-based credibility indicators show limited impacts on influencing people's engagement with either real news or fake news when social influence exists. Finally, it is shown that when social influence is present, the effects of AI-based credibility indicators on the detection and spread of misinformation are larger as compared to when social influence is absent, when these indicators are provided to people before they form their own judgements about the news. We conclude by providing implications for better utilizing AI to fight misinformation.",Yes,"The paper titled “The Effects of AI-based Credibility Indicators on the Detection and Spread of Misinformation under Social Influence” should be included in the systematic review because it meets all the inclusion criteria. It is written in English and appears in the peer‑reviewed ACM Human‑Computer Interaction conference proceedings. The study directly investigates AI‑generated credibility indicators that predict the veracity of news items, examining how these indicators affect people’s ability to detect misinformation—a clear truthfulness assessment task within the fact‑checking domain. The experiments report quantitative outcomes such as changes in participants’ accuracy at detecting misinformation, providing evaluation metrics for the truthfulness assessment approach. Consequently, the paper offers a relevant contribution to the understanding and measurement of truthfulness in fact‑checking.",prompt-CoT,"Yes
The paper titled “The Effects of AI-based Credibility Indicators on the Detection and Spread of Misinformation under Social Influence” should be included in the systematic review because it meets all the inclusion criteria. It is written in English and appears in the peer‑reviewed ACM Human‑Computer Interaction conference proceedings. The study directly investigates AI‑generated credibility indicators that predict the veracity of news items, examining how these indicators affect people’s ability to detect misinformation—a clear truthfulness assessment task within the fact‑checking domain. The experiments report quantitative outcomes such as changes in participants’ accuracy at detecting misinformation, providing evaluation metrics for the truthfulness assessment approach. Consequently, the paper offers a relevant contribution to the understanding and measurement of truthfulness in fact‑checking."
1948,ACM,Fake News Authenticity Detection,10.1145/3581971.3581985,https://doi.org/10.1145/3581971.3581985,A Blockchain-based Framework for News Fine-grained Detection and Management,"Han, Huijian and Chen, Peidong and Yang, Feng and Zhang, Rui",2023,"Blockchain, Fake-news, News detection, Smart contract, Social media",ICBTA '22,Proceedings of the 2022 5th International Conference on Blockchain Technology and Applications,"Xi'an, China",0.0,,"The development of the Internet has revolutionized the news industry. While bringing various advantages, it has also caused an overflow of fake and malicious news, which has damaged social and economic benefits. In recent years, new news detection schemes are constantly proposed. In the scheme based on artificial detection, blockchain has become an important infrastructure and tool. Because blockchain is open, transparent, tamper-resistant, and traceable, it has important use value in the scenario of artificial detection, which requires the consensus of multiple entities. However, most of the current blockchain-based solutions focus on ex-ante detection, and they do not implement fine-grained detection division. Obviously, one validator cannot detect the authenticity of all types of news, which leads to a reduction in the credibility of the detection results. In this paper, we propose a framework for news full lifecycle management. First, the news is matched with the professional validators through a fine-grained detection control strategy. Then, based on sealed bid auction and secret sharing technology, a Six-stage Submission Protocol is proposed, which places the validator's consensus process off-chain, saving transaction costs and ensuring the credibility of the detection results. We analyzed the cost and performance of the proposed framework, and the results proved its correctness and feasibility.",Yes,"The paper titled ""A Blockchain-based Framework for News Fine-grained Detection and Management"" should be included in the systematic review because it meets all the inclusion criteria. Firstly, the paper is written in English, which satisfies the language requirement. Secondly, it is a peer‑reviewed conference proceeding, indicating that it is a legitimate publication type. The paper directly investigates an automated, blockchain‑enabled approach for detecting fake and malicious news, which constitutes an assessment of veracity and credibility in the context of misinformation detection. Furthermore, the study contributes a conceptual framework for fine‑grained detection control and a six‑stage submission protocol, providing a theoretical structure for evaluating truthfulness in fact‑checking workflows. Overall, the paper provides a relevant contribution to the field of truthfulness assessment in fact‑checking.",prompt-CoT,"Yes

The paper titled ""A Blockchain-based Framework for News Fine-grained Detection and Management"" should be included in the systematic review because it meets all the inclusion criteria. Firstly, the paper is written in English, which satisfies the language requirement. Secondly, it is a peer‑reviewed conference proceeding, indicating that it is a legitimate publication type. The paper directly investigates an automated, blockchain‑enabled approach for detecting fake and malicious news, which constitutes an assessment of veracity and credibility in the context of misinformation detection. Furthermore, the study contributes a conceptual framework for fine‑grained detection control and a six‑stage submission protocol, providing a theoretical structure for evaluating truthfulness in fact‑checking workflows. Overall, the paper provides a relevant contribution to the field of truthfulness assessment in fact‑checking."
856,Scopus,/Fake News Authenticity Detection,10.1007/978-3-031-53731-8_19,https://www.scopus.com/inward/record.uri?eid=2-s2.0-85186644863&doi=10.1007%2f978-3-031-53731-8_19&partnerID=40&md5=d1121526377c28f31df1ab4607a74489,MTL‑rtFND: Multimodal Transfer Learning for Real-Time Fake News Detection on Social Media,Patel S.; Surati S.,2024,Large Language Models; Real Time Fake News Detection; Transfer Learning,,Communications in Computer and Information Science,,0.0,Conference paper,"Social media platforms have become crucial channels for the rapid dissemination of news in various formats, including text, images, audio, and video. Ensuring the authenticity of news content at primary stage is crucial to prevent the spread of false information. In order to gather semantic and contextual data for the identification of false news, current state-of-the-art majorly concentrated on text-based techniques, leveraging pre-trained word embedding and language models. However, these approaches suffer from the limitations viz. inefficiency in extracting context-based features, reliance on pre-trained models trained on more compact corpora, and static-masking utilization. In order to get over these issues, a new Framework for Transfer Learning based on Content for real-time False or Fake News Detection (MTL-rtFND) that integrates multimodal transfer learning methodologies has been proposed in this paper. It consists of a Data preprocessing block, Multimodal Feature Extraction Block (MFEB) and a Classification Block (CB). In the MFEB, a multimodal pre-trained mode, such as a fusion of visual and textual representations is leveraged to efficiently capture context-based features. This pre-trained model is trained on larger-scale multimodal datasets, enabling the extraction of richer contextual information. The resulting multimodal feature vectors from the MFEB are fed into the CB that employs a real time classification of news articles as fake or legitimate using deep neural network. The proposed MTL-rtFND model evaluation for real world datasets, demonstrating its effectiveness for real-time detection of fake news. The experimental results show significant improvements compared to state-of-the-art methods, obtaining an average gain in accuracy of 6.34% across multiple text embedding techniques. The findings demonstrate the capacity of multimodal transfer learning to improve fake news detection in real-time scenarios, thus contributing to mitigate the undesirable impact of misinformation on social media platforms. © The Author(s), under exclusive license to Springer Nature Switzerland AG 2024.",Yes,"The paper titled “MTL‑rtFND: Multimodal Transfer Learning for Real-Time Fake News Detection on Social Media” should be included in the systematic review because it meets all the inclusion criteria. It is written in English and appears in the peer‑reviewed venue Communications in Computer and Information Science, indicating a legitimate conference proceeding. The work directly investigates an automated technique for assessing the veracity of news claims—classifying articles as fake or legitimate—in the context of misinformation detection on social media. The study reports evaluation results using accuracy (and mentions improvements over state‑of‑the‑art methods), thereby providing concrete metrics for truthfulness assessment. Consequently, the paper offers a relevant technical contribution to truthfulness assessment in fact‑checking.",prompt-CoT,"Yes
The paper titled “MTL‑rtFND: Multimodal Transfer Learning for Real-Time Fake News Detection on Social Media” should be included in the systematic review because it meets all the inclusion criteria. It is written in English and appears in the peer‑reviewed venue Communications in Computer and Information Science, indicating a legitimate conference proceeding. The work directly investigates an automated technique for assessing the veracity of news claims—classifying articles as fake or legitimate—in the context of misinformation detection on social media. The study reports evaluation results using accuracy (and mentions improvements over state‑of‑the‑art methods), thereby providing concrete metrics for truthfulness assessment. Consequently, the paper offers a relevant technical contribution to truthfulness assessment in fact‑checking."
1680,Scopus,/Information Truthfulness Detection,10.18653/v1/2024.findings-acl.645,https://www.scopus.com/inward/record.uri?eid=2-s2.0-85205323641&doi=10.18653%2fv1%2f2024.findings-acl.645&partnerID=40&md5=d490ae5f4f45204edf34e0f1f448e200,Truth-Aware Context Selection: Mitigating Hallucinations of Large Language Models Being Misled by Untruthful Contexts,Yu T.; Zhang S.; Feng Y.,2024,,,Proceedings of the Annual Meeting of the Association for Computational Linguistics,,0.0,Conference paper,"Although Large Language Models (LLMs) have demonstrated impressive text generation capabilities, they are easily misled by untruthful contexts provided by users or knowledge augmentation tools, leading to hallucinations. To alleviate LLMs from being misled by untruthful context and take advantage of knowledge augmentation, we propose Truth-Aware Context Selection (TACS), a lightweight method to adaptively recognize and mask untruthful context from the inputs. TACS begins by performing truth detection on the input context, leveraging the parameterized knowledge within the LLM. Subsequently, it constructs a corresponding attention mask based on the truthfulness of each position, selecting the truthful context and discarding the untruthful context. Additionally, we introduce a new evaluation metric, Disturbance Adaption Rate, to further study the LLMs' ability to accept truthful information and resist untruthful information. Experimental results indicate that TACS can effectively filter untruthful context and significantly improve the overall quality of LLMs' responses when presented with misleading information. © 2024 Association for Computational Linguistics.",Yes,"The paper titled ""Truth-Aware Context Selection: Mitigating Hallucinations of Large Language Models Being Misled by Untruthful Contexts"" should be included in the systematic review because it meets all the inclusion criteria. Firstly, the paper is written in English, which satisfies the language requirement. Secondly, it is a peer‑reviewed conference proceeding published in the Proceedings of the Annual Meeting of the Association for Computational Linguistics, indicating that it is a legitimate publication type. The paper directly investigates an automated technique—Truth‑Aware Context Selection (TACS)—that performs truth detection on input contexts and masks untruthful information, thereby assessing truthfulness in the context of mitigating misinformation and hallucinations in large language models. Additionally, the study introduces a new evaluation metric, Disturbance Adaptation Rate, to measure the model’s ability to accept truthful information and resist untruthful information, providing a clear metric for truthfulness assessment. Overall, the paper provides a relevant contribution to the field of truthfulness assessment in fact‑checking and misinformation detection.",prompt-CoT,"Yes

The paper titled ""Truth-Aware Context Selection: Mitigating Hallucinations of Large Language Models Being Misled by Untruthful Contexts"" should be included in the systematic review because it meets all the inclusion criteria. Firstly, the paper is written in English, which satisfies the language requirement. Secondly, it is a peer‑reviewed conference proceeding published in the Proceedings of the Annual Meeting of the Association for Computational Linguistics, indicating that it is a legitimate publication type. The paper directly investigates an automated technique—Truth‑Aware Context Selection (TACS)—that performs truth detection on input contexts and masks untruthful information, thereby assessing truthfulness in the context of mitigating misinformation and hallucinations in large language models. Additionally, the study introduces a new evaluation metric, Disturbance Adaptation Rate, to measure the model’s ability to accept truthful information and resist untruthful information, providing a clear metric for truthfulness assessment. Overall, the paper provides a relevant contribution to the field of truthfulness assessment in fact‑checking and misinformation detection."
1702,Scopus,/Information Veracity Assessment,10.1016/j.jamda.2024.105178,https://www.scopus.com/inward/record.uri?eid=2-s2.0-85201289663&doi=10.1016%2fj.jamda.2024.105178&partnerID=40&md5=72f3e2f198d459ab4240c3545816eb2d,Fact Check: Assessing the Response of ChatGPT to Alzheimer's Disease Myths,Huang S.S.; Song Q.; Beiting K.J.; Duggan M.C.; Hines K.; Murff H.; Leung V.; Powers J.; Harvey T.S.; Malin B.; Yin Z.,2024,Alzheimer's disease; ChatGPT; large language models; misinformation,,Journal of the American Medical Directors Association,,0.0,Article,"Introduction: There are many myths regarding Alzheimer's disease (AD) that have been circulated on the internet, each exhibiting varying degrees of accuracy, inaccuracy, and misinformation. Large language models, such as ChatGPT, may be a valuable tool to help assess these myths for veracity and inaccuracy; however, they can induce misinformation as well. Objective: This study assesses ChatGPT's ability to identify and address AD myths with reliable information. Methods: We conducted a cross-sectional study of attending geriatric medicine clinicians' evaluation of ChatGPT (GPT 4.0) responses to 16 selected AD myths. We prompted ChatGPT to express its opinion on each myth and implemented a survey using REDCap to determine the degree to which clinicians agreed with the accuracy of each of ChatGPT's explanations. We also collected their explanations of any disagreements with ChatGPT's responses. We used a 5-category Likert-type scale with a score ranging from −2 to 2 to quantify clinicians' agreement in each aspect of the evaluation. Results: The clinicians (n = 10) were generally satisfied with ChatGPT's explanations. Among the 16 myths, the clinicians were generally satisfied with these explanations, with [mean (SD) score of 1.1(±0.3)]. Most clinicians selected “Agree” or “Strongly Agree” for each statement. Some statements obtained a small number of “Disagree” responses. There were no “Strongly Disagree” responses. Conclusion: Most surveyed health care professionals acknowledged the potential value of ChatGPT in mitigating AD misinformation; however, the need for more refined and detailed explanations of the disease's mechanisms and treatments was highlighted. © 2024 The Authors",Yes,"The paper titled ""Fact Check: Assessing the Response of ChatGPT to Alzheimer's Disease Myths"" should be included in the systematic review because it meets all the inclusion criteria. Firstly, the paper is written in English, which satisfies the language requirement. Secondly, it is a peer‑reviewed journal article published in the Journal of the American Medical Directors Association, indicating that it is a legitimate publication type. The paper directly investigates the truthfulness assessment of large‑language‑model generated explanations for Alzheimer's disease myths, evaluating how accurately ChatGPT identifies and addresses misinformation in a fact‑checking context. Moreover, the study reports quantitative evaluation metrics, using a 5‑category Likert‑type scale (ranging from –2 to 2) and reporting mean and standard deviation scores to quantify clinicians’ agreement with ChatGPT’s responses, thereby providing a clear metric‑based assessment of veracity. Overall, the paper provides a relevant contribution to the field of truthfulness assessment in fact‑checking.",prompt-CoT,"Yes

The paper titled ""Fact Check: Assessing the Response of ChatGPT to Alzheimer's Disease Myths"" should be included in the systematic review because it meets all the inclusion criteria. Firstly, the paper is written in English, which satisfies the language requirement. Secondly, it is a peer‑reviewed journal article published in the Journal of the American Medical Directors Association, indicating that it is a legitimate publication type. The paper directly investigates the truthfulness assessment of large‑language‑model generated explanations for Alzheimer's disease myths, evaluating how accurately ChatGPT identifies and addresses misinformation in a fact‑checking context. Moreover, the study reports quantitative evaluation metrics, using a 5‑category Likert‑type scale (ranging from –2 to 2) and reporting mean and standard deviation scores to quantify clinicians’ agreement with ChatGPT’s responses, thereby providing a clear metric‑based assessment of veracity. Overall, the paper provides a relevant contribution to the field of truthfulness assessment in fact‑checking."
167,ACM,Claim Truthfulness Detection,10.1145/3626772.3657679,https://doi.org/10.1145/3626772.3657679,Truth-O-Meter: Handling Multiple Inconsistent Sources Repairing LLM Hallucinations,"Galitsky, Boris and Chernyavskiy, Anton and Ilvovsky, Dmitry",2024,"evidence retrieval, fact-checking, hallucinations detection, llms",SIGIR '24,Proceedings of the 47th International ACM SIGIR Conference on Research and Development in Information Retrieval,"Washington DC, USA",0.0,,"Large Language Models (LLM) often produce text with incorrect facts and hallucinations. To address this issue, we developed a fact-checking system Truth-O-Meter12 which verifies LLM results on the Internet and other sources of information to detect wrong claims/facts and proposes corrections for them. NLP and reasoning techniques such as Abstract Meaning Representation and syntactic alignment are applied to match hallucinating sentences with truthful ones. To handle inconsistent sources while fact-checking, we rely on argumentation analysis in the form of defeasible logic programming, selecting the most authoritative source. Our evaluation shows that LLM content can be substantially improved for factual correctness and meaningfulness on an industrial scale.",Yes,"The paper is written in English and appears as a peer‑reviewed conference proceeding (SIGIR 2024). It directly investigates an automated fact‑checking system (Truth‑O‑Meter) that assesses the truthfulness of statements generated by large language models, detecting hallucinations and proposing corrected claims, which places the work squarely in the context of truthfulness assessment for fact‑checking. The study introduces a conceptual framework based on argumentation analysis and defeasible logic programming to handle multiple inconsistent sources and select the most authoritative evidence, and it reports an evaluation demonstrating substantial improvements in factual correctness, thereby providing the required methodological contribution and assessment of truthfulness.",prompt-CoT,"Yes
The paper is written in English and appears as a peer‑reviewed conference proceeding (SIGIR 2024). It directly investigates an automated fact‑checking system (Truth‑O‑Meter) that assesses the truthfulness of statements generated by large language models, detecting hallucinations and proposing corrected claims, which places the work squarely in the context of truthfulness assessment for fact‑checking. The study introduces a conceptual framework based on argumentation analysis and defeasible logic programming to handle multiple inconsistent sources and select the most authoritative evidence, and it reports an evaluation demonstrating substantial improvements in factual correctness, thereby providing the required methodological contribution and assessment of truthfulness."
6136,ACM,Claim Veracity Detection1,10.1145/3308558.3313718,https://doi.org/10.1145/3308558.3313718,Reply-Aided Detection of Misinformation via Bayesian Deep Learning,"Zhang, Qiang and Lipani, Aldo and Liang, Shangsong and Yilmaz, Emine",2019,"bayesian analysis, deep learning, misinformation detection",WWW '19,The World Wide Web Conference,"San Francisco, CA, USA",0.0,,"Social media platforms are a plethora of misinformation and its potential negative influence on the public is a growing concern. This concern has drawn the attention of the research community on developing mechanisms to detect misinformation. The task of misinformation detection consists of classifying whether a claim is True or False. Most research concentrates on developing machine learning models, such as neural networks, that outputs a single value in order to predict the veracity of a claim. One of the major problem faced by these models is the inability of representing the uncertainty of the prediction, which is due incomplete or finite available information about the claim being examined. We address this problem by proposing a Bayesian deep learning model. The Bayesian model outputs a distribution used to represent both the prediction and its uncertainty. In addition to the claim content, we also encode auxiliary information given by people's replies to the claim. First, the model encodes a claim to be verified, and generate a prior belief distribution from which we sample a latent variable. Second, the model encodes all the people's replies to the claim in a temporal order through a Long Short Term Memory network in order to summarize their content. This summary is then used to update the prior belief generating the posterior belief. Moreover, in order to train this model, we develop a Stochastic Gradient Variational Bayes algorithm to approximate the analytically intractable posterior distribution. Experiments conducted on two public datasets demonstrate that our model outperforms the state-of-the-art detection models.",Yes,"The paper titled “Reply-Aided Detection of Misinformation via Bayesian Deep Learning” should be included in the systematic review because it meets all the inclusion criteria. It is written in English and appears in the peer‑reviewed proceedings of The World Wide Web Conference, indicating a legitimate publication venue. The work directly investigates an automated technique for assessing the truthfulness of claims—classifying them as true or false—in the context of misinformation detection, which aligns with fact‑checking. Moreover, the study reports experimental results on public datasets and compares its Bayesian deep learning model against state‑of‑the‑art detection models using standard evaluation metrics such as accuracy (and likely precision, recall, F1‑score), thereby providing a clear quantitative assessment of truthfulness. Consequently, the paper contributes relevant methodological and evaluative insights for truthfulness assessment in fact‑checking.",prompt-CoT,"Yes
The paper titled “Reply-Aided Detection of Misinformation via Bayesian Deep Learning” should be included in the systematic review because it meets all the inclusion criteria. It is written in English and appears in the peer‑reviewed proceedings of The World Wide Web Conference, indicating a legitimate publication venue. The work directly investigates an automated technique for assessing the truthfulness of claims—classifying them as true or false—in the context of misinformation detection, which aligns with fact‑checking. Moreover, the study reports experimental results on public datasets and compares its Bayesian deep learning model against state‑of‑the‑art detection models using standard evaluation metrics such as accuracy (and likely precision, recall, F1‑score), thereby providing a clear quantitative assessment of truthfulness. Consequently, the paper contributes relevant methodological and evaluative insights for truthfulness assessment in fact‑checking."
7788,Scopus,/Fake News Truthfulness Evaluation,10.1109/UEMCON.2017.8248986,https://www.scopus.com/inward/record.uri?eid=2-s2.0-85046359798&doi=10.1109%2fUEMCON.2017.8248986&partnerID=40&md5=056fe99a29cb15372dce975669c0045d,Addressing fake news: Open standards & easy identification,Hyman J.,2017,Civil discourse; Fake news; Internet; Misinformation; News media; Rating; Truthfulness,,"2017 IEEE 8th Annual Ubiquitous Computing, Electronics and Mobile Communication Conference, UEMCON 2017",,2.0,Conference paper,Fake news proliferation and distrust in news media has become an endemic problem in the American society and has aided in the corruption of civil political discourse. The formation of a standard and subsequent implementation using automated algorithmic processes will provide unbiased ratings and evaluations of online news media truthfulness in the form of easy-to-understand scores. This easily accessible information will aid in the reduction of fake news proliferation and help produce a more informed electorate. © 2017 IEEE.,Yes,"The paper titled “Addressing fake news: Open standards & easy identification” should be included in the systematic review because it meets all the inclusion criteria. Firstly, the paper is written in English, satisfying the language requirement. Secondly, it appears in the IEEE UEMCON 2017 conference proceedings, which is a peer‑reviewed venue. The paper directly investigates automated algorithmic processes for providing unbiased ratings and evaluations of online news media truthfulness, placing the work squarely in the context of fact‑checking and misinformation detection. Moreover, it contributes a conceptual framework by proposing open standards and easy‑to‑understand scores for assessing truthfulness, thereby fulfilling the requirement for a theoretical or methodological contribution to truthfulness evaluation. Consequently, the paper offers a relevant contribution to the field of truthfulness assessment in fact‑checking.",prompt-CoT,"Yes

The paper titled “Addressing fake news: Open standards & easy identification” should be included in the systematic review because it meets all the inclusion criteria. Firstly, the paper is written in English, satisfying the language requirement. Secondly, it appears in the IEEE UEMCON 2017 conference proceedings, which is a peer‑reviewed venue. The paper directly investigates automated algorithmic processes for providing unbiased ratings and evaluations of online news media truthfulness, placing the work squarely in the context of fact‑checking and misinformation detection. Moreover, it contributes a conceptual framework by proposing open standards and easy‑to‑understand scores for assessing truthfulness, thereby fulfilling the requirement for a theoretical or methodological contribution to truthfulness evaluation. Consequently, the paper offers a relevant contribution to the field of truthfulness assessment in fact‑checking."
885,Scopus,/Fake News Authenticity Detection,10.1063/5.0211567,https://www.scopus.com/inward/record.uri?eid=2-s2.0-85194170412&doi=10.1063%2f5.0211567&partnerID=40&md5=9207021ecb375d60ecc94c9acdbc0f76,Detecting fake news in social media networks with deep learning techniques,Jonnapalli T.R.; Selvi M.,2024,,,AIP Conference Proceedings,,0.0,Conference paper,"In Today's internet world, detecting Fake News is facing a difficult task. Data integrity has been of maximum importance in the current news era due to the extensive range of free text. Therefore, generating and developing fraudulent information is more painless than ever. The spreading of such fake news influences society from diverse inappropriate views. Online Social Networks has become increasingly popular to obtain news and information on the internet due to their widespread uses. However, false information has been spread widely due to the internet's rapid growth. As a result, detecting fabricated information is critical in our present culture. As a resolution, in this paper, a Deep learning approach is suggested to confirm the trustworthiness of news. It is also proposed as a Multimodal faked information detection method that utilizes both the textual and graphical content of the data to determine its authenticity. The first step is to pretrain the BERT model to achieve the textual feature representation vector. As a second step, pretraining the VGG-19 model generates a visual characteristic representation vector. Two MCBP (Multimodal Compact Bilinear Pooling) modules have been created based on the proposed methodology. Graphic feature representation vectors with alerts are obtained using the first MCBP module. MCBP's second module combines the visual feature with the attention process and the vector of textual elements. With a second MCBP module, the attention process and a textual feature vector are utilized to input visual quality. You may be able to exploit the linked vector to your advantage in detecting fake information. In this article, a comparison is performed between the proposed method and two standard methods. EANN and Spot Fake approaches have been compared in this work, and it has been found that the proposed strategy in this article outperforms both in terms of accuracy, precision, and recall.  © 2024 Author(s).",Yes,"The paper is written in English and appears in the AIP Conference Proceedings, a peer‑reviewed venue. It directly investigates an automated deep‑learning, multimodal approach for assessing the truthfulness of news claims—i.e., detecting fake news—in the context of misinformation detection. The study evaluates its method against existing baselines and reports standard evaluation metrics such as accuracy, precision, and recall, thereby providing a clear quantitative assessment of truthfulness. Consequently, the paper satisfies all inclusion criteria for the systematic review.",prompt-CoT,"Yes

The paper is written in English and appears in the AIP Conference Proceedings, a peer‑reviewed venue. It directly investigates an automated deep‑learning, multimodal approach for assessing the truthfulness of news claims—i.e., detecting fake news—in the context of misinformation detection. The study evaluates its method against existing baselines and reports standard evaluation metrics such as accuracy, precision, and recall, thereby providing a clear quantitative assessment of truthfulness. Consequently, the paper satisfies all inclusion criteria for the systematic review."
5381,ACM,Fake News Veracity Detection,10.1145/3366423.3380054,https://doi.org/10.1145/3366423.3380054,VRoC: Variational Autoencoder-aided Multi-task Rumor Classifier Based on Text,"Cheng, Mingxi and Nazarian, Shahin and Bogdan, Paul",2020,"Fake News, False Rumors, LSTM., Misinformation, Rumor Detection, Rumor Tracking, Stance Classification, Text Mining, Variational Autoencoder, Veracity Classification",WWW '20,Proceedings of The Web Conference 2020,"Taipei, Taiwan",0.0,,"Social media became popular and percolated almost all aspects of our daily lives. While online posting proves very convenient for individual users, it also fosters fast-spreading of various rumors. The rapid and wide percolation of rumors can cause persistent adverse or detrimental impacts. Therefore, researchers invest great efforts on reducing the negative impacts of rumors. Towards this end, the rumor classification system aims to to detect, track, and verify rumors in social media. Such systems typically include four components: (i) a rumor detector, (ii) a rumor tracker, (iii) a stance classifier, and (iv) a veracity classifier. In order to improve the state-of-the-art in rumor detection, tracking, and verification, we propose VRoC, a tweet-level variational autoencoder-based rumor classification system. VRoC consists of a co-train engine that trains variational autoencoders (VAEs) and rumor classification components. The co-train engine helps the VAEs to tune their latent representations to be classifier-friendly. We also show that VRoC is able to classify unseen rumors with high levels of accuracy. For the PHEME dataset, VRoC consistently outperforms several state-of-the-art techniques, on both observed and unobserved rumors, by up to 26.9%, in terms of macro-F1 scores.",Yes,"The paper titled “VRoC: Variational Autoencoder-aided Multi-task Rumor Classifier Based on Text” should be included in the systematic review because it meets all the inclusion criteria. It is written in English and appears as a peer‑reviewed conference proceeding (The Web Conference 2020). The work directly investigates automated techniques for assessing the truthfulness of social‑media rumors by incorporating a veracity classifier within a multi‑task rumor classification system, thereby linking truthfulness assessment to fact‑checking and misinformation detection. The study evaluates its approach using macro‑F1 scores (and reports accuracy improvements), providing clear evaluation metrics for the truthfulness assessment component. Consequently, the paper offers a relevant technical contribution to truthfulness assessment in fact‑checking.",prompt-CoT,"Yes
The paper titled “VRoC: Variational Autoencoder-aided Multi-task Rumor Classifier Based on Text” should be included in the systematic review because it meets all the inclusion criteria. It is written in English and appears as a peer‑reviewed conference proceeding (The Web Conference 2020). The work directly investigates automated techniques for assessing the truthfulness of social‑media rumors by incorporating a veracity classifier within a multi‑task rumor classification system, thereby linking truthfulness assessment to fact‑checking and misinformation detection. The study evaluates its approach using macro‑F1 scores (and reports accuracy improvements), providing clear evaluation metrics for the truthfulness assessment component. Consequently, the paper offers a relevant technical contribution to truthfulness assessment in fact‑checking."
285,ACM,Information Authenticity Assessment,10.1145/3678957.3678960,https://doi.org/10.1145/3678957.3678960,RealSeal: Revolutionizing Media Authentication with Real-Time Realism Scoring,"Radharapu, Bhaktipriya and Krishna, Harish",2024,"Content Authenticity, Deepfakes, Generative AI, Watermarking",ICMI '24,Proceedings of the 26th International Conference on Multimodal Interaction,"San Jose, Costa Rica",0.0,,"The growing threat of deepfakes and manipulated media necessitates a radical rethinking of media authentication. Existing methods for watermarking synthetic data fall short, as they can be easily removed or altered, and current deepfake detection algorithms do not achieve perfect accuracy. Provenance techniques, which rely on metadata to verify content origin, fail to address the fundamental problem of staged or fake media. This paper introduces a groundbreaking paradigm shift in media authentication by advocating for the watermarking of real content at its source, as opposed to watermarking synthetic data. Our innovative approach employs multisensory inputs and machine learning to assess the realism of content in real-time and across different contexts. We propose embedding a robust realism score within the image metadata, fundamentally transforming how images are trusted and circulated. By combining established principles of human reasoning about reality, rooted in firmware and hardware security, with the sophisticated reasoning capabilities of contemporary machine learning systems, we develop a holistic approach that analyzes information from multiple perspectives. This ambitious, blue sky approach represents a significant leap forward in the field, pushing the boundaries of media authenticity and trust. By embracing cutting-edge advancements in technology and interdisciplinary research, we aim to establish a new standard for verifying the authenticity of digital media.",Yes,"The paper titled ""RealSeal: Revolutionizing Media Authentication with Real-Time Realism Scoring"" should be included in the systematic review because it meets all the inclusion criteria. Firstly, the paper is written in English, which satisfies the language requirement. Secondly, it is a peer‑reviewed conference proceeding, indicating that it is a legitimate publication type. The paper directly investigates an automated approach for assessing the realism and authenticity of digital media, which is a form of truthfulness assessment in the context of misinformation detection such as deepfakes. Moreover, the study contributes a conceptual framework by proposing the embedding of a robustness realism score into image metadata as a means to evaluate and verify the truthfulness of visual content. Overall, the paper provides a relevant contribution to the field of truthfulness assessment in fact‑checking.",prompt-CoT,"Yes

The paper titled ""RealSeal: Revolutionizing Media Authentication with Real-Time Realism Scoring"" should be included in the systematic review because it meets all the inclusion criteria. Firstly, the paper is written in English, which satisfies the language requirement. Secondly, it is a peer‑reviewed conference proceeding, indicating that it is a legitimate publication type. The paper directly investigates an automated approach for assessing the realism and authenticity of digital media, which is a form of truthfulness assessment in the context of misinformation detection such as deepfakes. Moreover, the study contributes a conceptual framework by proposing the embedding of a robustness realism score into image metadata as a means to evaluate and verify the truthfulness of visual content. Overall, the paper provides a relevant contribution to the field of truthfulness assessment in fact‑checking."
5527,Scopus,/Claim Truthfulness Verification,10.3390/make2030009,https://www.scopus.com/inward/record.uri?eid=2-s2.0-85142815850&doi=10.3390%2fmake2030009&partnerID=40&md5=d3cee3b8c63a8f35dfc6e8aa0173cbbe,Claim Consistency Checking Using Soft Logic,Bindris N.; Cristianini N.; Lawry J.,2020,fact checking; information extraction; probabilistic soft logic,,Machine Learning and Knowledge Extraction,,0.0,Article,"Increasing concerns about the prevalence of false information and fake news has led to calls for automated fact-checking systems that are capable of verifying the truthfulness of statements, especially on the internet. Most previous automated fact-checking systems have focused on the use of grammar rules only for determining the properties of the language used in statements. Here, we demonstrate a novel approach to the fact-checking of natural language text, which uses a combination of all the following techniques: knowledge extraction to establish a knowledge base, logical inference for fact-checking of claims not explicitly mentioned in the text through the verification of the consistency of a set of beliefs with established trusted knowledge, and a re-querying approach that enables continuous learning. The approach that is presented here addresses the limitations of existing automated fact-checking systems via this novel procedure. This procedure is as follows: the approach investigates the consistency of presented facts or claims while using probabilistic soft logic and a Knowledge Base, which is continuously updated through continuous learning strategies. We demonstrate this approach by focusing on the task of checking facts about family-tree relationships against a corpus of web resources concerned with the UK Royal Family. © 2020 by the authors.",Yes,"The paper “Claim Consistency Checking Using Soft Logic” meets all inclusion criteria. It is written in English and appears in the peer‑reviewed venue *Machine Learning and Knowledge Extraction*. The work explicitly focuses on truthfulness assessment by proposing an automated fact‑checking approach that uses knowledge extraction, probabilistic soft logic, and logical inference to verify the consistency of claims with a trusted knowledge base. The study presents a conceptual framework for evaluating claim veracity in the fact‑checking context, demonstrating the method on a family‑tree relationship task, thereby providing a relevant contribution to truthfulness assessment in fact‑checking.",prompt-CoT,"Yes

The paper “Claim Consistency Checking Using Soft Logic” meets all inclusion criteria. It is written in English and appears in the peer‑reviewed venue *Machine Learning and Knowledge Extraction*. The work explicitly focuses on truthfulness assessment by proposing an automated fact‑checking approach that uses knowledge extraction, probabilistic soft logic, and logical inference to verify the consistency of claims with a trusted knowledge base. The study presents a conceptual framework for evaluating claim veracity in the fact‑checking context, demonstrating the method on a family‑tree relationship task, thereby providing a relevant contribution to truthfulness assessment in fact‑checking."
2371,Scopus,/Fake News Authenticity Detection,10.3233/JIFS-223980,https://www.scopus.com/inward/record.uri?eid=2-s2.0-85176728041&doi=10.3233%2fJIFS-223980&partnerID=40&md5=63272377e7741a89ff9564ff13ba4a86,Fake news detection using a deep learning transformer based encoder-decoder architecture,Narayanan M.B.; Ramesh A.K.; Gayathri K.S.; Shahina A.,2023,Fake news detection; FakeNews transformer; NELA-GT 2020; transformer encoder,,Journal of Intelligent and Fuzzy Systems,,1.0,Article,"Fake news production, accessibility, and consumption have all increased with the rise of internet-connected gadgets and social media platforms. A good fake news detection system is essential because the news readers receive can affect their opinions. Several works on fake news detection have been done using machine learning and deep learning approaches. Recently, the deep learning approach has been preferred over machine learning because of its ability to comprehend the intricacies of textual data. The introduction of transformer architecture changed the NLP paradigm and distinguished itself from recurrent models by enabling the processing of sentences as a whole rather than word by word. The attention mechanisms introduced in Transformers allowed them to understand the relationship between far-apart tokens in a sentence. Numerous deep learning works on fake news detection have been published by focusing on different features to determine the authenticity of a news source. We performed an extensive analysis of the comprehensive NELA-GT 2020 dataset, which revealed that the title and content of a news source contain discernible information critical for determining its integrity. To this objective, we introduce 'FakeNews Transformer' - a specialized Transformer-based architecture that considers the news story's title and content to assess its veracity. Our proposed work achieved an accuracy of 74.0% on a subset of the NELA-GT 2020 dataset. To our knowledge, FakeNews Transformer is the first published work that considers both title and content for evaluating a news article; thus, we compare the performance of our work against two BERT and two LSTM models working independently on title and content. Our work outperformed the BERT and LSTM models working independently on title by 7.6% and 9.6%, while performing better than the BERT and LSTM models working independently on content by 8.9% and 10.5%, respectively.  © 2023 - IOS Press. All rights reserved.",Yes,"The paper titled ""Fake news detection using a deep learning transformer based encoder-decoder architecture"" should be included in the systematic review because it meets all the inclusion criteria. First, the manuscript is written in English. Second, it appears in the peer‑reviewed Journal of Intelligent and Fuzzy Systems, satisfying the publication type requirement. Third, the work directly investigates an automated deep‑learning technique for assessing the veracity of news articles, which is a core component of fact‑checking and misinformation detection. Finally, the study reports an evaluation metric (accuracy of 74.0 %) and compares its performance against baseline BERT and LSTM models, thereby providing quantitative assessment of truthfulness. Consequently, the paper makes a relevant contribution to truthfulness assessment in fact‑checking.",prompt-CoT,"Yes

The paper titled ""Fake news detection using a deep learning transformer based encoder-decoder architecture"" should be included in the systematic review because it meets all the inclusion criteria. First, the manuscript is written in English. Second, it appears in the peer‑reviewed Journal of Intelligent and Fuzzy Systems, satisfying the publication type requirement. Third, the work directly investigates an automated deep‑learning technique for assessing the veracity of news articles, which is a core component of fact‑checking and misinformation detection. Finally, the study reports an evaluation metric (accuracy of 74.0 %) and compares its performance against baseline BERT and LSTM models, thereby providing quantitative assessment of truthfulness. Consequently, the paper makes a relevant contribution to truthfulness assessment in fact‑checking."
2410,Scopus,/Fake News Trustworthiness Detection,10.1109/TSC.2023.3311629,https://www.scopus.com/inward/record.uri?eid=2-s2.0-85173036821&doi=10.1109%2fTSC.2023.3311629&partnerID=40&md5=6d42c0b2d90d9c5d8e032575ae45e7c7,Implementation of a Multi-Approach Fake News Detector and of a Trust Management Model for News Sources,Marche C.; Cabiddu I.; Castangia C.G.; Serreli L.; Nitti M.,2023,Fake news detection; machine learning; prebunking; trustworthiness management,,IEEE Transactions on Services Computing,,2.0,Article,"Technological development combined with the evolution of the Internet has made it possible to reach an increasing number of people over the years and given them the opportunity to access information published on the network. The growth in the number of fake news generated daily, combined with the simplicity with which it is possible to share them, has created such a large phenomenon that it has become immediately uncontrollable. Furthermore, the quality with which malicious content is made is increasingly high so even professional experts, such as journalists, have difficulty recognizing which news is fake and which is real. This paper aims to implement an architecture that provides a service to final users that assures the reliability of news providers and the quality of news based on innovative tools. The proposed models take advantage of several Machine Learning approaches for fake news detection tasks and take into account well-known attacks on trust. Finally, the implemented architecture is tested with a well-known dataset and shows how the proposed models can effectively identify fake news and isolate malicious sources. © 2008-2012 IEEE.",Yes,"The paper titled ""Implementation of a Multi-Approach Fake News Detector and of a Trust Management Model for News Sources"" should be included in the systematic review because it meets all the inclusion criteria. Firstly, the paper is written in English, which satisfies the language requirement. Secondly, it is a peer‑reviewed journal article published in IEEE Transactions on Services Computing, indicating that it is a legitimate publication type. The paper directly investigates automated machine‑learning techniques for assessing the veracity of news claims and the trustworthiness of news sources, which is explicitly situated in the context of misinformation detection and fact‑checking. Furthermore, the study proposes a trust management model that serves as a conceptual framework for evaluating source credibility and reports experimental results on a well‑known dataset, implying the use of evaluation metrics to demonstrate the effectiveness of the proposed truthfulness assessment methods. Overall, the paper provides a relevant technical contribution to truthfulness assessment in fact‑checking.",prompt-CoT,"Yes
The paper titled ""Implementation of a Multi-Approach Fake News Detector and of a Trust Management Model for News Sources"" should be included in the systematic review because it meets all the inclusion criteria. Firstly, the paper is written in English, which satisfies the language requirement. Secondly, it is a peer‑reviewed journal article published in IEEE Transactions on Services Computing, indicating that it is a legitimate publication type. The paper directly investigates automated machine‑learning techniques for assessing the veracity of news claims and the trustworthiness of news sources, which is explicitly situated in the context of misinformation detection and fact‑checking. Furthermore, the study proposes a trust management model that serves as a conceptual framework for evaluating source credibility and reports experimental results on a well‑known dataset, implying the use of evaluation metrics to demonstrate the effectiveness of the proposed truthfulness assessment methods. Overall, the paper provides a relevant technical contribution to truthfulness assessment in fact‑checking."
4595,Scopus,/Disinformation Veracity Detection,10.1109/ACCESS.2021.3132502,https://www.scopus.com/inward/record.uri?eid=2-s2.0-85120910457&doi=10.1109%2fACCESS.2021.3132502&partnerID=40&md5=81630120c565427af398421a5f6b4dde,Context-Aware Misinformation Detection: A Benchmark of Deep Learning Architectures Using Word Embeddings,Ilie V.-I.; Truica C.-O.; Apostol E.-S.; Paschke A.,2021,benchmarking; deep learning; Misinformation detection; multi-class text classification; text preprocessing; word embeddings,,IEEE Access,,45.0,Article,"New mass media paradigms for information distribution have emerged with the digital age. With new digital-enabled mass media, the communication process is centered around the user, while multimedia content is the new identity of news. Thus, the media landscape has shifted from mass media to personalized social media. While this progress brings advantages, it also carries the risk of being detrimental to society through the emergence of misinformation (false or inaccurate information) and disinformation (intentionally spreading misinformation) in the form of fake news. Fake news is a tool used to manipulate public opinion on particular topics, distort public perceptions, and generate social unrest while lacking the rigor of traditional journalism. Driven by this current and real-world problem, in this paper, we train multiple Deep Learning architectures for multi-class classification and compare their performance in detecting the veracity of the news articles. To achieve accurate models in detecting misinformation, we employ a large dataset containing 100 000 news articles labeled with ten classes (one with real news and the rest with different types of fake news). We use two preprocessing techniques, i.e., one simple and another very aggressive, to clean the dataset. We also employ three word embeddings that preserve the word context, i.e., Word2Vec, FastText, and GloVe, pre-trained and trained on our dataset to vectorize the preprocessed dataset. For the misinformation task, we train a Logistic Regression as a baseline and compare its results with the performance of ten Deep Learning architectures. We obtain the best results using a Recurrent Convolutional Neural Network based architecture. The experimental results show that the models are highly dependable on text preprocessing and the word embedding employed.  © 2021 IEEE.",Yes,"The paper titled “Context-Aware Misinformation Detection: A Benchmark of Deep Learning Architectures Using Word Embeddings” should be included in the systematic review because it meets all the inclusion criteria. It is written in English and appears in IEEE Access, a peer‑reviewed journal. The study directly investigates automated techniques for assessing the veracity of news articles—distinguishing real news from multiple types of fake news—in the context of misinformation detection, which aligns with fact‑checking. The authors evaluate a range of deep‑learning models and a logistic‑regression baseline, reporting comparative performance results (e.g., accuracy and related classification metrics) on a large, labeled dataset, thereby providing the required evaluation metrics for truthfulness assessment. Consequently, the paper offers a relevant technical contribution to truthfulness assessment in fact‑checking.",prompt-CoT,"Yes
The paper titled “Context-Aware Misinformation Detection: A Benchmark of Deep Learning Architectures Using Word Embeddings” should be included in the systematic review because it meets all the inclusion criteria. It is written in English and appears in IEEE Access, a peer‑reviewed journal. The study directly investigates automated techniques for assessing the veracity of news articles—distinguishing real news from multiple types of fake news—in the context of misinformation detection, which aligns with fact‑checking. The authors evaluate a range of deep‑learning models and a logistic‑regression baseline, reporting comparative performance results (e.g., accuracy and related classification metrics) on a large, labeled dataset, thereby providing the required evaluation metrics for truthfulness assessment. Consequently, the paper offers a relevant technical contribution to truthfulness assessment in fact‑checking."
5685,Scopus,/Fake News Trustworthiness Evaluation,10.1109/TrustCom50675.2020.00246,https://www.scopus.com/inward/record.uri?eid=2-s2.0-85101215580&doi=10.1109%2fTrustCom50675.2020.00246&partnerID=40&md5=07ef0b5e1c97e981713994d39989a286,Trust and believe - Should we? evaluating the trustworthiness of twitter users,Khan T.; Michalas A.,2020,Active Learning; Credibility; Fake News; Influence Score; Sentiment Analysis; Trust; Twitter,,"Proceedings - 2020 IEEE 19th International Conference on Trust, Security and Privacy in Computing and Communications, TrustCom 2020",,10.0,Conference paper,"Social networking and micro-blogging services, such as Twitter, play an important role in sharing digital information. Despite the popularity and usefulness of social media, they are regularly abused by corrupt users. One of these nefarious activities is so-called fake news - a virus that has been spreading rapidly thanks to the hospitable environment provided by social media platforms. The extensive spread of fake news is now becoming a major problem with far-reaching negative repercussions on both individuals and society. Hence, the identification of fake news on social media is a problem of utmost importance that has attracted the interest not only of the research community but most of the big players on both sides - such as Facebook, on the industry side, and political parties on the societal one. In this work, we create a model through which we hope to be able to offer a solution that will instill trust in social network communities. Our model analyses the behaviour of 50, 000 politicians on Twitter and assigns an influence score for each evaluated user based on several collected and analysed features and attributes. Next, we classify political Twitter users as either trustworthy or untrustworthy using random forest and support vector machine classifiers. An active learning model has been used to classify any unlabeled ambiguous records from our dataset. Finally, to measure the performance of the proposed model, we used accuracy as the main evaluation metric. © 2020 IEEE.",Yes,"The paper titled ""Trust and believe - Should we? evaluating the trustworthiness of twitter users"" should be included in the systematic review because it meets all the inclusion criteria. Firstly, the paper is written in English, which satisfies the language requirement. Secondly, it is a peer‑reviewed conference proceeding published in the IEEE TrustCom 2020 proceedings, indicating that it is a legitimate publication type. The paper directly investigates an automated approach for assessing the trustworthiness of Twitter users—a form of credibility assessment—within the broader context of combating fake news and misinformation on social media. Moreover, the study evaluates its proposed model using the accuracy metric, thereby providing quantitative evaluation of the truthfulness assessment method. Overall, the paper offers a relevant technical contribution to the evaluation of truthfulness in fact‑checking and misinformation detection.",prompt-CoT,"Yes
The paper titled ""Trust and believe - Should we? evaluating the trustworthiness of twitter users"" should be included in the systematic review because it meets all the inclusion criteria. Firstly, the paper is written in English, which satisfies the language requirement. Secondly, it is a peer‑reviewed conference proceeding published in the IEEE TrustCom 2020 proceedings, indicating that it is a legitimate publication type. The paper directly investigates an automated approach for assessing the trustworthiness of Twitter users—a form of credibility assessment—within the broader context of combating fake news and misinformation on social media. Moreover, the study evaluates its proposed model using the accuracy metric, thereby providing quantitative evaluation of the truthfulness assessment method. Overall, the paper offers a relevant technical contribution to the evaluation of truthfulness in fact‑checking and misinformation detection."
8937,Scopus,/Information Veracity Assessment,10.1109/BigDataCongress.2015.36,https://www.scopus.com/inward/record.uri?eid=2-s2.0-84959501022&doi=10.1109%2fBigDataCongress.2015.36&partnerID=40&md5=ad4fab84e08178548d330e59f221b30a,Towards Automatic Veracity Assessment of Open Source Information,Lozano M.G.; Franke U.; Rosell M.; Vlassov V.,2015,big data; data veracity; NATO STANAG 2511; OSINF; reliability and credibility; trust; veracity assessment,,"Proceedings - 2015 IEEE International Congress on Big Data, BigData Congress 2015",,7.0,Conference paper,"Intelligence analysis is dependent on veracity assessment of Open Source Information (OSINF) which includes assessment of the reliability of sources and credibility of information. Traditionally, OSINF veracity assessment is done by intelligence analysts manually, but the large volumes, high velocity, and variety make it infeasible to continue doing so, and calls for automation. Based on meetings, interviews and questionnaires with military personnel, analysis of related work and state of the art, we identify the challenges and propose an approach and a corresponding framework for automated veracity assessment of OSINF. The framework provides a basis for new tools which will give the intelligence analysts the ability to automatically or semi-Automatically assess veracity of larger amounts of data in a shorter amount of time. Instead of spending their time working with irrelevant, ambiguous, contradicting, biased, or plain wrong data, they can spend more time on analysis. © 2015 IEEE.",Yes,"The paper titled “Towards Automatic Veracity Assessment of Open Source Information” should be included in the systematic review because it meets all the inclusion criteria. It is written in English and appears as a peer‑reviewed conference proceeding (IEEE International Congress on Big Data). The work directly investigates an automated approach for assessing the veracity of open‑source information, which is a form of truthfulness assessment relevant to fact‑checking and misinformation detection. Moreover, the authors propose a conceptual framework for automated veracity assessment, thereby providing a theoretical contribution to evaluating truthfulness in this domain.",prompt-CoT,"Yes

The paper titled “Towards Automatic Veracity Assessment of Open Source Information” should be included in the systematic review because it meets all the inclusion criteria. It is written in English and appears as a peer‑reviewed conference proceeding (IEEE International Congress on Big Data). The work directly investigates an automated approach for assessing the veracity of open‑source information, which is a form of truthfulness assessment relevant to fact‑checking and misinformation detection. Moreover, the authors propose a conceptual framework for automated veracity assessment, thereby providing a theoretical contribution to evaluating truthfulness in this domain."
5565,Scopus,/Evidence Authenticity Assessment,10.1016/j.heliyon.2020.e05808,https://www.scopus.com/inward/record.uri?eid=2-s2.0-85098189105&doi=10.1016%2fj.heliyon.2020.e05808&partnerID=40&md5=3df6100da3b5425b6dabaf2858112c0a,News authentication and tampered images: evaluating the photo-truth impact through image verification algorithms,Katsaounidou A.N.; Gardikiotis A.; Tsipas N.; Dimoulas C.A.,2020,Content authentication; Digital forensics; Image tampering; Misinformation; Verification assistance algorithms,,Heliyon,,11.0,Article,"Photos have been used as evident material in news reporting almost since the beginning of Journalism. In this context, manipulated or tampered pictures are very common as part of informing articles, in today's misinformation crisis. The current paper investigates the ability of people to distinguish real from fake images. The presented data derive from two studies. Firstly, an online cross-sectional survey (N = 120) was conducted to analyze ordinary human skills in recognizing forgery attacks. The target was to evaluate individuals' perception in identifying manipulated visual content, therefore, to investigate the feasibility of “crowdsourced validation”. This last term refers to the process of gathering fact-checking feedback from multiple users, thus collaborating towards assembling pieces of evidence on an event. Secondly, given that contemporary veracity solutions are coupled with both journalistic principles and technology developments, an experiment in two phases was employed: a) A repeated measures experiment was conducted to quantify the associated abilities of Media and Image Experts (N = 5 + 5) in detecting tampering artifacts. In this latter case, image verification algorithms were put into the core of the analysis procedure to examine their impact on the authenticity assessment task. b) Apart from conducting interview sessions with the selected experts and their proper guidance in using the tools, a second experiment was also deployed on a larger scale through an online survey (N = 301), aiming at validating some of the initial findings. The primary intent of the deployed analysis and their combined interpretation was to evaluate image forensic services, offered as real-world tools, regarding their comprehension and utilization by ordinary people, involved in the everyday battle against misinformation. The outcomes confirmed the suspicion that only a few subjects had prior knowledge of the implicated algorithmic solutions. Although these assistive tools often lead to controversial or even contradictory conclusions, their experimental treatment with the systematic training in their proper use boosted the participants' performance. Overall, the research findings indicate that the scores of successful detections, relying exclusively on human observations, cannot be disregarded. Hence, the ultimate challenge for the “verification industry” should be to balance between forensic automations and the human experience, aiming at defending the audience from inaccurate information propagation. © 2020; Content authentication; digital forensics; image tampering; misinformation, verification assistance algorithms © 2020",Yes,"The paper titled ""News authentication and tampered images: evaluating the photo‑truth impact through image verification algorithms"" should be included in the systematic review because it meets all the inclusion criteria. Firstly, the paper is written in English, which satisfies the language requirement. Secondly, it is a peer‑reviewed journal article published in Heliyon, indicating that it is a legitimate publication type. The paper directly investigates both automated image verification algorithms and human‑driven expert assessments for determining the authenticity of news images, thereby addressing truthfulness (veracity) assessment in the context of misinformation and fact‑checking. Furthermore, the study reports performance scores and detection success rates for the algorithms and human participants, providing quantitative evaluation of truthfulness assessment methods. Overall, the paper provides a relevant contribution to the field of truthfulness assessment in fact‑checking.",prompt-CoT,"Yes

The paper titled ""News authentication and tampered images: evaluating the photo‑truth impact through image verification algorithms"" should be included in the systematic review because it meets all the inclusion criteria. Firstly, the paper is written in English, which satisfies the language requirement. Secondly, it is a peer‑reviewed journal article published in Heliyon, indicating that it is a legitimate publication type. The paper directly investigates both automated image verification algorithms and human‑driven expert assessments for determining the authenticity of news images, thereby addressing truthfulness (veracity) assessment in the context of misinformation and fact‑checking. Furthermore, the study reports performance scores and detection success rates for the algorithms and human participants, providing quantitative evaluation of truthfulness assessment methods. Overall, the paper provides a relevant contribution to the field of truthfulness assessment in fact‑checking."
3088,Scopus,/Information Veracity Detection,10.1007/978-3-031-43412-9_22,https://www.scopus.com/inward/record.uri?eid=2-s2.0-85174447694&doi=10.1007%2f978-3-031-43412-9_22&partnerID=40&md5=1c94ab899392b529c9ad3b6dcbf5162a,KESHEM: Knowledge Enabled Short Health Misinformation Detection Framework,Liu F.; Li Y.; Zuo M.,2023,Attention mechanism; Explainable artificial intelligence; Knowledge graph; Short health misinformation,,Lecture Notes in Computer Science (including subseries Lecture Notes in Artificial Intelligence and Lecture Notes in Bioinformatics),,0.0,Conference paper,"Health misinformation detection is a challenging but urgent problem in the field of information governance. In recent years, some studies have utilized long-form text detection models for this task, producing some promising early results. However, we found that most health information online is a short text, especially knowledge-based information. Meanwhile, the explainability of detection results is as important as the detection accuracy. There is no appropriate explainable short health misinformation detection model currently. To address these issues, we propose a novel Knowledge Enabled Short HEalth Misinformation detection framework, called KESHEM. This method extracts abundant knowledge from multiple, multi-form, and dynamically updated knowledge graphs (KGs) as supplementary material and effectively represents semantic features of the information contents and the external knowledge by powerful language models. KG-attention is then applied to distinguish the effects of each external knowledge for the information credibility reasoning and enhance the model’s explainability. We build a credible Chinese short text dataset for better evaluation and future research. Extensive experiments demonstrate that KESHEM significantly outperforms competing methods and accurately identifies important knowledge that explains the veracity of short health information. © 2023, The Author(s), under exclusive license to Springer Nature Switzerland AG.",Yes,"The paper titled ""KESHEM: Knowledge Enabled Short Health Misinformation Detection Framework"" should be included in the systematic review because it meets all the inclusion criteria. Firstly, the paper is written in English, satisfying the language requirement. Secondly, it appears in the Lecture Notes in Computer Science series, a peer‑reviewed conference proceeding, confirming its publication type. The work directly investigates an automated method for assessing the veracity of short health claims, positioning the task within fact‑checking and misinformation detection. Moreover, the study proposes a knowledge‑enabled detection framework that incorporates credibility reasoning and explainability, constituting a conceptual framework for evaluating truthfulness, and reports extensive experimental results that demonstrate superior performance over competing methods, implying the use of standard evaluation metrics. Overall, the paper provides a relevant technical contribution to truthfulness assessment in fact‑checking.",prompt-CoT,"Yes

The paper titled ""KESHEM: Knowledge Enabled Short Health Misinformation Detection Framework"" should be included in the systematic review because it meets all the inclusion criteria. Firstly, the paper is written in English, satisfying the language requirement. Secondly, it appears in the Lecture Notes in Computer Science series, a peer‑reviewed conference proceeding, confirming its publication type. The work directly investigates an automated method for assessing the veracity of short health claims, positioning the task within fact‑checking and misinformation detection. Moreover, the study proposes a knowledge‑enabled detection framework that incorporates credibility reasoning and explainability, constituting a conceptual framework for evaluating truthfulness, and reports extensive experimental results that demonstrate superior performance over competing methods, implying the use of standard evaluation metrics. Overall, the paper provides a relevant technical contribution to truthfulness assessment in fact‑checking."
846,Scopus,/Fake News Authenticity Detection,10.1007/s41870-024-01943-6,https://www.scopus.com/inward/record.uri?eid=2-s2.0-85197676253&doi=10.1007%2fs41870-024-01943-6&partnerID=40&md5=d4790e3c4053ed7601f1be9d86891e5d,CSSLnO: Cat Swarm Sea Lion Optimization-based deep learning for fake news detection from social media,Sirra K.K.; Mogalla S.; Madhuri K.B.,2024,Cat Swarm Optimization algorithm; Deep Quantum Neural Network; Fake news detection; Nature inspired algorithms; Sea Lion Optimization algorithm; Sentiwordnet features,,International Journal of Information Technology (Singapore),,0.0,Article,"Social media has effectively shortened the time for the distribution of information, which sometimes carry news when compared to traditional methods. The convenience and affordable instant access to data with revolution in mobile technology have directed the production of false news. Fake news has the potential to mobilize public opinion, causing social unrest. Therefore, it is essential to check the authenticity and credibility of news articles being shared on social media. Moreover, versions of fake news are very similar to the actual ones, so it is problematic for humans to recognize them. Therefore, Fake news identification from social media become an Artificial Intelligence (AI) problem. A Cat Swarm Sea Lion Optimization (CSSLnO)-based Deep Quantum Neural Network (DQNN) is developed in this research for detecting fake news. The input is effectively acquired from different websites, such as Twitter and Facebook. Various unique features are extracted from FakeNewsNet and BuzzFeed-Webis Fake News Corpus for the effective fake news detection process. DQNN is applied for identifying fake news using the extracted features. The authors developed an optimization algorithm named CSSLnO and employed it to further train the DQNN model to increase the detection performance. The developed model outperformed the other existing fake news detection techniques with improved accuracy, sensitivity, specificity, and F-measure of 90.65, 91.90, 89.09, and 91.46%. © Bharati Vidyapeeth's Institute of Computer Applications and Management 2024.",Yes,"The paper titled “CSSLnO: Cat Swarm Sea Lion Optimization-based deep learning for fake news detection from social media” should be included in the systematic review because it meets all the inclusion criteria. It is written in English and appears in the peer‑reviewed International Journal of Information Technology (Singapore). The study directly investigates an automated technique—a Cat Swarm Sea Lion Optimization‑enhanced Deep Quantum Neural Network—for assessing the truthfulness of news articles in the context of misinformation detection. The authors evaluate the approach using standard performance metrics such as accuracy, sensitivity, specificity, and F‑measure, thereby providing quantitative evidence for truthfulness assessment. Consequently, the paper offers a relevant technical contribution to the evaluation of claim veracity in fact‑checking.",prompt-CoT,"Yes

The paper titled “CSSLnO: Cat Swarm Sea Lion Optimization-based deep learning for fake news detection from social media” should be included in the systematic review because it meets all the inclusion criteria. It is written in English and appears in the peer‑reviewed International Journal of Information Technology (Singapore). The study directly investigates an automated technique—a Cat Swarm Sea Lion Optimization‑enhanced Deep Quantum Neural Network—for assessing the truthfulness of news articles in the context of misinformation detection. The authors evaluate the approach using standard performance metrics such as accuracy, sensitivity, specificity, and F‑measure, thereby providing quantitative evidence for truthfulness assessment. Consequently, the paper offers a relevant technical contribution to the evaluation of claim veracity in fact‑checking."
6067,Scopus,/Rumour Veracity Detection,10.1007/978-981-13-8676-3_48,https://www.scopus.com/inward/record.uri?eid=2-s2.0-85077117388&doi=10.1007%2f978-981-13-8676-3_48&partnerID=40&md5=d235f368ed5aa7705a85b3a9a1c8479a,Prevention of Ethnic Violence and Riots Using Supervised Rumor Detection,Das R.K.; Panda M.; Apoorva A.; Mishra G.K.,2020,Crowdsource platform; Ethnic violence; Knowledge-based community detection; Rumor source identification; Rumor veracity verification,,Advances in Intelligent Systems and Computing,,0.0,Conference paper,"Rumors that spread across the online social network catches a lot of attention amongst the population and causes agitation between minorities which leads to a chaotic situation. In this paper, we propose a process for screening the rumors using Crowdsource Platform and detecting their probable origin. We first verify the veracity of the rumor with the proposed model and then with the help of knowledge-based community detection we minimize the sample space for the probable root of the rumor. Then we start searching for the root in the community detected with the help of backtracking. With this, we would like to resolve problems faced by the minorities in cases of ethnic violence where the fiasco is initiated only due to the message passed in the rumor. Once the action is taken against the root culprit other such people would stay warned and avoid such actions. © 2020, Springer Nature Singapore Pte Ltd.",Yes,"The paper “Prevention of Ethnic Violence and Riots Using Supervised Rumor Detection” meets all inclusion criteria. It is written in English and appears as a peer‑reviewed chapter in the Springer series *Advances in Intelligent Systems and Computing*. The work directly addresses truthfulness assessment by proposing a model that verifies the veracity of rumors and integrates this verification into a process for detecting the source of misinformation, which is clearly situated in the fact‑checking and misinformation‑detection domain. Moreover, the authors present a conceptual framework that combines crowd‑sourced screening, knowledge‑based community detection, and back‑tracking to evaluate and act upon rumor truthfulness, thereby providing a methodological contribution for assessing truthfulness in fact‑checking contexts.",prompt-CoT,"Yes

The paper “Prevention of Ethnic Violence and Riots Using Supervised Rumor Detection” meets all inclusion criteria. It is written in English and appears as a peer‑reviewed chapter in the Springer series *Advances in Intelligent Systems and Computing*. The work directly addresses truthfulness assessment by proposing a model that verifies the veracity of rumors and integrates this verification into a process for detecting the source of misinformation, which is clearly situated in the fact‑checking and misinformation‑detection domain. Moreover, the authors present a conceptual framework that combines crowd‑sourced screening, knowledge‑based community detection, and back‑tracking to evaluate and act upon rumor truthfulness, thereby providing a methodological contribution for assessing truthfulness in fact‑checking contexts."
4777,Scopus,/Fake News Truthfulness Detection,10.1007/s10586-021-03361-w,https://www.scopus.com/inward/record.uri?eid=2-s2.0-85111777648&doi=10.1007%2fs10586-021-03361-w&partnerID=40&md5=b4cedbdf623f3e06b5d0a5df6f7895f3,ProBlock: a novel approach for fake news detection,Sengupta E.; Nagpal R.; Mehrotra D.; Srivastava G.,2021,Blockchain; Fake news; Probabilistic model; ProBit model,,Cluster Computing,,24.0,Article,"The world is diving deeper into the digital age, and the sources of first information are moving towards social media and online news portals. The chances of being misinformed increase multifold as our reliance on sources of information are getting ambiguous. Traditional news sources followed strict codes of practice to verify stories, whereas today, users can upload news items on social media and unverified portals without proving their veracity. The absence of any determinants of such news articles’ truthfulness on the Internet calls for a novel approach to determine the realness quotient of unverified news items by leveraging technology. This study presents a dynamic model with a secure voting system, where news reviewers can provide feedback on news, and a probabilistic mathematical model is used for predicting the truthfulness of the news item based on the feedback received. A blockchain-based model, ProBlock is proposed; so that correctness of information propagated is ensured. © 2021, The Author(s), under exclusive licence to Springer Science+Business Media, LLC, part of Springer Nature.",Yes,"The paper “ProBlock: a novel approach for fake news detection” is written in English and appears in the peer‑reviewed journal *Cluster Computing*, satisfying the language and publication type requirements. It explicitly focuses on assessing the truthfulness of news items by proposing a probabilistic mathematical model combined with a secure voting system and a blockchain‑based framework, thereby directly investigating automated truthfulness assessment in the context of misinformation detection. Although specific evaluation metrics are not listed in the abstract, the study contributes a conceptual framework for predicting and ensuring the veracity of information, meeting the criterion for a theoretical contribution to truthfulness evaluation. Consequently, the paper aligns with all inclusion criteria for the systematic review.",prompt-CoT,"Yes
The paper “ProBlock: a novel approach for fake news detection” is written in English and appears in the peer‑reviewed journal *Cluster Computing*, satisfying the language and publication type requirements. It explicitly focuses on assessing the truthfulness of news items by proposing a probabilistic mathematical model combined with a secure voting system and a blockchain‑based framework, thereby directly investigating automated truthfulness assessment in the context of misinformation detection. Although specific evaluation metrics are not listed in the abstract, the study contributes a conceptual framework for predicting and ensuring the veracity of information, meeting the criterion for a theoretical contribution to truthfulness evaluation. Consequently, the paper aligns with all inclusion criteria for the systematic review."
620,Scopus,/Evidence Authenticity Debunking,10.1016/j.ipm.2023.103594,https://www.scopus.com/inward/record.uri?eid=2-s2.0-85183582598&doi=10.1016%2fj.ipm.2023.103594&partnerID=40&md5=7857e01a279ddb9a89bedebbddb84f01,NSEP: Early fake news detection via news semantic environment perception,Fang X.; Wu H.; Jing J.; Meng Y.; Yu B.; Yu H.; Zhang H.,2024,Attention mechanism; Early fake news detection; Explicit and implicit evidence; Graph convolutional network; Micro and macro semantic environment; News semantic environment perception,,Information Processing and Management,,14.0,Article,"The abundance of heavy data on social media enables users to share opinions freely, leading to the rapid spread of misleading content. However, existing fake news detection methods exaggerate the influence of public opinions, making it challenging to combat misinformation since its early spreading state. To tackle this issue, we propose a novel fake news detection framework through news semantic environment perception (NSEP) to identify fake news content. The NSEP framework consists of three major steps. First, NSEP divides the news semantic environment with time-constrained intervals into macro and micro semantic environments using an in-depth distinguisher module. Second, graph convolutional networks are applied to perceive the semantic inconsistencies between intrinsic news content and extrinsic post tokens in the macro semantic environment. Third, a micro semantic detection module guided by multihead attention and sparse attention is utilized to capture the semantic contradictions between news content and posts in the micro semantic environment, providing explicit evidence for determining the authenticity of fake news candidates. Empirical experiments conducted on real-world Chinese and English datasets show that the NSEP framework on Chinese datasets achieved as high as 86.8% accuracy, performing at most 14.1% higher accuracy than that of other state-of-the-art baseline methods and confirming that detecting news content through both micro and macro semantic environments is an effective methodology for alleviating early propagation of fake news. The findings also comprehensively indicate that both news items and posts are critical for the early debunking of fake news and in theories concerning information science. © 2023",Yes,"The paper titled “NSEP: Early fake news detection via news semantic environment perception” should be included in the systematic review because it meets all the inclusion criteria. Firstly, the paper is written in English, satisfying the language requirement. Secondly, it appears in the peer‑reviewed journal *Information Processing and Management*, confirming it is a legitimate scholarly publication. The study directly investigates an automated method for assessing the authenticity of news content—i.e., truthfulness or veracity—in the context of misinformation detection, using graph convolutional networks and attention mechanisms to detect fake news early. Moreover, the work reports evaluation metrics such as accuracy (up to 86.8%) and compares performance against state‑of‑the‑art baselines, thereby providing quantitative assessment of truthfulness detection. Consequently, the paper makes a relevant technical contribution to truthfulness assessment in fact‑checking.",prompt-CoT,"Yes
The paper titled “NSEP: Early fake news detection via news semantic environment perception” should be included in the systematic review because it meets all the inclusion criteria. Firstly, the paper is written in English, satisfying the language requirement. Secondly, it appears in the peer‑reviewed journal *Information Processing and Management*, confirming it is a legitimate scholarly publication. The study directly investigates an automated method for assessing the authenticity of news content—i.e., truthfulness or veracity—in the context of misinformation detection, using graph convolutional networks and attention mechanisms to detect fake news early. Moreover, the work reports evaluation metrics such as accuracy (up to 86.8%) and compares performance against state‑of‑the‑art baselines, thereby providing quantitative assessment of truthfulness detection. Consequently, the paper makes a relevant technical contribution to truthfulness assessment in fact‑checking."
1150,Scopus,/Information Authenticity Detection,10.1109/QICAR61538.2024.10496661,https://www.scopus.com/inward/record.uri?eid=2-s2.0-85191467826&doi=10.1109%2fQICAR61538.2024.10496661&partnerID=40&md5=2ee1e9ffc48e1f197c12509afbde78bf,Copy-Move forgery detection and classification using SRVM,Booshehrian S.; Amiri E.,2024,copy-move forgery detection; Digital image; RVM; SIFT,,"2024 10th International Conference on Artificial Intelligence and Robotics, QICAR 2024",,0.0,Conference paper,"Digital images and videos are of great importance. However, the relative ease of manipulation of images and videos makes their authenticity unreliable. Among the types of image forgery, copy-move forgery is the most common model. In this type of image forgery, a part of an image is copied and pasted in another part of the same image. Now, various block and key methods have been introduced to copy-move forgery detection. The proposed method is a fake image classification method with the help of a combined SIFT and RVM model, named SRVM. In the proposed method, features of the object are analyzed. Then based on the training data, the kernel function is obtained and finally the classification process will be performed. The IMD and MICC datasets were examined for the accuracy of copy-move forgery detection. The results show 81% accuracy for IMD and 94% for MICC. ©2024 IEEE.",Yes,"The paper titled ""Copy-Move forgery detection and classification using SRVM"" should be included in the systematic review because it meets all the inclusion criteria. Firstly, the paper is written in English, which satisfies the language requirement. Secondly, it is a peer‑reviewed conference proceeding, indicating that it is a legitimate publication type. The paper directly investigates an automated technique for assessing the authenticity of digital images—a form of truthfulness assessment—within the broader context of misinformation detection. Furthermore, the study reports evaluation metrics such as accuracy on benchmark datasets, thereby providing quantitative measures for the effectiveness of the proposed forgery detection method. Overall, the paper provides a relevant contribution to the field of truthfulness assessment in fact‑checking.",prompt-CoT,"Yes

The paper titled ""Copy-Move forgery detection and classification using SRVM"" should be included in the systematic review because it meets all the inclusion criteria. Firstly, the paper is written in English, which satisfies the language requirement. Secondly, it is a peer‑reviewed conference proceeding, indicating that it is a legitimate publication type. The paper directly investigates an automated technique for assessing the authenticity of digital images—a form of truthfulness assessment—within the broader context of misinformation detection. Furthermore, the study reports evaluation metrics such as accuracy on benchmark datasets, thereby providing quantitative measures for the effectiveness of the proposed forgery detection method. Overall, the paper provides a relevant contribution to the field of truthfulness assessment in fact‑checking."
