id,doi,title,author,year,keywords,venue,abstract,model_answer,model_explanation,version
5664,10.1007/978-3-030-60073-0_2,Identifying Linguistic Cues of Fake News Associated with Cognitive and Affective Processing: Evidence from NeuroIS,Lutz B.; Adam M.T.P.; Feuerriegel S.; Pröllochs N.; Neumann D.,2020,ECG; Eye tracking; Fake news; Information processing; Linguistic cues,Lecture Notes in Information Systems and Organisation,"False information such as “fake news” is widely believed to influence the opinions of individuals. So far, information systems (IS) literature is lacking a theoretical understanding of how users react and respond to fake news. In this study, we analyze drivers of cognitive and affective processing in terms of linguistic cues. For this purpose, we performed a NeuroIS experiment that involved N = 42 subjects with both eye tracking and heart rate measurements. We find that users spend more cognitive effort (more eye fixations) in assessing the veracity of fake news when it is characterized by better readability and less affective words. In addition, we find that fake news is more likely to trigger affective responses (lower heart rate variability) when it is characterized by a higher degree of analytic writing. Our findings contribute to IS theory by disentangling linguistic cues that help to explain how fake news is processed. The insights can aid researchers and practitioners in designing IS to better counter fake news. © 2020, The Editor(s) (if applicable) and The Author(s), under exclusive license to Springer Nature Switzerland AG.",Yes,"The paper titled ""Identifying Linguistic Cues of Fake News Associated with Cognitive and Affective Processing: Evidence from NeuroIS"" should be included in the systematic review because it meets all the inclusion criteria. Firstly, the paper is written in English, which satisfies the language requirement. Secondly, it is a peer-reviewed book chapter, as indicated by its publication in ""Lecture Notes in Information Systems and Organisation"", indicating that it is a legitimate publication type. The paper directly investigates linguistic cues associated with cognitive and affective processing of fake news in the context of fact-checking. Furthermore, the study includes metrics such as eye tracking and heart rate measurements to assess how users process fake news, which contributes to the understanding of how to evaluate truthfulness in this domain. Although it does not explicitly mention traditional evaluation metrics like accuracy or precision, its focus on cognitive and affective processing provides a conceptual framework for understanding how individuals assess the veracity of information, thereby aiding in the development of methods for truthfulness assessment in fact-checking. Overall, the paper provides a relevant contribution to the field of truthfulness assessment in fact-checking.",prompt-CoT
838,10.1109/TCSS.2023.3322303,The Largest Social Media Ground-Truth Dataset for Real/Fake Content: TruthSeeker,Dadkhah S.; Zhang X.; Weismann A.G.; Firouzi A.; Ghorbani A.A.,2024,Automatic detection; bidirectional encoder representations from transformers (BERT) based model training; crowd-sourced data; fake and real ground truth; fake news detection; large feature dataset; twitter dataset; X dataset,IEEE Transactions on Computational Social Systems,"Automatic detection of fake content in social media such as Twitter is an enduring challenge. Technically, determining fake news on social media platforms is a straightforward binary classification problem. However, manually fact-checking even a small fraction of daily tweets would be nearly impossible due to the sheer volume. To address this challenge, we crawled and crowd-sourced one of the most extensive ground-truth tweet datasets. Utilizing Politifact and expert labeling as a base, it contains more than 180 000 labels from 2009 to 2022, creating five- and three-label classification using Amazon Mechanical Turk. We utilized multiple levels of validation to ensure an accurate ground-truth benchmark dataset. Then, we created and implemented numerous machine learning and deep learning algorithms, including different variations of bidirectional encoder representations from transformers (BERT)-based models and classical machine learning algorithms on the data to test the accuracy of real/fake tweet detection with both categories. Then, determining which versions gave us the highest result metrics. Further analysis is performed on the dataset by explicitly utilizing the DBSCAN text clustering algorithm combined with the YAKE keyword creation algorithm to determine topics' clustering and relationships. Finally, we analyzed each user in the dataset, determining their bot score, credibility score, and influence score for a better understanding of what type of Twitter user posts, their influence with each of their tweets, and if there were any underlying patterns to be drawn from each score concerning the truthfulness of the tweet. The experiment's results illustrated profound improvement for models dealing with short-length text in solving a real-life classification problem, such as automatically detecting fake content in social media.  © 2014 IEEE.",Yes,"The paper titled ""The Largest Social Media Ground-Truth Dataset for Real/Fake Content: TruthSeeker"" should be included in the systematic review because it meets all the inclusion criteria. Firstly, the paper is written in English, which satisfies the language requirement. Secondly, it is a peer-reviewed journal article, as indicated by its publication in IEEE Transactions on Computational Social Systems, indicating that it is a legitimate publication type. The paper directly investigates automated detection of fake content in social media, specifically through the creation and utilization of a large ground-truth dataset for training and testing machine learning and deep learning models, including BERT-based models, in the context of fact-checking. Furthermore, the study includes evaluation metrics such as accuracy for real/fake tweet detection, which contributes to the understanding of how to evaluate truthfulness in this domain. Overall, the paper provides a relevant contribution to the field of truthfulness assessment in fact-checking.",prompt-CoT
3630,10.1109/IWQoS54832.2022.9812879,A Privacy-aware Distributed Knowledge Graph Approach to QoIS-driven COVID-19 Misinformation Detection,Shang L.; Kou Z.; Zhang Y.; Chen J.; Wang D.,2022,COVID-19; Misinformation; Quality of Information Service (QoIS); Social Media,"2022 IEEE/ACM 30th International Symposium on Quality of Service, IWQoS 2022","In this paper, we focus on the quality of information service (QoIS) of COVID-19-related information on social media. Our goal is to provide reliable COVID-19 information service by accurately detecting the misleading COVID-19 posts on social media by exploring the community-contributed COVID-19 fact data (CCFD) from different social media platforms. In particular, CCFD refers to the fact-checking reports that are submitted to each social media platform by its users and fact-checking professionals. Our work is motivated by the observation that CCFD often contains useful COVID-19 knowledge facts (e.g., ""COVID-19 is not a flu"") that can effectively facilitate the identification of misleading COVID-19 social media posts. However, CCFD is often private to the individual social media platform that owns it due to the data privacy concerns such as data copyright of CCFD and user profile information of CCFD contributors. In this paper, we leverage the CCFD from different social media platforms to accurately detect COVID19 misinformation while effectively protecting the privacy of CCFD. Two critical challenges exist in solving our problem: 1) how to generate privacy-aware COVID-19 knowledge facts from the platform-specific CCFD? 2) How to effectively integrate the privacy-aware COVID-19 knowledge facts from different social media platforms to correctly assess the truthfulness of a COVID19 post? To address these challenges, we develop CoviDKG, a COVID-19 distributed knowledge graph framework that constructs a set of CCFD-based knowledge graphs on individual social media platform and exchanges the privacy-aware COVID19 knowledge facts across different platforms to effectively detect misleading COVID-19 posts. We evaluate CoviDKG on two real-world social media datasets and the results show that CoviDKG achieves significant performance gains compared to state-of-the-art baselines in accurately detecting misleading COVID-19 posts on social media.  © 2022 IEEE.",Yes,"The paper titled ""A Privacy-aware Distributed Knowledge Graph Approach to QoIS-driven COVID-19 Misinformation Detection"" should be included in the systematic review because it meets all the inclusion criteria. Firstly, the paper is written in English, which satisfies the language requirement. Secondly, it is a peer-reviewed conference proceeding, as indicated by its publication in the 2022 IEEE/ACM 30th International Symposium on Quality of Service, IWQoS 2022, indicating that it is a legitimate publication type. The paper directly investigates COVID-19 misinformation detection using a distributed knowledge graph framework in the context of fact-checking. Furthermore, the study includes evaluation metrics to compare its performance against state-of-the-art baselines, which contributes to the understanding of how to evaluate truthfulness in this domain. Overall, the paper provides a relevant contribution to the field of truthfulness assessment in fact-checking.",prompt-CoT
6174,10.1145/3289600.3290996,ExFaKT: A Framework for Explaining Facts over Knowledge Graphs and Text,"Gad-Elrab, Mohamed H. and Stepanova, Daria and Urbani, Jacopo and Weikum, Gerhard",2019,"reasoning, knowledge graph, fact-checking, explainable evidence",Proceedings of the Twelfth ACM International Conference on Web Search and Data Mining,"Fact-checking is a crucial task for accurately populating, updating and curating knowledge graphs. Manually validating candidate facts is time-consuming. Prior work on automating this task focuses on estimating truthfulness using numerical scores which are not human-interpretable. Others extract explicit mentions of the candidate fact in the text as an evidence for the candidate fact, which can be hard to directly spot. In our work, we introduce ExFaKT, a framework focused on generating human-comprehensible explanations for candidate facts. ExFaKT uses background knowledge encoded in the form of Horn clauses to rewrite the fact in question into a set of other easier-to-spot facts. The final output of our framework is a set of semantic traces for the candidate fact from both text and knowledge graphs. The experiments demonstrate that our rewritings significantly increase the recall of fact-spotting while preserving high precision. Moreover, we show that the explanations effectively help humans to perform fact-checking and can also be exploited for automating this task.",Yes,"The paper titled ""ExFaKT: A Framework for Explaining Facts over Knowledge Graphs and Text"" should be included in the systematic review because it meets all the inclusion criteria. Firstly, the paper is written in English, which satisfies the language requirement. Secondly, it is a peer-reviewed conference proceeding, indicating that it is a legitimate publication type. The paper directly investigates automated fact-checking techniques using background knowledge encoded in Horn clauses to generate human-comprehensible explanations for candidate facts in the context of fact-checking. Furthermore, the study includes evaluation metrics such as recall and precision, which contributes to the understanding of how to evaluate truthfulness in this domain. Overall, the paper provides a relevant contribution to the field of truthfulness assessment in fact-checking.",prompt-CoT
149,,TechWhiz@DravidianLangTech 2024: Fake News Detection Using Deep Learning Models,"['Kogilavani Shanmugavadivel', 'Malliga Subramanian', 'Sanjai R', 'Mohammed Sameer B', 'Motheeswaran K']",2024,,,"In the digital age, identifying fake news is essential when fake information travels quickly via social media platforms. This project employs machine learning techniques, including Random Forest, Logistic Regression, and Decision Tree, to distinguish between real and fake news. With the rise of news consumption on social media, it becomes essential to authenticate information shared on platforms like YouTube comments. The research emphasizes the need to stop spreading harmful rumors and focuses on authenticating news articles. The proposed model utilizes machine learning and natural language processing, specifically Support Vector Machines, to aggregate and determine the authenticity of news. To address the challenges of detecting fake news in this paper, describe the Machine Learning (ML) models submitted to ‘Fake News Detection in Dravidian Languages” at DravidianLangTech@EACL 2024 shared task. Four different models, namely: Naive Bayes, Support Vector Machine (SVM), Random forest, and Decision tree.",Yes,"The paper titled ""TechWhiz@DravidianLangTech 2024: Fake News Detection Using Deep Learning Models"" should be included in the systematic review because it meets all the inclusion criteria. Firstly, the paper is written in English, which satisfies the language requirement. Secondly, although the specific venue type is not mentioned, the context suggests it is a peer-reviewed conference proceeding, indicating that it is a legitimate publication type focused on truthfulness assessment. The paper directly investigates fake news detection using machine learning techniques, including Random Forest, Logistic Regression, Decision Tree, and Support Vector Machines, in the context of fact-checking. Furthermore, the study implies an evaluation of these models through their application to detect fake news, which contributes to the understanding of how to assess truthfulness in this domain, even though specific evaluation metrics like accuracy or F1-score are not explicitly mentioned in the abstract. Overall, the paper provides a relevant contribution to the field of truthfulness assessment in fact-checking by proposing and utilizing machine learning models for authenticity determination.",prompt-CoT
8929,10.1109/ICMEW.2015.7169801,Towards the verification of image integrity in online news,Pasquini C.; Brunetta C.; Vinci A.F.; Conotter V.; Boato G.,2015,Media Verification; News,"2015 IEEE International Conference on Multimedia and Expo Workshops, ICMEW 2015","The widespread of social networking services allows users to share and quickly spread an enormous amount of digital contents. Currently, a low level of security and trustworthiness is applied to such information, whose reliability cannot be taken for granted due to the large availability of image editing software which allow any user to easily manipulate digital contents. This has a huge impact on the deception of users, whose opinion can be seriously influenced by altered media. In this work, we face the challenge of verifying online news by analyzing the images related to the particular news article. Our goal is to create an empirical system which helps in verifying the consistency of visually and semantically similar images used within different news articles on the same topic. Given a certain news online, our system identifies a set of images connected to the same topic and presenting common visual elements, which can be successively compared with the original ones and analyzed in order to discover possible inconsistencies also by means of multimedia forensics tools. © 2015 IEEE.",Yes,"The paper titled ""Towards the verification of image integrity in online news"" should be included in the systematic review because it meets all the inclusion criteria. Firstly, the paper is written in English, which satisfies the language requirement. Secondly, it is a peer-reviewed conference proceeding, indicating that it is a legitimate publication type. The paper directly investigates the verification of image integrity in online news in the context of fact-checking, focusing on analyzing images related to news articles to verify their consistency and detect possible manipulations. Furthermore, although the abstract does not explicitly mention specific evaluation metrics like accuracy or precision, it implies a methodological framework for evaluating truthfulness through the use of multimedia forensics tools to discover inconsistencies in images used within different news articles on the same topic. Overall, the paper provides a relevant contribution to the field of truthfulness assessment in fact-checking by addressing the challenge of verifying online news through image analysis.",prompt-CoT
10518,10.1145/1805286.1805289,Judging the Credibility of Information Gathered from Face-to-Face Interactions,"Jensen, Matthew L. and Burgoon, Judee K. and Nunamaker, Jay F.",2010,"Credibility assessment, deception detection, decision-aids, human-computer interaction, information veracity, kinesics, linguistics",J. Data and Information Quality,"One of the most pernicious threats to information quality comes through perpetration of deception by information suppliers. Deception undermines many critical dimensions of information quality, such as accuracy, completeness, and believability. Despite this threat, information gatherers are ill equipped to assess the credibility of information suppliers. This work presents a prototype system that examines messages gathered during direct, face-to-face information gathering. The system unobtrusively identifies kinesic and linguistic features that may indicate deception in information suppliers’ messages. System use was found to significantly improve assessment ability in between-subjects and within-subjects tests. The improved ability to accurately assess credibility during face-to-face interactions should yield higher information quality.",Yes,"The paper titled ""Judging the Credibility of Information Gathered from Face-to-Face Interactions"" should be included in the systematic review because it meets all the inclusion criteria. Firstly, the paper is written in English, which satisfies the language requirement. Secondly, it is a peer-reviewed journal article, as indicated by its publication in the Journal of Data and Information Quality, indicating that it is a legitimate publication type. The paper directly investigates deception detection and credibility assessment in face-to-face interactions in the context of information veracity, which relates to fact-checking. Furthermore, the study implies an evaluation of the system's effectiveness through between-subjects and within-subjects tests, showing significant improvement in assessment ability, which contributes to the understanding of how to evaluate truthfulness in this domain. Overall, the paper provides a relevant contribution to the field of truthfulness assessment in fact-checking.",prompt-CoT
1861,,Claim-Dissector: An Interpretable Fact-Checking System with Joint Re-ranking and Veracity Prediction,"['Martin Fajcik', 'Petr Motlicek', 'Pavel Smrz']",2023,,,"We present Claim-Dissector: a novel latent variable model for fact-checking and analysis, which given a claim and a set of retrieved evidence jointly learns to identify: (i) the relevant evidences to the given claim (ii) the veracity of the claim. We propose to disentangle the per-evidence relevance probability and its contribution to the final veracity probability in an interpretable way — the final veracity probability is proportional to a linear ensemble of per-evidence relevance probabilities. In this way, the individual contributions of evidences towards the final predicted probability can be identified. In per-evidence relevance probability, our model can further distinguish whether each relevant evidence is supporting (S) or refuting (R) the claim. This allows to quantify how much the S/R probability contributes to final verdict or to detect disagreeing evidence. Despite its interpretable nature, our system achieves results competetive with state-of-the-art on the FEVER dataset, as compared to typical two-stage system pipelines, while using significantly fewer parameters. Furthermore, our analysis shows that our model can learn fine-grained relevance cues while using coarse-grained supervision and we demonstrate it in 2 ways. (i) We show that our model can achieve competitive sentence recall while using only paragraph-level relevance supervision. (ii) Traversing towards the finest granularity of relevance, we show that our model is capable of identifying relevance at the token level. To do this, we present a new benchmark TLR-FEVER focusing on token-level interpretability — humans annotate tokens in relevant evidences they considered essential when making their judgment. Then we measure how similar are these annotations to the tokens our model is focusing on.",Yes,"The paper titled ""Claim-Dissector: An Interpretable Fact-Checking System with Joint Re-ranking and Veracity Prediction"" should be included in the systematic review because it meets all the inclusion criteria. Firstly, the paper is written in English, which satisfies the language requirement. Secondly, although the specific venue type is not provided, the context suggests it is a peer-reviewed publication, indicating that it is a legitimate publication type focused on truthfulness assessment. The paper directly investigates automated fact-checking and veracity prediction in the context of fact-checking, as evidenced by its proposal of a novel latent variable model for jointly learning to identify relevant evidences and the veracity of claims. Furthermore, the study implies the use of evaluation metrics by comparing its results competitively with state-of-the-art on the FEVER dataset, which contributes to the understanding of how to evaluate truthfulness in this domain. Overall, the paper provides a relevant contribution to the field of truthfulness assessment in fact-checking.",prompt-CoT
2402,10.1109/CVPR52729.2023.00667,Detecting and Grounding Multi-Modal Media Manipulation,Shao R.; Wu T.; Liu Z.,2023,body; gesture; Humans: Face; movement; pose,Proceedings of the IEEE Computer Society Conference on Computer Vision and Pattern Recognition,"Misinformation has become a pressing issue. Fake media, in both visual and textual forms, is widespread on the web. While various deepfake detection and text fake news detection methods have been proposed, they are only designed for single-modality forgery based on binary classification, let alone analyzing and reasoning subtle forgery traces across different modalities. In this paper, we high-light a new research problem for multi-modal fake media, namely Detecting and Grounding Multi-Modal Media Manipulation (DGM4). DGM4 aims to not only detect the authenticity of multi-modal media, but also ground the manipulated content (i.e., image bounding boxes and text tokens), which requires deeper reasoning of multi-modal media manipulation. To support a large-scale investigation, we construct the first DGM4 dataset, where image-text pairs are manipulated by various approaches, with rich annotation of diverse manipulations. Moreover, we propose a novel HierArchical Multi-modal Manipulation rEasoning tRansformer (HAMMER) to fully capture the fine-grained interaction between different modalities. HAMMER performs 1) manipulation-aware contrastive learning between two uni-modal encoders as shallow manipulation reasoning, and 2) modality-aware cross-attention by multi-modal aggregator as deep manipulation reasoning. Dedicated manipulation detection and grounding heads are integrated from shallow to deep levels based on the interacted multi-modal information. Finally, we build an extensive bench-mark and set up rigorous evaluation metrics for this new research problem. Comprehensive experiments demonstrate the superiority of our model; several valuable observations are also revealed to facilitate future research in multi-modal media manipulation. © 2023 IEEE.",Yes,"The paper titled ""Detecting and Grounding Multi-Modal Media Manipulation"" should be included in the systematic review because it meets all the inclusion criteria. Firstly, the paper is written in English, which satisfies the language requirement. Secondly, it is a peer-reviewed conference proceeding, as indicated by its publication in the Proceedings of the IEEE Computer Society Conference on Computer Vision and Pattern Recognition, indicating that it is a legitimate publication type. The paper directly investigates multi-modal media manipulation detection and grounding in the context of fact-checking, focusing on detecting the authenticity of multi-modal media and analyzing subtle forgery traces across different modalities. Furthermore, the study includes rigorous evaluation metrics for this new research problem, which contributes to the understanding of how to evaluate truthfulness in this domain. Overall, the paper provides a relevant contribution to the field of truthfulness assessment in fact-checking.",prompt-CoT
2397,10.1007/978-3-031-13150-9_21,LSTM Based Advanced Fake News Detection,Aditya; Sihag V.; Choudhary G.,2023,,Lecture Notes in Networks and Systems,"The digital era is proliferating, and we are in a time where we interact with lots of information in many ways. Life has become more sensitive with social media, and in the present scenario, users’ activity on social media has become more frequent. The impact of social media and the news shared over it directly impacts the user. Social media is a powerful tool that can spread word of mouth in a fraction of a second. There is a variety of content and information shared all over social media and other information sources. This mystifies the user to agree on whether it is genuine or fake news. Social media has given so much power to the user that they immediately start expressing their views and concerns without checking the authenticity of the posted content. As a result, the user shares the news and becomes a spreader of fake news. This is a challenging task for the government and the country’s citizens. The most popular form of unauthenticated information is rumors and fake news, and this should be combated as early as possible before it takes any dramatic consequence. For this, we propose a solution where a long short term memory(LSTM) model is used to detect the fake news, and the proposed approach attained the accuracy of 98%. © 2023, The Author(s), under exclusive license to Springer Nature Switzerland AG.",Yes,"The paper titled ""LSTM Based Advanced Fake News Detection"" should be included in the systematic review because it meets all the inclusion criteria. Firstly, the paper is written in English, which satisfies the language requirement. Secondly, it is a peer-reviewed conference proceeding, as indicated by its publication in Lecture Notes in Networks and Systems, indicating that it is a legitimate publication type. The paper directly investigates the detection of fake news using a long short-term memory (LSTM) model in the context of fact-checking. Furthermore, the study includes evaluation metrics, specifically mentioning an accuracy of 98%, which contributes to the understanding of how to evaluate truthfulness in this domain. Overall, the paper provides a relevant contribution to the field of truthfulness assessment in fact-checking.",prompt-CoT
8334,10.1007/978-981-10-2738-3_16,Credibility assessment of public pages over Facebook,Agrawal H.; Kaushal R.,2016,Credibility; Facebook; Machine learning algorithms; Online social media; Public pages; Unrelated content,Communications in Computer and Information Science,"With the growing use of online social media and presence of users on many such platforms, their interaction with social networks is huge. They are free to spread wrong information without any accuracy, integrity and authenticity checkpoints masquerading as legitimate content. All these wrong, unrelated, unwanted, manipulated information are distributed for some hidden reasons. Even, their distribution network is not limited to one social media platform. Sometimes, they use the social network as a market place either for advertising, promotion of particular website, product and an application. But these advertisements do not provide any incentive to Facebook as this content is just spam, irrelevant for Facebook. Dissemination of unwanted, unrelated information has become a huge problem not only on blog, discussion forum but also on online social network like Facebook. Due to lack of marking over content posted, this information become online and reader has no barometer to check either the credibility of commenter or poster or the credibility of facts. To address these issues, we have derived an equation to weigh the credibility of public pages and applied machine learning algorithms (MLA) over collected data to validate our prediction. © Springer Nature Singapore Pte Ltd. 2016.",Yes,"The paper titled ""Credibility assessment of public pages over Facebook"" should be included in the systematic review because it meets all the inclusion criteria. Firstly, the paper is written in English, which satisfies the language requirement. Secondly, it is a peer-reviewed publication in the Communications in Computer and Information Science series, indicating that it is a legitimate publication type. The paper directly investigates credibility assessment of public pages on Facebook using machine learning algorithms (MLA) in the context of fact-checking, specifically addressing issues related to the dissemination of unwanted or unrelated information. Furthermore, the study derives an equation to weigh the credibility of public pages and applies MLA over collected data to validate its prediction, which contributes to the understanding of how to evaluate truthfulness in this domain through a conceptual framework for credibility assessment. Overall, the paper provides a relevant contribution to the field of truthfulness assessment in fact-checking.",prompt-CoT
5445,10.1145/3407194,Early Detection of Social Media Hoaxes at Scale,"Zubiaga, Arkaitz and Jiang, Aiqi",2020,"veracity classification, social media, hoax detection, Datasets",ACM Trans. Web,"The unmoderated nature of social media enables the diffusion of hoaxes, which in turn jeopardises the credibility of information gathered from social media platforms. Existing research on automated detection of hoaxes has the limitation of using relatively small datasets, owing to the difficulty of getting labelled data. This, in turn, has limited research exploring early detection of hoaxes as well as exploring other factors such as the effect of the size of the training data or the use of sliding windows. To mitigate this problem, we introduce a semi-automated method that leverages the Wikidata knowledge base to build large-scale datasets for veracity classification, focusing on celebrity death reports. This enables us to create a dataset with 4,007 reports including over 13M tweets, 15% of which are fake. Experiments using class-specific representations of word embeddings show that we can achieve F1 scores nearing 72% within 10 minutes of the first tweet being posted when we expand the size of the training data following our semi-automated means. Our dataset represents a realistic scenario with a real distribution of true, commemorative, and false stories, which we release for further use as a benchmark in future research.",Yes,"The paper titled ""Early Detection of Social Media Hoaxes at Scale"" should be included in the systematic review because it meets all the inclusion criteria. Firstly, the paper is written in English, which satisfies the language requirement. Secondly, it is a peer-reviewed journal article, as indicated by its publication in ACM Trans. Web, indicating that it is a legitimate publication type. The paper directly investigates early detection of social media hoaxes, specifically focusing on veracity classification and leveraging a semi-automated method to build large-scale datasets for this purpose in the context of fact-checking. Furthermore, the study includes evaluation metrics such as F1 scores, which contributes to the understanding of how to evaluate truthfulness in this domain. Overall, the paper provides a relevant contribution to the field of truthfulness assessment in fact-checking.",prompt-CoT
9835,10.1162/COLI_a_00096,Are you sure that this happened? assessing the factuality degree of events in text,"Saur\'{\i}, Roser and Pustejovsky, James",2012,,Comput. Linguist.,"Identifying the veracity, or factuality, of event mentions in text is fundamental for reasoning about eventualities in discourse. Inferences derived from events judged as not having happened, or as being only possible, are different from those derived from events evaluated as factual. Event factuality involves two separate levels of information. On the one hand, it deals with polarity, which distinguishes between positive and negative instantiations of events. On the other, it has to do with degrees of certainty (e.g., possible, probable), an information level generally subsumed under the category of epistemic modality. This article aims at contributing to a better understanding of how event factuality is articulated in natural language. For that purpose, we put forward a linguistic-oriented computational model which has at its core an algorithm articulating the effect of factuality relations across levels of syntactic embedding. As a proof of concept, this model has been implemented in De Facto, a factuality profiler for eventualities mentioned in text, and tested against a corpus built specifically for the task, yielding an F1 of 0.70 (macro-averaging) and 0.80 (micro-averaging). These two measures mutually compensate for an over-emphasis present in the other (either on the lesser or greater populated categories), and can therefore be interpreted as the lower and upper bounds of the De Facto's performance.",Yes,"The paper titled ""Are you sure that this happened? assessing the factuality degree of events in text"" should be included in the systematic review because it meets all the inclusion criteria. Firstly, the paper is written in English, which satisfies the language requirement. Secondly, it is a peer-reviewed journal article, as indicated by its publication in Comput. Linguist., indicating that it is a legitimate publication type. The paper directly investigates the assessment of event factuality in text, specifically focusing on the articulation of factuality relations across levels of syntactic embedding, in the context of fact-checking. Furthermore, the study includes evaluation metrics such as F1-score (macro-averaging and micro-averaging), which contributes to the understanding of how to evaluate truthfulness in this domain. Overall, the paper provides a relevant contribution to the field of truthfulness assessment in fact-checking.",prompt-CoT
840,10.1007/s11042-023-17115-w,Fake news detection using dual BERT deep neural networks,Farokhian M.; Rafe V.; Veisi H.,2024,BERT; Fake news detection; MaxWorth; MWPBert; Transfer learning; Transformers,Multimedia Tools and Applications,"Fake news is a growing challenge for social networks and media. Detection of fake news always has been a problem for many years, but the evolution of social networks and increasing speed of news dissemination in recent years has been considered again. There are several approaches to solving this problem, one of which is to detect fake news based on its text style using deep neural networks. In recent years, transfer learning with transformers is one of the most used forms of deep neural networks for natural language processing. BERT is one of the most promising transformers that outperforms other models in many NLP benchmarks. In this article, we introduce MWPBert, which uses two parallel BERT networks to perform veracity detection on full-text news articles. One of the BERT networks encodes news headline, and another encodes news bodies. Since the input length of the BERT network is limited and constant and the news body is usually a long text, we cannot feed the whole text into the BERT. Therefore, using the MaxWorth algorithm, we selected the part of the news text that is more valuable for fact-checking, and fed it into the BERT network. Finally, we encode the output of the two BERT networks to an output network to classify the news. The experiment results showed that the proposed model outperformed previous models regarding accuracy and other performance measures. © The Author(s), under exclusive licence to Springer Science+Business Media, LLC, part of Springer Nature 2023.",Yes,"The paper titled ""Fake news detection using dual BERT deep neural networks"" should be included in the systematic review because it meets all the inclusion criteria. Firstly, the paper is written in English, which satisfies the language requirement. Secondly, it is a peer-reviewed journal article, indicating that it is a legitimate publication type. The paper directly investigates the use of dual BERT deep neural networks for veracity detection in the context of fact-checking. Furthermore, the study includes evaluation metrics such as accuracy and other performance measures, which contributes to the understanding of how to evaluate truthfulness in this domain. Overall, the paper provides a relevant contribution to the field of truthfulness assessment in fact-checking.",prompt-CoT
5965,10.1371/journal.pone.0237144,Predictive modeling for trustworthiness and other subjective text properties in online nutrition and health communication,Kauttonen J.; Hannukainen J.; Tikka P.; Suomala J.,2020,,PLoS ONE,"While the internet has democratized and accelerated content creation and sharing, it has also made people more vulnerable to manipulation and misinformation. Also, the received information can be distorted by psychological biases. This is problematic especially in health-related communications which can greatly affect the quality of life of individuals. We assembled and analyzed 364 texts related to nutrition and health from Finnish online sources, such as news, columns and blogs, and asked non-experts to subjectively evaluate the texts. Texts were rated for their trustworthiness, sentiment, logic, information, clarity, and neutrality properties. We then estimated individual biases and consensus ratings that were used in training regression models. Firstly, we found that trustworthiness was significantly correlated to the information, neutrality and logic of the texts. Secondly, individual ratings for information and logic were significantly biased by the age and diet of the raters. Our best regression models explained up to 70% of the total variance of consensus ratings based on the low-level properties of texts, such as semantic embeddings, presence of keyterms and part-of-speech tags, references, quotes and paragraphs. With a novel combination of crowdsourcing, behavioral analysis, natural language processing and predictive modeling, our study contributes to the automated identification of reliable and high-quality online information. While critical evaluation of truthfulness cannot be surrendered to the machine only, our findings provide new insights into automated evaluation of subjective text properties and analysis of morphologically-rich languages in regards to trustworthiness. © 2020 Kauttonen et al. This is an open access article distributed under the terms of the Creative Commons Attribution License, which permits unrestricted use, distribution, and reproduction in any medium, provided the original author and source are credited.",Yes,"The paper titled ""Predictive modeling for trustworthiness and other subjective text properties in online nutrition and health communication"" should be included in the systematic review because it meets all the inclusion criteria. Firstly, the paper is written in English, which satisfies the language requirement. Secondly, it is a peer-reviewed journal article, as indicated by its publication in PLoS ONE, indicating that it is a legitimate publication type. The paper directly investigates the evaluation of trustworthiness and other subjective text properties in online health communication, which is relevant to the context of fact-checking and misinformation detection. Furthermore, the study includes regression models and metrics such as variance explanation (up to 70% of the total variance of consensus ratings), which contributes to the understanding of how to evaluate truthfulness in this domain. Overall, the paper provides a relevant contribution to the field of truthfulness assessment in fact-checking.",prompt-CoT
2365,10.1080/17512786.2021.1965905,Verification of News Video Content: Findings from a Study of Journalism Students,Giomelakis D.; Papadopoulou O.; Papadopoulos S.; Veglis A.,2023,fact-checking; News content; online misinformation; social media; user-generated content; verification practice; video verification,Journalism Practice,"The rapid spread of misinformation online has been deemed as a growing problem in the current digital media environment with significant impact both on journalism and on society at large. As news practitioners are increasingly challenged by information overload and the need to process huge volumes of unstructured and unfiltered data within a very short time span, the veracity of online and User-Generated Content (UGC) and its spread through social media and video platforms has been identified as a key concern. This study aims to extend the body of knowledge on the verification of news video content, derived from social media platforms. Using a web-based tool that analyses the online context around a video post and presents a number of verification signals, a set of fake and real news videos coming from YouTube and Facebook were examined by a sample of journalism students (N = 90) regarding their veracity. A sample of professional journalists (N = 17) was also used for qualitative comparison purposes and additional results. The results of the study highlight the significance of online context as well as the efficacy of a semi-automated process in the verification of video content and journalism practice, in conjunction with useful verification features and practices. © 2021 Informa UK Limited, trading as Taylor & Francis Group.",Yes,"The paper titled ""Verification of News Video Content: Findings from a Study of Journalism Students"" should be included in the systematic review because it meets all the inclusion criteria. Firstly, the paper is written in English, which satisfies the language requirement. Secondly, it is a peer-reviewed journal article, indicating that it is a legitimate publication type. The paper directly investigates the verification of news video content derived from social media platforms in the context of fact-checking. Furthermore, the study includes an examination of verification signals and the efficacy of a semi-automated process, which contributes to the understanding of how to evaluate truthfulness in this domain. Overall, the paper provides a relevant contribution to the field of truthfulness assessment in fact-checking.",prompt-CoT
1959,10.1145/3539597.3570478,Mining User-aware Multi-relations for Fake News Detection in Large Scale Online Social Networks,"Su, Xing and Yang, Jian and Wu, Jia and Zhang, Yuchen",2023,"fake news detection, large scale social networks, multi-relations",Proceedings of the Sixteenth ACM International Conference on Web Search and Data Mining,"Users' involvement in creating and propagating news is a vital aspect of fake news detection in online social networks. Intuitively, credible users are more likely to share trustworthy news, while untrusted users have a higher probability of spreading untrustworthy news. In this paper, we construct a dual-layer graph (i.e., news layer and user layer) to extract multi-relations of news and users in social networks to derive rich information for detecting fake news. Based on the dual-layer graph, we propose a fake news detection model Us-DeFake. It learns the propagation features of news in the news layer and the interaction features of users in the user layer. Through the inter-layer in the graph, Us-DeFake fuses the user signals that contain credibility information into the news features, to provide distinctive user-aware embeddings of news for fake news detection. The training process conducts on multiple dual-layer subgraphs obtained by a graph sampler to scale Us-DeFake in large scale social networks. Extensive experiments on real-world datasets illustrate the superiority of Us-DeFake which outperforms all baselines, and the users' credibility signals learned by interaction relation can notably improve the performance of our model.",Yes,"The paper titled ""Mining User-aware Multi-relations for Fake News Detection in Large Scale Online Social Networks"" should be included in the systematic review because it meets all the inclusion criteria. Firstly, the paper is written in English, which satisfies the language requirement. Secondly, it is a peer-reviewed conference proceeding, indicating that it is a legitimate publication type. The paper directly investigates fake news detection in large-scale online social networks through the construction of a dual-layer graph and the proposal of a fake news detection model called Us-DeFake, in the context of fact-checking. Furthermore, the study includes evaluation metrics through extensive experiments on real-world datasets to illustrate the superiority of Us-DeFake, which contributes to the understanding of how to evaluate truthfulness in this domain. Overall, the paper provides a relevant contribution to the field of truthfulness assessment in fact-checking.",prompt-CoT
9448,10.1145/2492517.2492574,Determining credibility from social network structure,"Briscoe, Erica J. and Appling, D. Scott and Mappus, Rudolph L. and Hayes, Heather",2013,"trust, structural properties, social networks, social media, human experimentation, ego-centric networks, credibility",Proceedings of the 2013 IEEE/ACM International Conference on Advances in Social Networks Analysis and Mining,"The increasing proliferation of social media results in users that are forced to ascertain the truthfulness of information that they encounter from unknown sources using a variety of indicators (e.g. explicit ratings, profile information, etc.). Through human-subject experimentation with an online social network-style platform, our study focuses on the determination of credibility in ego-centric networks based on subjects observing social network properties such as degree centrality and geodesic distance. Using manipulated social network graphs, we find that corroboration and degree centrality are most utilized by subjects as indicators of credibility. We discuss the implications of the use of social network graph structural properties and use principal components analysis to visualize the reduced dimensional space.",Yes,"The paper titled ""Determining credibility from social network structure"" should be included in the systematic review because it meets all the inclusion criteria. Firstly, the paper is written in English, which satisfies the language requirement. Secondly, it is a peer-reviewed conference proceeding, indicating that it is a legitimate publication type. The paper directly investigates the determination of credibility in ego-centric networks based on social network properties such as degree centrality and geodesic distance in the context of fact-checking. Furthermore, the study includes an experimental approach with principal components analysis to visualize the reduced dimensional space, which contributes to the understanding of how to evaluate truthfulness in this domain. Overall, the paper provides a relevant contribution to the field of truthfulness assessment in fact-checking.",prompt-CoT
6821,,MultIFC: A real-world multi-domain dataset for evidence-based fact checking of claims,Augenstein I.; Lioma C.; Wang D.; Lima L.C.; Hansen C.; Hansen C.; Simonsen J.G.,2019,,"EMNLP-IJCNLP 2019 - 2019 Conference on Empirical Methods in Natural Language Processing and 9th International Joint Conference on Natural Language Processing, Proceedings of the Conference","We contribute the largest publicly available dataset of naturally occurring factual claims for the purpose of automatic claim verification. It is collected from 26 fact checking websites in English, paired with textual sources and rich metadata, and labelled for veracity by human expert journalists. We present an in-depth analysis of the dataset, highlighting characteristics and challenges. Further, we present results for automatic veracity prediction, both with established baselines and with a novel method for joint ranking of evidence pages and predicting veracity that outperforms all baselines. Significant performance increases are achieved by encoding evidence, and by modelling metadata. Our best-performing model achieves a Macro F1 of 49.2%, showing that this is a challenging testbed for claim veracity prediction. © 2019 Association for Computational Linguistics",Yes,"The paper titled ""MultIFC: A real-world multi-domain dataset for evidence-based fact checking of claims"" should be included in the systematic review because it meets all the inclusion criteria. Firstly, the paper is written in English, which satisfies the language requirement. Secondly, it is a peer-reviewed conference proceeding, as indicated by its publication at the 2019 Conference on Empirical Methods in Natural Language Processing and 9th International Joint Conference on Natural Language Processing, indicating that it is a legitimate publication type. The paper directly investigates automatic claim verification and veracity prediction in the context of fact-checking. Furthermore, the study includes evaluation metrics such as Macro F1 score, which contributes to the understanding of how to evaluate truthfulness in this domain. Overall, the paper provides a relevant contribution to the field of truthfulness assessment in fact-checking.",prompt-CoT
7471,,Fact checking in community forums,Mihaylova T.; Nakov P.; Màrquez L.; Barrón-Cedeño A.; Mohtarami M.; Karadzhov G.; Glass J.,2018,,"32nd AAAI Conference on Artificial Intelligence, AAAI 2018","Community Question Answering (cQA) forums are very popular nowadays, as they represent effective means for communities around particular topics to share information. Unfortunately, this information is not always factual. Thus, here we explore a new dimension in the context of cQA, which has been ignored so far: checking the veracity of answers to particular questions in cQA forums. As this is a new problem, we create a specialized dataset for it. We further propose a novel multi-faceted model, which captures information from the answer content (what is said and how), from the author profile (who says it), from the rest of the community forum (where it is said), and from external authoritative sources of information (external support). Evaluation results show a MAP value of 86.54, which is 21 points absolute above the baseline. Copyright © 2018, Association for the Advancement of Artificial Intelligence (www.aaai.org). All rights reserved.",Yes,"The paper titled ""Fact checking in community forums"" should be included in the systematic review because it meets all the inclusion criteria. Firstly, the paper is written in English, which satisfies the language requirement. Secondly, it is a peer-reviewed conference proceeding, as indicated by its presentation at the 32nd AAAI Conference on Artificial Intelligence, AAAI 2018, which suggests that it is a legitimate publication type focusing on truthfulness assessment. The paper directly investigates fact-checking in community forums, specifically checking the veracity of answers to particular questions, in the context of fact-checking. Furthermore, the study includes evaluation metrics, such as a MAP value of 86.54, which contributes to the understanding of how to evaluate truthfulness in this domain. Overall, the paper provides a relevant contribution to the field of truthfulness assessment in fact-checking.",prompt-CoT
6877,,"DeFactoNLP: Fact Verification using Entity Recognition, TFIDF Vector Comparison and Decomposable Attention","['Fatemeh Torabi Asr', 'Maite Taboada']",2018,,,"Misinformation detection at the level of full news articles is a text classification problem. Reliably labeled data in this domain is rare. Previous work relied on news articles collected from so-called “reputable” and “suspicious” websites and labeled accordingly. We leverage fact-checking websites to collect individually-labeled news articles with regard to the veracity of their content and use this data to test the cross-domain generalization of a classifier trained on bigger text collections but labeled according to source reputation. Our results suggest that reputation-based classification is not sufficient for predicting the veracity level of the majority of news articles, and that the system performance on different test datasets depends on topic distribution. Therefore collecting well-balanced and carefully-assessed training data is a priority for developing robust misinformation detection systems.",Yes,"The paper titled ""DeFactoNLP: Fact Verification using Entity Recognition, TFIDF Vector Comparison and Decomposable Attention"" should be included in the systematic review because it meets all the inclusion criteria. Firstly, the paper is written in English, which satisfies the language requirement. Secondly, although the specific venue type is not provided, the context suggests it is a peer-reviewed publication, indicating that it is a legitimate publication type focused on truthfulness assessment. The paper directly investigates fact verification and misinformation detection in the context of fact-checking, using techniques such as entity recognition, TFIDF vector comparison, and decomposable attention. Furthermore, the study implies an evaluation of its method through cross-domain generalization tests and discussions on system performance, which contributes to the understanding of how to assess truthfulness in this domain. Overall, the paper provides a relevant contribution to the field of truthfulness assessment in fact-checking.",prompt-CoT
3462,10.1108/ILS-09-2021-0084,Information source and content: articulating two key concepts for information evaluation,Vamanu I.; Zak E.,2022,Conspiracy theories; Content soundness; Disinformation; Information evaluation; Information literacy,Information and Learning Science,"Purpose: Learning how to identify and avoid inaccurate information, especially disinformation, is essential for any informational consumer. Many information literacy tools specify criteria that can help users evaluate information more efficiently and effectively. However, the authors of these tools do not always agree on which criteria should be emphasized, what they mean or why they should be included in the tool. This study aims to clarify two such criteria (source credibility and soundness of content), which evolutionary cognitive psychology research emphasize. This paper uses them as a basis for building a question-based evaluation tool and draws implications for information literacy programs. Design/methodology/approach: This paper draws on cross-disciplinary scholarship (in library and information science, evolutionary cognitive psychology and rhetoric studies) to explore 15 approaches to information evaluation which conceptualizes source credibility and content soundness, two markers of information accuracy. This paper clarifies these two concepts, builds two sets of questions meant to elicit empirical indicators of information accuracy and deploys them against a recent piece of journalism which embeds a conspiracy theory about the origins of the COVID-19 pandemic. This paper shows how the two standards can help us determine that the article is misleading. This paper draws implications for information literacy programs. Findings: The meanings of and relationships between source credibility and content soundness often diverge across the 15 approaches to information evaluation this paper analyzed. Conceptual analysis allowed the authors to articulate source credibility in terms of authority and trustworthiness, and content soundness in terms of plausibility and evidential support. These conceptualizations allow the authors to formulate two respective sets of appropriate questions, the answers to which are meant to function as empirical indicators for the two standards. Deploying this instrument provides us with the opportunity to understand why a certain article discussing COVID-19 is misleading. Originality/value: By articulating source credibility and content soundness as the two key criteria for evaluating information, together with guiding questions meant to elicit empirical indicators for them, this paper streamlines the process through which information users can judge the likelihood that a piece of information they encounter is accurate. © 2022, Emerald Publishing Limited.",Yes,"The paper titled ""Information source and content: articulating two key concepts for information evaluation"" should be included in the systematic review because it meets all the inclusion criteria. Firstly, the paper is written in English, which satisfies the language requirement. Secondly, it is a peer-reviewed journal article, as indicated by its publication in ""Information and Learning Science"", indicating that it is a legitimate publication type. The paper directly investigates the concepts of source credibility and content soundness in the context of information evaluation and fact-checking, specifically aiming to clarify these criteria for identifying and avoiding inaccurate information. Furthermore, the study contributes a conceptual framework for evaluating truthfulness by articulating source credibility in terms of authority and trustworthiness, and content soundness in terms of plausibility and evidential support, providing guiding questions meant to elicit empirical indicators for these standards. Overall, the paper provides a relevant contribution to the field of truthfulness assessment in fact-checking.",prompt-CoT
5690,10.1109/IJCNN48605.2020.9207477,A Deep Transfer Learning Approach for Fake News Detection,Saikh T.; Haripriya B.; Ekbal A.; Bhattacharyya P.,2020,Deep Transfer Learning; Fake News; Stance Detection; Text Entailment; Title-Body Consistency,Proceedings of the International Joint Conference on Neural Networks,"Fake or incorrect or miss-information detection has nowadays attracted attention to the researchers and developers because of the huge information overloaded in the web. This problem can be considered as equivalent to lie detection, truthfulness identification or stance detection. In our particular work, we focus on deciding whether the title of a news is consistent with its body text- a problem equivalent to fake information identification. In this paper, we propose a deep transfer learning approach where the problem of detecting title-body consistency is posed from the viewpoint of Textual Entailment (TE) where the title is considered as a hypothesis and news body is treated as a premise. The idea is to decide whether the body infers the title or not. Evaluation on the existing benchmark datasets, namely Fake News Challenge (FNC) dataset (released in Fake News Challenge Stage 1 (FNC-I): Stance Detection) show the efficacy of our proposed approach in comparison to the state-of-the-art systems. © 2020 IEEE.",Yes,"The paper titled ""A Deep Transfer Learning Approach for Fake News Detection"" should be included in the systematic review because it meets all the inclusion criteria. Firstly, the paper is written in English, which satisfies the language requirement. Secondly, it is a peer-reviewed conference proceeding, as indicated by its publication in the Proceedings of the International Joint Conference on Neural Networks, indicating that it is a legitimate publication type. The paper directly investigates the detection of title-body consistency in news articles, equivalent to fake information identification, in the context of fact-checking. Furthermore, the study includes evaluation on existing benchmark datasets, such as the Fake News Challenge (FNC) dataset, and compares its approach to state-of-the-art systems, which contributes to the understanding of how to evaluate truthfulness in this domain. Overall, the paper provides a relevant contribution to the field of truthfulness assessment in fact-checking.",prompt-CoT
3455,10.1007/978-3-031-19682-9_4,Understanding Users’ Deepfake Video Verification Strategies,Goh D.H.-L.; Lee C.S.; Chen Z.; Kuah X.W.; Pang Y.L.,2022,Authenticity; Deepfake videos; Identification; User study; Verification strategies,Communications in Computer and Information Science,"Deepfakes are synthetically generated media that pose as actual video recordings, and are a potential source of fake news or disinformation. Consequently, the ability to detect them is imperative. Although research has been done in creating algorithms for automatic detection, there is little work conducted on how users identify deepfakes. Hence, the present paper fills this gap with a user study. Through semi-structured interviews, participants were asked to identify real and deepfake videos, and explain how they arrived at their conclusions. Seven verification strategies emerged, with the most popular being the use of subtle indictors in the videos suggesting the presence of imperfections. The use of one’s social circle to verify a video was the least used. Surprisingly, only half our participants could correctly identify all the videos they watched. Deepfake videos that seemed to portray believable content or were of high quality made participants think they were real. © 2022, The Author(s), under exclusive license to Springer Nature Switzerland AG.",Yes,"The paper titled ""Understanding Users’ Deepfake Video Verification Strategies"" should be included in the systematic review because it meets all the inclusion criteria. Firstly, the paper is written in English, which satisfies the language requirement. Secondly, it is a peer-reviewed conference proceeding, indicating that it is a legitimate publication type. The paper directly investigates user strategies for verifying deepfake videos in the context of fact-checking and misinformation detection. Furthermore, although the study does not explicitly mention evaluation metrics like accuracy or precision, it contributes to the understanding of how users evaluate truthfulness through verification strategies, which can be seen as a conceptual framework for assessing veracity in the context of deepfake video identification. Overall, the paper provides a relevant contribution to the field of truthfulness assessment in fact-checking by exploring human-driven techniques for detecting deepfakes, a critical aspect of misinformation detection.",prompt-CoT
5695,10.1109/RAICS51191.2020.9332508,Belief Index for Fake COVID19 Text Detection,Panja S.; James A.P.,2020,Belief Index; Cosine Similarity; CoVid-19; Fake news; Jaccard Similarity; TF-IDF,"2020 IEEE Recent Advances in Intelligent Computational Systems, RAICS 2020","An increase in news articles on various communication platforms or social media has resulted in higher possibilities of spread of non-factual or fake information. The overall volume and veracity of news makes it even more impossible to manually fact check each data and label them as true or false. Under such circumstances, we propose a belief index generator model that quantifies the belief to be associated with any random information making use of text analytic proximity measures. In the initial feature engineering, we use a modified TF-IDF algorithm. Post generation of word embeddings, various distance measures have been proposed and compared as possible belief scores. The analysis has been carried out using 50K research articles on CoVid-19 to validate truths and The CoronaVirusFacts/DatosCoronaVirus Alliance Database to validate falsities in random CoVid related information. © 2020 IEEE.",Yes,"The paper titled ""Belief Index for Fake COVID19 Text Detection"" should be included in the systematic review because it meets all the inclusion criteria. Firstly, the paper is written in English, which satisfies the language requirement. Secondly, it is a peer-reviewed conference proceeding, as indicated by its publication in the 2020 IEEE Recent Advances in Intelligent Computational Systems (RAICS 2020), indicating that it is a legitimate publication type. The paper directly investigates automated techniques for detecting fake COVID-19 text using a belief index generator model and various distance measures such as Cosine Similarity and Jaccard Similarity, in the context of fact-checking. Furthermore, the study implies the use of evaluation metrics through its comparison of different distance measures as possible belief scores and validation against datasets like The CoronaVirusFacts/DatosCoronaVirus Alliance Database, which contributes to the understanding of how to evaluate truthfulness in this domain. Overall, the paper provides a relevant contribution to the field of truthfulness assessment in fact-checking.",prompt-CoT
5382,10.1145/3358961.3358993,YAKUIN: personal content verifier in digital messaging,"Pacheco, Ana Laura Pacheco and Brena, Deysy Vania Garc\'{\i}a and Monterrosa, Natalia Trujillo and Sandoval, Carlos Alberto Mart\'{\i}nez",2020,"UCD-e, WhatsApp, bot, fake news, social network",Proceedings of the IX Latin American Conference on Human Computer Interaction,"The fake news, circulate since there is journalism, only now its speed, scope and consequences are broader, one of the most important challenges of the Internet is the veracity of the information. The following research offers a tool that identifies and regulates the proliferation of fake news as well as conversations that outline violence or harassment during the connection and access to platforms such as WhatsApp, Facebook and text messages, this being the most used. YAKUIN is a personal content verifier for WhatsApp that helps to investigate the origin of the news and affirm or discard facts from the real world.",Yes,"The paper titled ""YAKUIN: personal content verifier in digital messaging"" should be included in the systematic review because it meets all the inclusion criteria. Firstly, the paper is written in English, which satisfies the language requirement. Secondly, it is a peer-reviewed conference proceeding, indicating that it is a legitimate publication type. The paper directly investigates the development of a tool for identifying and regulating fake news on platforms like WhatsApp, which is directly related to fact-checking. Furthermore, although the abstract does not explicitly mention specific evaluation metrics, the study contributes to the understanding of how to evaluate truthfulness by proposing a personal content verifier that helps investigate the origin of news and affirm or discard facts from the real world, implying a conceptual framework for evaluating truthfulness in this domain. Overall, the paper provides a relevant contribution to the field of truthfulness assessment in fact-checking.",prompt-CoT
8119,10.1145/2872518.2890095,Veracity and Velocity of Social Media Content during Breaking News: Analysis of November 2015 Paris Shootings,"Wiegand, Stefanie and Middleton, Stuart E.",2016,"credibility, natural language processing, news, semantics, social media, trust, user generated content, velocity, veracity",Proceedings of the 25th International Conference Companion on World Wide Web,"Social media sources are becoming increasingly important in journalism. Under breaking news deadlines semi-automated support for identification and verification of content is critical. We describe a large scale content-level analysis of over 6 million Twitter, You Tube and Instagram records covering the first 6 hours of the November 2015 Paris shootings. We ground our analysis by tracing how 5 ground truth images used in actual news reports went viral. We look at velocity of newsworthy content and its veracity with regards trusted source attribution. We also examine temporal segmentation combined with statistical frequency counters to identify likely eyewitness content for input to real-time breaking content feeds. Our results suggest attribution to trusted sources might be a good indicator of content veracity, and that temporal segmentation coupled with frequency statistical metrics could be used to highlight in real-time eyewitness content if applied with some additional text filters.",Yes,"The paper titled ""Veracity and Velocity of Social Media Content during Breaking News: Analysis of November 2015 Paris Shootings"" should be included in the systematic review because it meets all the inclusion criteria. Firstly, the paper is written in English, which satisfies the language requirement. Secondly, it is a peer-reviewed conference proceeding, indicating that it is a legitimate publication type. The paper directly investigates the veracity and velocity of social media content during breaking news events, specifically analyzing how trusted source attribution and temporal segmentation combined with statistical frequency counters can be used to identify likely eyewitness content, in the context of fact-checking. Furthermore, the study implies the use of metrics such as velocity of newsworthy content and its veracity with regards to trusted source attribution, which contributes to the understanding of how to evaluate truthfulness in this domain. Overall, the paper provides a relevant contribution to the field of truthfulness assessment in fact-checking.",prompt-CoT
1808,,"TELLER: A Trustworthy Framework For Explainable, Generalizable and Controllable Fake News Detection",Liu H.; Wang W.; Li H.; Li H.,2024,,Proceedings of the Annual Meeting of the Association for Computational Linguistics,"The proliferation of fake news has emerged as a severe societal problem, raising significant interest from industry and academia. While existing deep-learning based methods have made progress in detecting fake news accurately, their reliability may be compromised caused by the non-transparent reasoning processes, poor generalization abilities and inherent risks of integration with large language models (LLMs). To address this challenge, we propose TELLER, a novel framework for trustworthy fake news detection that prioritizes explainability, generalizability and controllability of models. This is achieved via a dual-system framework that integrates cognition and decision systems, adhering to the principles above. The cognition system harnesses human expertise to generate logical predicates, which guide LLMs in generating human-readable logic atoms. Meanwhile, the decision system deduces generalizable logic rules to aggregate these atoms, enabling the identification of the truthfulness of the input news across diverse domains and enhancing transparency in the decision-making process. Finally, we present comprehensive evaluation results on four datasets, demonstrating the feasibility and trustworthiness of our proposed framework. Our implementation is available at this link. © 2024 Association for Computational Linguistics.",Yes,"The paper titled ""TELLER: A Trustworthy Framework For Explainable, Generalizable and Controllable Fake News Detection"" should be included in the systematic review because it meets all the inclusion criteria. Firstly, the paper is written in English, which satisfies the language requirement. Secondly, it is a peer-reviewed conference proceeding, as indicated by its publication in the Proceedings of the Annual Meeting of the Association for Computational Linguistics, indicating that it is a legitimate publication type. The paper directly investigates trustworthy fake news detection in the context of fact-checking, focusing on explainability, generalizability, and controllability of models. Furthermore, the study includes comprehensive evaluation results on four datasets, demonstrating the feasibility and trustworthiness of the proposed framework, which contributes to the understanding of how to evaluate truthfulness in this domain. Overall, the paper provides a relevant contribution to the field of truthfulness assessment in fact-checking.",prompt-CoT
177,10.1145/3589335.3651914,Towards Fact-check Summarization Leveraging on Argumentation Elements Tied to Entity Graphs,"Hanikov\'{a}, Kate\v{r}ina and Chud\'{a}n, David and Sv\'{a}tek, Vojt\v{e}ch and Vajde\v{c}ka, Peter and Troncy, Rapha\""{e}l and Vencovsk\'{y}, Filip and Syrov\'{a}tkov\'{a}, Jana",2024,"argumentation, entity graph, fact-checking, text summarization",Companion Proceedings of the ACM Web Conference 2024,"Fact-check consumers can have different preferences regarding the amount of text being used for explaining the claim veracity verdict. Dynamically adapting the size of a fact-check report is thus an important functionality for systems designed to convey claim verification explainability. Recent works have experimented with applying transformers-based or LLM-based text summarization methods in a zero-shot or few-shot manner, making use of some existing texts available in the summary parts of fact-check reports (e.g., called ""justification'' in PolitiFact). However, for complex fact-checks, the purely sub-symbolic summarizers tend to either omit some elements of the fact-checker's argumentation chains or include contextual statements that may not be essential at the given level of granularity. In this paper, we propose a new method for enhancing fact-check summarization with the aim of injecting elements of structured fact-checker argumentation. This argumentation is, in turn, not only captured at the discourse level but tied to an entity graph representing the fact-check, for which we employ the PURO diagrammatic language. We have empirically performed a manual analysis of fact-check reports from two fact-checker websites, yielding (1) textual snippets containing the argumentation essence of the fact-check report and (2) categorized argumentation elements tied to entity graphs. These snippets are then fed to a state-of-the-art hybrid summarizer which has previously produced accurate fact-check summaries, as an additional input. We observe mild improvements on various ROUGE metrics, even if the validity of the results is limited given the small size of the dataset. We also compare the human-provided argumentation element categories with those returned, for the given fact-check ground truth summary, using a pre-trained language model upon both basic and augmented prompting. This yields a moderate accuracy as the model often fails to comply with the explicit given instructions.",Yes,"The paper titled ""Towards Fact-check Summarization Leveraging on Argumentation Elements Tied to Entity Graphs"" should be included in the systematic review because it meets all the inclusion criteria. Firstly, the paper is written in English, which satisfies the language requirement. Secondly, it is a peer-reviewed conference proceeding, as indicated by its publication in the Companion Proceedings of the ACM Web Conference 2024, indicating that it is a legitimate publication type. The paper directly investigates fact-check summarization and the enhancement of this process through structured fact-checker argumentation tied to entity graphs in the context of fact-checking. Furthermore, the study includes evaluation metrics such as ROUGE metrics to assess the quality of the generated summaries, which contributes to the understanding of how to evaluate truthfulness in this domain. Overall, the paper provides a relevant contribution to the field of truthfulness assessment in fact-checking.",prompt-CoT
3697,10.1155/2022/6561622,A Natural Language Processing (NLP) Evaluation on COVID-19 Rumour Dataset Using Deep Learning Techniques,Fatima R.; Samad Shaikh N.; Riaz A.; Ahmad S.; El-Affendi M.A.; Alyamani K.A.Z.; Nabeel M.; Ali Khan J.; Yasin A.; Latif R.M.A.,2022,,Computational Intelligence and Neuroscience,"Context and Background: Since December 2019, the coronavirus (COVID-19) epidemic has sparked considerable alarm among the general community and significantly affected societal attitudes and perceptions. Apart from the disease itself, many people suffer from anxiety and depression due to the disease and the present threat of an outbreak. Due to the fast propagation of the virus and misleading/fake information, the issues of public discourse alter, resulting in significant confusion in certain places. Rumours are unproven facts or stories that propagate and promote sentiments of prejudice, hatred, and fear. Objective. The study's objective is to propose a novel solution to detect fake news using state-of-the-art machines and deep learning models. Furthermore, to analyse which models outperformed in detecting the fake news. Method. In the research study, we adapted a COVID-19 rumours dataset, which incorporates rumours from news websites and tweets, together with information about the rumours. It is important to analyse data utilizing Natural Language Processing (NLP) and Deep Learning (DL) approaches. Based on the accuracy, precision, recall, and the f1 score, we can assess the effectiveness of the ML and DL algorithms. Results. The data adopted from the source (mentioned in the paper) have collected 9200 comments from Google and 34,779 Twitter postings filtered for phrases connected with COVID-19-related fake news. Experiment 1. The dataset was assessed using the following three criteria: veracity, stance, and sentiment. In these terms, we have different labels, and we have applied the DL algorithms separately to each term. We have used different models in the experiment such as (i) LSTM and (ii) Temporal Convolution Networks (TCN). The TCN model has more performance on each measurement parameter in the evaluated results. So, we have used the TCN model for the practical implication for better findings. Experiment 2. In the second experiment, we have used different state-of-the-art deep learning models and algorithms such as (i) Simple RNN; (ii) LSTM + Word Embedding; (iii) Bidirectional + Word Embedding; (iv) LSTM + CNN-1D; and (v) BERT. Furthermore, we have evaluated the performance of these models on all three datasets, e.g., veracity, stance, and sentiment. Based on our second experimental evaluation, the BERT has a superior performance over the other models compared. © 2022 Rubia Fatima et al.",Yes,"The paper titled ""A Natural Language Processing (NLP) Evaluation on COVID-19 Rumour Dataset Using Deep Learning Techniques"" should be included in the systematic review because it meets all the inclusion criteria. Firstly, the paper is written in English, which satisfies the language requirement. Secondly, it is a peer-reviewed journal article, as indicated by its publication in ""Computational Intelligence and Neuroscience"", indicating that it is a legitimate publication type. The paper directly investigates the detection of fake news using deep learning models in the context of COVID-19 rumors, which falls under the domain of fact-checking. Furthermore, the study includes evaluation metrics such as accuracy, precision, recall, and F1 score to assess the effectiveness of the machine learning and deep learning algorithms, which contributes to the understanding of how to evaluate truthfulness in this domain. Overall, the paper provides a relevant contribution to the field of truthfulness assessment in fact-checking.",prompt-CoT
7464,,Check it out: Politics and neural networks,Lai Y.K.; Khattar D.; Kumar V.; Mishra A.; Varma V.,2018,Attention Mechanism; Bidirectional LSTM; Fact Checking,CEUR Workshop Proceedings,"The task of fact-checking has been formalised as the assessment of the truthfulness of a claim. Be it a political proclamation or a technological development, verification of a new tidbit of information before its propagation to the general public is of utmost importance. Failing to do so leads to the spread of misinformation, which is a devious tool. Fact-checking is commonly performed by journalists, manually looking up information pertaining to the statement in question. This is a drawn out and tedious process with a chance of the concerned person not covering the domain exhaustively. Some of this effort is reduced by the use of knowledge bases created over a period of time. In this work under Task 2 (Factuality) of the CLEF 2018 CheckThat! Lab, we detail a neural network based methodology which models the textual data of a claim based on various representations of its words and characters. An affixed attention mechanism allows us to encapsulate linguistic features common in false claims. We achieve an accuracy of 39.57% on the task dataset.",Yes,"The paper titled ""Check it out: Politics and neural networks"" should be included in the systematic review because it meets all the inclusion criteria. Firstly, the paper is written in English, which satisfies the language requirement. Secondly, it is a peer-reviewed conference proceeding, as indicated by its publication in CEUR Workshop Proceedings, indicating that it is a legitimate publication type. The paper directly investigates a neural network-based methodology for fact-checking, specifically modeling textual data of claims and utilizing an attention mechanism to encapsulate linguistic features common in false claims, in the context of fact-checking. Furthermore, the study includes evaluation metrics, such as achieving an accuracy of 39.57% on the task dataset, which contributes to the understanding of how to evaluate truthfulness in this domain. Overall, the paper provides a relevant contribution to the field of truthfulness assessment in fact-checking.",prompt-CoT
1777,,MetaSumPerceiver: Multimodal Multi-Document Evidence Summarization for Fact-Checking,Chen T.-C.; Tang C.-W.; Thomas C.,2024,,Proceedings of the Annual Meeting of the Association for Computational Linguistics,"Fact-checking real-world claims often requires reviewing multiple multimodal documents to assess a claim's truthfulness, which is a highly laborious and time-consuming task. In this paper, we present a summarization model designed to generate claim-specific summaries useful for fact-checking from multimodal, multi-document datasets. The model takes inputs in the form of documents, images, and a claim, with the objective of assisting in fact-checking tasks. We introduce a dynamic perceiver-based model that can handle inputs from multiple modalities of arbitrary lengths. To train our model, we leverage a novel reinforcement learning-based entailment objective to generate summaries that provide evidence distinguishing between different truthfulness labels. To assess the efficacy of our approach, we conduct experiments on both an existing benchmark and a new dataset of multi-document claims that we contribute. Our approach outperforms the SOTA approach by 4.6% in the claim verification task on the MOCHEG dataset and demonstrates strong performance on our new Multi-News-Fact-Checking dataset. © 2024 Association for Computational Linguistics.",Yes,"The paper titled ""MetaSumPerceiver: Multimodal Multi-Document Evidence Summarization for Fact-Checking"" should be included in the systematic review because it meets all the inclusion criteria. Firstly, the paper is written in English, which satisfies the language requirement. Secondly, it is a peer-reviewed conference proceeding, as indicated by its publication in the Proceedings of the Annual Meeting of the Association for Computational Linguistics, indicating that it is a legitimate publication type. The paper directly investigates multimodal multi-document evidence summarization for fact-checking in the context of assessing claim truthfulness, which aligns with the direct evaluation criterion. Furthermore, the study includes evaluation metrics such as outperforming the state-of-the-art approach by 4.6% in the claim verification task on the MOCHEG dataset and demonstrates strong performance on the new Multi-News-Fact-Checking dataset, which contributes to the understanding of how to evaluate truthfulness in this domain. Overall, the paper provides a relevant contribution to the field of truthfulness assessment in fact-checking.",prompt-CoT
3628,10.1063/5.0110601,Using machine learning and robotic process automation for misinformation detection on Twitter: Analysing the tweets on Covid-19 pandemic,Lahoti P.; Prasad S.,2022,Content-Based Image Retrieval; Covid-19; Google Cloud Vision; Machine Learning; Misinformation Detection; Natural Language Processing; Robotic Process Automation; Social Media; Twitter,AIP Conference Proceedings,"Social media is a place where vast data is continually generated. These days news first surfaces on micro blogs before it pass to major media outlets. Micro blogging websites are rich sources of information, and Twitter is one of the micro blogging interfaces. Twitter is also much used to share information with other social network users. Event detection systems based on Twitter can get information from a huge number of tweets posted by users. It is among the main reasons Twitter is considered an effective source of data as it can provide substantial near real-time data to identify incidents. However, it also creates a low perception problem; this means that systems fail to identify events correctly if too much false information is included, which is called rumor. Rumor can be characterized as a proclamation whose real or true value is unverifiable or intentionally false. Rumor detection has recently been studied to allow for accurate event detection. Rumors can propagate to millions of users quickly without fact-checking, and it may cause significant harm. More precisely, the current technique detects rumors by identifying and analyzing the content of the tweet, retweets count, sentiment of the tweet, follower count, etc., from the Twitter metadata, which can be useful for classifying it as rumor or non-rumor. A systematic literature review of existing research work on various machine learning techniques for misinformation detection was carried out to arrive at the optimal approach that can be taken for the paper. In this paper, tweets during the Covid-19 situation have been taken into account for misinformation detection. In this research, a two-way approach has been taken to classify Twitter messages (Tweets) as rumor or non-rumor related. The first approach is text-based analysis, while the other is media-based analysis. For the first approach, different machine learning classifiers were performed and evaluated based on the F1-score. In the second approach, tweets containing images are extracted for Web Detection using Robotic Process Automation. In this, Google Cloud Vision is used to match specified images with the images on the web to find their original or multiple sources and, thereby, authenticity. In this way, text-based and media-based messages containing falsified details can be detected. © 2022 Author(s).",Yes,"The paper titled ""Using machine learning and robotic process automation for misinformation detection on Twitter: Analysing the tweets on Covid-19 pandemic"" should be included in the systematic review because it meets all the inclusion criteria. Firstly, the paper is written in English, which satisfies the language requirement. Secondly, it is a peer-reviewed conference proceeding, as indicated by its publication in AIP Conference Proceedings, indicating that it is a legitimate publication type. The paper directly investigates automated techniques for detecting misinformation on Twitter, specifically through text-based and media-based analyses, in the context of fact-checking during the Covid-19 pandemic. Furthermore, the study includes evaluation metrics such as the F1-score for assessing the performance of machine learning classifiers, which contributes to the understanding of how to evaluate truthfulness in this domain. Overall, the paper provides a relevant contribution to the field of truthfulness assessment in fact-checking.",prompt-CoT
896,10.1109/TCSS.2023.3246479,OptNet-Fake: Fake News Detection in Socio-Cyber Platforms Using Grasshopper Optimization and Deep Neural Network,Kumar S.; Kumar A.; Mallik A.; Singh R.R.,2024,Convolutional neural network (CNN); fake news detection; feature selection; grasshopper optimization algorithm (GOA); term frequency inverse document frequency (TF-IDF),IEEE Transactions on Computational Social Systems,"Exposure to half-truths or lies has the potential to undermine democracies, polarize public opinion, and promote violent extremism. Identifying the veracity of fake news is a challenging task in distributed and disparate cyber-socio platforms. To enhance the trustworthiness of news on these platforms, in this article, we put forward a fake news detection model, OptNet-Fake. The proposed model is architecturally a hybrid that uses a meta-heuristic algorithm to select features based on usefulness and trains a deep neural network to detect fake news in social media. The d -D feature vectors for the textual data are initially extracted using the term frequency inverse document frequency (TF-IDF) weighting technique. The extracted features are then directed to a modified grasshopper optimization (MGO) algorithm, which selects the most salient features in the text. The selected features are then fed to various convolutional neural networks (CNNs) with different filter sizes to process them and obtain the n -gram features from the text. These extracted features are finally concatenated for the detection of fake news. The results are evaluated for four real-world fake news datasets using standard evaluation metrics. A comparison with different meta-heuristic algorithms and recent fake news detection methods is also done. The results distinctly endorse the superior performance of the proposed OptNet-Fake model over contemporary models across various datasets. © 2014 IEEE.",Yes,"The paper titled ""OptNet-Fake: Fake News Detection in Socio-Cyber Platforms Using Grasshopper Optimization and Deep Neural Network"" should be included in the systematic review because it meets all the inclusion criteria. Firstly, the paper is written in English, which satisfies the language requirement. Secondly, it is a peer-reviewed journal article, as indicated by its publication in IEEE Transactions on Computational Social Systems, indicating that it is a legitimate publication type. The paper directly investigates fake news detection using a hybrid model combining grasshopper optimization and deep neural networks in the context of fact-checking. Furthermore, the study includes standard evaluation metrics to assess the performance of the proposed OptNet-Fake model, which contributes to the understanding of how to evaluate truthfulness in this domain. Overall, the paper provides a relevant contribution to the field of truthfulness assessment in fact-checking.",prompt-CoT
3673,10.1007/978-981-19-8234-7_1,G-Fake: Tell Me How It is Shared and I Shall Tell You If It is Fake,Abbassi Saber N.; Guerraoui R.; Kermarrec A.-M.; Maurer A.,2022,Fake news detection; Graph embedding; Influence graph,Communications in Computer and Information Science,"The propagation of fake news is an increasingly serious concern in social platforms, and designing methods to automatically detect them and limit their spread is an important research challenge. Most existing methods rely on inspecting the content of news to decide on their veracity, but this information is not always available. In this paper, we present G-Fake (Graph-Fake), the first fake-news detection method that is entirely network-based. G-Fake only relies on the sharing history of news items. It does not assume any information on the content of these items (e.g. text or pictures), nor on the trustworthiness of users. In fact, G-Fake does not even require access to the underlying social graph, nor to the interactions between users. Our experimental evaluation conducted on real-world data shows that G-Fake can limit the spread of fake news in the earliest stages of propagation with an accuracy of 96.8%. © 2022, The Author(s), under exclusive license to Springer Nature Singapore Pte Ltd.",Yes,"The paper titled ""G-Fake: Tell Me How It is Shared and I Shall Tell You If It is Fake"" should be included in the systematic review because it meets all the inclusion criteria. Firstly, the paper is written in English, which satisfies the language requirement. Secondly, it is a peer-reviewed publication in the Communications in Computer and Information Science series, indicating that it is a legitimate publication type. The paper directly investigates fake news detection using a network-based approach, specifically through graph embedding and influence graphs, in the context of fact-checking. Furthermore, the study includes an experimental evaluation with a reported accuracy of 96.8%, which contributes to the understanding of how to evaluate truthfulness in this domain. Overall, the paper provides a relevant contribution to the field of truthfulness assessment in fact-checking.",prompt-CoT
873,10.1007/978-3-031-58495-4_28,Multilingual Fake News Detection in Low-Resource Languages: A Comparative Study Using BERT and GPT-3.5,Anirudh K.; Srikanth M.; Shahina A.,2024,BERT; Classification; Fake news detection; Fine-tuning; GPT-3.5; Low-resource languages; Multilingual,Communications in Computer and Information Science,"This paper presents a novel attempt at evaluating the authenticity of Tamil news headlines using large language models (LLMs) and evaluating it besides transformer models and existing machine learning results. To tackle this classification task, two potent models—the transformer-based BERT and the LLM, gpt-3.5-turbo—are deployed and fine-tuned to distinguish genuine from fabricated news headlines. Through careful fine-tuning and training of BERT, m-BERT, and GPT-3.5-Turbo, we assess their effectiveness, contrasting a bi-directional transformer with a generative transformer for fake news classification. Careful selection leads us to training based on three types of inputs: (1) Tamil news with English translations and author information; (2) Tamil news with author information only; and (3) English news with author information only. Our evaluation yields intriguing insights, showing that models trained on inputs with English versions consistently outperform those relying solely on Tamil text. Performance metrics, including accuracy, precision, recall, and F1-score, imply the superiority of the LLM -based gpt-3.5-turbo, achieving an accuracy of 0.92, precision of 0.902, recall of 0.949, and F1-score of 0.925. This highlights the effectiveness of LLMs in Tamil fake news classification. Moreover, these findings stress the significance of multilingual data processing for bolstering the accuracy of news headline classification systems. They also provide valuable insights for enhancing the reliability and precision of fake news detection systems in multilingual environments. © The Author(s), under exclusive license to Springer Nature Switzerland AG 2024.",Yes,"The paper titled ""Multilingual Fake News Detection in Low-Resource Languages: A Comparative Study Using BERT and GPT-3.5"" should be included in the systematic review because it meets all the inclusion criteria. Firstly, the paper is written in English, which satisfies the language requirement. Secondly, it is a peer-reviewed conference proceeding, as indicated by its publication in the Communications in Computer and Information Science series, indicating that it is a legitimate publication type. The paper directly investigates automated techniques for detecting fake news headlines using large language models (LLMs) like BERT and GPT-3.5 in the context of fact-checking. Furthermore, the study includes evaluation metrics such as accuracy, precision, recall, and F1-score, which contributes to the understanding of how to evaluate truthfulness in this domain. Overall, the paper provides a relevant contribution to the field of truthfulness assessment in fact-checking.",prompt-CoT
3707,10.1109/ICICCS53718.2022.9788271,Empirical Framework for Automatic Detection of Neural and Human Authored Fake News,Gupta A.; Singhal A.; Mahajan A.; Jolly A.; Kumar S.,2022,Adversarial Attack; BERT; COVID-19; CT-BERT; Fake News; GPT-2; Human-authored News; Machine-generated News; Neural News,"Proceedings - 2022 6th International Conference on Intelligent Computing and Control Systems, ICICCS 2022","The evolution of digitization and technology has increased the amount of data shared online, inevitably leading to the spread of false information. The issue has skyrocketed as COVID-19 spread across the globe and carried with it a sea-full of fake news. Recent technological advances, such as automatic text generators, have exacerbated the problem by interpolating synthetic text into the fake news. Current fake news detection approaches do not take into account the validity of synthetic news (machine-generated news), thus classifying all machine-generated material as fake. In this paper, the first-ever synthetic news classification model using CT-BERT is implemented, and a framework is proposed that not only distinguishes between human-authored and machine-generated text, but also considers the veracity of text to detect fake news. Moreover, a novel COVID-19 based synthetically generated dataset has been introduced by fusing synthetic text generated by GPT-2 and Grover model. Further, whether the GPT-2 and Grover models are vulnerable to adversarial attacks or not has been investigated. An accuracy of 98.2% and 92.4% respectively in the fake news classification of human-authored and machine-generated text have been achieved. © 2022 IEEE.",Yes,"The paper titled ""Empirical Framework for Automatic Detection of Neural and Human Authored Fake News"" should be included in the systematic review because it meets all the inclusion criteria. Firstly, the paper is written in English, which satisfies the language requirement. Secondly, it is a peer-reviewed conference proceeding, as indicated by its publication in the Proceedings - 2022 6th International Conference on Intelligent Computing and Control Systems, ICICCS 2022, indicating that it is a legitimate publication type. The paper directly investigates the automatic detection of fake news, distinguishing between human-authored and machine-generated text, and considering the veracity of text to detect fake news in the context of fact-checking. Furthermore, the study includes evaluation metrics such as accuracy, achieving 98.2% and 92.4% respectively in the fake news classification of human-authored and machine-generated text, which contributes to the understanding of how to evaluate truthfulness in this domain. Overall, the paper provides a relevant contribution to the field of truthfulness assessment in fact-checking.",prompt-CoT
6470,10.1155/2019/9236910,Visual and Textual Analysis for Image Trustworthiness Assessment within Online News,Lago F.; Phan Q.-T.; Boato G.; Venčkauskas A.,2019,,Security and Communication Networks,"The majority of news published online presents one or more images or videos, which make the news more easily consumed and therefore more attractive to huge audiences. As a consequence, news with catchy multimedia content can be spread and get viral extremely quickly. Unfortunately, the availability and sophistication of photo editing software are erasing the line between pristine and manipulated content. Given that images have the power of bias and influence the opinion and behavior of readers, the need of automatic techniques to assess the authenticity of images is straightforward. This paper aims at detecting images published within online news that have either been maliciously modified or that do not represent accurately the event the news is mentioning. The proposed approach composes image forensic algorithms for detecting image tampering, and textual analysis as a verifier of images that are misaligned to textual content. Furthermore, textual analysis can be considered as a complementary source of information supporting image forensics techniques when they falsely detect or falsely ignore image tampering due to heavy image postprocessing. The devised method is tested on three datasets. The performance on the first two shows interesting results, with F1-score generally higher than 75%. The third dataset has an exploratory intent; in fact, although showing that the methodology is not ready for completely unsupervised scenarios, it is possible to investigate possible problems and controversial cases that might arise in real-world scenarios. © 2019 Federica Lago et al.",Yes,"The paper titled ""Visual and Textual Analysis for Image Trustworthiness Assessment within Online News"" should be included in the systematic review because it meets all the inclusion criteria. Firstly, the paper is written in English, which satisfies the language requirement. Secondly, it is a peer-reviewed journal article, indicating that it is a legitimate publication type. The paper directly investigates automated techniques for assessing image trustworthiness within online news, specifically detecting images that have been maliciously modified or do not accurately represent the event being reported, in the context of fact-checking. Furthermore, the study includes evaluation metrics such as the F1-score, which contributes to the understanding of how to evaluate truthfulness in this domain. Overall, the paper provides a relevant contribution to the field of truthfulness assessment in fact-checking.",prompt-CoT
3337,10.1145/3555611,Who's in the Crowd Matters: Cognitive Factors and Beliefs Predict Misinformation Assessment Accuracy,"Kaufman, Robert A. and Haupt, Michael Robert and Dow, Steven P.",2022,"social media, misinformation, crowdsourcing, bias",Proc. ACM Hum.-Comput. Interact.,"Misinformation runs rampant on social media and has been tied to adverse health behaviors such as vaccine hesitancy. Crowdsourcing can be a means to detect and impede the spread of misinformation online. However, past studies have not deeply examined the individual characteristics - such as cognitive factors and biases - that predict crowdworker accuracy at identifying misinformation. In our study (n = 265), Amazon Mechanical Turk (MTurk) workers and university students assessed the truthfulness and sentiment of COVID-19 related tweets as well as answered several surveys on personal characteristics. Results support the viability of crowdsourcing for assessing misinformation and content stance (i.e., sentiment) related to ongoing and politically-charged topics like the COVID-19 pandemic, however, alignment with experts depends on who is in the crowd. Specifically, we find that respondents with high Cognitive Reflection Test (CRT) scores, conscientiousness, and trust in medical scientists are more aligned with experts while respondents with high Need for Cognitive Closure (NFCC) and those who lean politically conservative are less aligned with experts. We see differences between recruitment platforms as well, as our data shows university students are on average more aligned with experts than MTurk workers, most likely due to overall differences in participant characteristics on each platform. Results offer transparency into how crowd composition affects misinformation and stance assessment and have implications on future crowd recruitment and filtering practices.",Yes,"The paper titled ""Who's in the Crowd Matters: Cognitive Factors and Beliefs Predict Misinformation Assessment Accuracy"" should be included in the systematic review because it meets all the inclusion criteria. Firstly, the paper is written in English, which satisfies the language requirement. Secondly, it is a peer-reviewed conference proceeding, as indicated by its publication in Proc. ACM Hum.-Comput. Interact., indicating that it is a legitimate publication type. The paper directly investigates the assessment of misinformation and truthfulness in the context of fact-checking on social media platforms, specifically through crowdsourcing methods. Furthermore, the study includes an examination of how individual characteristics such as cognitive factors and biases predict crowdworker accuracy at identifying misinformation, which contributes to the understanding of how to evaluate truthfulness in this domain. Although it does not explicitly mention traditional evaluation metrics like accuracy or precision, its focus on predicting assessment accuracy and alignment with expert opinions offers valuable insights into the conceptual framework for evaluating truthfulness in fact-checking. Overall, the paper provides a relevant contribution to the field of truthfulness assessment in fact-checking.",prompt-CoT
1805,,OE-MDL: Optimized Ensemble Machine and Deep Learning for Fake News Detection,Ganpat R.R.; Ramnath S.V.,2024,Fack news; Ibk; J48; LSTM; NaiveBayes; OE-MDL; RandomForest; SMO,International Journal of Intelligent Systems and Applications in Engineering,"The escalating spread of fake news in the modern digital landscape has sparked significant concerns over the reliability and integrity of online content. Identifying and mitigating fake news is critical for protecting individuals, organizations, and broader society from the adverse effects of misinformation. However, conventional fake news detection methods, such as rule-based systems, supervised machine learning, and natural language processing (NLP) techniques, are impeded by notable drawbacks. Rule-based strategies are rigid and inflexible, supervised learning models often fail to generalize beyond their training data, and NLP methods struggle to fully understand the subtleties and context of language. In response to these challenges, this study presents the Optimized Ensemble Machine and Deep Learning (OE-MDL) algorithm, a sophisticated approach designed to efficiently and accurately detect fake news. The OE-MDL algorithm enhances detection capabilities by incorporating a series of preprocessing steps: converting text to lowercase, tokenization, eliminating stop words, applying word stemming and lemmatization, and conducting spell-checks. It also involves generating n-grams and calculating term frequency-inverse document frequency (TF-IDF) scores, capturing a wide spectrum of linguistic and statistical features that help distinguish between genuine and fraudulent news. The OE-MDL framework enhances classification precision and robustness by integrating optimized machine learning (OML) and optimized deep learning (ODL) phases. In the OML phase, advanced classifiers, including optimized RandomForest, J48, SMO, LSTM, NaiveBayes, and IBk, are amalgamated with an optimized Multilayer Perceptron serving as the Meta classifier. This amalgamation forms the foundation for a bagging classifier, which is then utilized within an AdaBoostM1 boosting classifier. Similarly, the ODL phase employs a Dl4jMlpClassifier as a basis for another bagging and AdaBoostM1 boosting sequence. The OML and ODL classifiers are then synergized through a blending classifier using weighted voting to accurately categorize the training data. The well-trained blending classifier is subsequently deployed to determine the authenticity of news articles in the test dataset. Empirical results underscore the superior performance of the OE-MDL algorithm, achieving unprecedented accuracy (99.87%), precision (99.88%), recall (95.87%), and F1-Score (99.96%). This performance indicates that the OE-MDL algorithm is an exceptionally effective tool in the ongoing battle against the proliferation of fake news, providing a robust and reliable means of upholding the integrity of information in the digital age. © 2024, Ismail Saritas. All rights reserved.",Yes,"The paper titled ""OE-MDL: Optimized Ensemble Machine and Deep Learning for Fake News Detection"" should be included in the systematic review because it meets all the inclusion criteria. Firstly, the paper is written in English, which satisfies the language requirement. Secondly, it is a peer-reviewed journal article, as indicated by its publication in the International Journal of Intelligent Systems and Applications in Engineering, indicating that it is a legitimate publication type. The paper directly investigates automated techniques for detecting fake news, specifically through the development and evaluation of the Optimized Ensemble Machine and Deep Learning (OE-MDL) algorithm, in the context of fact-checking. Furthermore, the study includes specific evaluation metrics such as accuracy, precision, recall, and F1-Score, which contributes to the understanding of how to evaluate truthfulness in this domain. Overall, the paper provides a relevant contribution to the field of truthfulness assessment in fact-checking.",prompt-CoT
2401,10.1109/ICACCS57279.2023.10112856,An Enhanced Approach for Fake News Detection using Ensemble Techniques,Gethsia P.; Juliet S.,2023,Accuracy; Ensemble learners; Fake news detection; Machine Learning; Natural Language Processing; Social Media; Voting Classifier,"2023 9th International Conference on Advanced Computing and Communication Systems, ICACCS 2023","The internet has made it possible for people to access news and information from all over the world, at any time and from any device. Because of the increased use of social media outlets like Twitter and Facebook, news can reach thousands of people in a very short time. It is challenging to find informative content since false information is provided to lead readers to believe false ads. Additionally, Spammers frequently lure readers to click on links that lead to phony websites by using spectacular news headlines. A hybrid approach incorporating ensemble learning with natural language processing should be used to solve this issue. This paper offers a concept and a mechanism for identifying false news using an enhanced machine learning-based approach with a voting classifier. The ensemble learning model helps us to mitigate the individual faults of various models while utilizing their combined strengths to identify patterns in the datasets. By aggregating data points from various domains, classifiers can automatically identify false news and the authenticity of news after being trained on a data set. Improved accuracy, robustness, adaptability, and interpretability are the outcomes of the voting classifier. © 2023 IEEE.",Yes,"The paper titled ""An Enhanced Approach for Fake News Detection using Ensemble Techniques"" should be included in the systematic review because it meets all the inclusion criteria. Firstly, the paper is written in English, which satisfies the language requirement. Secondly, it is a peer-reviewed conference proceeding, indicating that it is a legitimate publication type. The paper directly investigates fake news detection using ensemble techniques and machine learning in the context of fact-checking. Furthermore, the study includes evaluation metrics such as accuracy, which contributes to the understanding of how to evaluate truthfulness in this domain. Overall, the paper provides a relevant contribution to the field of truthfulness assessment in fact-checking.",prompt-CoT
828,10.1007/978-981-97-3242-5_4,"Identification of Misinformation Using Word Embedding Technique Word2Vec, Machine Learning, and Deep Learning Models",Chabukswar A.; Deepa Shenoy P.; Venugopal K.R.,2024,COVID-19 tweets; Deep learning; Fake news; Machine learning; NLP; Text classification; Word2vec embedding technique,Lecture Notes in Networks and Systems,"Real-time news is widely disseminated through the Internet on a global scale. One of the factors contributing to its success is the simple and speedy spread of news. Social networking platforms have a huge user base that includes people of all ages, genders, and social backgrounds. Considering these positive aspects, a serious drawback is the propagation of misinformation, as most individuals read and spread information without giving any thought to its veracity. Researching techniques for news authenticity is so essential. To address this problem, a fake news identification system is created by training the COVID-19 tweets with roughly 12,427 records taken from Kaggle and GitHub repository from three different sets, annotated manually as Fake (0) and Real (1) by cross-checking through websites that verify facts using machine learning classifiers like RF, SVM, LR, NB, and Deep Learning classifiers LSTM and Bi-LSTM. The feature extraction process makes use of the Word2Vec word embedding technique. According to the findings, Bi-LSTM performed better than all the other models in terms of accuracy, scoring 87.3%. © The Author(s), under exclusive license to Springer Nature Singapore Pte Ltd. 2024.",Yes,"The paper titled ""Identification of Misinformation Using Word Embedding Technique Word2Vec, Machine Learning, and Deep Learning Models"" should be included in the systematic review because it meets all the inclusion criteria. Firstly, the paper is written in English, which satisfies the language requirement. Secondly, it is a peer-reviewed chapter in Lecture Notes in Networks and Systems, indicating that it is a legitimate publication type. The paper directly investigates the use of machine learning and deep learning models for identifying misinformation on social media platforms, specifically COVID-19 tweets, in the context of fact-checking. Furthermore, the study includes evaluation metrics such as accuracy, with the Bi-LSTM model achieving an accuracy score of 87.3%, which contributes to the understanding of how to evaluate truthfulness in this domain. Overall, the paper provides a relevant contribution to the field of truthfulness assessment in fact-checking.",prompt-CoT
6871,,The impact of Twitter features on credibility ratings - An explorative examination combining psychological measurements and feature based selection methods,Meinert J.; Aker A.; Krämer N.C.,2019,,Proceedings of the Annual Hawaii International Conference on System Sciences,"In a post-truth age determined by Social Media channels providing large amounts of information of questionable credibility while at the same time people increasingly tend to rely on online information, the ability to detect whether content is believable is developing into an important challenge. Most of the work in that field suggested automated approaches to perform binary classification to determine information veracity. Recipients perspectives and multidimensional psychological credibility measurements have rarely been considered. To fill this gap and gain more insights into the impact of a tweet´s features on perceived credibility, we conducted a survey asking participants (N=2626) to rate the credibility of crisis-related tweets. The resulting 24.823 ratings were used for an explorative feature selection analysis revealing that mostly meta-related features like the number of followers of the author, the count of tweets produced and the ratio of tweet number and days since account creation affect credibility judgments. © 2019 IEEE Computer Society. All rights reserved.",Yes,"The paper titled ""The impact of Twitter features on credibility ratings - An explorative examination combining psychological measurements and feature based selection methods"" should be included in the systematic review because it meets all the inclusion criteria. Firstly, the paper is written in English, which satisfies the language requirement. Secondly, it is a peer-reviewed conference proceeding, as indicated by its publication in the Proceedings of the Annual Hawaii International Conference on System Sciences, indicating that it is a legitimate publication type. The paper directly investigates the impact of Twitter features on perceived credibility in the context of fact-checking, specifically through an explorative feature selection analysis based on participants' ratings of crisis-related tweets. Furthermore, the study contributes to the understanding of how psychological measurements and feature-based selection methods can be used to evaluate truthfulness, providing insights into the factors that affect credibility judgments, such as meta-related features like the number of followers of the author and the count of tweets produced. Overall, the paper provides a relevant contribution to the field of truthfulness assessment in fact-checking.",prompt-CoT
1804,,Tayyab@DravidianLangTech 2024:Detecting Fake News in Malayalam LSTM Approach and Challenges,Zamir M.T.; Tash M.S.; Ahani Z.; Gelbukh A.; Sidorov G.,2024,,"DravidianLangTech 2024 - 4th Workshop on Speech, Vision, and Language Technologies for Dravidian Languages, Proceedings of the Workshop","Global communication has been made easier by the emergence of online social media, but it has also made it easier for ""fake news,"" or information that is misleading or false, to spread. Since this phenomenon presents a significant challenge, reliable detection techniques are required to discern between authentic and fraudulent content. The primary goal of this study is to identify fake news on social media platforms and in Malayalam-language articles by using LSTM (Long Short-Term Memory) model. This research explores this approach in tackling the DravidianLangTech@EACL 2024 tasks.1. Using LSTM networks to differentiate between real and fake content at the comment or post level, Task 1 focuses on classifying social media text. To precisely classify the authenticity of the content, LSTM models are employed, drawing on a variety of sources such as comments on YouTube. Task 2 is dubbed the FakeDetect-Malayalam challenge, wherein Malayalam-language articles with fake news are identified and categorized using LSTM models. In order to successfully navigate the challenges of identifying false information in regional languages, we use lstm model. This algoritms seek to accurately categorize the multiple classes written in Malayalam. In Task 1, the results are encouraging. LSTM models distinguish between orignal and fake social media content with an impressive macro F1 score of 0.78 when testing. The LSTM model’s macro F1 score of 0.2393 indicates that Task 2 offers a more complex landscape. This emphasizes the persistent difficulties in LSTM-based fake news detection across various linguistic contexts and the difficulty of correctly classifying fake news within the context of the Malayalam language. © 2024 Association for Computational Linguistics.",Yes,"The paper titled ""Tayyab@DravidianLangTech 2024:Detecting Fake News in Malayalam LSTM Approach and Challenges"" should be included in the systematic review because it meets all the inclusion criteria. Firstly, the paper is written in English, which satisfies the language requirement. Secondly, it is a peer-reviewed conference proceeding, as indicated by its publication in the proceedings of the DravidianLangTech 2024 workshop, indicating that it is a legitimate publication type. The paper directly investigates the use of LSTM models for detecting fake news in social media and Malayalam-language articles, which falls under the context of fact-checking and truthfulness assessment. Furthermore, the study includes evaluation metrics such as macro F1 scores, which contributes to the understanding of how to evaluate the effectiveness of truthfulness assessment methods in this domain. Overall, the paper provides a relevant contribution to the field of truthfulness assessment in fact-checking.",prompt-CoT
6136,10.1145/3308558.3313718,Reply-Aided Detection of Misinformation via Bayesian Deep Learning,"Zhang, Qiang and Lipani, Aldo and Liang, Shangsong and Yilmaz, Emine",2019,"bayesian analysis, deep learning, misinformation detection",The World Wide Web Conference,"Social media platforms are a plethora of misinformation and its potential negative influence on the public is a growing concern. This concern has drawn the attention of the research community on developing mechanisms to detect misinformation. The task of misinformation detection consists of classifying whether a claim is True or False. Most research concentrates on developing machine learning models, such as neural networks, that outputs a single value in order to predict the veracity of a claim. One of the major problem faced by these models is the inability of representing the uncertainty of the prediction, which is due incomplete or finite available information about the claim being examined. We address this problem by proposing a Bayesian deep learning model. The Bayesian model outputs a distribution used to represent both the prediction and its uncertainty. In addition to the claim content, we also encode auxiliary information given by people's replies to the claim. First, the model encodes a claim to be verified, and generate a prior belief distribution from which we sample a latent variable. Second, the model encodes all the people's replies to the claim in a temporal order through a Long Short Term Memory network in order to summarize their content. This summary is then used to update the prior belief generating the posterior belief. Moreover, in order to train this model, we develop a Stochastic Gradient Variational Bayes algorithm to approximate the analytically intractable posterior distribution. Experiments conducted on two public datasets demonstrate that our model outperforms the state-of-the-art detection models.",Yes,"The paper titled ""Reply-Aided Detection of Misinformation via Bayesian Deep Learning"" should be included in the systematic review because it meets all the inclusion criteria. Firstly, the paper is written in English, which satisfies the language requirement. Secondly, it is a peer-reviewed conference proceeding, as indicated by its publication at The World Wide Web Conference, indicating that it is a legitimate publication type. The paper directly investigates automated techniques for detecting misinformation through a Bayesian deep learning model, which assesses the truthfulness of claims by incorporating people's replies, in the context of fact-checking. Furthermore, the study includes evaluation metrics through experiments conducted on public datasets, comparing its performance to state-of-the-art detection models, which contributes to the understanding of how to evaluate truthfulness in this domain. Overall, the paper provides a relevant contribution to the field of truthfulness assessment in fact-checking.",prompt-CoT
2450,10.3390/app13179553,Mimicking Human Verification Behavior for News Media Credibility Evaluation,Fan W.; Wang Y.; Hu H.,2023,adversarial training; factuality; news media credibility; veracity,Applied Sciences (Switzerland),"The widespread popularity of digital technology has enabled the rapid dissemination of news. However, it has also led to the emergence of “fake news” and the development of a media ecosystem with serious prejudices. If early warnings about the source of fake news are received, this provides better outcomes in preventing its spread. Therefore, the issue of understanding and evaluating the credibility of media has received increasing attention. This work proposes a model of evaluating news media credibility called MiBeMC, which mimics the structure of human verification behavior in networks. Specifically, we first construct an intramodule information feature extractor to simulate the semantic analysis behavior of human information reading. Then, we design a similarity module to mimic the process of obtaining additional information. We also construct an aggregation module. This simulates human verification of correlated content. Finally, we apply regularized adversarial training strategy to train the MiBeMC model. The ablation study results demonstrate the effectiveness of MiBeMC. For the CLEF-task4 development and test dataset, the performance of the MiBeMC over state-of-the-art baseline methods is evaluated and found to be superior. © 2023 by the authors.",Yes,"The paper titled ""Mimicking Human Verification Behavior for News Media Credibility Evaluation"" should be included in the systematic review because it meets all the inclusion criteria. Firstly, the paper is written in English, which satisfies the language requirement. Secondly, it is a peer-reviewed journal article, as indicated by its publication in Applied Sciences (Switzerland), indicating that it is a legitimate publication type. The paper directly investigates news media credibility evaluation through a proposed model called MiBeMC, which mimics human verification behavior, in the context of fact-checking and misinformation detection. Furthermore, the study includes an evaluation of its performance against state-of-the-art baseline methods on specific datasets (CLEF-task4 development and test dataset), implying the use of evaluation metrics for truthfulness assessment, which contributes to the understanding of how to evaluate truthfulness in this domain. Overall, the paper provides a relevant contribution to the field of truthfulness assessment in fact-checking.",prompt-CoT
4766,10.1016/j.ipm.2021.102710,The many dimensions of truthfulness: Crowdsourcing misinformation assessments on a multidimensional scale,Soprano M.; Roitero K.; La Barbera D.; Ceolin D.; Spina D.; Mizzaro S.; Demartini G.,2021,Crowdsourcing; Explainability; Misinformation; Truthfulness,Information Processing and Management,"Recent work has demonstrated the viability of using crowdsourcing as a tool for evaluating the truthfulness of public statements. Under certain conditions such as: (1) having a balanced set of workers with different backgrounds and cognitive abilities; (2) using an adequate set of mechanisms to control the quality of the collected data; and (3) using a coarse grained assessment scale, the crowd can provide reliable identification of fake news. However, fake news are a subtle matter: statements can be just biased (“cherrypicked”), imprecise, wrong, etc. and the unidimensional truth scale used in existing work cannot account for such differences. In this paper we propose a multidimensional notion of truthfulness and we ask the crowd workers to assess seven different dimensions of truthfulness selected based on existing literature: Correctness, Neutrality, Comprehensibility, Precision, Completeness, Speaker's Trustworthiness, and Informativeness. We deploy a set of quality control mechanisms to ensure that the thousands of assessments collected on 180 publicly available fact-checked statements distributed over two datasets are of adequate quality, including a custom search engine used by the crowd workers to find web pages supporting their truthfulness assessments. A comprehensive analysis of crowdsourced judgments shows that: (1) the crowdsourced assessments are reliable when compared to an expert-provided gold standard; (2) the proposed dimensions of truthfulness capture independent pieces of information; (3) the crowdsourcing task can be easily learned by the workers; and (4) the resulting assessments provide a useful basis for a more complete estimation of statement truthfulness. © 2021 Elsevier Ltd",Yes,"The paper titled ""The many dimensions of truthfulness: Crowdsourcing misinformation assessments on a multidimensional scale"" should be included in the systematic review because it meets all the inclusion criteria. Firstly, the paper is written in English, which satisfies the language requirement. Secondly, it is a peer-reviewed journal article, as indicated by its publication in ""Information Processing and Management"", indicating that it is a legitimate publication type. The paper directly investigates crowdsourcing as a tool for evaluating the truthfulness of public statements on a multidimensional scale in the context of fact-checking. Furthermore, the study includes an evaluation of the reliability of crowdsourced assessments compared to an expert-provided gold standard, which contributes to the understanding of how to evaluate truthfulness in this domain. Overall, the paper provides a relevant contribution to the field of truthfulness assessment in fact-checking.",prompt-CoT
1701,10.1037/cbs0000433,Detailing Deception: The Impact of Detail Type and Amount on Perceived Statement Veracity,Cash D.K.; Spenard K.D.; Russell T.D.; Pazos L.A.; Trinka M.E.,2024,core details; deception; peripheral details; veracity assessments,Canadian Journal of Behavioural Science,"Despite its ubiquity in our daily interactions, research continually shows that people are poor detectors of deception, with accuracy hovering at chance levels. Verbal cues to deception have been proven to be a more diagnostic indicator of veracity compared to nonverbal cues. While there are a variety of verbal cues, the deception literature has recently drawn a distinction between centrally or tangentially related details pertaining to the type of information that liars and truthtellers provide. The present study examines how related or unrelated details as well as the quantity of accompanying information impacts statement credibility. Participants read a series of statements that varied the type and amount of information included and provided their veracity judgments. Participants were most sceptical of statements lacking any additional details. Statements were most compelling when they included the maximum amount of information, regardless of whether the details were related or unrelated to the target event. When told that truthtellers are more likely to provide related rather than unrelated details (Experiment 2), participants readily incorporated this information into their veracity assessments. These data suggest that while more details may initially enhance statement believability, people can distinguish between related and unrelated details when informed of their distinction. © 2024 Canadian Psychological Association",Yes,"The paper titled ""Detailing Deception: The Impact of Detail Type and Amount on Perceived Statement Veracity"" should be included in the systematic review because it meets all the inclusion criteria. Firstly, the paper is written in English, which satisfies the language requirement. Secondly, it is a peer-reviewed journal article, indicating that it is a legitimate publication type. The paper directly investigates the impact of detail type and amount on perceived statement veracity in the context of fact-checking, specifically examining how related or unrelated details as well as the quantity of accompanying information impacts statement credibility. Furthermore, the study contributes to the understanding of how people assess truthfulness by providing insights into veracity judgments based on the type and amount of information included in statements. Overall, the paper provides a relevant contribution to the field of truthfulness assessment in fact-checking.",prompt-CoT
4715,10.1109/IJCNN52387.2021.9533916,MulCoB-MulFaV: Multimodal Content Based Multilingual Fact Verification,Roy A.; Ekbal A.,2021,fact verification; multi-lingual; multimodal,Proceedings of the International Joint Conference on Neural Networks,"Verifying fact of multimodal (text, image and/or videos) reports is emerging as an important challenge to prevent circulation of fake news reports in various online platform. Moreover, such reports often being posted in local languages penetrate even faster, making the problem more complex. To tackle such problem many fact verifying web sites have emerged, which deploys humans to manually find the truthfulness of such reports with the help of multimodal contents that are being used in such report. But in recent times, due to diversity of the problem owing to various political, and malicious motives, the existing (manual) system fails to handle the enormity. Existing content based approaches rely only on textual content of such reports and fail to handle the multimodal nature. On the other hand, existing multimodal based approaches rely only on the report based and user based features, and fail to interpret the fake contents with evidences. In this work, we propose a novel end-to-end automated multimodal content based multilingual fact verification system, which automates the task of fact verifying web sites, and provides evidences for every judgment. Evaluation results on three benchmark datasets show the robustness and effectiveness of our approach. © 2021 IEEE.",Yes,"The paper titled ""MulCoB-MulFaV: Multimodal Content Based Multilingual Fact Verification"" should be included in the systematic review because it meets all the inclusion criteria. Firstly, the paper is written in English, which satisfies the language requirement. Secondly, it is a peer-reviewed conference proceeding, as indicated by its publication in the Proceedings of the International Joint Conference on Neural Networks, indicating that it is a legitimate publication type. The paper directly investigates automated multimodal content-based multilingual fact verification in the context of fact-checking, focusing on verifying the truthfulness of reports that include text, images, and/or videos. Furthermore, the study includes evaluation results on three benchmark datasets, which implies the use of specific metrics to assess the effectiveness of the proposed approach, contributing to the understanding of how to evaluate truthfulness in this domain. Overall, the paper provides a relevant contribution to the field of truthfulness assessment in fact-checking.",prompt-CoT
4779,10.1080/13614568.2021.1889691,A study of fake news reading and annotating in social media context,Simko J.; Racsko P.; Tomlein M.; Hanakova M.; Moro R.; Bielikova M.,2021,dataset; eye tracking; Fake news; misinformation; reading; social media; user study,New Review of Hypermedia and Multimedia,"The online spreading of fake news is a major issue threatening entire societies. Much of this spreading is enabled by new media formats, namely social networks and online media sites. Researchers and practitioners have been trying to answer this by characterising the fake news and devising automated methods for detecting them. The detection methods had so far only limited success, mostly due to the complexity of the news content and context and lack of properly annotated datasets. One possible way to boost the efficiency of automated misinformation detection methods is to imitate the detection work of humans. It is also important to understand the news consumption behaviour of online users. In this paper, we present an eye-tracking study, in which we let 44 lay participants to casually read through a social media feed containing posts with news articles, some of which were fake. In a second run, we asked the participants to decide on the truthfulness of these articles. We also describe a follow-up qualitative study with a similar scenario but this time with seven expert fake news annotators. We present the description of both studies, characteristics of the resulting dataset (which we hereby publish) and several findings. © 2021 Informa UK Limited, trading as Taylor & Francis Group.",Yes,"The paper titled ""A study of fake news reading and annotating in social media context"" should be included in the systematic review because it meets all the inclusion criteria. Firstly, the paper is written in English, which satisfies the language requirement. Secondly, it is a peer-reviewed journal article, indicating that it is a legitimate publication type. The paper directly investigates human detection of fake news and the process of annotating news articles for truthfulness in the context of fact-checking on social media. Furthermore, the study contributes to the understanding of how humans evaluate truthfulness, which can inform the development of automated or semi-automated methods for detecting misinformation, thereby providing a relevant conceptual framework for evaluating truthfulness in this domain. Overall, the paper provides a relevant contribution to the field of truthfulness assessment in fact-checking.",prompt-CoT
