embedding_model,topic_id,topic_label,document_id,score,x,y,density,color,label,cohesive
paraphrase-MiniLM-L6-v2,-1,Misinformation & Propaganda,4,,-3.9905307,4.1019483,2.902117967605591,"(np.float64(0.12156862745098039), np.float64(0.4666666666666667), np.float64(0.7058823529411765), np.float64(1.0))","T-1
2.90",False
paraphrase-MiniLM-L6-v2,-1,Misinformation & Propaganda,5,,-4.8505244,3.3333423,2.902117967605591,"(np.float64(0.12156862745098039), np.float64(0.4666666666666667), np.float64(0.7058823529411765), np.float64(1.0))","T-1
2.90",False
paraphrase-MiniLM-L6-v2,-1,Misinformation & Propaganda,6,,-4.8300104,3.5524397,2.902117967605591,"(np.float64(0.12156862745098039), np.float64(0.4666666666666667), np.float64(0.7058823529411765), np.float64(1.0))","T-1
2.90",False
paraphrase-MiniLM-L6-v2,-1,Misinformation & Propaganda,7,,-4.7929564,5.110469,2.902117967605591,"(np.float64(0.12156862745098039), np.float64(0.4666666666666667), np.float64(0.7058823529411765), np.float64(1.0))","T-1
2.90",False
paraphrase-MiniLM-L6-v2,-1,Misinformation & Propaganda,11,,-4.3429685,4.6576185,2.902117967605591,"(np.float64(0.12156862745098039), np.float64(0.4666666666666667), np.float64(0.7058823529411765), np.float64(1.0))","T-1
2.90",False
paraphrase-MiniLM-L6-v2,-1,Misinformation & Propaganda,12,,0.21704665,4.031877,2.902117967605591,"(np.float64(0.12156862745098039), np.float64(0.4666666666666667), np.float64(0.7058823529411765), np.float64(1.0))","T-1
2.90",False
paraphrase-MiniLM-L6-v2,-1,Misinformation & Propaganda,13,,-1.0859187,4.6301694,2.902117967605591,"(np.float64(0.12156862745098039), np.float64(0.4666666666666667), np.float64(0.7058823529411765), np.float64(1.0))","T-1
2.90",False
paraphrase-MiniLM-L6-v2,-1,Misinformation & Propaganda,14,,-0.9990102,4.7089047,2.902117967605591,"(np.float64(0.12156862745098039), np.float64(0.4666666666666667), np.float64(0.7058823529411765), np.float64(1.0))","T-1
2.90",False
paraphrase-MiniLM-L6-v2,-1,Misinformation & Propaganda,18,,-4.9388175,4.3221602,2.902117967605591,"(np.float64(0.12156862745098039), np.float64(0.4666666666666667), np.float64(0.7058823529411765), np.float64(1.0))","T-1
2.90",False
paraphrase-MiniLM-L6-v2,-1,Misinformation & Propaganda,19,,-5.030263,5.277638,2.902117967605591,"(np.float64(0.12156862745098039), np.float64(0.4666666666666667), np.float64(0.7058823529411765), np.float64(1.0))","T-1
2.90",False
paraphrase-MiniLM-L6-v2,-1,Misinformation & Propaganda,20,,0.48695257,3.8472044,2.902117967605591,"(np.float64(0.12156862745098039), np.float64(0.4666666666666667), np.float64(0.7058823529411765), np.float64(1.0))","T-1
2.90",False
paraphrase-MiniLM-L6-v2,-1,Misinformation & Propaganda,21,,-3.02317,5.4345326,2.902117967605591,"(np.float64(0.12156862745098039), np.float64(0.4666666666666667), np.float64(0.7058823529411765), np.float64(1.0))","T-1
2.90",False
paraphrase-MiniLM-L6-v2,-1,Misinformation & Propaganda,24,,0.28250924,2.964363,2.902117967605591,"(np.float64(0.12156862745098039), np.float64(0.4666666666666667), np.float64(0.7058823529411765), np.float64(1.0))","T-1
2.90",False
paraphrase-MiniLM-L6-v2,-1,Misinformation & Propaganda,25,,-0.15525365,3.0091217,2.902117967605591,"(np.float64(0.12156862745098039), np.float64(0.4666666666666667), np.float64(0.7058823529411765), np.float64(1.0))","T-1
2.90",False
paraphrase-MiniLM-L6-v2,-1,Misinformation & Propaganda,28,,0.52023804,3.0389686,2.902117967605591,"(np.float64(0.12156862745098039), np.float64(0.4666666666666667), np.float64(0.7058823529411765), np.float64(1.0))","T-1
2.90",False
paraphrase-MiniLM-L6-v2,-1,Misinformation & Propaganda,29,,-2.449355,4.32241,2.902117967605591,"(np.float64(0.12156862745098039), np.float64(0.4666666666666667), np.float64(0.7058823529411765), np.float64(1.0))","T-1
2.90",False
paraphrase-MiniLM-L6-v2,-1,Misinformation & Propaganda,32,,-0.6966131,4.5086374,2.902117967605591,"(np.float64(0.12156862745098039), np.float64(0.4666666666666667), np.float64(0.7058823529411765), np.float64(1.0))","T-1
2.90",False
paraphrase-MiniLM-L6-v2,-1,Misinformation & Propaganda,38,,-2.228494,5.09268,2.902117967605591,"(np.float64(0.12156862745098039), np.float64(0.4666666666666667), np.float64(0.7058823529411765), np.float64(1.0))","T-1
2.90",False
paraphrase-MiniLM-L6-v2,-1,Misinformation & Propaganda,41,,-5.057314,4.591781,2.902117967605591,"(np.float64(0.12156862745098039), np.float64(0.4666666666666667), np.float64(0.7058823529411765), np.float64(1.0))","T-1
2.90",False
paraphrase-MiniLM-L6-v2,-1,Misinformation & Propaganda,43,,-4.0500956,4.5802703,2.902117967605591,"(np.float64(0.12156862745098039), np.float64(0.4666666666666667), np.float64(0.7058823529411765), np.float64(1.0))","T-1
2.90",False
paraphrase-MiniLM-L6-v2,-1,Misinformation & Propaganda,51,,-5.459691,5.5392,2.902117967605591,"(np.float64(0.12156862745098039), np.float64(0.4666666666666667), np.float64(0.7058823529411765), np.float64(1.0))","T-1
2.90",False
paraphrase-MiniLM-L6-v2,-1,Misinformation & Propaganda,60,,-3.0615506,3.5654533,2.902117967605591,"(np.float64(0.12156862745098039), np.float64(0.4666666666666667), np.float64(0.7058823529411765), np.float64(1.0))","T-1
2.90",False
paraphrase-MiniLM-L6-v2,-1,Misinformation & Propaganda,80,,0.6989256,4.0596986,2.902117967605591,"(np.float64(0.12156862745098039), np.float64(0.4666666666666667), np.float64(0.7058823529411765), np.float64(1.0))","T-1
2.90",False
paraphrase-MiniLM-L6-v2,-1,Misinformation & Propaganda,82,,0.6093407,3.0927055,2.902117967605591,"(np.float64(0.12156862745098039), np.float64(0.4666666666666667), np.float64(0.7058823529411765), np.float64(1.0))","T-1
2.90",False
paraphrase-MiniLM-L6-v2,-1,Misinformation & Propaganda,85,,-5.525109,5.358042,2.902117967605591,"(np.float64(0.12156862745098039), np.float64(0.4666666666666667), np.float64(0.7058823529411765), np.float64(1.0))","T-1
2.90",False
paraphrase-MiniLM-L6-v2,-1,Misinformation & Propaganda,94,,-4.3060513,3.6026669,2.902117967605591,"(np.float64(0.12156862745098039), np.float64(0.4666666666666667), np.float64(0.7058823529411765), np.float64(1.0))","T-1
2.90",False
paraphrase-MiniLM-L6-v2,-1,Misinformation & Propaganda,95,,-0.5853527,3.9961612,2.902117967605591,"(np.float64(0.12156862745098039), np.float64(0.4666666666666667), np.float64(0.7058823529411765), np.float64(1.0))","T-1
2.90",False
paraphrase-MiniLM-L6-v2,-1,Misinformation & Propaganda,98,,-1.5317163,3.3431497,2.902117967605591,"(np.float64(0.12156862745098039), np.float64(0.4666666666666667), np.float64(0.7058823529411765), np.float64(1.0))","T-1
2.90",False
paraphrase-MiniLM-L6-v2,-1,Misinformation & Propaganda,99,,-2.3286583,5.460289,2.902117967605591,"(np.float64(0.12156862745098039), np.float64(0.4666666666666667), np.float64(0.7058823529411765), np.float64(1.0))","T-1
2.90",False
paraphrase-MiniLM-L6-v2,-1,Misinformation & Propaganda,101,,-5.7144346,2.744148,2.902117967605591,"(np.float64(0.12156862745098039), np.float64(0.4666666666666667), np.float64(0.7058823529411765), np.float64(1.0))","T-1
2.90",False
paraphrase-MiniLM-L6-v2,-1,Misinformation & Propaganda,111,,-5.6865478,3.3721867,2.902117967605591,"(np.float64(0.12156862745098039), np.float64(0.4666666666666667), np.float64(0.7058823529411765), np.float64(1.0))","T-1
2.90",False
paraphrase-MiniLM-L6-v2,-1,Misinformation & Propaganda,115,,-5.2988887,5.1215105,2.902117967605591,"(np.float64(0.12156862745098039), np.float64(0.4666666666666667), np.float64(0.7058823529411765), np.float64(1.0))","T-1
2.90",False
paraphrase-MiniLM-L6-v2,-1,Misinformation & Propaganda,118,,-3.8086283,4.164777,2.902117967605591,"(np.float64(0.12156862745098039), np.float64(0.4666666666666667), np.float64(0.7058823529411765), np.float64(1.0))","T-1
2.90",False
paraphrase-MiniLM-L6-v2,-1,Misinformation & Propaganda,125,,-2.6295629,4.1769757,2.902117967605591,"(np.float64(0.12156862745098039), np.float64(0.4666666666666667), np.float64(0.7058823529411765), np.float64(1.0))","T-1
2.90",False
paraphrase-MiniLM-L6-v2,-1,Misinformation & Propaganda,128,,-5.922212,2.7673829,2.902117967605591,"(np.float64(0.12156862745098039), np.float64(0.4666666666666667), np.float64(0.7058823529411765), np.float64(1.0))","T-1
2.90",False
paraphrase-MiniLM-L6-v2,-1,Misinformation & Propaganda,135,,-5.704493,3.7868247,2.902117967605591,"(np.float64(0.12156862745098039), np.float64(0.4666666666666667), np.float64(0.7058823529411765), np.float64(1.0))","T-1
2.90",False
paraphrase-MiniLM-L6-v2,-1,Misinformation & Propaganda,136,,-6.2539845,3.7853777,2.902117967605591,"(np.float64(0.12156862745098039), np.float64(0.4666666666666667), np.float64(0.7058823529411765), np.float64(1.0))","T-1
2.90",False
paraphrase-MiniLM-L6-v2,-1,Misinformation & Propaganda,138,,-4.9261446,5.73489,2.902117967605591,"(np.float64(0.12156862745098039), np.float64(0.4666666666666667), np.float64(0.7058823529411765), np.float64(1.0))","T-1
2.90",False
paraphrase-MiniLM-L6-v2,-1,Misinformation & Propaganda,139,,-1.9114661,1.8844671,2.902117967605591,"(np.float64(0.12156862745098039), np.float64(0.4666666666666667), np.float64(0.7058823529411765), np.float64(1.0))","T-1
2.90",False
paraphrase-MiniLM-L6-v2,-1,Misinformation & Propaganda,140,,-5.2846575,4.4587274,2.902117967605591,"(np.float64(0.12156862745098039), np.float64(0.4666666666666667), np.float64(0.7058823529411765), np.float64(1.0))","T-1
2.90",False
paraphrase-MiniLM-L6-v2,-1,Misinformation & Propaganda,141,,-1.2082812,1.7903645,2.902117967605591,"(np.float64(0.12156862745098039), np.float64(0.4666666666666667), np.float64(0.7058823529411765), np.float64(1.0))","T-1
2.90",False
paraphrase-MiniLM-L6-v2,-1,Misinformation & Propaganda,143,,-5.8866158,2.964931,2.902117967605591,"(np.float64(0.12156862745098039), np.float64(0.4666666666666667), np.float64(0.7058823529411765), np.float64(1.0))","T-1
2.90",False
paraphrase-MiniLM-L6-v2,-1,Misinformation & Propaganda,146,,-5.4282002,5.446847,2.902117967605591,"(np.float64(0.12156862745098039), np.float64(0.4666666666666667), np.float64(0.7058823529411765), np.float64(1.0))","T-1
2.90",False
paraphrase-MiniLM-L6-v2,-1,Misinformation & Propaganda,148,,-4.706774,5.29983,2.902117967605591,"(np.float64(0.12156862745098039), np.float64(0.4666666666666667), np.float64(0.7058823529411765), np.float64(1.0))","T-1
2.90",False
paraphrase-MiniLM-L6-v2,-1,Misinformation & Propaganda,151,,-5.3697805,5.621389,2.902117967605591,"(np.float64(0.12156862745098039), np.float64(0.4666666666666667), np.float64(0.7058823529411765), np.float64(1.0))","T-1
2.90",False
paraphrase-MiniLM-L6-v2,-1,Misinformation & Propaganda,153,,-4.2118344,5.0713735,2.902117967605591,"(np.float64(0.12156862745098039), np.float64(0.4666666666666667), np.float64(0.7058823529411765), np.float64(1.0))","T-1
2.90",False
paraphrase-MiniLM-L6-v2,-1,Misinformation & Propaganda,156,,-5.603083,4.2666607,2.902117967605591,"(np.float64(0.12156862745098039), np.float64(0.4666666666666667), np.float64(0.7058823529411765), np.float64(1.0))","T-1
2.90",False
paraphrase-MiniLM-L6-v2,-1,Misinformation & Propaganda,158,,-4.4142604,4.1814666,2.902117967605591,"(np.float64(0.12156862745098039), np.float64(0.4666666666666667), np.float64(0.7058823529411765), np.float64(1.0))","T-1
2.90",False
paraphrase-MiniLM-L6-v2,-1,Misinformation & Propaganda,159,,-2.9937196,4.4138427,2.902117967605591,"(np.float64(0.12156862745098039), np.float64(0.4666666666666667), np.float64(0.7058823529411765), np.float64(1.0))","T-1
2.90",False
paraphrase-MiniLM-L6-v2,-1,Misinformation & Propaganda,160,,-5.624298,4.4387455,2.902117967605591,"(np.float64(0.12156862745098039), np.float64(0.4666666666666667), np.float64(0.7058823529411765), np.float64(1.0))","T-1
2.90",False
paraphrase-MiniLM-L6-v2,-1,Misinformation & Propaganda,164,,-2.78304,5.542683,2.902117967605591,"(np.float64(0.12156862745098039), np.float64(0.4666666666666667), np.float64(0.7058823529411765), np.float64(1.0))","T-1
2.90",False
paraphrase-MiniLM-L6-v2,-1,Misinformation & Propaganda,165,,-5.014855,5.201566,2.902117967605591,"(np.float64(0.12156862745098039), np.float64(0.4666666666666667), np.float64(0.7058823529411765), np.float64(1.0))","T-1
2.90",False
paraphrase-MiniLM-L6-v2,-1,Misinformation & Propaganda,167,,-5.470058,5.051921,2.902117967605591,"(np.float64(0.12156862745098039), np.float64(0.4666666666666667), np.float64(0.7058823529411765), np.float64(1.0))","T-1
2.90",False
paraphrase-MiniLM-L6-v2,-1,Misinformation & Propaganda,168,,-5.954009,3.79818,2.902117967605591,"(np.float64(0.12156862745098039), np.float64(0.4666666666666667), np.float64(0.7058823529411765), np.float64(1.0))","T-1
2.90",False
paraphrase-MiniLM-L6-v2,-1,Misinformation & Propaganda,170,,-1.045305,3.2445138,2.902117967605591,"(np.float64(0.12156862745098039), np.float64(0.4666666666666667), np.float64(0.7058823529411765), np.float64(1.0))","T-1
2.90",False
paraphrase-MiniLM-L6-v2,-1,Misinformation & Propaganda,176,,-1.1027288,4.1740594,2.902117967605591,"(np.float64(0.12156862745098039), np.float64(0.4666666666666667), np.float64(0.7058823529411765), np.float64(1.0))","T-1
2.90",False
paraphrase-MiniLM-L6-v2,-1,Misinformation & Propaganda,180,,-2.9539647,2.7618499,2.902117967605591,"(np.float64(0.12156862745098039), np.float64(0.4666666666666667), np.float64(0.7058823529411765), np.float64(1.0))","T-1
2.90",False
paraphrase-MiniLM-L6-v2,-1,Misinformation & Propaganda,182,,-1.3627443,3.7701724,2.902117967605591,"(np.float64(0.12156862745098039), np.float64(0.4666666666666667), np.float64(0.7058823529411765), np.float64(1.0))","T-1
2.90",False
paraphrase-MiniLM-L6-v2,-1,Misinformation & Propaganda,185,,-1.4385719,3.8315847,2.902117967605591,"(np.float64(0.12156862745098039), np.float64(0.4666666666666667), np.float64(0.7058823529411765), np.float64(1.0))","T-1
2.90",False
paraphrase-MiniLM-L6-v2,-1,Misinformation & Propaganda,196,,0.028387912,3.741851,2.902117967605591,"(np.float64(0.12156862745098039), np.float64(0.4666666666666667), np.float64(0.7058823529411765), np.float64(1.0))","T-1
2.90",False
paraphrase-MiniLM-L6-v2,-1,Misinformation & Propaganda,197,,0.3858273,3.5489178,2.902117967605591,"(np.float64(0.12156862745098039), np.float64(0.4666666666666667), np.float64(0.7058823529411765), np.float64(1.0))","T-1
2.90",False
paraphrase-MiniLM-L6-v2,-1,Misinformation & Propaganda,198,,-0.28199244,4.9007616,2.902117967605591,"(np.float64(0.12156862745098039), np.float64(0.4666666666666667), np.float64(0.7058823529411765), np.float64(1.0))","T-1
2.90",False
paraphrase-MiniLM-L6-v2,-1,Misinformation & Propaganda,202,,0.33168706,3.6832407,2.902117967605591,"(np.float64(0.12156862745098039), np.float64(0.4666666666666667), np.float64(0.7058823529411765), np.float64(1.0))","T-1
2.90",False
paraphrase-MiniLM-L6-v2,-1,Misinformation & Propaganda,210,,-0.02974489,4.09779,2.902117967605591,"(np.float64(0.12156862745098039), np.float64(0.4666666666666667), np.float64(0.7058823529411765), np.float64(1.0))","T-1
2.90",False
paraphrase-MiniLM-L6-v2,-1,Misinformation & Propaganda,220,,-4.9685354,5.3640327,2.902117967605591,"(np.float64(0.12156862745098039), np.float64(0.4666666666666667), np.float64(0.7058823529411765), np.float64(1.0))","T-1
2.90",False
paraphrase-MiniLM-L6-v2,-1,Misinformation & Propaganda,221,,-5.4408393,3.8828087,2.902117967605591,"(np.float64(0.12156862745098039), np.float64(0.4666666666666667), np.float64(0.7058823529411765), np.float64(1.0))","T-1
2.90",False
paraphrase-MiniLM-L6-v2,-1,Misinformation & Propaganda,223,,-3.7107792,4.4222293,2.902117967605591,"(np.float64(0.12156862745098039), np.float64(0.4666666666666667), np.float64(0.7058823529411765), np.float64(1.0))","T-1
2.90",False
paraphrase-MiniLM-L6-v2,-1,Misinformation & Propaganda,227,,-3.7484121,3.0839639,2.902117967605591,"(np.float64(0.12156862745098039), np.float64(0.4666666666666667), np.float64(0.7058823529411765), np.float64(1.0))","T-1
2.90",False
paraphrase-MiniLM-L6-v2,-1,Misinformation & Propaganda,229,,0.06620207,3.6894197,2.902117967605591,"(np.float64(0.12156862745098039), np.float64(0.4666666666666667), np.float64(0.7058823529411765), np.float64(1.0))","T-1
2.90",False
paraphrase-MiniLM-L6-v2,-1,Misinformation & Propaganda,231,,-5.1719546,5.070034,2.902117967605591,"(np.float64(0.12156862745098039), np.float64(0.4666666666666667), np.float64(0.7058823529411765), np.float64(1.0))","T-1
2.90",False
paraphrase-MiniLM-L6-v2,-1,Misinformation & Propaganda,234,,-0.15139128,4.179104,2.902117967605591,"(np.float64(0.12156862745098039), np.float64(0.4666666666666667), np.float64(0.7058823529411765), np.float64(1.0))","T-1
2.90",False
paraphrase-MiniLM-L6-v2,-1,Misinformation & Propaganda,237,,0.7317578,3.5691664,2.902117967605591,"(np.float64(0.12156862745098039), np.float64(0.4666666666666667), np.float64(0.7058823529411765), np.float64(1.0))","T-1
2.90",False
paraphrase-MiniLM-L6-v2,-1,Misinformation & Propaganda,244,,0.86252135,3.6486826,2.902117967605591,"(np.float64(0.12156862745098039), np.float64(0.4666666666666667), np.float64(0.7058823529411765), np.float64(1.0))","T-1
2.90",False
paraphrase-MiniLM-L6-v2,-1,Misinformation & Propaganda,248,,0.07552604,3.0355904,2.902117967605591,"(np.float64(0.12156862745098039), np.float64(0.4666666666666667), np.float64(0.7058823529411765), np.float64(1.0))","T-1
2.90",False
paraphrase-MiniLM-L6-v2,-1,Misinformation & Propaganda,252,,-2.4648676,4.4652658,2.902117967605591,"(np.float64(0.12156862745098039), np.float64(0.4666666666666667), np.float64(0.7058823529411765), np.float64(1.0))","T-1
2.90",False
paraphrase-MiniLM-L6-v2,-1,Misinformation & Propaganda,253,,-4.9358954,3.4407973,2.902117967605591,"(np.float64(0.12156862745098039), np.float64(0.4666666666666667), np.float64(0.7058823529411765), np.float64(1.0))","T-1
2.90",False
paraphrase-MiniLM-L6-v2,-1,Misinformation & Propaganda,254,,-5.0128503,3.0393636,2.902117967605591,"(np.float64(0.12156862745098039), np.float64(0.4666666666666667), np.float64(0.7058823529411765), np.float64(1.0))","T-1
2.90",False
paraphrase-MiniLM-L6-v2,-1,Misinformation & Propaganda,255,,-5.404082,5.3156815,2.902117967605591,"(np.float64(0.12156862745098039), np.float64(0.4666666666666667), np.float64(0.7058823529411765), np.float64(1.0))","T-1
2.90",False
paraphrase-MiniLM-L6-v2,-1,Misinformation & Propaganda,257,,-3.6330214,4.351478,2.902117967605591,"(np.float64(0.12156862745098039), np.float64(0.4666666666666667), np.float64(0.7058823529411765), np.float64(1.0))","T-1
2.90",False
paraphrase-MiniLM-L6-v2,-1,Misinformation & Propaganda,260,,-2.1660414,2.4805136,2.902117967605591,"(np.float64(0.12156862745098039), np.float64(0.4666666666666667), np.float64(0.7058823529411765), np.float64(1.0))","T-1
2.90",False
paraphrase-MiniLM-L6-v2,-1,Misinformation & Propaganda,261,,-2.3304443,3.6283321,2.902117967605591,"(np.float64(0.12156862745098039), np.float64(0.4666666666666667), np.float64(0.7058823529411765), np.float64(1.0))","T-1
2.90",False
paraphrase-MiniLM-L6-v2,-1,Misinformation & Propaganda,262,,-0.7782429,3.967915,2.902117967605591,"(np.float64(0.12156862745098039), np.float64(0.4666666666666667), np.float64(0.7058823529411765), np.float64(1.0))","T-1
2.90",False
paraphrase-MiniLM-L6-v2,-1,Misinformation & Propaganda,264,,-4.434086,4.6875434,2.902117967605591,"(np.float64(0.12156862745098039), np.float64(0.4666666666666667), np.float64(0.7058823529411765), np.float64(1.0))","T-1
2.90",False
paraphrase-MiniLM-L6-v2,-1,Misinformation & Propaganda,265,,-5.4365163,4.846577,2.902117967605591,"(np.float64(0.12156862745098039), np.float64(0.4666666666666667), np.float64(0.7058823529411765), np.float64(1.0))","T-1
2.90",False
paraphrase-MiniLM-L6-v2,-1,Misinformation & Propaganda,266,,0.583586,3.6569889,2.902117967605591,"(np.float64(0.12156862745098039), np.float64(0.4666666666666667), np.float64(0.7058823529411765), np.float64(1.0))","T-1
2.90",False
paraphrase-MiniLM-L6-v2,-1,Misinformation & Propaganda,271,,0.69420505,3.0717206,2.902117967605591,"(np.float64(0.12156862745098039), np.float64(0.4666666666666667), np.float64(0.7058823529411765), np.float64(1.0))","T-1
2.90",False
paraphrase-MiniLM-L6-v2,-1,Misinformation & Propaganda,273,,-4.4131474,4.37609,2.902117967605591,"(np.float64(0.12156862745098039), np.float64(0.4666666666666667), np.float64(0.7058823529411765), np.float64(1.0))","T-1
2.90",False
paraphrase-MiniLM-L6-v2,-1,Misinformation & Propaganda,274,,-2.4681535,4.0766625,2.902117967605591,"(np.float64(0.12156862745098039), np.float64(0.4666666666666667), np.float64(0.7058823529411765), np.float64(1.0))","T-1
2.90",False
paraphrase-MiniLM-L6-v2,-1,Misinformation & Propaganda,283,,-1.1931049,2.1746502,2.902117967605591,"(np.float64(0.12156862745098039), np.float64(0.4666666666666667), np.float64(0.7058823529411765), np.float64(1.0))","T-1
2.90",False
paraphrase-MiniLM-L6-v2,-1,Misinformation & Propaganda,288,,-3.4911792,3.2248464,2.902117967605591,"(np.float64(0.12156862745098039), np.float64(0.4666666666666667), np.float64(0.7058823529411765), np.float64(1.0))","T-1
2.90",False
paraphrase-MiniLM-L6-v2,-1,Misinformation & Propaganda,292,,-3.4895916,3.9037116,2.902117967605591,"(np.float64(0.12156862745098039), np.float64(0.4666666666666667), np.float64(0.7058823529411765), np.float64(1.0))","T-1
2.90",False
paraphrase-MiniLM-L6-v2,-1,Misinformation & Propaganda,293,,-5.655268,2.6123238,2.902117967605591,"(np.float64(0.12156862745098039), np.float64(0.4666666666666667), np.float64(0.7058823529411765), np.float64(1.0))","T-1
2.90",False
paraphrase-MiniLM-L6-v2,-1,Misinformation & Propaganda,294,,-6.321366,3.7836666,2.902117967605591,"(np.float64(0.12156862745098039), np.float64(0.4666666666666667), np.float64(0.7058823529411765), np.float64(1.0))","T-1
2.90",False
paraphrase-MiniLM-L6-v2,-1,Misinformation & Propaganda,295,,-4.136082,3.915046,2.902117967605591,"(np.float64(0.12156862745098039), np.float64(0.4666666666666667), np.float64(0.7058823529411765), np.float64(1.0))","T-1
2.90",False
paraphrase-MiniLM-L6-v2,-1,Misinformation & Propaganda,302,,-2.2822733,2.823961,2.902117967605591,"(np.float64(0.12156862745098039), np.float64(0.4666666666666667), np.float64(0.7058823529411765), np.float64(1.0))","T-1
2.90",False
paraphrase-MiniLM-L6-v2,-1,Misinformation & Propaganda,307,,-3.5744653,3.6683204,2.902117967605591,"(np.float64(0.12156862745098039), np.float64(0.4666666666666667), np.float64(0.7058823529411765), np.float64(1.0))","T-1
2.90",False
paraphrase-MiniLM-L6-v2,-1,Misinformation & Propaganda,309,,-4.4589205,3.8602998,2.902117967605591,"(np.float64(0.12156862745098039), np.float64(0.4666666666666667), np.float64(0.7058823529411765), np.float64(1.0))","T-1
2.90",False
paraphrase-MiniLM-L6-v2,-1,Misinformation & Propaganda,310,,-5.901243,3.9001498,2.902117967605591,"(np.float64(0.12156862745098039), np.float64(0.4666666666666667), np.float64(0.7058823529411765), np.float64(1.0))","T-1
2.90",False
paraphrase-MiniLM-L6-v2,-1,Misinformation & Propaganda,315,,-5.519531,4.6906934,2.902117967605591,"(np.float64(0.12156862745098039), np.float64(0.4666666666666667), np.float64(0.7058823529411765), np.float64(1.0))","T-1
2.90",False
paraphrase-MiniLM-L6-v2,-1,Misinformation & Propaganda,317,,-5.247103,2.85525,2.902117967605591,"(np.float64(0.12156862745098039), np.float64(0.4666666666666667), np.float64(0.7058823529411765), np.float64(1.0))","T-1
2.90",False
paraphrase-MiniLM-L6-v2,-1,Misinformation & Propaganda,319,,-4.944102,1.9684904,2.902117967605591,"(np.float64(0.12156862745098039), np.float64(0.4666666666666667), np.float64(0.7058823529411765), np.float64(1.0))","T-1
2.90",False
paraphrase-MiniLM-L6-v2,-1,Misinformation & Propaganda,321,,-5.8894353,4.52615,2.902117967605591,"(np.float64(0.12156862745098039), np.float64(0.4666666666666667), np.float64(0.7058823529411765), np.float64(1.0))","T-1
2.90",False
paraphrase-MiniLM-L6-v2,-1,Misinformation & Propaganda,322,,-5.4914236,2.5089989,2.902117967605591,"(np.float64(0.12156862745098039), np.float64(0.4666666666666667), np.float64(0.7058823529411765), np.float64(1.0))","T-1
2.90",False
paraphrase-MiniLM-L6-v2,-1,Misinformation & Propaganda,324,,-2.7292404,5.3875036,2.902117967605591,"(np.float64(0.12156862745098039), np.float64(0.4666666666666667), np.float64(0.7058823529411765), np.float64(1.0))","T-1
2.90",False
paraphrase-MiniLM-L6-v2,-1,Misinformation & Propaganda,326,,-4.650718,2.672397,2.902117967605591,"(np.float64(0.12156862745098039), np.float64(0.4666666666666667), np.float64(0.7058823529411765), np.float64(1.0))","T-1
2.90",False
paraphrase-MiniLM-L6-v2,-1,Misinformation & Propaganda,327,,-4.1925592,4.285549,2.902117967605591,"(np.float64(0.12156862745098039), np.float64(0.4666666666666667), np.float64(0.7058823529411765), np.float64(1.0))","T-1
2.90",False
paraphrase-MiniLM-L6-v2,-1,Misinformation & Propaganda,329,,-4.967777,2.0418425,2.902117967605591,"(np.float64(0.12156862745098039), np.float64(0.4666666666666667), np.float64(0.7058823529411765), np.float64(1.0))","T-1
2.90",False
paraphrase-MiniLM-L6-v2,-1,Misinformation & Propaganda,331,,-4.921423,4.1727176,2.902117967605591,"(np.float64(0.12156862745098039), np.float64(0.4666666666666667), np.float64(0.7058823529411765), np.float64(1.0))","T-1
2.90",False
paraphrase-MiniLM-L6-v2,-1,Misinformation & Propaganda,332,,-5.3681345,3.0910213,2.902117967605591,"(np.float64(0.12156862745098039), np.float64(0.4666666666666667), np.float64(0.7058823529411765), np.float64(1.0))","T-1
2.90",False
paraphrase-MiniLM-L6-v2,-1,Misinformation & Propaganda,333,,-5.4948153,2.7464435,2.902117967605591,"(np.float64(0.12156862745098039), np.float64(0.4666666666666667), np.float64(0.7058823529411765), np.float64(1.0))","T-1
2.90",False
paraphrase-MiniLM-L6-v2,-1,Misinformation & Propaganda,341,,-3.3641758,2.5432274,2.902117967605591,"(np.float64(0.12156862745098039), np.float64(0.4666666666666667), np.float64(0.7058823529411765), np.float64(1.0))","T-1
2.90",False
paraphrase-MiniLM-L6-v2,-1,Misinformation & Propaganda,342,,-6.051609,5.202955,2.902117967605591,"(np.float64(0.12156862745098039), np.float64(0.4666666666666667), np.float64(0.7058823529411765), np.float64(1.0))","T-1
2.90",False
paraphrase-MiniLM-L6-v2,-1,Misinformation & Propaganda,344,,-4.9226084,4.7422986,2.902117967605591,"(np.float64(0.12156862745098039), np.float64(0.4666666666666667), np.float64(0.7058823529411765), np.float64(1.0))","T-1
2.90",False
paraphrase-MiniLM-L6-v2,-1,Misinformation & Propaganda,345,,-5.2103677,5.0536337,2.902117967605591,"(np.float64(0.12156862745098039), np.float64(0.4666666666666667), np.float64(0.7058823529411765), np.float64(1.0))","T-1
2.90",False
paraphrase-MiniLM-L6-v2,-1,Misinformation & Propaganda,346,,-4.677181,4.1664357,2.902117967605591,"(np.float64(0.12156862745098039), np.float64(0.4666666666666667), np.float64(0.7058823529411765), np.float64(1.0))","T-1
2.90",False
paraphrase-MiniLM-L6-v2,-1,Misinformation & Propaganda,354,,-5.7215323,3.8576186,2.902117967605591,"(np.float64(0.12156862745098039), np.float64(0.4666666666666667), np.float64(0.7058823529411765), np.float64(1.0))","T-1
2.90",False
paraphrase-MiniLM-L6-v2,-1,Misinformation & Propaganda,359,,-5.94658,3.9084673,2.902117967605591,"(np.float64(0.12156862745098039), np.float64(0.4666666666666667), np.float64(0.7058823529411765), np.float64(1.0))","T-1
2.90",False
paraphrase-MiniLM-L6-v2,-1,Misinformation & Propaganda,363,,-3.43014,3.5688274,2.902117967605591,"(np.float64(0.12156862745098039), np.float64(0.4666666666666667), np.float64(0.7058823529411765), np.float64(1.0))","T-1
2.90",False
paraphrase-MiniLM-L6-v2,-1,Misinformation & Propaganda,365,,-5.334154,4.371474,2.902117967605591,"(np.float64(0.12156862745098039), np.float64(0.4666666666666667), np.float64(0.7058823529411765), np.float64(1.0))","T-1
2.90",False
paraphrase-MiniLM-L6-v2,-1,Misinformation & Propaganda,367,,-4.109751,5.1502843,2.902117967605591,"(np.float64(0.12156862745098039), np.float64(0.4666666666666667), np.float64(0.7058823529411765), np.float64(1.0))","T-1
2.90",False
paraphrase-MiniLM-L6-v2,-1,Misinformation & Propaganda,369,,-5.1008773,3.8187857,2.902117967605591,"(np.float64(0.12156862745098039), np.float64(0.4666666666666667), np.float64(0.7058823529411765), np.float64(1.0))","T-1
2.90",False
paraphrase-MiniLM-L6-v2,-1,Misinformation & Propaganda,371,,-4.383158,5.022625,2.902117967605591,"(np.float64(0.12156862745098039), np.float64(0.4666666666666667), np.float64(0.7058823529411765), np.float64(1.0))","T-1
2.90",False
paraphrase-MiniLM-L6-v2,-1,Misinformation & Propaganda,373,,-0.29649663,4.7305264,2.902117967605591,"(np.float64(0.12156862745098039), np.float64(0.4666666666666667), np.float64(0.7058823529411765), np.float64(1.0))","T-1
2.90",False
paraphrase-MiniLM-L6-v2,-1,Misinformation & Propaganda,374,,-0.33044222,3.7442923,2.902117967605591,"(np.float64(0.12156862745098039), np.float64(0.4666666666666667), np.float64(0.7058823529411765), np.float64(1.0))","T-1
2.90",False
paraphrase-MiniLM-L6-v2,-1,Misinformation & Propaganda,375,,-3.3452945,2.5860023,2.902117967605591,"(np.float64(0.12156862745098039), np.float64(0.4666666666666667), np.float64(0.7058823529411765), np.float64(1.0))","T-1
2.90",False
paraphrase-MiniLM-L6-v2,-1,Misinformation & Propaganda,377,,-3.866951,3.0849411,2.902117967605591,"(np.float64(0.12156862745098039), np.float64(0.4666666666666667), np.float64(0.7058823529411765), np.float64(1.0))","T-1
2.90",False
paraphrase-MiniLM-L6-v2,-1,Misinformation & Propaganda,381,,0.8862128,3.4689028,2.902117967605591,"(np.float64(0.12156862745098039), np.float64(0.4666666666666667), np.float64(0.7058823529411765), np.float64(1.0))","T-1
2.90",False
paraphrase-MiniLM-L6-v2,-1,Misinformation & Propaganda,383,,-2.6961303,5.050899,2.902117967605591,"(np.float64(0.12156862745098039), np.float64(0.4666666666666667), np.float64(0.7058823529411765), np.float64(1.0))","T-1
2.90",False
paraphrase-MiniLM-L6-v2,-1,Misinformation & Propaganda,384,,-5.3348913,5.1056423,2.902117967605591,"(np.float64(0.12156862745098039), np.float64(0.4666666666666667), np.float64(0.7058823529411765), np.float64(1.0))","T-1
2.90",False
paraphrase-MiniLM-L6-v2,-1,Misinformation & Propaganda,393,,-4.940955,2.6908946,2.902117967605591,"(np.float64(0.12156862745098039), np.float64(0.4666666666666667), np.float64(0.7058823529411765), np.float64(1.0))","T-1
2.90",False
paraphrase-MiniLM-L6-v2,-1,Misinformation & Propaganda,395,,-3.6046278,4.5131426,2.902117967605591,"(np.float64(0.12156862745098039), np.float64(0.4666666666666667), np.float64(0.7058823529411765), np.float64(1.0))","T-1
2.90",False
paraphrase-MiniLM-L6-v2,-1,Misinformation & Propaganda,396,,0.05472599,4.9048977,2.902117967605591,"(np.float64(0.12156862745098039), np.float64(0.4666666666666667), np.float64(0.7058823529411765), np.float64(1.0))","T-1
2.90",False
paraphrase-MiniLM-L6-v2,-1,Misinformation & Propaganda,397,,-0.123671405,4.015612,2.902117967605591,"(np.float64(0.12156862745098039), np.float64(0.4666666666666667), np.float64(0.7058823529411765), np.float64(1.0))","T-1
2.90",False
paraphrase-MiniLM-L6-v2,-1,Misinformation & Propaganda,399,,0.20584369,3.3163946,2.902117967605591,"(np.float64(0.12156862745098039), np.float64(0.4666666666666667), np.float64(0.7058823529411765), np.float64(1.0))","T-1
2.90",False
paraphrase-MiniLM-L6-v2,-1,Misinformation & Propaganda,403,,0.09638393,3.2914116,2.902117967605591,"(np.float64(0.12156862745098039), np.float64(0.4666666666666667), np.float64(0.7058823529411765), np.float64(1.0))","T-1
2.90",False
paraphrase-MiniLM-L6-v2,-1,Misinformation & Propaganda,406,,-0.06994035,3.8493943,2.902117967605591,"(np.float64(0.12156862745098039), np.float64(0.4666666666666667), np.float64(0.7058823529411765), np.float64(1.0))","T-1
2.90",False
paraphrase-MiniLM-L6-v2,-1,Misinformation & Propaganda,410,,-4.6513987,2.605113,2.902117967605591,"(np.float64(0.12156862745098039), np.float64(0.4666666666666667), np.float64(0.7058823529411765), np.float64(1.0))","T-1
2.90",False
paraphrase-MiniLM-L6-v2,-1,Misinformation & Propaganda,411,,-5.8209743,3.939242,2.902117967605591,"(np.float64(0.12156862745098039), np.float64(0.4666666666666667), np.float64(0.7058823529411765), np.float64(1.0))","T-1
2.90",False
paraphrase-MiniLM-L6-v2,-1,Misinformation & Propaganda,416,,-5.213073,3.493845,2.902117967605591,"(np.float64(0.12156862745098039), np.float64(0.4666666666666667), np.float64(0.7058823529411765), np.float64(1.0))","T-1
2.90",False
paraphrase-MiniLM-L6-v2,-1,Misinformation & Propaganda,422,,-6.142776,5.215736,2.902117967605591,"(np.float64(0.12156862745098039), np.float64(0.4666666666666667), np.float64(0.7058823529411765), np.float64(1.0))","T-1
2.90",False
paraphrase-MiniLM-L6-v2,-1,Misinformation & Propaganda,424,,-5.7429705,3.9244096,2.902117967605591,"(np.float64(0.12156862745098039), np.float64(0.4666666666666667), np.float64(0.7058823529411765), np.float64(1.0))","T-1
2.90",False
paraphrase-MiniLM-L6-v2,-1,Misinformation & Propaganda,427,,-0.7420582,3.5834663,2.902117967605591,"(np.float64(0.12156862745098039), np.float64(0.4666666666666667), np.float64(0.7058823529411765), np.float64(1.0))","T-1
2.90",False
paraphrase-MiniLM-L6-v2,-1,Misinformation & Propaganda,435,,-3.0159004,5.3367043,2.902117967605591,"(np.float64(0.12156862745098039), np.float64(0.4666666666666667), np.float64(0.7058823529411765), np.float64(1.0))","T-1
2.90",False
paraphrase-MiniLM-L6-v2,-1,Misinformation & Propaganda,436,,-2.7779286,5.194763,2.902117967605591,"(np.float64(0.12156862745098039), np.float64(0.4666666666666667), np.float64(0.7058823529411765), np.float64(1.0))","T-1
2.90",False
paraphrase-MiniLM-L6-v2,-1,Misinformation & Propaganda,449,,-3.6892467,3.6049705,2.902117967605591,"(np.float64(0.12156862745098039), np.float64(0.4666666666666667), np.float64(0.7058823529411765), np.float64(1.0))","T-1
2.90",False
paraphrase-MiniLM-L6-v2,-1,Misinformation & Propaganda,451,,-5.743473,3.3334856,2.902117967605591,"(np.float64(0.12156862745098039), np.float64(0.4666666666666667), np.float64(0.7058823529411765), np.float64(1.0))","T-1
2.90",False
paraphrase-MiniLM-L6-v2,-1,Misinformation & Propaganda,452,,-3.391731,3.1136024,2.902117967605591,"(np.float64(0.12156862745098039), np.float64(0.4666666666666667), np.float64(0.7058823529411765), np.float64(1.0))","T-1
2.90",False
paraphrase-MiniLM-L6-v2,-1,Misinformation & Propaganda,454,,-4.508839,4.872108,2.902117967605591,"(np.float64(0.12156862745098039), np.float64(0.4666666666666667), np.float64(0.7058823529411765), np.float64(1.0))","T-1
2.90",False
paraphrase-MiniLM-L6-v2,-1,Misinformation & Propaganda,455,,-2.0488088,4.5952945,2.902117967605591,"(np.float64(0.12156862745098039), np.float64(0.4666666666666667), np.float64(0.7058823529411765), np.float64(1.0))","T-1
2.90",False
paraphrase-MiniLM-L6-v2,-1,Misinformation & Propaganda,456,,-5.085974,3.4441838,2.902117967605591,"(np.float64(0.12156862745098039), np.float64(0.4666666666666667), np.float64(0.7058823529411765), np.float64(1.0))","T-1
2.90",False
paraphrase-MiniLM-L6-v2,-1,Misinformation & Propaganda,463,,-4.817904,4.191207,2.902117967605591,"(np.float64(0.12156862745098039), np.float64(0.4666666666666667), np.float64(0.7058823529411765), np.float64(1.0))","T-1
2.90",False
paraphrase-MiniLM-L6-v2,-1,Misinformation & Propaganda,465,,-4.220174,3.5285914,2.902117967605591,"(np.float64(0.12156862745098039), np.float64(0.4666666666666667), np.float64(0.7058823529411765), np.float64(1.0))","T-1
2.90",False
paraphrase-MiniLM-L6-v2,-1,Misinformation & Propaganda,467,,-6.0060334,3.8764029,2.902117967605591,"(np.float64(0.12156862745098039), np.float64(0.4666666666666667), np.float64(0.7058823529411765), np.float64(1.0))","T-1
2.90",False
paraphrase-MiniLM-L6-v2,-1,Misinformation & Propaganda,470,,-5.8122325,2.6812966,2.902117967605591,"(np.float64(0.12156862745098039), np.float64(0.4666666666666667), np.float64(0.7058823529411765), np.float64(1.0))","T-1
2.90",False
paraphrase-MiniLM-L6-v2,-1,Misinformation & Propaganda,471,,-4.6910605,4.731198,2.902117967605591,"(np.float64(0.12156862745098039), np.float64(0.4666666666666667), np.float64(0.7058823529411765), np.float64(1.0))","T-1
2.90",False
paraphrase-MiniLM-L6-v2,-1,Misinformation & Propaganda,474,,-5.363873,4.6318736,2.902117967605591,"(np.float64(0.12156862745098039), np.float64(0.4666666666666667), np.float64(0.7058823529411765), np.float64(1.0))","T-1
2.90",False
paraphrase-MiniLM-L6-v2,-1,Misinformation & Propaganda,476,,-4.259831,3.9398508,2.902117967605591,"(np.float64(0.12156862745098039), np.float64(0.4666666666666667), np.float64(0.7058823529411765), np.float64(1.0))","T-1
2.90",False
paraphrase-MiniLM-L6-v2,-1,Misinformation & Propaganda,477,,-5.0717974,2.795006,2.902117967605591,"(np.float64(0.12156862745098039), np.float64(0.4666666666666667), np.float64(0.7058823529411765), np.float64(1.0))","T-1
2.90",False
paraphrase-MiniLM-L6-v2,-1,Misinformation & Propaganda,478,,-5.73431,3.6894372,2.902117967605591,"(np.float64(0.12156862745098039), np.float64(0.4666666666666667), np.float64(0.7058823529411765), np.float64(1.0))","T-1
2.90",False
paraphrase-MiniLM-L6-v2,-1,Misinformation & Propaganda,479,,-6.0221863,5.1347976,2.902117967605591,"(np.float64(0.12156862745098039), np.float64(0.4666666666666667), np.float64(0.7058823529411765), np.float64(1.0))","T-1
2.90",False
paraphrase-MiniLM-L6-v2,-1,Misinformation & Propaganda,484,,-4.9426517,3.2239902,2.902117967605591,"(np.float64(0.12156862745098039), np.float64(0.4666666666666667), np.float64(0.7058823529411765), np.float64(1.0))","T-1
2.90",False
paraphrase-MiniLM-L6-v2,-1,Misinformation & Propaganda,486,,-4.601895,5.7071486,2.902117967605591,"(np.float64(0.12156862745098039), np.float64(0.4666666666666667), np.float64(0.7058823529411765), np.float64(1.0))","T-1
2.90",False
paraphrase-MiniLM-L6-v2,-1,Misinformation & Propaganda,488,,-5.165153,2.3592398,2.902117967605591,"(np.float64(0.12156862745098039), np.float64(0.4666666666666667), np.float64(0.7058823529411765), np.float64(1.0))","T-1
2.90",False
paraphrase-MiniLM-L6-v2,-1,Misinformation & Propaganda,489,,-5.1504517,4.3414016,2.902117967605591,"(np.float64(0.12156862745098039), np.float64(0.4666666666666667), np.float64(0.7058823529411765), np.float64(1.0))","T-1
2.90",False
paraphrase-MiniLM-L6-v2,-1,Misinformation & Propaganda,490,,-5.841888,4.6949406,2.902117967605591,"(np.float64(0.12156862745098039), np.float64(0.4666666666666667), np.float64(0.7058823529411765), np.float64(1.0))","T-1
2.90",False
paraphrase-MiniLM-L6-v2,-1,Misinformation & Propaganda,499,,-4.793034,4.7372656,2.902117967605591,"(np.float64(0.12156862745098039), np.float64(0.4666666666666667), np.float64(0.7058823529411765), np.float64(1.0))","T-1
2.90",False
paraphrase-MiniLM-L6-v2,-1,Misinformation & Propaganda,500,,-5.2930946,2.955655,2.902117967605591,"(np.float64(0.12156862745098039), np.float64(0.4666666666666667), np.float64(0.7058823529411765), np.float64(1.0))","T-1
2.90",False
paraphrase-MiniLM-L6-v2,-1,Misinformation & Propaganda,501,,-2.77034,5.5643826,2.902117967605591,"(np.float64(0.12156862745098039), np.float64(0.4666666666666667), np.float64(0.7058823529411765), np.float64(1.0))","T-1
2.90",False
paraphrase-MiniLM-L6-v2,-1,Misinformation & Propaganda,503,,-5.165971,4.7727275,2.902117967605591,"(np.float64(0.12156862745098039), np.float64(0.4666666666666667), np.float64(0.7058823529411765), np.float64(1.0))","T-1
2.90",False
paraphrase-MiniLM-L6-v2,-1,Misinformation & Propaganda,504,,-6.167231,3.6599448,2.902117967605591,"(np.float64(0.12156862745098039), np.float64(0.4666666666666667), np.float64(0.7058823529411765), np.float64(1.0))","T-1
2.90",False
paraphrase-MiniLM-L6-v2,-1,Misinformation & Propaganda,506,,-2.7258885,5.4967175,2.902117967605591,"(np.float64(0.12156862745098039), np.float64(0.4666666666666667), np.float64(0.7058823529411765), np.float64(1.0))","T-1
2.90",False
paraphrase-MiniLM-L6-v2,-1,Misinformation & Propaganda,507,,-5.5370874,3.1432583,2.902117967605591,"(np.float64(0.12156862745098039), np.float64(0.4666666666666667), np.float64(0.7058823529411765), np.float64(1.0))","T-1
2.90",False
paraphrase-MiniLM-L6-v2,-1,Misinformation & Propaganda,510,,-4.841556,4.6646576,2.902117967605591,"(np.float64(0.12156862745098039), np.float64(0.4666666666666667), np.float64(0.7058823529411765), np.float64(1.0))","T-1
2.90",False
paraphrase-MiniLM-L6-v2,-1,Misinformation & Propaganda,512,,-2.7226963,5.376788,2.902117967605591,"(np.float64(0.12156862745098039), np.float64(0.4666666666666667), np.float64(0.7058823529411765), np.float64(1.0))","T-1
2.90",False
paraphrase-MiniLM-L6-v2,-1,Misinformation & Propaganda,513,,-5.2900376,4.2649097,2.902117967605591,"(np.float64(0.12156862745098039), np.float64(0.4666666666666667), np.float64(0.7058823529411765), np.float64(1.0))","T-1
2.90",False
paraphrase-MiniLM-L6-v2,-1,Misinformation & Propaganda,514,,-4.9934945,3.3097694,2.902117967605591,"(np.float64(0.12156862745098039), np.float64(0.4666666666666667), np.float64(0.7058823529411765), np.float64(1.0))","T-1
2.90",False
paraphrase-MiniLM-L6-v2,-1,Misinformation & Propaganda,517,,-3.8047109,3.9413624,2.902117967605591,"(np.float64(0.12156862745098039), np.float64(0.4666666666666667), np.float64(0.7058823529411765), np.float64(1.0))","T-1
2.90",False
paraphrase-MiniLM-L6-v2,-1,Misinformation & Propaganda,519,,-0.10533912,3.3077648,2.902117967605591,"(np.float64(0.12156862745098039), np.float64(0.4666666666666667), np.float64(0.7058823529411765), np.float64(1.0))","T-1
2.90",False
paraphrase-MiniLM-L6-v2,-1,Misinformation & Propaganda,522,,-1.2438458,4.5281663,2.902117967605591,"(np.float64(0.12156862745098039), np.float64(0.4666666666666667), np.float64(0.7058823529411765), np.float64(1.0))","T-1
2.90",False
paraphrase-MiniLM-L6-v2,-1,Misinformation & Propaganda,523,,-2.1989334,4.392161,2.902117967605591,"(np.float64(0.12156862745098039), np.float64(0.4666666666666667), np.float64(0.7058823529411765), np.float64(1.0))","T-1
2.90",False
paraphrase-MiniLM-L6-v2,-1,Misinformation & Propaganda,528,,-0.04630405,4.426985,2.902117967605591,"(np.float64(0.12156862745098039), np.float64(0.4666666666666667), np.float64(0.7058823529411765), np.float64(1.0))","T-1
2.90",False
paraphrase-MiniLM-L6-v2,-1,Misinformation & Propaganda,530,,-3.4028676,2.7932632,2.902117967605591,"(np.float64(0.12156862745098039), np.float64(0.4666666666666667), np.float64(0.7058823529411765), np.float64(1.0))","T-1
2.90",False
paraphrase-MiniLM-L6-v2,-1,Misinformation & Propaganda,533,,0.4492821,3.3091478,2.902117967605591,"(np.float64(0.12156862745098039), np.float64(0.4666666666666667), np.float64(0.7058823529411765), np.float64(1.0))","T-1
2.90",False
paraphrase-MiniLM-L6-v2,-1,Misinformation & Propaganda,537,,-0.9358105,4.6217384,2.902117967605591,"(np.float64(0.12156862745098039), np.float64(0.4666666666666667), np.float64(0.7058823529411765), np.float64(1.0))","T-1
2.90",False
paraphrase-MiniLM-L6-v2,-1,Misinformation & Propaganda,539,,-2.6659627,3.6790943,2.902117967605591,"(np.float64(0.12156862745098039), np.float64(0.4666666666666667), np.float64(0.7058823529411765), np.float64(1.0))","T-1
2.90",False
paraphrase-MiniLM-L6-v2,-1,Misinformation & Propaganda,540,,1.0661446,3.616512,2.902117967605591,"(np.float64(0.12156862745098039), np.float64(0.4666666666666667), np.float64(0.7058823529411765), np.float64(1.0))","T-1
2.90",False
paraphrase-MiniLM-L6-v2,-1,Misinformation & Propaganda,543,,-1.5859836,2.2730346,2.902117967605591,"(np.float64(0.12156862745098039), np.float64(0.4666666666666667), np.float64(0.7058823529411765), np.float64(1.0))","T-1
2.90",False
paraphrase-MiniLM-L6-v2,-1,Misinformation & Propaganda,550,,-6.0876613,3.653072,2.902117967605591,"(np.float64(0.12156862745098039), np.float64(0.4666666666666667), np.float64(0.7058823529411765), np.float64(1.0))","T-1
2.90",False
paraphrase-MiniLM-L6-v2,-1,Misinformation & Propaganda,553,,-5.3918314,4.0511074,2.902117967605591,"(np.float64(0.12156862745098039), np.float64(0.4666666666666667), np.float64(0.7058823529411765), np.float64(1.0))","T-1
2.90",False
paraphrase-MiniLM-L6-v2,-1,Misinformation & Propaganda,555,,0.06308603,3.381374,2.902117967605591,"(np.float64(0.12156862745098039), np.float64(0.4666666666666667), np.float64(0.7058823529411765), np.float64(1.0))","T-1
2.90",False
paraphrase-MiniLM-L6-v2,-1,Misinformation & Propaganda,563,,0.35843816,3.4236565,2.902117967605591,"(np.float64(0.12156862745098039), np.float64(0.4666666666666667), np.float64(0.7058823529411765), np.float64(1.0))","T-1
2.90",False
paraphrase-MiniLM-L6-v2,-1,Misinformation & Propaganda,564,,-5.7487626,5.3703094,2.902117967605591,"(np.float64(0.12156862745098039), np.float64(0.4666666666666667), np.float64(0.7058823529411765), np.float64(1.0))","T-1
2.90",False
paraphrase-MiniLM-L6-v2,-1,Misinformation & Propaganda,566,,-0.23590612,3.0430741,2.902117967605591,"(np.float64(0.12156862745098039), np.float64(0.4666666666666667), np.float64(0.7058823529411765), np.float64(1.0))","T-1
2.90",False
paraphrase-MiniLM-L6-v2,-1,Misinformation & Propaganda,569,,-5.5359106,4.759934,2.902117967605591,"(np.float64(0.12156862745098039), np.float64(0.4666666666666667), np.float64(0.7058823529411765), np.float64(1.0))","T-1
2.90",False
paraphrase-MiniLM-L6-v2,-1,Misinformation & Propaganda,575,,-4.2713637,1.8365018,2.902117967605591,"(np.float64(0.12156862745098039), np.float64(0.4666666666666667), np.float64(0.7058823529411765), np.float64(1.0))","T-1
2.90",False
paraphrase-MiniLM-L6-v2,-1,Misinformation & Propaganda,585,,-4.256029,2.8056936,2.902117967605591,"(np.float64(0.12156862745098039), np.float64(0.4666666666666667), np.float64(0.7058823529411765), np.float64(1.0))","T-1
2.90",False
paraphrase-MiniLM-L6-v2,-1,Misinformation & Propaganda,587,,0.47678643,3.7575662,2.902117967605591,"(np.float64(0.12156862745098039), np.float64(0.4666666666666667), np.float64(0.7058823529411765), np.float64(1.0))","T-1
2.90",False
paraphrase-MiniLM-L6-v2,-1,Misinformation & Propaganda,588,,-0.25144437,4.1092534,2.902117967605591,"(np.float64(0.12156862745098039), np.float64(0.4666666666666667), np.float64(0.7058823529411765), np.float64(1.0))","T-1
2.90",False
paraphrase-MiniLM-L6-v2,-1,Misinformation & Propaganda,593,,-3.6084795,3.7562864,2.902117967605591,"(np.float64(0.12156862745098039), np.float64(0.4666666666666667), np.float64(0.7058823529411765), np.float64(1.0))","T-1
2.90",False
paraphrase-MiniLM-L6-v2,-1,Misinformation & Propaganda,594,,-2.530874,5.572475,2.902117967605591,"(np.float64(0.12156862745098039), np.float64(0.4666666666666667), np.float64(0.7058823529411765), np.float64(1.0))","T-1
2.90",False
paraphrase-MiniLM-L6-v2,-1,Misinformation & Propaganda,596,,-2.5955677,4.8576508,2.902117967605591,"(np.float64(0.12156862745098039), np.float64(0.4666666666666667), np.float64(0.7058823529411765), np.float64(1.0))","T-1
2.90",False
paraphrase-MiniLM-L6-v2,-1,Misinformation & Propaganda,597,,-5.907161,4.4579225,2.902117967605591,"(np.float64(0.12156862745098039), np.float64(0.4666666666666667), np.float64(0.7058823529411765), np.float64(1.0))","T-1
2.90",False
paraphrase-MiniLM-L6-v2,-1,Misinformation & Propaganda,598,,-5.2622046,4.786633,2.902117967605591,"(np.float64(0.12156862745098039), np.float64(0.4666666666666667), np.float64(0.7058823529411765), np.float64(1.0))","T-1
2.90",False
paraphrase-MiniLM-L6-v2,-1,Misinformation & Propaganda,599,,-5.3039804,5.4665227,2.902117967605591,"(np.float64(0.12156862745098039), np.float64(0.4666666666666667), np.float64(0.7058823529411765), np.float64(1.0))","T-1
2.90",False
paraphrase-MiniLM-L6-v2,-1,Misinformation & Propaganda,603,,-4.773311,2.7693267,2.902117967605591,"(np.float64(0.12156862745098039), np.float64(0.4666666666666667), np.float64(0.7058823529411765), np.float64(1.0))","T-1
2.90",False
paraphrase-MiniLM-L6-v2,-1,Misinformation & Propaganda,606,,-4.682511,2.6565826,2.902117967605591,"(np.float64(0.12156862745098039), np.float64(0.4666666666666667), np.float64(0.7058823529411765), np.float64(1.0))","T-1
2.90",False
paraphrase-MiniLM-L6-v2,-1,Misinformation & Propaganda,609,,-4.362848,4.8441386,2.902117967605591,"(np.float64(0.12156862745098039), np.float64(0.4666666666666667), np.float64(0.7058823529411765), np.float64(1.0))","T-1
2.90",False
paraphrase-MiniLM-L6-v2,-1,Misinformation & Propaganda,610,,-4.5572066,4.842234,2.902117967605591,"(np.float64(0.12156862745098039), np.float64(0.4666666666666667), np.float64(0.7058823529411765), np.float64(1.0))","T-1
2.90",False
paraphrase-MiniLM-L6-v2,-1,Misinformation & Propaganda,615,,-5.2876,3.5296881,2.902117967605591,"(np.float64(0.12156862745098039), np.float64(0.4666666666666667), np.float64(0.7058823529411765), np.float64(1.0))","T-1
2.90",False
paraphrase-MiniLM-L6-v2,-1,Misinformation & Propaganda,617,,-4.9737344,2.9801335,2.902117967605591,"(np.float64(0.12156862745098039), np.float64(0.4666666666666667), np.float64(0.7058823529411765), np.float64(1.0))","T-1
2.90",False
paraphrase-MiniLM-L6-v2,-1,Misinformation & Propaganda,621,,-5.9883556,3.28691,2.902117967605591,"(np.float64(0.12156862745098039), np.float64(0.4666666666666667), np.float64(0.7058823529411765), np.float64(1.0))","T-1
2.90",False
paraphrase-MiniLM-L6-v2,-1,Misinformation & Propaganda,622,,-2.8544595,5.372142,2.902117967605591,"(np.float64(0.12156862745098039), np.float64(0.4666666666666667), np.float64(0.7058823529411765), np.float64(1.0))","T-1
2.90",False
paraphrase-MiniLM-L6-v2,-1,Misinformation & Propaganda,623,,-5.151314,2.3250225,2.902117967605591,"(np.float64(0.12156862745098039), np.float64(0.4666666666666667), np.float64(0.7058823529411765), np.float64(1.0))","T-1
2.90",False
paraphrase-MiniLM-L6-v2,-1,Misinformation & Propaganda,624,,-5.920108,3.2321131,2.902117967605591,"(np.float64(0.12156862745098039), np.float64(0.4666666666666667), np.float64(0.7058823529411765), np.float64(1.0))","T-1
2.90",False
paraphrase-MiniLM-L6-v2,-1,Misinformation & Propaganda,628,,-4.8950734,4.552906,2.902117967605591,"(np.float64(0.12156862745098039), np.float64(0.4666666666666667), np.float64(0.7058823529411765), np.float64(1.0))","T-1
2.90",False
paraphrase-MiniLM-L6-v2,-1,Misinformation & Propaganda,629,,-4.2877936,3.790811,2.902117967605591,"(np.float64(0.12156862745098039), np.float64(0.4666666666666667), np.float64(0.7058823529411765), np.float64(1.0))","T-1
2.90",False
paraphrase-MiniLM-L6-v2,-1,Misinformation & Propaganda,635,,-4.8585176,2.0429192,2.902117967605591,"(np.float64(0.12156862745098039), np.float64(0.4666666666666667), np.float64(0.7058823529411765), np.float64(1.0))","T-1
2.90",False
paraphrase-MiniLM-L6-v2,-1,Misinformation & Propaganda,642,,0.0139609175,2.8907788,2.902117967605591,"(np.float64(0.12156862745098039), np.float64(0.4666666666666667), np.float64(0.7058823529411765), np.float64(1.0))","T-1
2.90",False
paraphrase-MiniLM-L6-v2,-1,Misinformation & Propaganda,643,,-3.6274579,2.6933115,2.902117967605591,"(np.float64(0.12156862745098039), np.float64(0.4666666666666667), np.float64(0.7058823529411765), np.float64(1.0))","T-1
2.90",False
paraphrase-MiniLM-L6-v2,-1,Misinformation & Propaganda,646,,-3.9090385,5.2214675,2.902117967605591,"(np.float64(0.12156862745098039), np.float64(0.4666666666666667), np.float64(0.7058823529411765), np.float64(1.0))","T-1
2.90",False
paraphrase-MiniLM-L6-v2,-1,Misinformation & Propaganda,653,,-0.41501653,3.5819073,2.902117967605591,"(np.float64(0.12156862745098039), np.float64(0.4666666666666667), np.float64(0.7058823529411765), np.float64(1.0))","T-1
2.90",False
paraphrase-MiniLM-L6-v2,-1,Misinformation & Propaganda,660,,-5.7113843,4.2569914,2.902117967605591,"(np.float64(0.12156862745098039), np.float64(0.4666666666666667), np.float64(0.7058823529411765), np.float64(1.0))","T-1
2.90",False
paraphrase-MiniLM-L6-v2,-1,Misinformation & Propaganda,662,,-5.184741,3.5161145,2.902117967605591,"(np.float64(0.12156862745098039), np.float64(0.4666666666666667), np.float64(0.7058823529411765), np.float64(1.0))","T-1
2.90",False
paraphrase-MiniLM-L6-v2,-1,Misinformation & Propaganda,664,,-3.7818165,3.4630826,2.902117967605591,"(np.float64(0.12156862745098039), np.float64(0.4666666666666667), np.float64(0.7058823529411765), np.float64(1.0))","T-1
2.90",False
paraphrase-MiniLM-L6-v2,-1,Misinformation & Propaganda,670,,-0.21521154,3.0499902,2.902117967605591,"(np.float64(0.12156862745098039), np.float64(0.4666666666666667), np.float64(0.7058823529411765), np.float64(1.0))","T-1
2.90",False
paraphrase-MiniLM-L6-v2,-1,Misinformation & Propaganda,673,,-5.7871943,4.798485,2.902117967605591,"(np.float64(0.12156862745098039), np.float64(0.4666666666666667), np.float64(0.7058823529411765), np.float64(1.0))","T-1
2.90",False
paraphrase-MiniLM-L6-v2,-1,Misinformation & Propaganda,674,,-6.374692,4.7014923,2.902117967605591,"(np.float64(0.12156862745098039), np.float64(0.4666666666666667), np.float64(0.7058823529411765), np.float64(1.0))","T-1
2.90",False
paraphrase-MiniLM-L6-v2,-1,Misinformation & Propaganda,675,,-5.0182147,4.7767706,2.902117967605591,"(np.float64(0.12156862745098039), np.float64(0.4666666666666667), np.float64(0.7058823529411765), np.float64(1.0))","T-1
2.90",False
paraphrase-MiniLM-L6-v2,-1,Misinformation & Propaganda,676,,-2.7166092,4.499899,2.902117967605591,"(np.float64(0.12156862745098039), np.float64(0.4666666666666667), np.float64(0.7058823529411765), np.float64(1.0))","T-1
2.90",False
paraphrase-MiniLM-L6-v2,-1,Misinformation & Propaganda,679,,-5.653981,4.2040954,2.902117967605591,"(np.float64(0.12156862745098039), np.float64(0.4666666666666667), np.float64(0.7058823529411765), np.float64(1.0))","T-1
2.90",False
paraphrase-MiniLM-L6-v2,-1,Misinformation & Propaganda,684,,-4.7906733,3.784825,2.902117967605591,"(np.float64(0.12156862745098039), np.float64(0.4666666666666667), np.float64(0.7058823529411765), np.float64(1.0))","T-1
2.90",False
paraphrase-MiniLM-L6-v2,-1,Misinformation & Propaganda,691,,0.007832447,4.2025495,2.902117967605591,"(np.float64(0.12156862745098039), np.float64(0.4666666666666667), np.float64(0.7058823529411765), np.float64(1.0))","T-1
2.90",False
paraphrase-MiniLM-L6-v2,-1,Misinformation & Propaganda,692,,-5.902697,4.1804237,2.902117967605591,"(np.float64(0.12156862745098039), np.float64(0.4666666666666667), np.float64(0.7058823529411765), np.float64(1.0))","T-1
2.90",False
paraphrase-MiniLM-L6-v2,-1,Misinformation & Propaganda,694,,0.46251336,3.0696907,2.902117967605591,"(np.float64(0.12156862745098039), np.float64(0.4666666666666667), np.float64(0.7058823529411765), np.float64(1.0))","T-1
2.90",False
paraphrase-MiniLM-L6-v2,-1,Misinformation & Propaganda,699,,0.79268825,3.4275937,2.902117967605591,"(np.float64(0.12156862745098039), np.float64(0.4666666666666667), np.float64(0.7058823529411765), np.float64(1.0))","T-1
2.90",False
paraphrase-MiniLM-L6-v2,-1,Misinformation & Propaganda,705,,-0.80709285,3.2296813,2.902117967605591,"(np.float64(0.12156862745098039), np.float64(0.4666666666666667), np.float64(0.7058823529411765), np.float64(1.0))","T-1
2.90",False
paraphrase-MiniLM-L6-v2,-1,Misinformation & Propaganda,706,,-2.3324327,2.530598,2.902117967605591,"(np.float64(0.12156862745098039), np.float64(0.4666666666666667), np.float64(0.7058823529411765), np.float64(1.0))","T-1
2.90",False
paraphrase-MiniLM-L6-v2,-1,Misinformation & Propaganda,712,,-5.6736345,3.829222,2.902117967605591,"(np.float64(0.12156862745098039), np.float64(0.4666666666666667), np.float64(0.7058823529411765), np.float64(1.0))","T-1
2.90",False
paraphrase-MiniLM-L6-v2,-1,Misinformation & Propaganda,715,,-5.947818,4.083541,2.902117967605591,"(np.float64(0.12156862745098039), np.float64(0.4666666666666667), np.float64(0.7058823529411765), np.float64(1.0))","T-1
2.90",False
paraphrase-MiniLM-L6-v2,-1,Misinformation & Propaganda,716,,-4.669704,4.1048384,2.902117967605591,"(np.float64(0.12156862745098039), np.float64(0.4666666666666667), np.float64(0.7058823529411765), np.float64(1.0))","T-1
2.90",False
paraphrase-MiniLM-L6-v2,-1,Misinformation & Propaganda,717,,-2.7003198,4.856632,2.902117967605591,"(np.float64(0.12156862745098039), np.float64(0.4666666666666667), np.float64(0.7058823529411765), np.float64(1.0))","T-1
2.90",False
paraphrase-MiniLM-L6-v2,-1,Misinformation & Propaganda,721,,-5.87471,4.4133215,2.902117967605591,"(np.float64(0.12156862745098039), np.float64(0.4666666666666667), np.float64(0.7058823529411765), np.float64(1.0))","T-1
2.90",False
paraphrase-MiniLM-L6-v2,-1,Misinformation & Propaganda,722,,-5.426503,4.6591096,2.902117967605591,"(np.float64(0.12156862745098039), np.float64(0.4666666666666667), np.float64(0.7058823529411765), np.float64(1.0))","T-1
2.90",False
paraphrase-MiniLM-L6-v2,-1,Misinformation & Propaganda,724,,-5.939779,3.068053,2.902117967605591,"(np.float64(0.12156862745098039), np.float64(0.4666666666666667), np.float64(0.7058823529411765), np.float64(1.0))","T-1
2.90",False
paraphrase-MiniLM-L6-v2,-1,Misinformation & Propaganda,726,,-5.700045,3.0569632,2.902117967605591,"(np.float64(0.12156862745098039), np.float64(0.4666666666666667), np.float64(0.7058823529411765), np.float64(1.0))","T-1
2.90",False
paraphrase-MiniLM-L6-v2,-1,Misinformation & Propaganda,728,,-5.7371087,3.8565032,2.902117967605591,"(np.float64(0.12156862745098039), np.float64(0.4666666666666667), np.float64(0.7058823529411765), np.float64(1.0))","T-1
2.90",False
paraphrase-MiniLM-L6-v2,-1,Misinformation & Propaganda,730,,-3.5988536,4.5330496,2.902117967605591,"(np.float64(0.12156862745098039), np.float64(0.4666666666666667), np.float64(0.7058823529411765), np.float64(1.0))","T-1
2.90",False
paraphrase-MiniLM-L6-v2,-1,Misinformation & Propaganda,734,,-2.7988899,3.258728,2.902117967605591,"(np.float64(0.12156862745098039), np.float64(0.4666666666666667), np.float64(0.7058823529411765), np.float64(1.0))","T-1
2.90",False
paraphrase-MiniLM-L6-v2,-1,Misinformation & Propaganda,735,,-4.4193325,3.087317,2.902117967605591,"(np.float64(0.12156862745098039), np.float64(0.4666666666666667), np.float64(0.7058823529411765), np.float64(1.0))","T-1
2.90",False
paraphrase-MiniLM-L6-v2,-1,Misinformation & Propaganda,736,,-5.0884724,3.1940668,2.902117967605591,"(np.float64(0.12156862745098039), np.float64(0.4666666666666667), np.float64(0.7058823529411765), np.float64(1.0))","T-1
2.90",False
paraphrase-MiniLM-L6-v2,-1,Misinformation & Propaganda,738,,-2.7306764,3.2666643,2.902117967605591,"(np.float64(0.12156862745098039), np.float64(0.4666666666666667), np.float64(0.7058823529411765), np.float64(1.0))","T-1
2.90",False
paraphrase-MiniLM-L6-v2,-1,Misinformation & Propaganda,748,,-0.10298579,3.5104377,2.902117967605591,"(np.float64(0.12156862745098039), np.float64(0.4666666666666667), np.float64(0.7058823529411765), np.float64(1.0))","T-1
2.90",False
paraphrase-MiniLM-L6-v2,-1,Misinformation & Propaganda,750,,-5.982928,3.5567393,2.902117967605591,"(np.float64(0.12156862745098039), np.float64(0.4666666666666667), np.float64(0.7058823529411765), np.float64(1.0))","T-1
2.90",False
paraphrase-MiniLM-L6-v2,-1,Misinformation & Propaganda,752,,-0.6720145,2.5345562,2.902117967605591,"(np.float64(0.12156862745098039), np.float64(0.4666666666666667), np.float64(0.7058823529411765), np.float64(1.0))","T-1
2.90",False
paraphrase-MiniLM-L6-v2,-1,Misinformation & Propaganda,753,,0.3862044,4.6354547,2.902117967605591,"(np.float64(0.12156862745098039), np.float64(0.4666666666666667), np.float64(0.7058823529411765), np.float64(1.0))","T-1
2.90",False
paraphrase-MiniLM-L6-v2,-1,Misinformation & Propaganda,754,,0.31198436,4.4170637,2.902117967605591,"(np.float64(0.12156862745098039), np.float64(0.4666666666666667), np.float64(0.7058823529411765), np.float64(1.0))","T-1
2.90",False
paraphrase-MiniLM-L6-v2,-1,Misinformation & Propaganda,771,,0.37861085,3.1816566,2.902117967605591,"(np.float64(0.12156862745098039), np.float64(0.4666666666666667), np.float64(0.7058823529411765), np.float64(1.0))","T-1
2.90",False
paraphrase-MiniLM-L6-v2,-1,Misinformation & Propaganda,776,,-5.6289883,2.5993345,2.902117967605591,"(np.float64(0.12156862745098039), np.float64(0.4666666666666667), np.float64(0.7058823529411765), np.float64(1.0))","T-1
2.90",False
paraphrase-MiniLM-L6-v2,-1,Misinformation & Propaganda,779,,-4.1288905,5.0764327,2.902117967605591,"(np.float64(0.12156862745098039), np.float64(0.4666666666666667), np.float64(0.7058823529411765), np.float64(1.0))","T-1
2.90",False
paraphrase-MiniLM-L6-v2,-1,Misinformation & Propaganda,783,,-5.5283093,2.3548882,2.902117967605591,"(np.float64(0.12156862745098039), np.float64(0.4666666666666667), np.float64(0.7058823529411765), np.float64(1.0))","T-1
2.90",False
paraphrase-MiniLM-L6-v2,-1,Misinformation & Propaganda,786,,-3.5375893,3.0058193,2.902117967605591,"(np.float64(0.12156862745098039), np.float64(0.4666666666666667), np.float64(0.7058823529411765), np.float64(1.0))","T-1
2.90",False
paraphrase-MiniLM-L6-v2,-1,Misinformation & Propaganda,810,,0.3729856,3.7464757,2.902117967605591,"(np.float64(0.12156862745098039), np.float64(0.4666666666666667), np.float64(0.7058823529411765), np.float64(1.0))","T-1
2.90",False
paraphrase-MiniLM-L6-v2,-1,Misinformation & Propaganda,814,,-4.480172,5.1886497,2.902117967605591,"(np.float64(0.12156862745098039), np.float64(0.4666666666666667), np.float64(0.7058823529411765), np.float64(1.0))","T-1
2.90",False
paraphrase-MiniLM-L6-v2,-1,Misinformation & Propaganda,815,,-2.3576088,5.3084173,2.902117967605591,"(np.float64(0.12156862745098039), np.float64(0.4666666666666667), np.float64(0.7058823529411765), np.float64(1.0))","T-1
2.90",False
paraphrase-MiniLM-L6-v2,-1,Misinformation & Propaganda,818,,-2.9212213,2.61506,2.902117967605591,"(np.float64(0.12156862745098039), np.float64(0.4666666666666667), np.float64(0.7058823529411765), np.float64(1.0))","T-1
2.90",False
paraphrase-MiniLM-L6-v2,-1,Misinformation & Propaganda,819,,-2.400207,4.6436048,2.902117967605591,"(np.float64(0.12156862745098039), np.float64(0.4666666666666667), np.float64(0.7058823529411765), np.float64(1.0))","T-1
2.90",False
paraphrase-MiniLM-L6-v2,-1,Misinformation & Propaganda,822,,0.5713707,3.0144188,2.902117967605591,"(np.float64(0.12156862745098039), np.float64(0.4666666666666667), np.float64(0.7058823529411765), np.float64(1.0))","T-1
2.90",False
paraphrase-MiniLM-L6-v2,-1,Misinformation & Propaganda,825,,-1.2648147,3.564537,2.902117967605591,"(np.float64(0.12156862745098039), np.float64(0.4666666666666667), np.float64(0.7058823529411765), np.float64(1.0))","T-1
2.90",False
paraphrase-MiniLM-L6-v2,-1,Misinformation & Propaganda,831,,-0.08238663,2.9740438,2.902117967605591,"(np.float64(0.12156862745098039), np.float64(0.4666666666666667), np.float64(0.7058823529411765), np.float64(1.0))","T-1
2.90",False
paraphrase-MiniLM-L6-v2,-1,Misinformation & Propaganda,832,,-4.490513,3.121018,2.902117967605591,"(np.float64(0.12156862745098039), np.float64(0.4666666666666667), np.float64(0.7058823529411765), np.float64(1.0))","T-1
2.90",False
paraphrase-MiniLM-L6-v2,-1,Misinformation & Propaganda,833,,-2.44489,2.321175,2.902117967605591,"(np.float64(0.12156862745098039), np.float64(0.4666666666666667), np.float64(0.7058823529411765), np.float64(1.0))","T-1
2.90",False
paraphrase-MiniLM-L6-v2,-1,Misinformation & Propaganda,835,,-2.5797956,3.179204,2.902117967605591,"(np.float64(0.12156862745098039), np.float64(0.4666666666666667), np.float64(0.7058823529411765), np.float64(1.0))","T-1
2.90",False
paraphrase-MiniLM-L6-v2,-1,Misinformation & Propaganda,840,,-2.2517056,3.7002761,2.902117967605591,"(np.float64(0.12156862745098039), np.float64(0.4666666666666667), np.float64(0.7058823529411765), np.float64(1.0))","T-1
2.90",False
paraphrase-MiniLM-L6-v2,-1,Misinformation & Propaganda,847,,-5.032524,5.342784,2.902117967605591,"(np.float64(0.12156862745098039), np.float64(0.4666666666666667), np.float64(0.7058823529411765), np.float64(1.0))","T-1
2.90",False
paraphrase-MiniLM-L6-v2,-1,Misinformation & Propaganda,851,,-4.9824133,3.1888685,2.902117967605591,"(np.float64(0.12156862745098039), np.float64(0.4666666666666667), np.float64(0.7058823529411765), np.float64(1.0))","T-1
2.90",False
paraphrase-MiniLM-L6-v2,-1,Misinformation & Propaganda,859,,0.25767022,4.4932723,2.902117967605591,"(np.float64(0.12156862745098039), np.float64(0.4666666666666667), np.float64(0.7058823529411765), np.float64(1.0))","T-1
2.90",False
paraphrase-MiniLM-L6-v2,-1,Misinformation & Propaganda,863,,-0.7880911,2.2863855,2.902117967605591,"(np.float64(0.12156862745098039), np.float64(0.4666666666666667), np.float64(0.7058823529411765), np.float64(1.0))","T-1
2.90",False
paraphrase-MiniLM-L6-v2,-1,Misinformation & Propaganda,864,,-1.5918365,4.0262775,2.902117967605591,"(np.float64(0.12156862745098039), np.float64(0.4666666666666667), np.float64(0.7058823529411765), np.float64(1.0))","T-1
2.90",False
paraphrase-MiniLM-L6-v2,-1,Misinformation & Propaganda,865,,-0.7578438,3.1676545,2.902117967605591,"(np.float64(0.12156862745098039), np.float64(0.4666666666666667), np.float64(0.7058823529411765), np.float64(1.0))","T-1
2.90",False
paraphrase-MiniLM-L6-v2,-1,Misinformation & Propaganda,867,,-0.7013481,2.6225138,2.902117967605591,"(np.float64(0.12156862745098039), np.float64(0.4666666666666667), np.float64(0.7058823529411765), np.float64(1.0))","T-1
2.90",False
paraphrase-MiniLM-L6-v2,-1,Misinformation & Propaganda,869,,-1.1177473,2.1920822,2.902117967605591,"(np.float64(0.12156862745098039), np.float64(0.4666666666666667), np.float64(0.7058823529411765), np.float64(1.0))","T-1
2.90",False
paraphrase-MiniLM-L6-v2,-1,Misinformation & Propaganda,876,,-5.75854,3.9289677,2.902117967605591,"(np.float64(0.12156862745098039), np.float64(0.4666666666666667), np.float64(0.7058823529411765), np.float64(1.0))","T-1
2.90",False
paraphrase-MiniLM-L6-v2,-1,Misinformation & Propaganda,882,,-4.63346,2.3541791,2.902117967605591,"(np.float64(0.12156862745098039), np.float64(0.4666666666666667), np.float64(0.7058823529411765), np.float64(1.0))","T-1
2.90",False
paraphrase-MiniLM-L6-v2,-1,Misinformation & Propaganda,883,,-2.9404206,2.8113093,2.902117967605591,"(np.float64(0.12156862745098039), np.float64(0.4666666666666667), np.float64(0.7058823529411765), np.float64(1.0))","T-1
2.90",False
paraphrase-MiniLM-L6-v2,-1,Misinformation & Propaganda,884,,-1.9858106,4.0493608,2.902117967605591,"(np.float64(0.12156862745098039), np.float64(0.4666666666666667), np.float64(0.7058823529411765), np.float64(1.0))","T-1
2.90",False
paraphrase-MiniLM-L6-v2,-1,Misinformation & Propaganda,885,,-4.5992203,3.0305798,2.902117967605591,"(np.float64(0.12156862745098039), np.float64(0.4666666666666667), np.float64(0.7058823529411765), np.float64(1.0))","T-1
2.90",False
paraphrase-MiniLM-L6-v2,-1,Misinformation & Propaganda,889,,-3.6737926,3.525586,2.902117967605591,"(np.float64(0.12156862745098039), np.float64(0.4666666666666667), np.float64(0.7058823529411765), np.float64(1.0))","T-1
2.90",False
paraphrase-MiniLM-L6-v2,-1,Misinformation & Propaganda,892,,-5.07409,3.449168,2.902117967605591,"(np.float64(0.12156862745098039), np.float64(0.4666666666666667), np.float64(0.7058823529411765), np.float64(1.0))","T-1
2.90",False
paraphrase-MiniLM-L6-v2,-1,Misinformation & Propaganda,899,,-3.5516262,4.0902433,2.902117967605591,"(np.float64(0.12156862745098039), np.float64(0.4666666666666667), np.float64(0.7058823529411765), np.float64(1.0))","T-1
2.90",False
paraphrase-MiniLM-L6-v2,-1,Misinformation & Propaganda,902,,-3.4217002,2.649377,2.902117967605591,"(np.float64(0.12156862745098039), np.float64(0.4666666666666667), np.float64(0.7058823529411765), np.float64(1.0))","T-1
2.90",False
paraphrase-MiniLM-L6-v2,-1,Misinformation & Propaganda,903,,-4.8680034,2.2002463,2.902117967605591,"(np.float64(0.12156862745098039), np.float64(0.4666666666666667), np.float64(0.7058823529411765), np.float64(1.0))","T-1
2.90",False
paraphrase-MiniLM-L6-v2,-1,Misinformation & Propaganda,905,,-4.116869,4.392472,2.902117967605591,"(np.float64(0.12156862745098039), np.float64(0.4666666666666667), np.float64(0.7058823529411765), np.float64(1.0))","T-1
2.90",False
paraphrase-MiniLM-L6-v2,-1,Misinformation & Propaganda,907,,0.48326486,2.8946981,2.902117967605591,"(np.float64(0.12156862745098039), np.float64(0.4666666666666667), np.float64(0.7058823529411765), np.float64(1.0))","T-1
2.90",False
paraphrase-MiniLM-L6-v2,-1,Misinformation & Propaganda,909,,-2.5304112,2.629505,2.902117967605591,"(np.float64(0.12156862745098039), np.float64(0.4666666666666667), np.float64(0.7058823529411765), np.float64(1.0))","T-1
2.90",False
paraphrase-MiniLM-L6-v2,-1,Misinformation & Propaganda,915,,-0.78971624,2.3036416,2.902117967605591,"(np.float64(0.12156862745098039), np.float64(0.4666666666666667), np.float64(0.7058823529411765), np.float64(1.0))","T-1
2.90",False
paraphrase-MiniLM-L6-v2,-1,Misinformation & Propaganda,916,,-4.4863377,2.5040658,2.902117967605591,"(np.float64(0.12156862745098039), np.float64(0.4666666666666667), np.float64(0.7058823529411765), np.float64(1.0))","T-1
2.90",False
paraphrase-MiniLM-L6-v2,-1,Misinformation & Propaganda,920,,-0.6804843,3.529602,2.902117967605591,"(np.float64(0.12156862745098039), np.float64(0.4666666666666667), np.float64(0.7058823529411765), np.float64(1.0))","T-1
2.90",False
paraphrase-MiniLM-L6-v2,-1,Misinformation & Propaganda,929,,-2.0265574,2.028476,2.902117967605591,"(np.float64(0.12156862745098039), np.float64(0.4666666666666667), np.float64(0.7058823529411765), np.float64(1.0))","T-1
2.90",False
paraphrase-MiniLM-L6-v2,-1,Misinformation & Propaganda,932,,-2.8545313,2.7714214,2.902117967605591,"(np.float64(0.12156862745098039), np.float64(0.4666666666666667), np.float64(0.7058823529411765), np.float64(1.0))","T-1
2.90",False
paraphrase-MiniLM-L6-v2,-1,Misinformation & Propaganda,935,,-0.40431038,2.8833256,2.902117967605591,"(np.float64(0.12156862745098039), np.float64(0.4666666666666667), np.float64(0.7058823529411765), np.float64(1.0))","T-1
2.90",False
paraphrase-MiniLM-L6-v2,-1,Misinformation & Propaganda,936,,-3.2271411,2.1290398,2.902117967605591,"(np.float64(0.12156862745098039), np.float64(0.4666666666666667), np.float64(0.7058823529411765), np.float64(1.0))","T-1
2.90",False
paraphrase-MiniLM-L6-v2,-1,Misinformation & Propaganda,937,,-0.91980314,2.9909685,2.902117967605591,"(np.float64(0.12156862745098039), np.float64(0.4666666666666667), np.float64(0.7058823529411765), np.float64(1.0))","T-1
2.90",False
paraphrase-MiniLM-L6-v2,-1,Misinformation & Propaganda,939,,-1.0706477,1.6994914,2.902117967605591,"(np.float64(0.12156862745098039), np.float64(0.4666666666666667), np.float64(0.7058823529411765), np.float64(1.0))","T-1
2.90",False
paraphrase-MiniLM-L6-v2,-1,Misinformation & Propaganda,945,,-0.7110413,2.617538,2.902117967605591,"(np.float64(0.12156862745098039), np.float64(0.4666666666666667), np.float64(0.7058823529411765), np.float64(1.0))","T-1
2.90",False
paraphrase-MiniLM-L6-v2,-1,Misinformation & Propaganda,947,,-0.5393468,2.9347572,2.902117967605591,"(np.float64(0.12156862745098039), np.float64(0.4666666666666667), np.float64(0.7058823529411765), np.float64(1.0))","T-1
2.90",False
paraphrase-MiniLM-L6-v2,-1,Misinformation & Propaganda,951,,-0.33091247,3.134596,2.902117967605591,"(np.float64(0.12156862745098039), np.float64(0.4666666666666667), np.float64(0.7058823529411765), np.float64(1.0))","T-1
2.90",False
paraphrase-MiniLM-L6-v2,-1,Misinformation & Propaganda,953,,-1.2681397,2.0529103,2.902117967605591,"(np.float64(0.12156862745098039), np.float64(0.4666666666666667), np.float64(0.7058823529411765), np.float64(1.0))","T-1
2.90",False
paraphrase-MiniLM-L6-v2,-1,Misinformation & Propaganda,959,,-2.296993,2.2423103,2.902117967605591,"(np.float64(0.12156862745098039), np.float64(0.4666666666666667), np.float64(0.7058823529411765), np.float64(1.0))","T-1
2.90",False
paraphrase-MiniLM-L6-v2,-1,Misinformation & Propaganda,960,,-1.2319201,1.907408,2.902117967605591,"(np.float64(0.12156862745098039), np.float64(0.4666666666666667), np.float64(0.7058823529411765), np.float64(1.0))","T-1
2.90",False
paraphrase-MiniLM-L6-v2,-1,Misinformation & Propaganda,962,,-2.5425408,2.5234191,2.902117967605591,"(np.float64(0.12156862745098039), np.float64(0.4666666666666667), np.float64(0.7058823529411765), np.float64(1.0))","T-1
2.90",False
paraphrase-MiniLM-L6-v2,-1,Misinformation & Propaganda,970,,-1.7448018,1.9695592,2.902117967605591,"(np.float64(0.12156862745098039), np.float64(0.4666666666666667), np.float64(0.7058823529411765), np.float64(1.0))","T-1
2.90",False
paraphrase-MiniLM-L6-v2,-1,Misinformation & Propaganda,971,,-1.0132598,2.7780397,2.902117967605591,"(np.float64(0.12156862745098039), np.float64(0.4666666666666667), np.float64(0.7058823529411765), np.float64(1.0))","T-1
2.90",False
paraphrase-MiniLM-L6-v2,-1,Misinformation & Propaganda,977,,-0.68971586,2.8197515,2.902117967605591,"(np.float64(0.12156862745098039), np.float64(0.4666666666666667), np.float64(0.7058823529411765), np.float64(1.0))","T-1
2.90",False
paraphrase-MiniLM-L6-v2,-1,Misinformation & Propaganda,982,,-0.82179976,3.5240366,2.902117967605591,"(np.float64(0.12156862745098039), np.float64(0.4666666666666667), np.float64(0.7058823529411765), np.float64(1.0))","T-1
2.90",False
paraphrase-MiniLM-L6-v2,0,Misinformation & Propaganda,1,,-3.4820323,3.613754,0.739774227142334,"(np.float64(0.6823529411764706), np.float64(0.7803921568627451), np.float64(0.9098039215686274), np.float64(1.0))","T0
0.74",False
paraphrase-MiniLM-L6-v2,0,Misinformation & Propaganda,58,,-3.0847287,4.3620706,0.739774227142334,"(np.float64(0.6823529411764706), np.float64(0.7803921568627451), np.float64(0.9098039215686274), np.float64(1.0))","T0
0.74",False
paraphrase-MiniLM-L6-v2,0,Misinformation & Propaganda,61,,-3.1867254,3.7579305,0.739774227142334,"(np.float64(0.6823529411764706), np.float64(0.7803921568627451), np.float64(0.9098039215686274), np.float64(1.0))","T0
0.74",False
paraphrase-MiniLM-L6-v2,0,Misinformation & Propaganda,102,,-2.6477942,3.4282358,0.739774227142334,"(np.float64(0.6823529411764706), np.float64(0.7803921568627451), np.float64(0.9098039215686274), np.float64(1.0))","T0
0.74",False
paraphrase-MiniLM-L6-v2,0,Misinformation & Propaganda,129,,-3.0861719,4.096064,0.739774227142334,"(np.float64(0.6823529411764706), np.float64(0.7803921568627451), np.float64(0.9098039215686274), np.float64(1.0))","T0
0.74",False
paraphrase-MiniLM-L6-v2,0,Misinformation & Propaganda,171,,-2.9241562,4.0230117,0.739774227142334,"(np.float64(0.6823529411764706), np.float64(0.7803921568627451), np.float64(0.9098039215686274), np.float64(1.0))","T0
0.74",False
paraphrase-MiniLM-L6-v2,0,Misinformation & Propaganda,173,,-2.8482633,3.6599717,0.739774227142334,"(np.float64(0.6823529411764706), np.float64(0.7803921568627451), np.float64(0.9098039215686274), np.float64(1.0))","T0
0.74",False
paraphrase-MiniLM-L6-v2,0,Misinformation & Propaganda,184,,-3.107372,3.7251656,0.739774227142334,"(np.float64(0.6823529411764706), np.float64(0.7803921568627451), np.float64(0.9098039215686274), np.float64(1.0))","T0
0.74",False
paraphrase-MiniLM-L6-v2,0,Misinformation & Propaganda,209,,-2.6804786,3.4943025,0.739774227142334,"(np.float64(0.6823529411764706), np.float64(0.7803921568627451), np.float64(0.9098039215686274), np.float64(1.0))","T0
0.74",False
paraphrase-MiniLM-L6-v2,0,Misinformation & Propaganda,213,,-3.082469,4.2381334,0.739774227142334,"(np.float64(0.6823529411764706), np.float64(0.7803921568627451), np.float64(0.9098039215686274), np.float64(1.0))","T0
0.74",False
paraphrase-MiniLM-L6-v2,0,Misinformation & Propaganda,225,,-2.961253,3.9722543,0.739774227142334,"(np.float64(0.6823529411764706), np.float64(0.7803921568627451), np.float64(0.9098039215686274), np.float64(1.0))","T0
0.74",False
paraphrase-MiniLM-L6-v2,0,Misinformation & Propaganda,251,,-2.9019942,4.2577553,0.739774227142334,"(np.float64(0.6823529411764706), np.float64(0.7803921568627451), np.float64(0.9098039215686274), np.float64(1.0))","T0
0.74",False
paraphrase-MiniLM-L6-v2,0,Misinformation & Propaganda,259,,-3.4248335,3.5547454,0.739774227142334,"(np.float64(0.6823529411764706), np.float64(0.7803921568627451), np.float64(0.9098039215686274), np.float64(1.0))","T0
0.74",False
paraphrase-MiniLM-L6-v2,0,Misinformation & Propaganda,291,,-3.12579,4.053823,0.739774227142334,"(np.float64(0.6823529411764706), np.float64(0.7803921568627451), np.float64(0.9098039215686274), np.float64(1.0))","T0
0.74",False
paraphrase-MiniLM-L6-v2,0,Misinformation & Propaganda,298,,-1.9241815,4.230551,0.739774227142334,"(np.float64(0.6823529411764706), np.float64(0.7803921568627451), np.float64(0.9098039215686274), np.float64(1.0))","T0
0.74",False
paraphrase-MiniLM-L6-v2,0,Misinformation & Propaganda,305,,-2.7885294,3.469619,0.739774227142334,"(np.float64(0.6823529411764706), np.float64(0.7803921568627451), np.float64(0.9098039215686274), np.float64(1.0))","T0
0.74",False
paraphrase-MiniLM-L6-v2,0,Misinformation & Propaganda,378,,-3.0105255,3.9097548,0.739774227142334,"(np.float64(0.6823529411764706), np.float64(0.7803921568627451), np.float64(0.9098039215686274), np.float64(1.0))","T0
0.74",False
paraphrase-MiniLM-L6-v2,0,Misinformation & Propaganda,400,,-3.1096015,4.150105,0.739774227142334,"(np.float64(0.6823529411764706), np.float64(0.7803921568627451), np.float64(0.9098039215686274), np.float64(1.0))","T0
0.74",False
paraphrase-MiniLM-L6-v2,0,Misinformation & Propaganda,407,,-3.0180848,4.07217,0.739774227142334,"(np.float64(0.6823529411764706), np.float64(0.7803921568627451), np.float64(0.9098039215686274), np.float64(1.0))","T0
0.74",False
paraphrase-MiniLM-L6-v2,0,Misinformation & Propaganda,421,,-2.4051068,4.7993784,0.739774227142334,"(np.float64(0.6823529411764706), np.float64(0.7803921568627451), np.float64(0.9098039215686274), np.float64(1.0))","T0
0.74",False
paraphrase-MiniLM-L6-v2,0,Misinformation & Propaganda,431,,-1.3152914,3.8217475,0.739774227142334,"(np.float64(0.6823529411764706), np.float64(0.7803921568627451), np.float64(0.9098039215686274), np.float64(1.0))","T0
0.74",False
paraphrase-MiniLM-L6-v2,0,Misinformation & Propaganda,462,,-3.2925777,3.8298428,0.739774227142334,"(np.float64(0.6823529411764706), np.float64(0.7803921568627451), np.float64(0.9098039215686274), np.float64(1.0))","T0
0.74",False
paraphrase-MiniLM-L6-v2,0,Misinformation & Propaganda,580,,-2.2794623,4.1786003,0.739774227142334,"(np.float64(0.6823529411764706), np.float64(0.7803921568627451), np.float64(0.9098039215686274), np.float64(1.0))","T0
0.74",False
paraphrase-MiniLM-L6-v2,0,Misinformation & Propaganda,591,,-2.029215,4.1223106,0.739774227142334,"(np.float64(0.6823529411764706), np.float64(0.7803921568627451), np.float64(0.9098039215686274), np.float64(1.0))","T0
0.74",False
paraphrase-MiniLM-L6-v2,0,Misinformation & Propaganda,641,,-2.8465765,4.5355573,0.739774227142334,"(np.float64(0.6823529411764706), np.float64(0.7803921568627451), np.float64(0.9098039215686274), np.float64(1.0))","T0
0.74",False
paraphrase-MiniLM-L6-v2,0,Misinformation & Propaganda,644,,-2.8598416,4.251354,0.739774227142334,"(np.float64(0.6823529411764706), np.float64(0.7803921568627451), np.float64(0.9098039215686274), np.float64(1.0))","T0
0.74",False
paraphrase-MiniLM-L6-v2,0,Misinformation & Propaganda,650,,-3.6670322,3.668819,0.739774227142334,"(np.float64(0.6823529411764706), np.float64(0.7803921568627451), np.float64(0.9098039215686274), np.float64(1.0))","T0
0.74",False
paraphrase-MiniLM-L6-v2,0,Misinformation & Propaganda,651,,-3.8310635,4.7044954,0.739774227142334,"(np.float64(0.6823529411764706), np.float64(0.7803921568627451), np.float64(0.9098039215686274), np.float64(1.0))","T0
0.74",False
paraphrase-MiniLM-L6-v2,0,Misinformation & Propaganda,678,,-3.5290477,3.5111928,0.739774227142334,"(np.float64(0.6823529411764706), np.float64(0.7803921568627451), np.float64(0.9098039215686274), np.float64(1.0))","T0
0.74",False
paraphrase-MiniLM-L6-v2,0,Misinformation & Propaganda,682,,-2.466639,4.0109463,0.739774227142334,"(np.float64(0.6823529411764706), np.float64(0.7803921568627451), np.float64(0.9098039215686274), np.float64(1.0))","T0
0.74",False
paraphrase-MiniLM-L6-v2,0,Misinformation & Propaganda,687,,-2.3192277,4.2540746,0.739774227142334,"(np.float64(0.6823529411764706), np.float64(0.7803921568627451), np.float64(0.9098039215686274), np.float64(1.0))","T0
0.74",False
paraphrase-MiniLM-L6-v2,0,Misinformation & Propaganda,756,,-3.0683293,3.8891292,0.739774227142334,"(np.float64(0.6823529411764706), np.float64(0.7803921568627451), np.float64(0.9098039215686274), np.float64(1.0))","T0
0.74",False
paraphrase-MiniLM-L6-v2,0,Misinformation & Propaganda,777,,-3.1094756,3.8853204,0.739774227142334,"(np.float64(0.6823529411764706), np.float64(0.7803921568627451), np.float64(0.9098039215686274), np.float64(1.0))","T0
0.74",False
paraphrase-MiniLM-L6-v2,0,Misinformation & Propaganda,829,,-3.2957392,3.7050714,0.739774227142334,"(np.float64(0.6823529411764706), np.float64(0.7803921568627451), np.float64(0.9098039215686274), np.float64(1.0))","T0
0.74",False
paraphrase-MiniLM-L6-v2,0,Misinformation & Propaganda,948,,-2.6732876,4.2554975,0.739774227142334,"(np.float64(0.6823529411764706), np.float64(0.7803921568627451), np.float64(0.9098039215686274), np.float64(1.0))","T0
0.74",False
paraphrase-MiniLM-L6-v2,1,Misinformation & Propaganda,8,,-6.178333,4.2715187,0.48567917943000793,"(np.float64(1.0), np.float64(0.4980392156862745), np.float64(0.054901960784313725), np.float64(1.0))","T1
0.49",True
paraphrase-MiniLM-L6-v2,1,Misinformation & Propaganda,48,,-6.4773064,4.2109466,0.48567917943000793,"(np.float64(1.0), np.float64(0.4980392156862745), np.float64(0.054901960784313725), np.float64(1.0))","T1
0.49",True
paraphrase-MiniLM-L6-v2,1,Misinformation & Propaganda,88,,-6.033613,4.8333054,0.48567917943000793,"(np.float64(1.0), np.float64(0.4980392156862745), np.float64(0.054901960784313725), np.float64(1.0))","T1
0.49",True
paraphrase-MiniLM-L6-v2,1,Misinformation & Propaganda,113,,-6.4225926,4.5266137,0.48567917943000793,"(np.float64(1.0), np.float64(0.4980392156862745), np.float64(0.054901960784313725), np.float64(1.0))","T1
0.49",True
paraphrase-MiniLM-L6-v2,1,Misinformation & Propaganda,114,,-5.951426,4.4203377,0.48567917943000793,"(np.float64(1.0), np.float64(0.4980392156862745), np.float64(0.054901960784313725), np.float64(1.0))","T1
0.49",True
paraphrase-MiniLM-L6-v2,1,Misinformation & Propaganda,162,,-6.0832934,4.197071,0.48567917943000793,"(np.float64(1.0), np.float64(0.4980392156862745), np.float64(0.054901960784313725), np.float64(1.0))","T1
0.49",True
paraphrase-MiniLM-L6-v2,1,Misinformation & Propaganda,256,,-6.1335754,4.6508665,0.48567917943000793,"(np.float64(1.0), np.float64(0.4980392156862745), np.float64(0.054901960784313725), np.float64(1.0))","T1
0.49",True
paraphrase-MiniLM-L6-v2,1,Misinformation & Propaganda,278,,-6.468212,4.1819777,0.48567917943000793,"(np.float64(1.0), np.float64(0.4980392156862745), np.float64(0.054901960784313725), np.float64(1.0))","T1
0.49",True
paraphrase-MiniLM-L6-v2,1,Misinformation & Propaganda,357,,-6.627541,4.250134,0.48567917943000793,"(np.float64(1.0), np.float64(0.4980392156862745), np.float64(0.054901960784313725), np.float64(1.0))","T1
0.49",True
paraphrase-MiniLM-L6-v2,1,Misinformation & Propaganda,362,,-6.329163,4.235917,0.48567917943000793,"(np.float64(1.0), np.float64(0.4980392156862745), np.float64(0.054901960784313725), np.float64(1.0))","T1
0.49",True
paraphrase-MiniLM-L6-v2,1,Misinformation & Propaganda,366,,-6.260639,4.72911,0.48567917943000793,"(np.float64(1.0), np.float64(0.4980392156862745), np.float64(0.054901960784313725), np.float64(1.0))","T1
0.49",True
paraphrase-MiniLM-L6-v2,1,Misinformation & Propaganda,401,,-5.925389,4.602979,0.48567917943000793,"(np.float64(1.0), np.float64(0.4980392156862745), np.float64(0.054901960784313725), np.float64(1.0))","T1
0.49",True
paraphrase-MiniLM-L6-v2,1,Misinformation & Propaganda,473,,-6.407907,4.3563495,0.48567917943000793,"(np.float64(1.0), np.float64(0.4980392156862745), np.float64(0.054901960784313725), np.float64(1.0))","T1
0.49",True
paraphrase-MiniLM-L6-v2,1,Misinformation & Propaganda,482,,-6.3483486,4.673504,0.48567917943000793,"(np.float64(1.0), np.float64(0.4980392156862745), np.float64(0.054901960784313725), np.float64(1.0))","T1
0.49",True
paraphrase-MiniLM-L6-v2,1,Misinformation & Propaganda,487,,-5.4290433,4.7053847,0.48567917943000793,"(np.float64(1.0), np.float64(0.4980392156862745), np.float64(0.054901960784313725), np.float64(1.0))","T1
0.49",True
paraphrase-MiniLM-L6-v2,1,Misinformation & Propaganda,492,,-6.1542273,4.7147646,0.48567917943000793,"(np.float64(1.0), np.float64(0.4980392156862745), np.float64(0.054901960784313725), np.float64(1.0))","T1
0.49",True
paraphrase-MiniLM-L6-v2,1,Misinformation & Propaganda,495,,-6.049252,5.007822,0.48567917943000793,"(np.float64(1.0), np.float64(0.4980392156862745), np.float64(0.054901960784313725), np.float64(1.0))","T1
0.49",True
paraphrase-MiniLM-L6-v2,1,Misinformation & Propaganda,568,,-6.113938,4.3838267,0.48567917943000793,"(np.float64(1.0), np.float64(0.4980392156862745), np.float64(0.054901960784313725), np.float64(1.0))","T1
0.49",True
paraphrase-MiniLM-L6-v2,1,Misinformation & Propaganda,570,,-6.6324277,4.5030737,0.48567917943000793,"(np.float64(1.0), np.float64(0.4980392156862745), np.float64(0.054901960784313725), np.float64(1.0))","T1
0.49",True
paraphrase-MiniLM-L6-v2,1,Misinformation & Propaganda,605,,-6.662215,4.22342,0.48567917943000793,"(np.float64(1.0), np.float64(0.4980392156862745), np.float64(0.054901960784313725), np.float64(1.0))","T1
0.49",True
paraphrase-MiniLM-L6-v2,1,Misinformation & Propaganda,611,,-6.261711,4.1792397,0.48567917943000793,"(np.float64(1.0), np.float64(0.4980392156862745), np.float64(0.054901960784313725), np.float64(1.0))","T1
0.49",True
paraphrase-MiniLM-L6-v2,1,Misinformation & Propaganda,723,,-6.365959,4.5397563,0.48567917943000793,"(np.float64(1.0), np.float64(0.4980392156862745), np.float64(0.054901960784313725), np.float64(1.0))","T1
0.49",True
paraphrase-MiniLM-L6-v2,1,Misinformation & Propaganda,733,,-6.5170913,3.7919378,0.48567917943000793,"(np.float64(1.0), np.float64(0.4980392156862745), np.float64(0.054901960784313725), np.float64(1.0))","T1
0.49",True
paraphrase-MiniLM-L6-v2,1,Misinformation & Propaganda,765,,-6.5807586,4.5221205,0.48567917943000793,"(np.float64(1.0), np.float64(0.4980392156862745), np.float64(0.054901960784313725), np.float64(1.0))","T1
0.49",True
paraphrase-MiniLM-L6-v2,1,Misinformation & Propaganda,766,,-6.44107,4.41964,0.48567917943000793,"(np.float64(1.0), np.float64(0.4980392156862745), np.float64(0.054901960784313725), np.float64(1.0))","T1
0.49",True
paraphrase-MiniLM-L6-v2,1,Misinformation & Propaganda,767,,-5.777564,4.4929485,0.48567917943000793,"(np.float64(1.0), np.float64(0.4980392156862745), np.float64(0.054901960784313725), np.float64(1.0))","T1
0.49",True
paraphrase-MiniLM-L6-v2,1,Misinformation & Propaganda,858,,-6.623914,4.5282826,0.48567917943000793,"(np.float64(1.0), np.float64(0.4980392156862745), np.float64(0.054901960784313725), np.float64(1.0))","T1
0.49",True
paraphrase-MiniLM-L6-v2,2,Journalism & Media Studies,37,,-3.2215266,2.421723,0.3692869544029236,"(np.float64(1.0), np.float64(0.7333333333333333), np.float64(0.47058823529411764), np.float64(1.0))","T2
0.37",True
paraphrase-MiniLM-L6-v2,2,Journalism & Media Studies,174,,-2.7711549,2.626359,0.3692869544029236,"(np.float64(1.0), np.float64(0.7333333333333333), np.float64(0.47058823529411764), np.float64(1.0))","T2
0.37",True
paraphrase-MiniLM-L6-v2,2,Journalism & Media Studies,281,,-2.9169135,2.2500517,0.3692869544029236,"(np.float64(1.0), np.float64(0.7333333333333333), np.float64(0.47058823529411764), np.float64(1.0))","T2
0.37",True
paraphrase-MiniLM-L6-v2,2,Journalism & Media Studies,521,,-2.6712956,2.4817972,0.3692869544029236,"(np.float64(1.0), np.float64(0.7333333333333333), np.float64(0.47058823529411764), np.float64(1.0))","T2
0.37",True
paraphrase-MiniLM-L6-v2,2,Journalism & Media Studies,545,,-3.0632064,2.2976177,0.3692869544029236,"(np.float64(1.0), np.float64(0.7333333333333333), np.float64(0.47058823529411764), np.float64(1.0))","T2
0.37",True
paraphrase-MiniLM-L6-v2,2,Journalism & Media Studies,727,,-2.8802428,2.1146877,0.3692869544029236,"(np.float64(1.0), np.float64(0.7333333333333333), np.float64(0.47058823529411764), np.float64(1.0))","T2
0.37",True
paraphrase-MiniLM-L6-v2,2,Journalism & Media Studies,740,,-2.9513564,2.23683,0.3692869544029236,"(np.float64(1.0), np.float64(0.7333333333333333), np.float64(0.47058823529411764), np.float64(1.0))","T2
0.37",True
paraphrase-MiniLM-L6-v2,2,Journalism & Media Studies,742,,-3.766511,2.7856753,0.3692869544029236,"(np.float64(1.0), np.float64(0.7333333333333333), np.float64(0.47058823529411764), np.float64(1.0))","T2
0.37",True
paraphrase-MiniLM-L6-v2,2,Journalism & Media Studies,758,,-2.8910732,2.116969,0.3692869544029236,"(np.float64(1.0), np.float64(0.7333333333333333), np.float64(0.47058823529411764), np.float64(1.0))","T2
0.37",True
paraphrase-MiniLM-L6-v2,2,Journalism & Media Studies,778,,-2.8722496,2.3036375,0.3692869544029236,"(np.float64(1.0), np.float64(0.7333333333333333), np.float64(0.47058823529411764), np.float64(1.0))","T2
0.37",True
paraphrase-MiniLM-L6-v2,2,Journalism & Media Studies,793,,-2.8186862,2.2220755,0.3692869544029236,"(np.float64(1.0), np.float64(0.7333333333333333), np.float64(0.47058823529411764), np.float64(1.0))","T2
0.37",True
paraphrase-MiniLM-L6-v2,2,Journalism & Media Studies,794,,-3.3058994,2.4247532,0.3692869544029236,"(np.float64(1.0), np.float64(0.7333333333333333), np.float64(0.47058823529411764), np.float64(1.0))","T2
0.37",True
paraphrase-MiniLM-L6-v2,2,Journalism & Media Studies,846,,-3.2376614,2.4610844,0.3692869544029236,"(np.float64(1.0), np.float64(0.7333333333333333), np.float64(0.47058823529411764), np.float64(1.0))","T2
0.37",True
paraphrase-MiniLM-L6-v2,2,Journalism & Media Studies,868,,-3.034622,2.3859622,0.3692869544029236,"(np.float64(1.0), np.float64(0.7333333333333333), np.float64(0.47058823529411764), np.float64(1.0))","T2
0.37",True
paraphrase-MiniLM-L6-v2,2,Journalism & Media Studies,877,,-2.9337652,2.6089654,0.3692869544029236,"(np.float64(1.0), np.float64(0.7333333333333333), np.float64(0.47058823529411764), np.float64(1.0))","T2
0.37",True
paraphrase-MiniLM-L6-v2,2,Journalism & Media Studies,879,,-3.0956733,2.2235506,0.3692869544029236,"(np.float64(1.0), np.float64(0.7333333333333333), np.float64(0.47058823529411764), np.float64(1.0))","T2
0.37",True
paraphrase-MiniLM-L6-v2,2,Journalism & Media Studies,881,,-2.9035017,2.4444242,0.3692869544029236,"(np.float64(1.0), np.float64(0.7333333333333333), np.float64(0.47058823529411764), np.float64(1.0))","T2
0.37",True
paraphrase-MiniLM-L6-v2,2,Journalism & Media Studies,911,,-2.714444,2.107568,0.3692869544029236,"(np.float64(1.0), np.float64(0.7333333333333333), np.float64(0.47058823529411764), np.float64(1.0))","T2
0.37",True
paraphrase-MiniLM-L6-v2,2,Journalism & Media Studies,925,,-3.0849051,2.1607363,0.3692869544029236,"(np.float64(1.0), np.float64(0.7333333333333333), np.float64(0.47058823529411764), np.float64(1.0))","T2
0.37",True
paraphrase-MiniLM-L6-v2,2,Journalism & Media Studies,930,,-3.1684406,2.3467212,0.3692869544029236,"(np.float64(1.0), np.float64(0.7333333333333333), np.float64(0.47058823529411764), np.float64(1.0))","T2
0.37",True
paraphrase-MiniLM-L6-v2,2,Journalism & Media Studies,943,,-2.6922667,2.400099,0.3692869544029236,"(np.float64(1.0), np.float64(0.7333333333333333), np.float64(0.47058823529411764), np.float64(1.0))","T2
0.37",True
paraphrase-MiniLM-L6-v2,3,"lab, task",201,,0.71344125,5.262044,0.28873997926712036,"(np.float64(0.17254901960784313), np.float64(0.6274509803921569), np.float64(0.17254901960784313), np.float64(1.0))","T3
0.29",True
paraphrase-MiniLM-L6-v2,3,"lab, task",236,,0.15547895,4.818372,0.28873997926712036,"(np.float64(0.17254901960784313), np.float64(0.6274509803921569), np.float64(0.17254901960784313), np.float64(1.0))","T3
0.29",True
paraphrase-MiniLM-L6-v2,3,"lab, task",380,,0.4699142,5.1256576,0.28873997926712036,"(np.float64(0.17254901960784313), np.float64(0.6274509803921569), np.float64(0.17254901960784313), np.float64(1.0))","T3
0.29",True
paraphrase-MiniLM-L6-v2,3,"lab, task",386,,0.71950746,5.3028693,0.28873997926712036,"(np.float64(0.17254901960784313), np.float64(0.6274509803921569), np.float64(0.17254901960784313), np.float64(1.0))","T3
0.29",True
paraphrase-MiniLM-L6-v2,3,"lab, task",437,,0.7387411,5.236354,0.28873997926712036,"(np.float64(0.17254901960784313), np.float64(0.6274509803921569), np.float64(0.17254901960784313), np.float64(1.0))","T3
0.29",True
paraphrase-MiniLM-L6-v2,3,"lab, task",442,,0.82009804,5.2074194,0.28873997926712036,"(np.float64(0.17254901960784313), np.float64(0.6274509803921569), np.float64(0.17254901960784313), np.float64(1.0))","T3
0.29",True
paraphrase-MiniLM-L6-v2,3,"lab, task",531,,0.78634816,5.330354,0.28873997926712036,"(np.float64(0.17254901960784313), np.float64(0.6274509803921569), np.float64(0.17254901960784313), np.float64(1.0))","T3
0.29",True
paraphrase-MiniLM-L6-v2,3,"lab, task",535,,0.11150985,4.8668547,0.28873997926712036,"(np.float64(0.17254901960784313), np.float64(0.6274509803921569), np.float64(0.17254901960784313), np.float64(1.0))","T3
0.29",True
paraphrase-MiniLM-L6-v2,3,"lab, task",536,,0.6557293,5.272641,0.28873997926712036,"(np.float64(0.17254901960784313), np.float64(0.6274509803921569), np.float64(0.17254901960784313), np.float64(1.0))","T3
0.29",True
paraphrase-MiniLM-L6-v2,3,"lab, task",538,,0.78070813,5.3196335,0.28873997926712036,"(np.float64(0.17254901960784313), np.float64(0.6274509803921569), np.float64(0.17254901960784313), np.float64(1.0))","T3
0.29",True
paraphrase-MiniLM-L6-v2,3,"lab, task",552,,0.73172253,5.3647776,0.28873997926712036,"(np.float64(0.17254901960784313), np.float64(0.6274509803921569), np.float64(0.17254901960784313), np.float64(1.0))","T3
0.29",True
paraphrase-MiniLM-L6-v2,3,"lab, task",655,,0.7476803,5.309913,0.28873997926712036,"(np.float64(0.17254901960784313), np.float64(0.6274509803921569), np.float64(0.17254901960784313), np.float64(1.0))","T3
0.29",True
paraphrase-MiniLM-L6-v2,3,"lab, task",656,,0.6454422,5.1733966,0.28873997926712036,"(np.float64(0.17254901960784313), np.float64(0.6274509803921569), np.float64(0.17254901960784313), np.float64(1.0))","T3
0.29",True
paraphrase-MiniLM-L6-v2,3,"lab, task",657,,0.775945,5.204988,0.28873997926712036,"(np.float64(0.17254901960784313), np.float64(0.6274509803921569), np.float64(0.17254901960784313), np.float64(1.0))","T3
0.29",True
paraphrase-MiniLM-L6-v2,3,"lab, task",663,,0.7076557,5.3374224,0.28873997926712036,"(np.float64(0.17254901960784313), np.float64(0.6274509803921569), np.float64(0.17254901960784313), np.float64(1.0))","T3
0.29",True
paraphrase-MiniLM-L6-v2,3,"lab, task",700,,0.80498624,5.343496,0.28873997926712036,"(np.float64(0.17254901960784313), np.float64(0.6274509803921569), np.float64(0.17254901960784313), np.float64(1.0))","T3
0.29",True
paraphrase-MiniLM-L6-v2,3,"lab, task",774,,0.7460563,5.0966687,0.28873997926712036,"(np.float64(0.17254901960784313), np.float64(0.6274509803921569), np.float64(0.17254901960784313), np.float64(1.0))","T3
0.29",True
paraphrase-MiniLM-L6-v2,3,"lab, task",806,,0.77201265,4.9187236,0.28873997926712036,"(np.float64(0.17254901960784313), np.float64(0.6274509803921569), np.float64(0.17254901960784313), np.float64(1.0))","T3
0.29",True
paraphrase-MiniLM-L6-v2,3,"lab, task",807,,0.69358325,5.0398965,0.28873997926712036,"(np.float64(0.17254901960784313), np.float64(0.6274509803921569), np.float64(0.17254901960784313), np.float64(1.0))","T3
0.29",True
paraphrase-MiniLM-L6-v2,3,"lab, task",839,,0.73783326,4.9313893,0.28873997926712036,"(np.float64(0.17254901960784313), np.float64(0.6274509803921569), np.float64(0.17254901960784313), np.float64(1.0))","T3
0.29",True
paraphrase-MiniLM-L6-v2,4,Credibility Assessment,429,,-3.7395284,1.8013104,0.3202216923236847,"(np.float64(0.596078431372549), np.float64(0.8745098039215686), np.float64(0.5411764705882353), np.float64(1.0))","T4
0.32",True
paraphrase-MiniLM-L6-v2,4,Credibility Assessment,460,,-4.040365,1.8414305,0.3202216923236847,"(np.float64(0.596078431372549), np.float64(0.8745098039215686), np.float64(0.5411764705882353), np.float64(1.0))","T4
0.32",True
paraphrase-MiniLM-L6-v2,4,Credibility Assessment,527,,-3.846455,1.8048813,0.3202216923236847,"(np.float64(0.596078431372549), np.float64(0.8745098039215686), np.float64(0.5411764705882353), np.float64(1.0))","T4
0.32",True
paraphrase-MiniLM-L6-v2,4,Credibility Assessment,573,,-3.7099683,2.4708695,0.3202216923236847,"(np.float64(0.596078431372549), np.float64(0.8745098039215686), np.float64(0.5411764705882353), np.float64(1.0))","T4
0.32",True
paraphrase-MiniLM-L6-v2,4,Credibility Assessment,620,,-4.0206523,1.9945171,0.3202216923236847,"(np.float64(0.596078431372549), np.float64(0.8745098039215686), np.float64(0.5411764705882353), np.float64(1.0))","T4
0.32",True
paraphrase-MiniLM-L6-v2,4,Credibility Assessment,633,,-3.8282578,1.7003862,0.3202216923236847,"(np.float64(0.596078431372549), np.float64(0.8745098039215686), np.float64(0.5411764705882353), np.float64(1.0))","T4
0.32",True
paraphrase-MiniLM-L6-v2,4,Credibility Assessment,677,,-3.7737985,1.8132504,0.3202216923236847,"(np.float64(0.596078431372549), np.float64(0.8745098039215686), np.float64(0.5411764705882353), np.float64(1.0))","T4
0.32",True
paraphrase-MiniLM-L6-v2,4,Credibility Assessment,737,,-3.8499837,1.805708,0.3202216923236847,"(np.float64(0.596078431372549), np.float64(0.8745098039215686), np.float64(0.5411764705882353), np.float64(1.0))","T4
0.32",True
paraphrase-MiniLM-L6-v2,4,Credibility Assessment,744,,-3.7833095,1.5599728,0.3202216923236847,"(np.float64(0.596078431372549), np.float64(0.8745098039215686), np.float64(0.5411764705882353), np.float64(1.0))","T4
0.32",True
paraphrase-MiniLM-L6-v2,4,Credibility Assessment,796,,-3.5671456,1.9462745,0.3202216923236847,"(np.float64(0.596078431372549), np.float64(0.8745098039215686), np.float64(0.5411764705882353), np.float64(1.0))","T4
0.32",True
paraphrase-MiniLM-L6-v2,4,Credibility Assessment,803,,-3.6673286,1.7597749,0.3202216923236847,"(np.float64(0.596078431372549), np.float64(0.8745098039215686), np.float64(0.5411764705882353), np.float64(1.0))","T4
0.32",True
paraphrase-MiniLM-L6-v2,4,Credibility Assessment,830,,-3.685705,2.085683,0.3202216923236847,"(np.float64(0.596078431372549), np.float64(0.8745098039215686), np.float64(0.5411764705882353), np.float64(1.0))","T4
0.32",True
paraphrase-MiniLM-L6-v2,4,Credibility Assessment,852,,-3.45372,1.9458425,0.3202216923236847,"(np.float64(0.596078431372549), np.float64(0.8745098039215686), np.float64(0.5411764705882353), np.float64(1.0))","T4
0.32",True
paraphrase-MiniLM-L6-v2,4,Credibility Assessment,904,,-3.8041217,1.7599157,0.3202216923236847,"(np.float64(0.596078431372549), np.float64(0.8745098039215686), np.float64(0.5411764705882353), np.float64(1.0))","T4
0.32",True
paraphrase-MiniLM-L6-v2,4,Credibility Assessment,906,,-3.8726172,1.6332859,0.3202216923236847,"(np.float64(0.596078431372549), np.float64(0.8745098039215686), np.float64(0.5411764705882353), np.float64(1.0))","T4
0.32",True
paraphrase-MiniLM-L6-v2,4,Credibility Assessment,908,,-4.009116,2.0830224,0.3202216923236847,"(np.float64(0.596078431372549), np.float64(0.8745098039215686), np.float64(0.5411764705882353), np.float64(1.0))","T4
0.32",True
paraphrase-MiniLM-L6-v2,4,Credibility Assessment,933,,-3.72934,1.9740838,0.3202216923236847,"(np.float64(0.596078431372549), np.float64(0.8745098039215686), np.float64(0.5411764705882353), np.float64(1.0))","T4
0.32",True
paraphrase-MiniLM-L6-v2,4,Credibility Assessment,950,,-3.5838153,1.9918159,0.3202216923236847,"(np.float64(0.596078431372549), np.float64(0.8745098039215686), np.float64(0.5411764705882353), np.float64(1.0))","T4
0.32",True
paraphrase-MiniLM-L6-v2,4,Credibility Assessment,958,,-3.674116,2.0927343,0.3202216923236847,"(np.float64(0.596078431372549), np.float64(0.8745098039215686), np.float64(0.5411764705882353), np.float64(1.0))","T4
0.32",True
paraphrase-MiniLM-L6-v2,5,Misinformation & Propaganda,42,,-5.6549325,5.006974,0.543768584728241,"(np.float64(0.8392156862745098), np.float64(0.15294117647058825), np.float64(0.1568627450980392), np.float64(1.0))","T5
0.54",True
paraphrase-MiniLM-L6-v2,5,Misinformation & Propaganda,44,,-5.8336926,5.5572047,0.543768584728241,"(np.float64(0.8392156862745098), np.float64(0.15294117647058825), np.float64(0.1568627450980392), np.float64(1.0))","T5
0.54",True
paraphrase-MiniLM-L6-v2,5,Misinformation & Propaganda,45,,-5.1099687,5.4026046,0.543768584728241,"(np.float64(0.8392156862745098), np.float64(0.15294117647058825), np.float64(0.1568627450980392), np.float64(1.0))","T5
0.54",True
paraphrase-MiniLM-L6-v2,5,Misinformation & Propaganda,96,,-5.2949505,5.23935,0.543768584728241,"(np.float64(0.8392156862745098), np.float64(0.15294117647058825), np.float64(0.1568627450980392), np.float64(1.0))","T5
0.54",True
paraphrase-MiniLM-L6-v2,5,Misinformation & Propaganda,100,,-5.7872105,5.5509386,0.543768584728241,"(np.float64(0.8392156862745098), np.float64(0.15294117647058825), np.float64(0.1568627450980392), np.float64(1.0))","T5
0.54",True
paraphrase-MiniLM-L6-v2,5,Misinformation & Propaganda,119,,-5.8459387,5.5995884,0.543768584728241,"(np.float64(0.8392156862745098), np.float64(0.15294117647058825), np.float64(0.1568627450980392), np.float64(1.0))","T5
0.54",True
paraphrase-MiniLM-L6-v2,5,Misinformation & Propaganda,122,,-5.928417,5.496085,0.543768584728241,"(np.float64(0.8392156862745098), np.float64(0.15294117647058825), np.float64(0.1568627450980392), np.float64(1.0))","T5
0.54",True
paraphrase-MiniLM-L6-v2,5,Misinformation & Propaganda,124,,-5.686708,5.4369936,0.543768584728241,"(np.float64(0.8392156862745098), np.float64(0.15294117647058825), np.float64(0.1568627450980392), np.float64(1.0))","T5
0.54",True
paraphrase-MiniLM-L6-v2,5,Misinformation & Propaganda,134,,-5.7058034,5.843733,0.543768584728241,"(np.float64(0.8392156862745098), np.float64(0.15294117647058825), np.float64(0.1568627450980392), np.float64(1.0))","T5
0.54",True
paraphrase-MiniLM-L6-v2,5,Misinformation & Propaganda,337,,-5.660574,5.437288,0.543768584728241,"(np.float64(0.8392156862745098), np.float64(0.15294117647058825), np.float64(0.1568627450980392), np.float64(1.0))","T5
0.54",True
paraphrase-MiniLM-L6-v2,5,Misinformation & Propaganda,348,,-5.7242246,5.6991143,0.543768584728241,"(np.float64(0.8392156862745098), np.float64(0.15294117647058825), np.float64(0.1568627450980392), np.float64(1.0))","T5
0.54",True
paraphrase-MiniLM-L6-v2,5,Misinformation & Propaganda,364,,-5.8225055,4.8934994,0.543768584728241,"(np.float64(0.8392156862745098), np.float64(0.15294117647058825), np.float64(0.1568627450980392), np.float64(1.0))","T5
0.54",True
paraphrase-MiniLM-L6-v2,5,Misinformation & Propaganda,390,,-5.248755,5.145446,0.543768584728241,"(np.float64(0.8392156862745098), np.float64(0.15294117647058825), np.float64(0.1568627450980392), np.float64(1.0))","T5
0.54",True
paraphrase-MiniLM-L6-v2,5,Misinformation & Propaganda,469,,-5.7482452,4.8258624,0.543768584728241,"(np.float64(0.8392156862745098), np.float64(0.15294117647058825), np.float64(0.1568627450980392), np.float64(1.0))","T5
0.54",True
paraphrase-MiniLM-L6-v2,5,Misinformation & Propaganda,502,,-5.750196,5.4485326,0.543768584728241,"(np.float64(0.8392156862745098), np.float64(0.15294117647058825), np.float64(0.1568627450980392), np.float64(1.0))","T5
0.54",True
paraphrase-MiniLM-L6-v2,5,Misinformation & Propaganda,509,,-4.677483,4.9396286,0.543768584728241,"(np.float64(0.8392156862745098), np.float64(0.15294117647058825), np.float64(0.1568627450980392), np.float64(1.0))","T5
0.54",True
paraphrase-MiniLM-L6-v2,5,Misinformation & Propaganda,665,,-5.9224677,5.601631,0.543768584728241,"(np.float64(0.8392156862745098), np.float64(0.15294117647058825), np.float64(0.1568627450980392), np.float64(1.0))","T5
0.54",True
paraphrase-MiniLM-L6-v2,6,"llms, llm",26,,-0.23552217,5.3532634,0.2522771954536438,"(np.float64(1.0), np.float64(0.596078431372549), np.float64(0.5882352941176471), np.float64(1.0))","T6
0.25",True
paraphrase-MiniLM-L6-v2,6,"llms, llm",34,,-0.32388392,5.5611334,0.2522771954536438,"(np.float64(1.0), np.float64(0.596078431372549), np.float64(0.5882352941176471), np.float64(1.0))","T6
0.25",True
paraphrase-MiniLM-L6-v2,6,"llms, llm",56,,-0.5847471,5.53338,0.2522771954536438,"(np.float64(1.0), np.float64(0.596078431372549), np.float64(0.5882352941176471), np.float64(1.0))","T6
0.25",True
paraphrase-MiniLM-L6-v2,6,"llms, llm",92,,-0.34593156,5.5898585,0.2522771954536438,"(np.float64(1.0), np.float64(0.596078431372549), np.float64(0.5882352941176471), np.float64(1.0))","T6
0.25",True
paraphrase-MiniLM-L6-v2,6,"llms, llm",103,,-0.3437375,5.58302,0.2522771954536438,"(np.float64(1.0), np.float64(0.596078431372549), np.float64(0.5882352941176471), np.float64(1.0))","T6
0.25",True
paraphrase-MiniLM-L6-v2,6,"llms, llm",179,,-0.39488214,5.6154976,0.2522771954536438,"(np.float64(1.0), np.float64(0.596078431372549), np.float64(0.5882352941176471), np.float64(1.0))","T6
0.25",True
paraphrase-MiniLM-L6-v2,6,"llms, llm",211,,-0.3393259,5.578469,0.2522771954536438,"(np.float64(1.0), np.float64(0.596078431372549), np.float64(0.5882352941176471), np.float64(1.0))","T6
0.25",True
paraphrase-MiniLM-L6-v2,6,"llms, llm",226,,-0.7268531,5.656755,0.2522771954536438,"(np.float64(1.0), np.float64(0.596078431372549), np.float64(0.5882352941176471), np.float64(1.0))","T6
0.25",True
paraphrase-MiniLM-L6-v2,6,"llms, llm",230,,-0.3302424,5.6420693,0.2522771954536438,"(np.float64(1.0), np.float64(0.596078431372549), np.float64(0.5882352941176471), np.float64(1.0))","T6
0.25",True
paraphrase-MiniLM-L6-v2,6,"llms, llm",238,,-0.46691698,5.4290943,0.2522771954536438,"(np.float64(1.0), np.float64(0.596078431372549), np.float64(0.5882352941176471), np.float64(1.0))","T6
0.25",True
paraphrase-MiniLM-L6-v2,6,"llms, llm",241,,-0.3596169,5.6680017,0.2522771954536438,"(np.float64(1.0), np.float64(0.596078431372549), np.float64(0.5882352941176471), np.float64(1.0))","T6
0.25",True
paraphrase-MiniLM-L6-v2,6,"llms, llm",243,,-0.3507083,5.579382,0.2522771954536438,"(np.float64(1.0), np.float64(0.596078431372549), np.float64(0.5882352941176471), np.float64(1.0))","T6
0.25",True
paraphrase-MiniLM-L6-v2,6,"llms, llm",245,,-0.19093715,5.2498016,0.2522771954536438,"(np.float64(1.0), np.float64(0.596078431372549), np.float64(0.5882352941176471), np.float64(1.0))","T6
0.25",True
paraphrase-MiniLM-L6-v2,6,"llms, llm",286,,-0.24734776,5.3160715,0.2522771954536438,"(np.float64(1.0), np.float64(0.596078431372549), np.float64(0.5882352941176471), np.float64(1.0))","T6
0.25",True
paraphrase-MiniLM-L6-v2,6,"llms, llm",303,,-0.21033977,5.108074,0.2522771954536438,"(np.float64(1.0), np.float64(0.596078431372549), np.float64(0.5882352941176471), np.float64(1.0))","T6
0.25",True
paraphrase-MiniLM-L6-v2,6,"llms, llm",394,,-0.29393795,5.6214695,0.2522771954536438,"(np.float64(1.0), np.float64(0.596078431372549), np.float64(0.5882352941176471), np.float64(1.0))","T6
0.25",True
paraphrase-MiniLM-L6-v2,7,"health, medical",55,,-2.038798,2.4559858,0.5863237977027893,"(np.float64(0.5803921568627451), np.float64(0.403921568627451), np.float64(0.7411764705882353), np.float64(1.0))","T7
0.59",True
paraphrase-MiniLM-L6-v2,7,"health, medical",70,,-1.4947417,2.898741,0.5863237977027893,"(np.float64(0.5803921568627451), np.float64(0.403921568627451), np.float64(0.7411764705882353), np.float64(1.0))","T7
0.59",True
paraphrase-MiniLM-L6-v2,7,"health, medical",172,,-1.3611296,3.1340854,0.5863237977027893,"(np.float64(0.5803921568627451), np.float64(0.403921568627451), np.float64(0.7411764705882353), np.float64(1.0))","T7
0.59",True
paraphrase-MiniLM-L6-v2,7,"health, medical",186,,-1.3894044,2.9396636,0.5863237977027893,"(np.float64(0.5803921568627451), np.float64(0.403921568627451), np.float64(0.7411764705882353), np.float64(1.0))","T7
0.59",True
paraphrase-MiniLM-L6-v2,7,"health, medical",194,,-1.2686921,2.7853115,0.5863237977027893,"(np.float64(0.5803921568627451), np.float64(0.403921568627451), np.float64(0.7411764705882353), np.float64(1.0))","T7
0.59",True
paraphrase-MiniLM-L6-v2,7,"health, medical",263,,-1.2988889,3.3856661,0.5863237977027893,"(np.float64(0.5803921568627451), np.float64(0.403921568627451), np.float64(0.7411764705882353), np.float64(1.0))","T7
0.59",True
paraphrase-MiniLM-L6-v2,7,"health, medical",560,,-1.1969817,3.6543393,0.5863237977027893,"(np.float64(0.5803921568627451), np.float64(0.403921568627451), np.float64(0.7411764705882353), np.float64(1.0))","T7
0.59",True
paraphrase-MiniLM-L6-v2,7,"health, medical",631,,-1.219219,3.3735495,0.5863237977027893,"(np.float64(0.5803921568627451), np.float64(0.403921568627451), np.float64(0.7411764705882353), np.float64(1.0))","T7
0.59",True
paraphrase-MiniLM-L6-v2,7,"health, medical",690,,-1.4200679,2.6743886,0.5863237977027893,"(np.float64(0.5803921568627451), np.float64(0.403921568627451), np.float64(0.7411764705882353), np.float64(1.0))","T7
0.59",True
paraphrase-MiniLM-L6-v2,7,"health, medical",775,,-0.3086756,3.83188,0.5863237977027893,"(np.float64(0.5803921568627451), np.float64(0.403921568627451), np.float64(0.7411764705882353), np.float64(1.0))","T7
0.59",True
paraphrase-MiniLM-L6-v2,7,"health, medical",800,,-1.314185,3.0279968,0.5863237977027893,"(np.float64(0.5803921568627451), np.float64(0.403921568627451), np.float64(0.7411764705882353), np.float64(1.0))","T7
0.59",True
paraphrase-MiniLM-L6-v2,7,"health, medical",843,,-1.4061168,2.90349,0.5863237977027893,"(np.float64(0.5803921568627451), np.float64(0.403921568627451), np.float64(0.7411764705882353), np.float64(1.0))","T7
0.59",True
paraphrase-MiniLM-L6-v2,7,"health, medical",880,,-1.3536043,2.712247,0.5863237977027893,"(np.float64(0.5803921568627451), np.float64(0.403921568627451), np.float64(0.7411764705882353), np.float64(1.0))","T7
0.59",True
paraphrase-MiniLM-L6-v2,7,"health, medical",944,,-1.4415476,2.5749376,0.5863237977027893,"(np.float64(0.5803921568627451), np.float64(0.403921568627451), np.float64(0.7411764705882353), np.float64(1.0))","T7
0.59",True
paraphrase-MiniLM-L6-v2,7,"health, medical",955,,-1.4093119,2.5188675,0.5863237977027893,"(np.float64(0.5803921568627451), np.float64(0.403921568627451), np.float64(0.7411764705882353), np.float64(1.0))","T7
0.59",True
paraphrase-MiniLM-L6-v2,7,"health, medical",978,,-1.2959603,2.8856003,0.5863237977027893,"(np.float64(0.5803921568627451), np.float64(0.403921568627451), np.float64(0.7411764705882353), np.float64(1.0))","T7
0.59",True
paraphrase-MiniLM-L6-v2,8,"evidence, verification",69,,1.3326942,3.2829335,0.2717282772064209,"(np.float64(0.7725490196078432), np.float64(0.6901960784313725), np.float64(0.8352941176470589), np.float64(1.0))","T8
0.27",True
paraphrase-MiniLM-L6-v2,8,"evidence, verification",203,,1.2028626,3.2434838,0.2717282772064209,"(np.float64(0.7725490196078432), np.float64(0.6901960784313725), np.float64(0.8352941176470589), np.float64(1.0))","T8
0.27",True
paraphrase-MiniLM-L6-v2,8,"evidence, verification",239,,1.2945324,3.424598,0.2717282772064209,"(np.float64(0.7725490196078432), np.float64(0.6901960784313725), np.float64(0.8352941176470589), np.float64(1.0))","T8
0.27",True
paraphrase-MiniLM-L6-v2,8,"evidence, verification",402,,1.0458193,3.2584438,0.2717282772064209,"(np.float64(0.7725490196078432), np.float64(0.6901960784313725), np.float64(0.8352941176470589), np.float64(1.0))","T8
0.27",True
paraphrase-MiniLM-L6-v2,8,"evidence, verification",404,,1.1980753,3.197092,0.2717282772064209,"(np.float64(0.7725490196078432), np.float64(0.6901960784313725), np.float64(0.8352941176470589), np.float64(1.0))","T8
0.27",True
paraphrase-MiniLM-L6-v2,8,"evidence, verification",408,,1.4437703,3.1906319,0.2717282772064209,"(np.float64(0.7725490196078432), np.float64(0.6901960784313725), np.float64(0.8352941176470589), np.float64(1.0))","T8
0.27",True
paraphrase-MiniLM-L6-v2,8,"evidence, verification",445,,1.3578453,3.4217737,0.2717282772064209,"(np.float64(0.7725490196078432), np.float64(0.6901960784313725), np.float64(0.8352941176470589), np.float64(1.0))","T8
0.27",True
paraphrase-MiniLM-L6-v2,8,"evidence, verification",541,,1.2617658,3.6784565,0.2717282772064209,"(np.float64(0.7725490196078432), np.float64(0.6901960784313725), np.float64(0.8352941176470589), np.float64(1.0))","T8
0.27",True
paraphrase-MiniLM-L6-v2,8,"evidence, verification",576,,1.4191198,3.34844,0.2717282772064209,"(np.float64(0.7725490196078432), np.float64(0.6901960784313725), np.float64(0.8352941176470589), np.float64(1.0))","T8
0.27",True
paraphrase-MiniLM-L6-v2,8,"evidence, verification",577,,1.4750429,3.267384,0.2717282772064209,"(np.float64(0.7725490196078432), np.float64(0.6901960784313725), np.float64(0.8352941176470589), np.float64(1.0))","T8
0.27",True
paraphrase-MiniLM-L6-v2,8,"evidence, verification",578,,1.3877949,3.2881634,0.2717282772064209,"(np.float64(0.7725490196078432), np.float64(0.6901960784313725), np.float64(0.8352941176470589), np.float64(1.0))","T8
0.27",True
paraphrase-MiniLM-L6-v2,8,"evidence, verification",583,,1.3392969,3.1914287,0.2717282772064209,"(np.float64(0.7725490196078432), np.float64(0.6901960784313725), np.float64(0.8352941176470589), np.float64(1.0))","T8
0.27",True
paraphrase-MiniLM-L6-v2,8,"evidence, verification",652,,1.2419455,3.2427673,0.2717282772064209,"(np.float64(0.7725490196078432), np.float64(0.6901960784313725), np.float64(0.8352941176470589), np.float64(1.0))","T8
0.27",True
paraphrase-MiniLM-L6-v2,8,"evidence, verification",658,,1.2484432,3.038434,0.2717282772064209,"(np.float64(0.7725490196078432), np.float64(0.6901960784313725), np.float64(0.8352941176470589), np.float64(1.0))","T8
0.27",True
paraphrase-MiniLM-L6-v2,8,"evidence, verification",900,,1.2247226,2.7988276,0.2717282772064209,"(np.float64(0.7725490196078432), np.float64(0.6901960784313725), np.float64(0.8352941176470589), np.float64(1.0))","T8
0.27",True
paraphrase-MiniLM-L6-v2,9,"deepfake, videos",46,,-3.163365,4.5041404,0.3418009579181671,"(np.float64(0.5490196078431373), np.float64(0.33725490196078434), np.float64(0.29411764705882354), np.float64(1.0))","T9
0.34",True
paraphrase-MiniLM-L6-v2,9,"deepfake, videos",53,,-3.3385372,4.741286,0.3418009579181671,"(np.float64(0.5490196078431373), np.float64(0.33725490196078434), np.float64(0.29411764705882354), np.float64(1.0))","T9
0.34",True
paraphrase-MiniLM-L6-v2,9,"deepfake, videos",54,,-3.2637467,4.6495566,0.3418009579181671,"(np.float64(0.5490196078431373), np.float64(0.33725490196078434), np.float64(0.29411764705882354), np.float64(1.0))","T9
0.34",True
paraphrase-MiniLM-L6-v2,9,"deepfake, videos",59,,-3.1329916,4.6615367,0.3418009579181671,"(np.float64(0.5490196078431373), np.float64(0.33725490196078434), np.float64(0.29411764705882354), np.float64(1.0))","T9
0.34",True
paraphrase-MiniLM-L6-v2,9,"deepfake, videos",169,,-3.4850376,4.888609,0.3418009579181671,"(np.float64(0.5490196078431373), np.float64(0.33725490196078434), np.float64(0.29411764705882354), np.float64(1.0))","T9
0.34",True
paraphrase-MiniLM-L6-v2,9,"deepfake, videos",177,,-3.302491,4.904124,0.3418009579181671,"(np.float64(0.5490196078431373), np.float64(0.33725490196078434), np.float64(0.29411764705882354), np.float64(1.0))","T9
0.34",True
paraphrase-MiniLM-L6-v2,9,"deepfake, videos",189,,-3.5184722,4.9336033,0.3418009579181671,"(np.float64(0.5490196078431373), np.float64(0.33725490196078434), np.float64(0.29411764705882354), np.float64(1.0))","T9
0.34",True
paraphrase-MiniLM-L6-v2,9,"deepfake, videos",191,,-3.604557,5.006908,0.3418009579181671,"(np.float64(0.5490196078431373), np.float64(0.33725490196078434), np.float64(0.29411764705882354), np.float64(1.0))","T9
0.34",True
paraphrase-MiniLM-L6-v2,9,"deepfake, videos",277,,-3.5817056,5.012394,0.3418009579181671,"(np.float64(0.5490196078431373), np.float64(0.33725490196078434), np.float64(0.29411764705882354), np.float64(1.0))","T9
0.34",True
paraphrase-MiniLM-L6-v2,9,"deepfake, videos",334,,-3.6657841,4.985257,0.3418009579181671,"(np.float64(0.5490196078431373), np.float64(0.33725490196078434), np.float64(0.29411764705882354), np.float64(1.0))","T9
0.34",True
paraphrase-MiniLM-L6-v2,9,"deepfake, videos",372,,-3.3086026,4.7935667,0.3418009579181671,"(np.float64(0.5490196078431373), np.float64(0.33725490196078434), np.float64(0.29411764705882354), np.float64(1.0))","T9
0.34",True
paraphrase-MiniLM-L6-v2,9,"deepfake, videos",428,,-3.3150566,4.830932,0.3418009579181671,"(np.float64(0.5490196078431373), np.float64(0.33725490196078434), np.float64(0.29411764705882354), np.float64(1.0))","T9
0.34",True
paraphrase-MiniLM-L6-v2,9,"deepfake, videos",446,,-3.338633,4.9663744,0.3418009579181671,"(np.float64(0.5490196078431373), np.float64(0.33725490196078434), np.float64(0.29411764705882354), np.float64(1.0))","T9
0.34",True
paraphrase-MiniLM-L6-v2,9,"deepfake, videos",640,,-3.2075746,5.3410616,0.3418009579181671,"(np.float64(0.5490196078431373), np.float64(0.33725490196078434), np.float64(0.29411764705882354), np.float64(1.0))","T9
0.34",True
paraphrase-MiniLM-L6-v2,9,"deepfake, videos",701,,-3.7828379,4.8672943,0.3418009579181671,"(np.float64(0.5490196078431373), np.float64(0.33725490196078434), np.float64(0.29411764705882354), np.float64(1.0))","T9
0.34",True
paraphrase-MiniLM-L6-v2,10,Misinformation & Propaganda,39,,-1.5610052,4.880461,0.26440587639808655,"(np.float64(0.7686274509803922), np.float64(0.611764705882353), np.float64(0.5803921568627451), np.float64(1.0))","T10
0.26",True
paraphrase-MiniLM-L6-v2,10,Misinformation & Propaganda,64,,-1.3933176,4.6191726,0.26440587639808655,"(np.float64(0.7686274509803922), np.float64(0.611764705882353), np.float64(0.5803921568627451), np.float64(1.0))","T10
0.26",True
paraphrase-MiniLM-L6-v2,10,Misinformation & Propaganda,71,,-1.5850197,4.8638005,0.26440587639808655,"(np.float64(0.7686274509803922), np.float64(0.611764705882353), np.float64(0.5803921568627451), np.float64(1.0))","T10
0.26",True
paraphrase-MiniLM-L6-v2,10,Misinformation & Propaganda,97,,-1.767028,4.934276,0.26440587639808655,"(np.float64(0.7686274509803922), np.float64(0.611764705882353), np.float64(0.5803921568627451), np.float64(1.0))","T10
0.26",True
paraphrase-MiniLM-L6-v2,10,Misinformation & Propaganda,105,,-1.465569,4.3446035,0.26440587639808655,"(np.float64(0.7686274509803922), np.float64(0.611764705882353), np.float64(0.5803921568627451), np.float64(1.0))","T10
0.26",True
paraphrase-MiniLM-L6-v2,10,Misinformation & Propaganda,297,,-1.6021088,4.8950906,0.26440587639808655,"(np.float64(0.7686274509803922), np.float64(0.611764705882353), np.float64(0.5803921568627451), np.float64(1.0))","T10
0.26",True
paraphrase-MiniLM-L6-v2,10,Misinformation & Propaganda,306,,-1.5200197,4.7916203,0.26440587639808655,"(np.float64(0.7686274509803922), np.float64(0.611764705882353), np.float64(0.5803921568627451), np.float64(1.0))","T10
0.26",True
paraphrase-MiniLM-L6-v2,10,Misinformation & Propaganda,385,,-1.6140157,4.9114714,0.26440587639808655,"(np.float64(0.7686274509803922), np.float64(0.611764705882353), np.float64(0.5803921568627451), np.float64(1.0))","T10
0.26",True
paraphrase-MiniLM-L6-v2,10,Misinformation & Propaganda,412,,-1.624436,4.884512,0.26440587639808655,"(np.float64(0.7686274509803922), np.float64(0.611764705882353), np.float64(0.5803921568627451), np.float64(1.0))","T10
0.26",True
paraphrase-MiniLM-L6-v2,10,Misinformation & Propaganda,430,,-1.4448528,4.264295,0.26440587639808655,"(np.float64(0.7686274509803922), np.float64(0.611764705882353), np.float64(0.5803921568627451), np.float64(1.0))","T10
0.26",True
paraphrase-MiniLM-L6-v2,10,Misinformation & Propaganda,432,,-1.7049706,4.9757094,0.26440587639808655,"(np.float64(0.7686274509803922), np.float64(0.611764705882353), np.float64(0.5803921568627451), np.float64(1.0))","T10
0.26",True
paraphrase-MiniLM-L6-v2,10,Misinformation & Propaganda,614,,-1.5576512,4.7706213,0.26440587639808655,"(np.float64(0.7686274509803922), np.float64(0.611764705882353), np.float64(0.5803921568627451), np.float64(1.0))","T10
0.26",True
paraphrase-MiniLM-L6-v2,10,Misinformation & Propaganda,671,,-1.5000316,4.8574066,0.26440587639808655,"(np.float64(0.7686274509803922), np.float64(0.611764705882353), np.float64(0.5803921568627451), np.float64(1.0))","T10
0.26",True
paraphrase-MiniLM-L6-v2,10,Misinformation & Propaganda,680,,-1.6404823,4.843171,0.26440587639808655,"(np.float64(0.7686274509803922), np.float64(0.611764705882353), np.float64(0.5803921568627451), np.float64(1.0))","T10
0.26",True
paraphrase-MiniLM-L6-v2,11,Fact-Checking & Verification,215,,-3.3474941,1.2921811,0.15061764419078827,"(np.float64(0.8901960784313725), np.float64(0.4666666666666667), np.float64(0.7607843137254902), np.float64(1.0))","T11
0.15",True
paraphrase-MiniLM-L6-v2,11,Fact-Checking & Verification,439,,-3.3969622,1.2778894,0.15061764419078827,"(np.float64(0.8901960784313725), np.float64(0.4666666666666667), np.float64(0.7607843137254902), np.float64(1.0))","T11
0.15",True
paraphrase-MiniLM-L6-v2,11,Fact-Checking & Verification,496,,-3.3095396,1.5767593,0.15061764419078827,"(np.float64(0.8901960784313725), np.float64(0.4666666666666667), np.float64(0.7607843137254902), np.float64(1.0))","T11
0.15",True
paraphrase-MiniLM-L6-v2,11,Fact-Checking & Verification,525,,-3.6185942,1.41078,0.15061764419078827,"(np.float64(0.8901960784313725), np.float64(0.4666666666666667), np.float64(0.7607843137254902), np.float64(1.0))","T11
0.15",True
paraphrase-MiniLM-L6-v2,11,Fact-Checking & Verification,526,,-3.6788635,1.3562748,0.15061764419078827,"(np.float64(0.8901960784313725), np.float64(0.4666666666666667), np.float64(0.7607843137254902), np.float64(1.0))","T11
0.15",True
paraphrase-MiniLM-L6-v2,11,Fact-Checking & Verification,627,,-3.5058439,1.3976623,0.15061764419078827,"(np.float64(0.8901960784313725), np.float64(0.4666666666666667), np.float64(0.7607843137254902), np.float64(1.0))","T11
0.15",True
paraphrase-MiniLM-L6-v2,11,Fact-Checking & Verification,683,,-3.5053575,1.4179943,0.15061764419078827,"(np.float64(0.8901960784313725), np.float64(0.4666666666666667), np.float64(0.7607843137254902), np.float64(1.0))","T11
0.15",True
paraphrase-MiniLM-L6-v2,11,Fact-Checking & Verification,812,,-3.4778113,1.2839994,0.15061764419078827,"(np.float64(0.8901960784313725), np.float64(0.4666666666666667), np.float64(0.7607843137254902), np.float64(1.0))","T11
0.15",True
paraphrase-MiniLM-L6-v2,11,Fact-Checking & Verification,816,,-3.4607217,1.2813264,0.15061764419078827,"(np.float64(0.8901960784313725), np.float64(0.4666666666666667), np.float64(0.7607843137254902), np.float64(1.0))","T11
0.15",True
paraphrase-MiniLM-L6-v2,11,Fact-Checking & Verification,837,,-3.4891841,1.3526021,0.15061764419078827,"(np.float64(0.8901960784313725), np.float64(0.4666666666666667), np.float64(0.7607843137254902), np.float64(1.0))","T11
0.15",True
paraphrase-MiniLM-L6-v2,11,Fact-Checking & Verification,862,,-3.40696,1.2963352,0.15061764419078827,"(np.float64(0.8901960784313725), np.float64(0.4666666666666667), np.float64(0.7607843137254902), np.float64(1.0))","T11
0.15",True
paraphrase-MiniLM-L6-v2,11,Fact-Checking & Verification,866,,-3.4966424,1.3788246,0.15061764419078827,"(np.float64(0.8901960784313725), np.float64(0.4666666666666667), np.float64(0.7607843137254902), np.float64(1.0))","T11
0.15",True
paraphrase-MiniLM-L6-v2,11,Fact-Checking & Verification,870,,-3.5149698,1.3422449,0.15061764419078827,"(np.float64(0.8901960784313725), np.float64(0.4666666666666667), np.float64(0.7607843137254902), np.float64(1.0))","T11
0.15",True
paraphrase-MiniLM-L6-v2,11,Fact-Checking & Verification,912,,-3.4578536,1.3029743,0.15061764419078827,"(np.float64(0.8901960784313725), np.float64(0.4666666666666667), np.float64(0.7607843137254902), np.float64(1.0))","T11
0.15",True
paraphrase-MiniLM-L6-v2,12,Fact-Checking & Verification,23,,0.7775734,2.9390526,0.27366626262664795,"(np.float64(0.9686274509803922), np.float64(0.7137254901960784), np.float64(0.8235294117647058), np.float64(1.0))","T12
0.27",True
paraphrase-MiniLM-L6-v2,12,Fact-Checking & Verification,35,,0.38984135,3.3648593,0.27366626262664795,"(np.float64(0.9686274509803922), np.float64(0.7137254901960784), np.float64(0.8235294117647058), np.float64(1.0))","T12
0.27",True
paraphrase-MiniLM-L6-v2,12,Fact-Checking & Verification,72,,0.84271604,3.382185,0.27366626262664795,"(np.float64(0.9686274509803922), np.float64(0.7137254901960784), np.float64(0.8235294117647058), np.float64(1.0))","T12
0.27",True
paraphrase-MiniLM-L6-v2,12,Fact-Checking & Verification,81,,0.6274986,3.1488261,0.27366626262664795,"(np.float64(0.9686274509803922), np.float64(0.7137254901960784), np.float64(0.8235294117647058), np.float64(1.0))","T12
0.27",True
paraphrase-MiniLM-L6-v2,12,Fact-Checking & Verification,232,,0.97685075,3.050414,0.27366626262664795,"(np.float64(0.9686274509803922), np.float64(0.7137254901960784), np.float64(0.8235294117647058), np.float64(1.0))","T12
0.27",True
paraphrase-MiniLM-L6-v2,12,Fact-Checking & Verification,233,,0.5689059,3.2963843,0.27366626262664795,"(np.float64(0.9686274509803922), np.float64(0.7137254901960784), np.float64(0.8235294117647058), np.float64(1.0))","T12
0.27",True
paraphrase-MiniLM-L6-v2,12,Fact-Checking & Verification,532,,0.74917364,3.1465538,0.27366626262664795,"(np.float64(0.9686274509803922), np.float64(0.7137254901960784), np.float64(0.8235294117647058), np.float64(1.0))","T12
0.27",True
paraphrase-MiniLM-L6-v2,12,Fact-Checking & Verification,562,,0.4363763,3.3158982,0.27366626262664795,"(np.float64(0.9686274509803922), np.float64(0.7137254901960784), np.float64(0.8235294117647058), np.float64(1.0))","T12
0.27",True
paraphrase-MiniLM-L6-v2,12,Fact-Checking & Verification,668,,0.6768866,3.2683084,0.27366626262664795,"(np.float64(0.9686274509803922), np.float64(0.7137254901960784), np.float64(0.8235294117647058), np.float64(1.0))","T12
0.27",True
paraphrase-MiniLM-L6-v2,12,Fact-Checking & Verification,698,,0.71773416,3.1554348,0.27366626262664795,"(np.float64(0.9686274509803922), np.float64(0.7137254901960784), np.float64(0.8235294117647058), np.float64(1.0))","T12
0.27",True
paraphrase-MiniLM-L6-v2,12,Fact-Checking & Verification,821,,0.78465414,3.1394165,0.27366626262664795,"(np.float64(0.9686274509803922), np.float64(0.7137254901960784), np.float64(0.8235294117647058), np.float64(1.0))","T12
0.27",True
paraphrase-MiniLM-L6-v2,12,Fact-Checking & Verification,826,,0.43189025,3.4623802,0.27366626262664795,"(np.float64(0.9686274509803922), np.float64(0.7137254901960784), np.float64(0.8235294117647058), np.float64(1.0))","T12
0.27",True
paraphrase-MiniLM-L6-v2,12,Fact-Checking & Verification,855,,0.7549061,3.2079487,0.27366626262664795,"(np.float64(0.9686274509803922), np.float64(0.7137254901960784), np.float64(0.8235294117647058), np.float64(1.0))","T12
0.27",True
paraphrase-MiniLM-L6-v2,12,Fact-Checking & Verification,938,,0.63268274,3.3171682,0.27366626262664795,"(np.float64(0.9686274509803922), np.float64(0.7137254901960784), np.float64(0.8235294117647058), np.float64(1.0))","T12
0.27",True
paraphrase-MiniLM-L6-v2,13,"deception, cues",15,,-1.7558626,3.6304812,0.39972957968711853,"(np.float64(0.4980392156862745), np.float64(0.4980392156862745), np.float64(0.4980392156862745), np.float64(1.0))","T13
0.40",True
paraphrase-MiniLM-L6-v2,13,"deception, cues",178,,-2.1637263,3.5538104,0.39972957968711853,"(np.float64(0.4980392156862745), np.float64(0.4980392156862745), np.float64(0.4980392156862745), np.float64(1.0))","T13
0.40",True
paraphrase-MiniLM-L6-v2,13,"deception, cues",183,,-1.7123542,3.543678,0.39972957968711853,"(np.float64(0.4980392156862745), np.float64(0.4980392156862745), np.float64(0.4980392156862745), np.float64(1.0))","T13
0.40",True
paraphrase-MiniLM-L6-v2,13,"deception, cues",193,,-2.0040872,3.5494916,0.39972957968711853,"(np.float64(0.4980392156862745), np.float64(0.4980392156862745), np.float64(0.4980392156862745), np.float64(1.0))","T13
0.40",True
paraphrase-MiniLM-L6-v2,13,"deception, cues",457,,-1.3776119,3.4409873,0.39972957968711853,"(np.float64(0.4980392156862745), np.float64(0.4980392156862745), np.float64(0.4980392156862745), np.float64(1.0))","T13
0.40",True
paraphrase-MiniLM-L6-v2,13,"deception, cues",458,,-1.687795,3.6035848,0.39972957968711853,"(np.float64(0.4980392156862745), np.float64(0.4980392156862745), np.float64(0.4980392156862745), np.float64(1.0))","T13
0.40",True
paraphrase-MiniLM-L6-v2,13,"deception, cues",524,,-1.5532625,3.5492308,0.39972957968711853,"(np.float64(0.4980392156862745), np.float64(0.4980392156862745), np.float64(0.4980392156862745), np.float64(1.0))","T13
0.40",True
paraphrase-MiniLM-L6-v2,13,"deception, cues",584,,-1.8873799,3.4257107,0.39972957968711853,"(np.float64(0.4980392156862745), np.float64(0.4980392156862745), np.float64(0.4980392156862745), np.float64(1.0))","T13
0.40",True
paraphrase-MiniLM-L6-v2,13,"deception, cues",649,,-1.226413,3.7429845,0.39972957968711853,"(np.float64(0.4980392156862745), np.float64(0.4980392156862745), np.float64(0.4980392156862745), np.float64(1.0))","T13
0.40",True
paraphrase-MiniLM-L6-v2,13,"deception, cues",743,,-1.4259732,3.4625616,0.39972957968711853,"(np.float64(0.4980392156862745), np.float64(0.4980392156862745), np.float64(0.4980392156862745), np.float64(1.0))","T13
0.40",True
paraphrase-MiniLM-L6-v2,13,"deception, cues",934,,-1.0946274,3.3594105,0.39972957968711853,"(np.float64(0.4980392156862745), np.float64(0.4980392156862745), np.float64(0.4980392156862745), np.float64(1.0))","T13
0.40",True
paraphrase-MiniLM-L6-v2,13,"deception, cues",954,,-1.7163647,3.3302603,0.39972957968711853,"(np.float64(0.4980392156862745), np.float64(0.4980392156862745), np.float64(0.4980392156862745), np.float64(1.0))","T13
0.40",True
paraphrase-MiniLM-L6-v2,13,"deception, cues",965,,-1.9775954,3.4895303,0.39972957968711853,"(np.float64(0.4980392156862745), np.float64(0.4980392156862745), np.float64(0.4980392156862745), np.float64(1.0))","T13
0.40",True
paraphrase-MiniLM-L6-v2,13,"deception, cues",981,,-1.5077784,3.524013,0.39972957968711853,"(np.float64(0.4980392156862745), np.float64(0.4980392156862745), np.float64(0.4980392156862745), np.float64(1.0))","T13
0.40",True
paraphrase-MiniLM-L6-v2,14,"articles, analytical",52,,-5.1217456,3.9260612,1.0249552726745605,"(np.float64(0.7803921568627451), np.float64(0.7803921568627451), np.float64(0.7803921568627451), np.float64(1.0))","T14
1.02",False
paraphrase-MiniLM-L6-v2,14,"articles, analytical",269,,-5.57118,3.72481,1.0249552726745605,"(np.float64(0.7803921568627451), np.float64(0.7803921568627451), np.float64(0.7803921568627451), np.float64(1.0))","T14
1.02",False
paraphrase-MiniLM-L6-v2,14,"articles, analytical",308,,-0.8599605,3.4744985,1.0249552726745605,"(np.float64(0.7803921568627451), np.float64(0.7803921568627451), np.float64(0.7803921568627451), np.float64(1.0))","T14
1.02",False
paraphrase-MiniLM-L6-v2,14,"articles, analytical",323,,-4.9746013,3.7799792,1.0249552726745605,"(np.float64(0.7803921568627451), np.float64(0.7803921568627451), np.float64(0.7803921568627451), np.float64(1.0))","T14
1.02",False
paraphrase-MiniLM-L6-v2,14,"articles, analytical",379,,-5.7046566,3.4301817,1.0249552726745605,"(np.float64(0.7803921568627451), np.float64(0.7803921568627451), np.float64(0.7803921568627451), np.float64(1.0))","T14
1.02",False
paraphrase-MiniLM-L6-v2,14,"articles, analytical",391,,-5.3847513,3.9295592,1.0249552726745605,"(np.float64(0.7803921568627451), np.float64(0.7803921568627451), np.float64(0.7803921568627451), np.float64(1.0))","T14
1.02",False
paraphrase-MiniLM-L6-v2,14,"articles, analytical",450,,-4.3423424,3.1958094,1.0249552726745605,"(np.float64(0.7803921568627451), np.float64(0.7803921568627451), np.float64(0.7803921568627451), np.float64(1.0))","T14
1.02",False
paraphrase-MiniLM-L6-v2,14,"articles, analytical",466,,-5.064904,3.7677891,1.0249552726745605,"(np.float64(0.7803921568627451), np.float64(0.7803921568627451), np.float64(0.7803921568627451), np.float64(1.0))","T14
1.02",False
paraphrase-MiniLM-L6-v2,14,"articles, analytical",572,,-5.2348046,3.734034,1.0249552726745605,"(np.float64(0.7803921568627451), np.float64(0.7803921568627451), np.float64(0.7803921568627451), np.float64(1.0))","T14
1.02",False
paraphrase-MiniLM-L6-v2,14,"articles, analytical",632,,-5.3651385,4.0420566,1.0249552726745605,"(np.float64(0.7803921568627451), np.float64(0.7803921568627451), np.float64(0.7803921568627451), np.float64(1.0))","T14
1.02",False
paraphrase-MiniLM-L6-v2,14,"articles, analytical",708,,-5.1849046,3.9176948,1.0249552726745605,"(np.float64(0.7803921568627451), np.float64(0.7803921568627451), np.float64(0.7803921568627451), np.float64(1.0))","T14
1.02",False
paraphrase-MiniLM-L6-v2,14,"articles, analytical",729,,-5.1283097,3.827253,1.0249552726745605,"(np.float64(0.7803921568627451), np.float64(0.7803921568627451), np.float64(0.7803921568627451), np.float64(1.0))","T14
1.02",False
paraphrase-MiniLM-L6-v2,14,"articles, analytical",731,,-5.2722754,3.9269583,1.0249552726745605,"(np.float64(0.7803921568627451), np.float64(0.7803921568627451), np.float64(0.7803921568627451), np.float64(1.0))","T14
1.02",False
paraphrase-MiniLM-L6-v2,14,"articles, analytical",788,,-5.585041,3.7292206,1.0249552726745605,"(np.float64(0.7803921568627451), np.float64(0.7803921568627451), np.float64(0.7803921568627451), np.float64(1.0))","T14
1.02",False
paraphrase-MiniLM-L6-v2,15,Journalism & Media Studies,320,,-4.590972,2.539674,0.4847531318664551,"(np.float64(0.7372549019607844), np.float64(0.7411764705882353), np.float64(0.13333333333333333), np.float64(1.0))","T15
0.48",True
paraphrase-MiniLM-L6-v2,15,Journalism & Media Studies,494,,-4.8713055,2.7468112,0.4847531318664551,"(np.float64(0.7372549019607844), np.float64(0.7411764705882353), np.float64(0.13333333333333333), np.float64(1.0))","T15
0.48",True
paraphrase-MiniLM-L6-v2,15,Journalism & Media Studies,516,,-4.342283,2.6692474,0.4847531318664551,"(np.float64(0.7372549019607844), np.float64(0.7411764705882353), np.float64(0.13333333333333333), np.float64(1.0))","T15
0.48",True
paraphrase-MiniLM-L6-v2,15,Journalism & Media Studies,741,,-4.534813,1.8673841,0.4847531318664551,"(np.float64(0.7372549019607844), np.float64(0.7411764705882353), np.float64(0.13333333333333333), np.float64(1.0))","T15
0.48",True
paraphrase-MiniLM-L6-v2,15,Journalism & Media Studies,784,,-4.4724927,2.1107743,0.4847531318664551,"(np.float64(0.7372549019607844), np.float64(0.7411764705882353), np.float64(0.13333333333333333), np.float64(1.0))","T15
0.48",True
paraphrase-MiniLM-L6-v2,15,Journalism & Media Studies,790,,-4.3265386,2.2830825,0.4847531318664551,"(np.float64(0.7372549019607844), np.float64(0.7411764705882353), np.float64(0.13333333333333333), np.float64(1.0))","T15
0.48",True
paraphrase-MiniLM-L6-v2,15,Journalism & Media Studies,799,,-4.2353706,2.1209538,0.4847531318664551,"(np.float64(0.7372549019607844), np.float64(0.7411764705882353), np.float64(0.13333333333333333), np.float64(1.0))","T15
0.48",True
paraphrase-MiniLM-L6-v2,15,Journalism & Media Studies,838,,-4.3404365,2.6353478,0.4847531318664551,"(np.float64(0.7372549019607844), np.float64(0.7411764705882353), np.float64(0.13333333333333333), np.float64(1.0))","T15
0.48",True
paraphrase-MiniLM-L6-v2,15,Journalism & Media Studies,890,,-4.5572433,2.2852669,0.4847531318664551,"(np.float64(0.7372549019607844), np.float64(0.7411764705882353), np.float64(0.13333333333333333), np.float64(1.0))","T15
0.48",True
paraphrase-MiniLM-L6-v2,15,Journalism & Media Studies,891,,-4.4762816,2.254121,0.4847531318664551,"(np.float64(0.7372549019607844), np.float64(0.7411764705882353), np.float64(0.13333333333333333), np.float64(1.0))","T15
0.48",True
paraphrase-MiniLM-L6-v2,15,Journalism & Media Studies,894,,-4.638831,2.3201656,0.4847531318664551,"(np.float64(0.7372549019607844), np.float64(0.7411764705882353), np.float64(0.13333333333333333), np.float64(1.0))","T15
0.48",True
paraphrase-MiniLM-L6-v2,15,Journalism & Media Studies,913,,-3.596677,2.609762,0.4847531318664551,"(np.float64(0.7372549019607844), np.float64(0.7411764705882353), np.float64(0.13333333333333333), np.float64(1.0))","T15
0.48",True
paraphrase-MiniLM-L6-v2,15,Journalism & Media Studies,949,,-4.5856147,2.2093496,0.4847531318664551,"(np.float64(0.7372549019607844), np.float64(0.7411764705882353), np.float64(0.13333333333333333), np.float64(1.0))","T15
0.48",True
paraphrase-MiniLM-L6-v2,16,"checking, fact",65,,1.0593332,2.7487428,0.4134030342102051,"(np.float64(0.8588235294117647), np.float64(0.8588235294117647), np.float64(0.5529411764705883), np.float64(1.0))","T16
0.41",True
paraphrase-MiniLM-L6-v2,16,"checking, fact",78,,1.1385516,2.908376,0.4134030342102051,"(np.float64(0.8588235294117647), np.float64(0.8588235294117647), np.float64(0.5529411764705883), np.float64(1.0))","T16
0.41",True
paraphrase-MiniLM-L6-v2,16,"checking, fact",181,,1.1794535,3.133874,0.4134030342102051,"(np.float64(0.8588235294117647), np.float64(0.8588235294117647), np.float64(0.5529411764705883), np.float64(1.0))","T16
0.41",True
paraphrase-MiniLM-L6-v2,16,"checking, fact",195,,1.1024001,3.2601538,0.4134030342102051,"(np.float64(0.8588235294117647), np.float64(0.8588235294117647), np.float64(0.5529411764705883), np.float64(1.0))","T16
0.41",True
paraphrase-MiniLM-L6-v2,16,"checking, fact",240,,0.38297415,3.4823353,0.4134030342102051,"(np.float64(0.8588235294117647), np.float64(0.8588235294117647), np.float64(0.5529411764705883), np.float64(1.0))","T16
0.41",True
paraphrase-MiniLM-L6-v2,16,"checking, fact",443,,1.1236657,2.7469401,0.4134030342102051,"(np.float64(0.8588235294117647), np.float64(0.8588235294117647), np.float64(0.5529411764705883), np.float64(1.0))","T16
0.41",True
paraphrase-MiniLM-L6-v2,16,"checking, fact",558,,1.2341086,2.9096425,0.4134030342102051,"(np.float64(0.8588235294117647), np.float64(0.8588235294117647), np.float64(0.5529411764705883), np.float64(1.0))","T16
0.41",True
paraphrase-MiniLM-L6-v2,16,"checking, fact",659,,0.83138216,3.0133235,0.4134030342102051,"(np.float64(0.8588235294117647), np.float64(0.8588235294117647), np.float64(0.5529411764705883), np.float64(1.0))","T16
0.41",True
paraphrase-MiniLM-L6-v2,16,"checking, fact",667,,0.99582326,3.1889975,0.4134030342102051,"(np.float64(0.8588235294117647), np.float64(0.8588235294117647), np.float64(0.5529411764705883), np.float64(1.0))","T16
0.41",True
paraphrase-MiniLM-L6-v2,16,"checking, fact",693,,0.9093966,2.757338,0.4134030342102051,"(np.float64(0.8588235294117647), np.float64(0.8588235294117647), np.float64(0.5529411764705883), np.float64(1.0))","T16
0.41",True
paraphrase-MiniLM-L6-v2,16,"checking, fact",745,,1.0340294,3.1414897,0.4134030342102051,"(np.float64(0.8588235294117647), np.float64(0.8588235294117647), np.float64(0.5529411764705883), np.float64(1.0))","T16
0.41",True
paraphrase-MiniLM-L6-v2,16,"checking, fact",841,,1.1905054,2.8475347,0.4134030342102051,"(np.float64(0.8588235294117647), np.float64(0.8588235294117647), np.float64(0.5529411764705883), np.float64(1.0))","T16
0.41",True
paraphrase-MiniLM-L6-v2,16,"checking, fact",850,,0.5678175,2.9097588,0.4134030342102051,"(np.float64(0.8588235294117647), np.float64(0.8588235294117647), np.float64(0.5529411764705883), np.float64(1.0))","T16
0.41",True
paraphrase-MiniLM-L6-v2,17,NLP Methods,2,,-4.8353853,6.06869,0.8624371290206909,"(np.float64(0.09019607843137255), np.float64(0.7450980392156863), np.float64(0.8117647058823529), np.float64(1.0))","T17
0.86",False
paraphrase-MiniLM-L6-v2,17,NLP Methods,67,,-4.5602317,4.940151,0.8624371290206909,"(np.float64(0.09019607843137255), np.float64(0.7450980392156863), np.float64(0.8117647058823529), np.float64(1.0))","T17
0.86",False
paraphrase-MiniLM-L6-v2,17,NLP Methods,112,,-4.6169567,5.7803354,0.8624371290206909,"(np.float64(0.09019607843137255), np.float64(0.7450980392156863), np.float64(0.8117647058823529), np.float64(1.0))","T17
0.86",False
paraphrase-MiniLM-L6-v2,17,NLP Methods,117,,-4.907129,6.145506,0.8624371290206909,"(np.float64(0.09019607843137255), np.float64(0.7450980392156863), np.float64(0.8117647058823529), np.float64(1.0))","T17
0.86",False
paraphrase-MiniLM-L6-v2,17,NLP Methods,163,,-4.93892,6.183538,0.8624371290206909,"(np.float64(0.09019607843137255), np.float64(0.7450980392156863), np.float64(0.8117647058823529), np.float64(1.0))","T17
0.86",False
paraphrase-MiniLM-L6-v2,17,NLP Methods,166,,-4.22025,5.192421,0.8624371290206909,"(np.float64(0.09019607843137255), np.float64(0.7450980392156863), np.float64(0.8117647058823529), np.float64(1.0))","T17
0.86",False
paraphrase-MiniLM-L6-v2,17,NLP Methods,192,,-3.3409238,4.2574735,0.8624371290206909,"(np.float64(0.09019607843137255), np.float64(0.7450980392156863), np.float64(0.8117647058823529), np.float64(1.0))","T17
0.86",False
paraphrase-MiniLM-L6-v2,17,NLP Methods,218,,-4.918509,5.2912784,0.8624371290206909,"(np.float64(0.09019607843137255), np.float64(0.7450980392156863), np.float64(0.8117647058823529), np.float64(1.0))","T17
0.86",False
paraphrase-MiniLM-L6-v2,17,NLP Methods,219,,-4.875369,5.49713,0.8624371290206909,"(np.float64(0.09019607843137255), np.float64(0.7450980392156863), np.float64(0.8117647058823529), np.float64(1.0))","T17
0.86",False
paraphrase-MiniLM-L6-v2,17,NLP Methods,267,,-4.973804,6.2325497,0.8624371290206909,"(np.float64(0.09019607843137255), np.float64(0.7450980392156863), np.float64(0.8117647058823529), np.float64(1.0))","T17
0.86",False
paraphrase-MiniLM-L6-v2,17,NLP Methods,340,,-4.6608734,4.98163,0.8624371290206909,"(np.float64(0.09019607843137255), np.float64(0.7450980392156863), np.float64(0.8117647058823529), np.float64(1.0))","T17
0.86",False
paraphrase-MiniLM-L6-v2,17,NLP Methods,709,,-4.458849,5.344491,0.8624371290206909,"(np.float64(0.09019607843137255), np.float64(0.7450980392156863), np.float64(0.8117647058823529), np.float64(1.0))","T17
0.86",False
paraphrase-MiniLM-L6-v2,17,NLP Methods,780,,-4.5254445,5.8168793,0.8624371290206909,"(np.float64(0.09019607843137255), np.float64(0.7450980392156863), np.float64(0.8117647058823529), np.float64(1.0))","T17
0.86",False
paraphrase-MiniLM-L6-v2,18,Misinformation & Propaganda,33,,-6.0086737,3.0387266,0.37694311141967773,"(np.float64(0.6196078431372549), np.float64(0.8549019607843137), np.float64(0.8980392156862745), np.float64(1.0))","T18
0.38",True
paraphrase-MiniLM-L6-v2,18,Misinformation & Propaganda,107,,-6.0321035,3.5492034,0.37694311141967773,"(np.float64(0.6196078431372549), np.float64(0.8549019607843137), np.float64(0.8980392156862745), np.float64(1.0))","T18
0.38",True
paraphrase-MiniLM-L6-v2,18,Misinformation & Propaganda,272,,-6.0660725,3.2875197,0.37694311141967773,"(np.float64(0.6196078431372549), np.float64(0.8549019607843137), np.float64(0.8980392156862745), np.float64(1.0))","T18
0.38",True
paraphrase-MiniLM-L6-v2,18,Misinformation & Propaganda,318,,-6.0629535,3.7429266,0.37694311141967773,"(np.float64(0.6196078431372549), np.float64(0.8549019607843137), np.float64(0.8980392156862745), np.float64(1.0))","T18
0.38",True
paraphrase-MiniLM-L6-v2,18,Misinformation & Propaganda,511,,-6.06628,3.9387743,0.37694311141967773,"(np.float64(0.6196078431372549), np.float64(0.8549019607843137), np.float64(0.8980392156862745), np.float64(1.0))","T18
0.38",True
paraphrase-MiniLM-L6-v2,18,Misinformation & Propaganda,592,,-5.976639,3.41609,0.37694311141967773,"(np.float64(0.6196078431372549), np.float64(0.8549019607843137), np.float64(0.8980392156862745), np.float64(1.0))","T18
0.38",True
paraphrase-MiniLM-L6-v2,18,Misinformation & Propaganda,602,,-6.0987787,3.164899,0.37694311141967773,"(np.float64(0.6196078431372549), np.float64(0.8549019607843137), np.float64(0.8980392156862745), np.float64(1.0))","T18
0.38",True
paraphrase-MiniLM-L6-v2,18,Misinformation & Propaganda,612,,-6.3065095,3.3031883,0.37694311141967773,"(np.float64(0.6196078431372549), np.float64(0.8549019607843137), np.float64(0.8980392156862745), np.float64(1.0))","T18
0.38",True
paraphrase-MiniLM-L6-v2,18,Misinformation & Propaganda,711,,-6.1889167,3.1972375,0.37694311141967773,"(np.float64(0.6196078431372549), np.float64(0.8549019607843137), np.float64(0.8980392156862745), np.float64(1.0))","T18
0.38",True
paraphrase-MiniLM-L6-v2,18,Misinformation & Propaganda,713,,-6.1522226,3.1311545,0.37694311141967773,"(np.float64(0.6196078431372549), np.float64(0.8549019607843137), np.float64(0.8980392156862745), np.float64(1.0))","T18
0.38",True
paraphrase-MiniLM-L6-v2,18,Misinformation & Propaganda,762,,-6.22714,3.1433315,0.37694311141967773,"(np.float64(0.6196078431372549), np.float64(0.8549019607843137), np.float64(0.8980392156862745), np.float64(1.0))","T18
0.38",True
paraphrase-MiniLM-L6-v2,18,Misinformation & Propaganda,804,,-6.1585097,3.7518916,0.37694311141967773,"(np.float64(0.6196078431372549), np.float64(0.8549019607843137), np.float64(0.8980392156862745), np.float64(1.0))","T18
0.38",True
paraphrase-MiniLM-L6-v2,19,Misinformation & Propaganda,104,,-5.522786,5.041361,0.552022397518158,"(np.float64(0.12156862745098039), np.float64(0.4666666666666667), np.float64(0.7058823529411765), np.float64(1.0))","T19
0.55",True
paraphrase-MiniLM-L6-v2,19,Misinformation & Propaganda,109,,-5.148166,5.293618,0.552022397518158,"(np.float64(0.12156862745098039), np.float64(0.4666666666666667), np.float64(0.7058823529411765), np.float64(1.0))","T19
0.55",True
paraphrase-MiniLM-L6-v2,19,Misinformation & Propaganda,149,,-4.868452,5.149483,0.552022397518158,"(np.float64(0.12156862745098039), np.float64(0.4666666666666667), np.float64(0.7058823529411765), np.float64(1.0))","T19
0.55",True
paraphrase-MiniLM-L6-v2,19,Misinformation & Propaganda,351,,-4.907899,5.288755,0.552022397518158,"(np.float64(0.12156862745098039), np.float64(0.4666666666666667), np.float64(0.7058823529411765), np.float64(1.0))","T19
0.55",True
paraphrase-MiniLM-L6-v2,19,Misinformation & Propaganda,548,,-4.1903276,5.679276,0.552022397518158,"(np.float64(0.12156862745098039), np.float64(0.4666666666666667), np.float64(0.7058823529411765), np.float64(1.0))","T19
0.55",True
paraphrase-MiniLM-L6-v2,19,Misinformation & Propaganda,618,,-5.366522,5.6454487,0.552022397518158,"(np.float64(0.12156862745098039), np.float64(0.4666666666666667), np.float64(0.7058823529411765), np.float64(1.0))","T19
0.55",True
paraphrase-MiniLM-L6-v2,19,Misinformation & Propaganda,636,,-4.932233,5.398121,0.552022397518158,"(np.float64(0.12156862745098039), np.float64(0.4666666666666667), np.float64(0.7058823529411765), np.float64(1.0))","T19
0.55",True
paraphrase-MiniLM-L6-v2,19,Misinformation & Propaganda,654,,-5.686693,5.267072,0.552022397518158,"(np.float64(0.12156862745098039), np.float64(0.4666666666666667), np.float64(0.7058823529411765), np.float64(1.0))","T19
0.55",True
paraphrase-MiniLM-L6-v2,19,Misinformation & Propaganda,697,,-5.339616,5.3255887,0.552022397518158,"(np.float64(0.12156862745098039), np.float64(0.4666666666666667), np.float64(0.7058823529411765), np.float64(1.0))","T19
0.55",True
paraphrase-MiniLM-L6-v2,19,Misinformation & Propaganda,789,,-4.9648013,5.4250526,0.552022397518158,"(np.float64(0.12156862745098039), np.float64(0.4666666666666667), np.float64(0.7058823529411765), np.float64(1.0))","T19
0.55",True
paraphrase-MiniLM-L6-v2,19,Misinformation & Propaganda,848,,-4.8369436,5.2396336,0.552022397518158,"(np.float64(0.12156862745098039), np.float64(0.4666666666666667), np.float64(0.7058823529411765), np.float64(1.0))","T19
0.55",True
paraphrase-MiniLM-L6-v2,19,Misinformation & Propaganda,917,,-5.5455294,5.506647,0.552022397518158,"(np.float64(0.12156862745098039), np.float64(0.4666666666666667), np.float64(0.7058823529411765), np.float64(1.0))","T19
0.55",True
paraphrase-MiniLM-L6-v2,20,Journalism & Media Studies,62,,-3.892018,2.6674006,0.7351299524307251,"(np.float64(0.6823529411764706), np.float64(0.7803921568627451), np.float64(0.9098039215686274), np.float64(1.0))","T20
0.74",False
paraphrase-MiniLM-L6-v2,20,Journalism & Media Studies,127,,-4.426728,3.283627,0.7351299524307251,"(np.float64(0.6823529411764706), np.float64(0.7803921568627451), np.float64(0.9098039215686274), np.float64(1.0))","T20
0.74",False
paraphrase-MiniLM-L6-v2,20,Journalism & Media Studies,325,,-3.4640958,2.6854017,0.7351299524307251,"(np.float64(0.6823529411764706), np.float64(0.7803921568627451), np.float64(0.9098039215686274), np.float64(1.0))","T20
0.74",False
paraphrase-MiniLM-L6-v2,20,Journalism & Media Studies,347,,-3.1538355,3.026229,0.7351299524307251,"(np.float64(0.6823529411764706), np.float64(0.7803921568627451), np.float64(0.9098039215686274), np.float64(1.0))","T20
0.74",False
paraphrase-MiniLM-L6-v2,20,Journalism & Media Studies,361,,-3.9934337,3.2776494,0.7351299524307251,"(np.float64(0.6823529411764706), np.float64(0.7803921568627451), np.float64(0.9098039215686274), np.float64(1.0))","T20
0.74",False
paraphrase-MiniLM-L6-v2,20,Journalism & Media Studies,497,,-4.7252007,2.0797966,0.7351299524307251,"(np.float64(0.6823529411764706), np.float64(0.7803921568627451), np.float64(0.9098039215686274), np.float64(1.0))","T20
0.74",False
paraphrase-MiniLM-L6-v2,20,Journalism & Media Studies,702,,-3.610449,3.042896,0.7351299524307251,"(np.float64(0.6823529411764706), np.float64(0.7803921568627451), np.float64(0.9098039215686274), np.float64(1.0))","T20
0.74",False
paraphrase-MiniLM-L6-v2,20,Journalism & Media Studies,739,,-3.7101965,2.5043287,0.7351299524307251,"(np.float64(0.6823529411764706), np.float64(0.7803921568627451), np.float64(0.9098039215686274), np.float64(1.0))","T20
0.74",False
paraphrase-MiniLM-L6-v2,20,Journalism & Media Studies,770,,-3.3618338,3.1975162,0.7351299524307251,"(np.float64(0.6823529411764706), np.float64(0.7803921568627451), np.float64(0.9098039215686274), np.float64(1.0))","T20
0.74",False
paraphrase-MiniLM-L6-v2,20,Journalism & Media Studies,874,,-3.4470417,2.913022,0.7351299524307251,"(np.float64(0.6823529411764706), np.float64(0.7803921568627451), np.float64(0.9098039215686274), np.float64(1.0))","T20
0.74",False
paraphrase-MiniLM-L6-v2,20,Journalism & Media Studies,922,,-3.5932298,2.6427407,0.7351299524307251,"(np.float64(0.6823529411764706), np.float64(0.7803921568627451), np.float64(0.9098039215686274), np.float64(1.0))","T20
0.74",False
paraphrase-MiniLM-L6-v2,21,"comments, evidences",40,,-5.443138,5.951711,0.4661778509616852,"(np.float64(1.0), np.float64(0.4980392156862745), np.float64(0.054901960784313725), np.float64(1.0))","T21
0.47",True
paraphrase-MiniLM-L6-v2,21,"comments, evidences",50,,-5.6507673,5.841179,0.4661778509616852,"(np.float64(1.0), np.float64(0.4980392156862745), np.float64(0.054901960784313725), np.float64(1.0))","T21
0.47",True
paraphrase-MiniLM-L6-v2,21,"comments, evidences",76,,-5.4876523,5.89591,0.4661778509616852,"(np.float64(1.0), np.float64(0.4980392156862745), np.float64(0.054901960784313725), np.float64(1.0))","T21
0.47",True
paraphrase-MiniLM-L6-v2,21,"comments, evidences",199,,-5.482017,5.9783616,0.4661778509616852,"(np.float64(1.0), np.float64(0.4980392156862745), np.float64(0.054901960784313725), np.float64(1.0))","T21
0.47",True
paraphrase-MiniLM-L6-v2,21,"comments, evidences",405,,-5.5053587,5.7980094,0.4661778509616852,"(np.float64(1.0), np.float64(0.4980392156862745), np.float64(0.054901960784313725), np.float64(1.0))","T21
0.47",True
paraphrase-MiniLM-L6-v2,21,"comments, evidences",413,,-5.5589347,5.986019,0.4661778509616852,"(np.float64(1.0), np.float64(0.4980392156862745), np.float64(0.054901960784313725), np.float64(1.0))","T21
0.47",True
paraphrase-MiniLM-L6-v2,21,"comments, evidences",423,,-5.351097,5.824597,0.4661778509616852,"(np.float64(1.0), np.float64(0.4980392156862745), np.float64(0.054901960784313725), np.float64(1.0))","T21
0.47",True
paraphrase-MiniLM-L6-v2,21,"comments, evidences",534,,-5.077742,5.885133,0.4661778509616852,"(np.float64(1.0), np.float64(0.4980392156862745), np.float64(0.054901960784313725), np.float64(1.0))","T21
0.47",True
paraphrase-MiniLM-L6-v2,21,"comments, evidences",761,,-4.542852,5.6285434,0.4661778509616852,"(np.float64(1.0), np.float64(0.4980392156862745), np.float64(0.054901960784313725), np.float64(1.0))","T21
0.47",True
paraphrase-MiniLM-L6-v2,21,"comments, evidences",763,,-5.4313354,5.8402805,0.4661778509616852,"(np.float64(1.0), np.float64(0.4980392156862745), np.float64(0.054901960784313725), np.float64(1.0))","T21
0.47",True
paraphrase-MiniLM-L6-v2,21,"comments, evidences",823,,-4.457913,5.5320544,0.4661778509616852,"(np.float64(1.0), np.float64(0.4980392156862745), np.float64(0.054901960784313725), np.float64(1.0))","T21
0.47",True
paraphrase-MiniLM-L6-v2,22,Credibility Assessment,22,,-1.4749161,2.1490204,0.19949592649936676,"(np.float64(1.0), np.float64(0.7333333333333333), np.float64(0.47058823529411764), np.float64(1.0))","T22
0.20",True
paraphrase-MiniLM-L6-v2,22,Credibility Assessment,57,,-1.5132691,1.9426608,0.19949592649936676,"(np.float64(1.0), np.float64(0.7333333333333333), np.float64(0.47058823529411764), np.float64(1.0))","T22
0.20",True
paraphrase-MiniLM-L6-v2,22,Credibility Assessment,63,,-1.551811,1.9662766,0.19949592649936676,"(np.float64(1.0), np.float64(0.7333333333333333), np.float64(0.47058823529411764), np.float64(1.0))","T22
0.20",True
paraphrase-MiniLM-L6-v2,22,Credibility Assessment,574,,-1.3174267,2.0622551,0.19949592649936676,"(np.float64(1.0), np.float64(0.7333333333333333), np.float64(0.47058823529411764), np.float64(1.0))","T22
0.20",True
paraphrase-MiniLM-L6-v2,22,Credibility Assessment,645,,-1.440739,1.917216,0.19949592649936676,"(np.float64(1.0), np.float64(0.7333333333333333), np.float64(0.47058823529411764), np.float64(1.0))","T22
0.20",True
paraphrase-MiniLM-L6-v2,22,Credibility Assessment,795,,-1.4061357,2.1589158,0.19949592649936676,"(np.float64(1.0), np.float64(0.7333333333333333), np.float64(0.47058823529411764), np.float64(1.0))","T22
0.20",True
paraphrase-MiniLM-L6-v2,22,Credibility Assessment,860,,-1.6206781,1.9923438,0.19949592649936676,"(np.float64(1.0), np.float64(0.7333333333333333), np.float64(0.47058823529411764), np.float64(1.0))","T22
0.20",True
paraphrase-MiniLM-L6-v2,22,Credibility Assessment,924,,-1.4632406,1.9130552,0.19949592649936676,"(np.float64(1.0), np.float64(0.7333333333333333), np.float64(0.47058823529411764), np.float64(1.0))","T22
0.20",True
paraphrase-MiniLM-L6-v2,22,Credibility Assessment,942,,-1.1761478,1.9686638,0.19949592649936676,"(np.float64(1.0), np.float64(0.7333333333333333), np.float64(0.47058823529411764), np.float64(1.0))","T22
0.20",True
paraphrase-MiniLM-L6-v2,22,Credibility Assessment,963,,-1.3347075,1.9259707,0.19949592649936676,"(np.float64(1.0), np.float64(0.7333333333333333), np.float64(0.47058823529411764), np.float64(1.0))","T22
0.20",True
paraphrase-MiniLM-L6-v2,22,Credibility Assessment,972,,-1.3091623,1.990709,0.19949592649936676,"(np.float64(1.0), np.float64(0.7333333333333333), np.float64(0.47058823529411764), np.float64(1.0))","T22
0.20",True
paraphrase-MiniLM-L6-v2,23,Misinformation & Propaganda,10,,-4.874784,4.8955197,0.6250022649765015,"(np.float64(0.17254901960784313), np.float64(0.6274509803921569), np.float64(0.17254901960784313), np.float64(1.0))","T23
0.63",False
paraphrase-MiniLM-L6-v2,23,Misinformation & Propaganda,84,,-4.9571776,5.327689,0.6250022649765015,"(np.float64(0.17254901960784313), np.float64(0.6274509803921569), np.float64(0.17254901960784313), np.float64(1.0))","T23
0.63",False
paraphrase-MiniLM-L6-v2,23,Misinformation & Propaganda,90,,-4.177781,4.591679,0.6250022649765015,"(np.float64(0.17254901960784313), np.float64(0.6274509803921569), np.float64(0.17254901960784313), np.float64(1.0))","T23
0.63",False
paraphrase-MiniLM-L6-v2,23,Misinformation & Propaganda,131,,-4.9489183,5.5051656,0.6250022649765015,"(np.float64(0.17254901960784313), np.float64(0.6274509803921569), np.float64(0.17254901960784313), np.float64(1.0))","T23
0.63",False
paraphrase-MiniLM-L6-v2,23,Misinformation & Propaganda,152,,-5.103561,5.42502,0.6250022649765015,"(np.float64(0.17254901960784313), np.float64(0.6274509803921569), np.float64(0.17254901960784313), np.float64(1.0))","T23
0.63",False
paraphrase-MiniLM-L6-v2,23,Misinformation & Propaganda,216,,-5.0671177,5.6257334,0.6250022649765015,"(np.float64(0.17254901960784313), np.float64(0.6274509803921569), np.float64(0.17254901960784313), np.float64(1.0))","T23
0.63",False
paraphrase-MiniLM-L6-v2,23,Misinformation & Propaganda,312,,-4.7854943,5.4957547,0.6250022649765015,"(np.float64(0.17254901960784313), np.float64(0.6274509803921569), np.float64(0.17254901960784313), np.float64(1.0))","T23
0.63",False
paraphrase-MiniLM-L6-v2,23,Misinformation & Propaganda,508,,-5.1816297,5.6597905,0.6250022649765015,"(np.float64(0.17254901960784313), np.float64(0.6274509803921569), np.float64(0.17254901960784313), np.float64(1.0))","T23
0.63",False
paraphrase-MiniLM-L6-v2,23,Misinformation & Propaganda,571,,-5.7793603,5.2217226,0.6250022649765015,"(np.float64(0.17254901960784313), np.float64(0.6274509803921569), np.float64(0.17254901960784313), np.float64(1.0))","T23
0.63",False
paraphrase-MiniLM-L6-v2,23,Misinformation & Propaganda,634,,-5.030944,5.667533,0.6250022649765015,"(np.float64(0.17254901960784313), np.float64(0.6274509803921569), np.float64(0.17254901960784313), np.float64(1.0))","T23
0.63",False
paraphrase-MiniLM-L6-v2,23,Misinformation & Propaganda,648,,-4.9338226,4.8531756,0.6250022649765015,"(np.float64(0.17254901960784313), np.float64(0.6274509803921569), np.float64(0.17254901960784313), np.float64(1.0))","T23
0.63",False
paraphrase-MiniLM-L6-v2,24,Misinformation & Propaganda,108,,-4.7609406,5.296652,0.6624005436897278,"(np.float64(0.596078431372549), np.float64(0.8745098039215686), np.float64(0.5411764705882353), np.float64(1.0))","T24
0.66",False
paraphrase-MiniLM-L6-v2,24,Misinformation & Propaganda,126,,-4.907168,5.6763873,0.6624005436897278,"(np.float64(0.596078431372549), np.float64(0.8745098039215686), np.float64(0.5411764705882353), np.float64(1.0))","T24
0.66",False
paraphrase-MiniLM-L6-v2,24,Misinformation & Propaganda,155,,-5.298583,5.4576263,0.6624005436897278,"(np.float64(0.596078431372549), np.float64(0.8745098039215686), np.float64(0.5411764705882353), np.float64(1.0))","T24
0.66",False
paraphrase-MiniLM-L6-v2,24,Misinformation & Propaganda,157,,-5.061842,5.0211606,0.6624005436897278,"(np.float64(0.596078431372549), np.float64(0.8745098039215686), np.float64(0.5411764705882353), np.float64(1.0))","T24
0.66",False
paraphrase-MiniLM-L6-v2,24,Misinformation & Propaganda,296,,-5.4568496,5.5332146,0.6624005436897278,"(np.float64(0.596078431372549), np.float64(0.8745098039215686), np.float64(0.5411764705882353), np.float64(1.0))","T24
0.66",False
paraphrase-MiniLM-L6-v2,24,Misinformation & Propaganda,311,,-4.929947,5.017251,0.6624005436897278,"(np.float64(0.596078431372549), np.float64(0.8745098039215686), np.float64(0.5411764705882353), np.float64(1.0))","T24
0.66",False
paraphrase-MiniLM-L6-v2,24,Misinformation & Propaganda,387,,-4.5372405,5.2120266,0.6624005436897278,"(np.float64(0.596078431372549), np.float64(0.8745098039215686), np.float64(0.5411764705882353), np.float64(1.0))","T24
0.66",False
paraphrase-MiniLM-L6-v2,24,Misinformation & Propaganda,417,,-5.034098,5.983971,0.6624005436897278,"(np.float64(0.596078431372549), np.float64(0.8745098039215686), np.float64(0.5411764705882353), np.float64(1.0))","T24
0.66",False
paraphrase-MiniLM-L6-v2,24,Misinformation & Propaganda,425,,-5.3402205,5.6029253,0.6624005436897278,"(np.float64(0.596078431372549), np.float64(0.8745098039215686), np.float64(0.5411764705882353), np.float64(1.0))","T24
0.66",False
paraphrase-MiniLM-L6-v2,24,Misinformation & Propaganda,638,,-5.8194213,4.818902,0.6624005436897278,"(np.float64(0.596078431372549), np.float64(0.8745098039215686), np.float64(0.5411764705882353), np.float64(1.0))","T24
0.66",False
paraphrase-MiniLM-L6-v2,25,"image, images",188,,-3.6708667,4.0831265,0.49385350942611694,"(np.float64(0.8392156862745098), np.float64(0.15294117647058825), np.float64(0.1568627450980392), np.float64(1.0))","T25
0.49",True
paraphrase-MiniLM-L6-v2,25,"image, images",330,,-4.2245665,4.237396,0.49385350942611694,"(np.float64(0.8392156862745098), np.float64(0.15294117647058825), np.float64(0.1568627450980392), np.float64(1.0))","T25
0.49",True
paraphrase-MiniLM-L6-v2,25,"image, images",370,,-3.5720353,4.4062643,0.49385350942611694,"(np.float64(0.8392156862745098), np.float64(0.15294117647058825), np.float64(0.1568627450980392), np.float64(1.0))","T25
0.49",True
paraphrase-MiniLM-L6-v2,25,"image, images",420,,-3.4112158,4.6063914,0.49385350942611694,"(np.float64(0.8392156862745098), np.float64(0.15294117647058825), np.float64(0.1568627450980392), np.float64(1.0))","T25
0.49",True
paraphrase-MiniLM-L6-v2,25,"image, images",515,,-3.6657646,4.5036006,0.49385350942611694,"(np.float64(0.8392156862745098), np.float64(0.15294117647058825), np.float64(0.1568627450980392), np.float64(1.0))","T25
0.49",True
paraphrase-MiniLM-L6-v2,25,"image, images",704,,-3.7986522,3.9589043,0.49385350942611694,"(np.float64(0.8392156862745098), np.float64(0.15294117647058825), np.float64(0.1568627450980392), np.float64(1.0))","T25
0.49",True
paraphrase-MiniLM-L6-v2,25,"image, images",781,,-3.7928395,4.118277,0.49385350942611694,"(np.float64(0.8392156862745098), np.float64(0.15294117647058825), np.float64(0.1568627450980392), np.float64(1.0))","T25
0.49",True
paraphrase-MiniLM-L6-v2,25,"image, images",791,,-4.095627,3.7688763,0.49385350942611694,"(np.float64(0.8392156862745098), np.float64(0.15294117647058825), np.float64(0.1568627450980392), np.float64(1.0))","T25
0.49",True
paraphrase-MiniLM-L6-v2,25,"image, images",836,,-3.8205545,3.94241,0.49385350942611694,"(np.float64(0.8392156862745098), np.float64(0.15294117647058825), np.float64(0.1568627450980392), np.float64(1.0))","T25
0.49",True
paraphrase-MiniLM-L6-v2,25,"image, images",844,,-4.2603793,4.007416,0.49385350942611694,"(np.float64(0.8392156862745098), np.float64(0.15294117647058825), np.float64(0.1568627450980392), np.float64(1.0))","T25
0.49",True
paraphrase-MiniLM-L6-v2,26,Crowdsourced Analysis,17,,-0.73530865,4.5862136,0.3803806006908417,"(np.float64(1.0), np.float64(0.596078431372549), np.float64(0.5882352941176471), np.float64(1.0))","T26
0.38",True
paraphrase-MiniLM-L6-v2,26,Crowdsourced Analysis,123,,-0.9998107,4.775391,0.3803806006908417,"(np.float64(1.0), np.float64(0.596078431372549), np.float64(0.5882352941176471), np.float64(1.0))","T26
0.38",True
paraphrase-MiniLM-L6-v2,26,Crowdsourced Analysis,175,,-0.49398643,4.789436,0.3803806006908417,"(np.float64(1.0), np.float64(0.596078431372549), np.float64(0.5882352941176471), np.float64(1.0))","T26
0.38",True
paraphrase-MiniLM-L6-v2,26,Crowdsourced Analysis,187,,-1.1740457,4.700814,0.3803806006908417,"(np.float64(1.0), np.float64(0.596078431372549), np.float64(0.5882352941176471), np.float64(1.0))","T26
0.38",True
paraphrase-MiniLM-L6-v2,26,Crowdsourced Analysis,190,,-0.878847,4.964531,0.3803806006908417,"(np.float64(1.0), np.float64(0.596078431372549), np.float64(0.5882352941176471), np.float64(1.0))","T26
0.38",True
paraphrase-MiniLM-L6-v2,26,Crowdsourced Analysis,224,,-0.7528121,4.7898936,0.3803806006908417,"(np.float64(1.0), np.float64(0.596078431372549), np.float64(0.5882352941176471), np.float64(1.0))","T26
0.38",True
paraphrase-MiniLM-L6-v2,26,Crowdsourced Analysis,276,,-1.4145522,4.591865,0.3803806006908417,"(np.float64(1.0), np.float64(0.596078431372549), np.float64(0.5882352941176471), np.float64(1.0))","T26
0.38",True
paraphrase-MiniLM-L6-v2,26,Crowdsourced Analysis,289,,-0.761723,4.5301933,0.3803806006908417,"(np.float64(1.0), np.float64(0.596078431372549), np.float64(0.5882352941176471), np.float64(1.0))","T26
0.38",True
paraphrase-MiniLM-L6-v2,26,Crowdsourced Analysis,392,,-0.74668205,4.847941,0.3803806006908417,"(np.float64(1.0), np.float64(0.596078431372549), np.float64(0.5882352941176471), np.float64(1.0))","T26
0.38",True
paraphrase-MiniLM-L6-v2,26,Crowdsourced Analysis,544,,-0.74587053,4.512571,0.3803806006908417,"(np.float64(1.0), np.float64(0.596078431372549), np.float64(0.5882352941176471), np.float64(1.0))","T26
0.38",True
paraphrase-MiniLM-L6-v2,27,Misinformation & Propaganda,86,,-5.5840273,2.5602648,0.32195863127708435,"(np.float64(0.5803921568627451), np.float64(0.403921568627451), np.float64(0.7411764705882353), np.float64(1.0))","T27
0.32",True
paraphrase-MiniLM-L6-v2,27,Misinformation & Propaganda,116,,-5.4202065,2.2467384,0.32195863127708435,"(np.float64(0.5803921568627451), np.float64(0.403921568627451), np.float64(0.7411764705882353), np.float64(1.0))","T27
0.32",True
paraphrase-MiniLM-L6-v2,27,Misinformation & Propaganda,299,,-5.2790174,2.5696394,0.32195863127708435,"(np.float64(0.5803921568627451), np.float64(0.403921568627451), np.float64(0.7411764705882353), np.float64(1.0))","T27
0.32",True
paraphrase-MiniLM-L6-v2,27,Misinformation & Propaganda,300,,-5.36234,2.1716547,0.32195863127708435,"(np.float64(0.5803921568627451), np.float64(0.403921568627451), np.float64(0.7411764705882353), np.float64(1.0))","T27
0.32",True
paraphrase-MiniLM-L6-v2,27,Misinformation & Propaganda,352,,-5.209706,2.3403172,0.32195863127708435,"(np.float64(0.5803921568627451), np.float64(0.403921568627451), np.float64(0.7411764705882353), np.float64(1.0))","T27
0.32",True
paraphrase-MiniLM-L6-v2,27,Misinformation & Propaganda,389,,-5.6583886,2.3002694,0.32195863127708435,"(np.float64(0.5803921568627451), np.float64(0.403921568627451), np.float64(0.7411764705882353), np.float64(1.0))","T27
0.32",True
paraphrase-MiniLM-L6-v2,27,Misinformation & Propaganda,481,,-5.4440727,2.3755386,0.32195863127708435,"(np.float64(0.5803921568627451), np.float64(0.403921568627451), np.float64(0.7411764705882353), np.float64(1.0))","T27
0.32",True
paraphrase-MiniLM-L6-v2,27,Misinformation & Propaganda,549,,-5.1537457,2.4465692,0.32195863127708435,"(np.float64(0.5803921568627451), np.float64(0.403921568627451), np.float64(0.7411764705882353), np.float64(1.0))","T27
0.32",True
paraphrase-MiniLM-L6-v2,27,Misinformation & Propaganda,590,,-4.9729915,2.1586607,0.32195863127708435,"(np.float64(0.5803921568627451), np.float64(0.403921568627451), np.float64(0.7411764705882353), np.float64(1.0))","T27
0.32",True
paraphrase-MiniLM-L6-v2,27,Misinformation & Propaganda,600,,-5.362458,2.2533503,0.32195863127708435,"(np.float64(0.5803921568627451), np.float64(0.403921568627451), np.float64(0.7411764705882353), np.float64(1.0))","T27
0.32",True
paraphrase-MiniLM-L6-v2,28,Fact-Checking & Verification,74,,-1.286546,2.9655256,0.8318533897399902,"(np.float64(0.7725490196078432), np.float64(0.6901960784313725), np.float64(0.8352941176470589), np.float64(1.0))","T28
0.83",False
paraphrase-MiniLM-L6-v2,28,Fact-Checking & Verification,249,,-0.34549972,3.7240705,0.8318533897399902,"(np.float64(0.7725490196078432), np.float64(0.6901960784313725), np.float64(0.8352941176470589), np.float64(1.0))","T28
0.83",False
paraphrase-MiniLM-L6-v2,28,Fact-Checking & Verification,688,,-0.58435273,3.9643285,0.8318533897399902,"(np.float64(0.7725490196078432), np.float64(0.6901960784313725), np.float64(0.8352941176470589), np.float64(1.0))","T28
0.83",False
paraphrase-MiniLM-L6-v2,28,Fact-Checking & Verification,707,,-0.7464117,3.3557498,0.8318533897399902,"(np.float64(0.7725490196078432), np.float64(0.6901960784313725), np.float64(0.8352941176470589), np.float64(1.0))","T28
0.83",False
paraphrase-MiniLM-L6-v2,28,Fact-Checking & Verification,732,,-2.1968307,3.2709508,0.8318533897399902,"(np.float64(0.7725490196078432), np.float64(0.6901960784313725), np.float64(0.8352941176470589), np.float64(1.0))","T28
0.83",False
paraphrase-MiniLM-L6-v2,28,Fact-Checking & Verification,805,,-0.67782295,3.084415,0.8318533897399902,"(np.float64(0.7725490196078432), np.float64(0.6901960784313725), np.float64(0.8352941176470589), np.float64(1.0))","T28
0.83",False
paraphrase-MiniLM-L6-v2,28,Fact-Checking & Verification,842,,-0.65327877,3.6564934,0.8318533897399902,"(np.float64(0.7725490196078432), np.float64(0.6901960784313725), np.float64(0.8352941176470589), np.float64(1.0))","T28
0.83",False
paraphrase-MiniLM-L6-v2,28,Fact-Checking & Verification,919,,-0.7488312,3.5984306,0.8318533897399902,"(np.float64(0.7725490196078432), np.float64(0.6901960784313725), np.float64(0.8352941176470589), np.float64(1.0))","T28
0.83",False
paraphrase-MiniLM-L6-v2,28,Fact-Checking & Verification,928,,0.052266292,3.7922432,0.8318533897399902,"(np.float64(0.7725490196078432), np.float64(0.6901960784313725), np.float64(0.8352941176470589), np.float64(1.0))","T28
0.83",False
paraphrase-MiniLM-L6-v2,28,Fact-Checking & Verification,967,,-0.88351667,3.8772037,0.8318533897399902,"(np.float64(0.7725490196078432), np.float64(0.6901960784313725), np.float64(0.8352941176470589), np.float64(1.0))","T28
0.83",False
paraphrase-MiniLM-L6-v2,29,Credibility Assessment,106,,-4.1454477,2.8065987,0.592074990272522,"(np.float64(0.5490196078431373), np.float64(0.33725490196078434), np.float64(0.29411764705882354), np.float64(1.0))","T29
0.59",True
paraphrase-MiniLM-L6-v2,29,Credibility Assessment,616,,-4.112757,2.693457,0.592074990272522,"(np.float64(0.5490196078431373), np.float64(0.33725490196078434), np.float64(0.29411764705882354), np.float64(1.0))","T29
0.59",True
paraphrase-MiniLM-L6-v2,29,Credibility Assessment,639,,-3.629827,2.405913,0.592074990272522,"(np.float64(0.5490196078431373), np.float64(0.33725490196078434), np.float64(0.29411764705882354), np.float64(1.0))","T29
0.59",True
paraphrase-MiniLM-L6-v2,29,Credibility Assessment,686,,-4.03766,2.519064,0.592074990272522,"(np.float64(0.5490196078431373), np.float64(0.33725490196078434), np.float64(0.29411764705882354), np.float64(1.0))","T29
0.59",True
paraphrase-MiniLM-L6-v2,29,Credibility Assessment,751,,-4.0777836,2.7126186,0.592074990272522,"(np.float64(0.5490196078431373), np.float64(0.33725490196078434), np.float64(0.29411764705882354), np.float64(1.0))","T29
0.59",True
paraphrase-MiniLM-L6-v2,29,Credibility Assessment,845,,-3.7412856,2.2568371,0.592074990272522,"(np.float64(0.5490196078431373), np.float64(0.33725490196078434), np.float64(0.29411764705882354), np.float64(1.0))","T29
0.59",True
paraphrase-MiniLM-L6-v2,29,Credibility Assessment,849,,-4.305998,3.8548625,0.592074990272522,"(np.float64(0.5490196078431373), np.float64(0.33725490196078434), np.float64(0.29411764705882354), np.float64(1.0))","T29
0.59",True
paraphrase-MiniLM-L6-v2,29,Credibility Assessment,875,,-3.797365,2.3080041,0.592074990272522,"(np.float64(0.5490196078431373), np.float64(0.33725490196078434), np.float64(0.29411764705882354), np.float64(1.0))","T29
0.59",True
paraphrase-MiniLM-L6-v2,29,Credibility Assessment,910,,-3.8599284,2.2939866,0.592074990272522,"(np.float64(0.5490196078431373), np.float64(0.33725490196078434), np.float64(0.29411764705882354), np.float64(1.0))","T29
0.59",True
paraphrase-MiniLM-L6-v2,30,Misinformation & Propaganda,68,,-6.6350355,3.9900105,1.0040665864944458,"(np.float64(0.7686274509803922), np.float64(0.611764705882353), np.float64(0.5803921568627451), np.float64(1.0))","T30
1.00",False
paraphrase-MiniLM-L6-v2,30,Misinformation & Propaganda,217,,-4.9328837,4.291333,1.0040665864944458,"(np.float64(0.7686274509803922), np.float64(0.611764705882353), np.float64(0.5803921568627451), np.float64(1.0))","T30
1.00",False
paraphrase-MiniLM-L6-v2,30,Misinformation & Propaganda,328,,-5.5848866,3.7610755,1.0040665864944458,"(np.float64(0.7686274509803922), np.float64(0.611764705882353), np.float64(0.5803921568627451), np.float64(1.0))","T30
1.00",False
paraphrase-MiniLM-L6-v2,30,Misinformation & Propaganda,459,,-4.733346,3.018416,1.0040665864944458,"(np.float64(0.7686274509803922), np.float64(0.611764705882353), np.float64(0.5803921568627451), np.float64(1.0))","T30
1.00",False
paraphrase-MiniLM-L6-v2,30,Misinformation & Propaganda,601,,-5.702391,3.4293075,1.0040665864944458,"(np.float64(0.7686274509803922), np.float64(0.611764705882353), np.float64(0.5803921568627451), np.float64(1.0))","T30
1.00",False
paraphrase-MiniLM-L6-v2,30,Misinformation & Propaganda,710,,-6.55054,4.0041933,1.0040665864944458,"(np.float64(0.7686274509803922), np.float64(0.611764705882353), np.float64(0.5803921568627451), np.float64(1.0))","T30
1.00",False
paraphrase-MiniLM-L6-v2,30,Misinformation & Propaganda,720,,-6.3853283,3.696873,1.0040665864944458,"(np.float64(0.7686274509803922), np.float64(0.611764705882353), np.float64(0.5803921568627451), np.float64(1.0))","T30
1.00",False
paraphrase-MiniLM-L6-v2,30,Misinformation & Propaganda,725,,-6.5152864,3.9297268,1.0040665864944458,"(np.float64(0.7686274509803922), np.float64(0.611764705882353), np.float64(0.5803921568627451), np.float64(1.0))","T30
1.00",False
paraphrase-MiniLM-L6-v2,30,Misinformation & Propaganda,785,,-6.666765,3.8586483,1.0040665864944458,"(np.float64(0.7686274509803922), np.float64(0.611764705882353), np.float64(0.5803921568627451), np.float64(1.0))","T30
1.00",False
paraphrase-MiniLM-L6-v2,31,"discovery, truth",66,,-0.78074974,2.6535032,0.25632739067077637,"(np.float64(0.8901960784313725), np.float64(0.4666666666666667), np.float64(0.7607843137254902), np.float64(1.0))","T31
0.26",True
paraphrase-MiniLM-L6-v2,31,"discovery, truth",520,,-0.56174964,2.3217826,0.25632739067077637,"(np.float64(0.8901960784313725), np.float64(0.4666666666666667), np.float64(0.7607843137254902), np.float64(1.0))","T31
0.26",True
paraphrase-MiniLM-L6-v2,31,"discovery, truth",579,,-0.900019,2.8907444,0.25632739067077637,"(np.float64(0.8901960784313725), np.float64(0.4666666666666667), np.float64(0.7607843137254902), np.float64(1.0))","T31
0.26",True
paraphrase-MiniLM-L6-v2,31,"discovery, truth",772,,-0.7011368,2.303232,0.25632739067077637,"(np.float64(0.8901960784313725), np.float64(0.4666666666666667), np.float64(0.7607843137254902), np.float64(1.0))","T31
0.26",True
paraphrase-MiniLM-L6-v2,31,"discovery, truth",886,,-0.4879392,2.3412077,0.25632739067077637,"(np.float64(0.8901960784313725), np.float64(0.4666666666666667), np.float64(0.7607843137254902), np.float64(1.0))","T31
0.26",True
paraphrase-MiniLM-L6-v2,31,"discovery, truth",888,,-0.6028843,2.3306193,0.25632739067077637,"(np.float64(0.8901960784313725), np.float64(0.4666666666666667), np.float64(0.7607843137254902), np.float64(1.0))","T31
0.26",True
paraphrase-MiniLM-L6-v2,31,"discovery, truth",893,,-0.55650866,2.3353412,0.25632739067077637,"(np.float64(0.8901960784313725), np.float64(0.4666666666666667), np.float64(0.7607843137254902), np.float64(1.0))","T31
0.26",True
paraphrase-MiniLM-L6-v2,31,"discovery, truth",898,,-0.62960684,2.3460238,0.25632739067077637,"(np.float64(0.8901960784313725), np.float64(0.4666666666666667), np.float64(0.7607843137254902), np.float64(1.0))","T31
0.26",True
paraphrase-MiniLM-L6-v2,31,"discovery, truth",914,,-0.5884502,2.3059251,0.25632739067077637,"(np.float64(0.8901960784313725), np.float64(0.4666666666666667), np.float64(0.7607843137254902), np.float64(1.0))","T31
0.26",True
paraphrase-MiniLM-L6-v2,32,Misinformation & Propaganda,206,,-4.5957165,3.414857,1.0576368570327759,"(np.float64(0.9686274509803922), np.float64(0.7137254901960784), np.float64(0.8235294117647058), np.float64(1.0))","T32
1.06",False
paraphrase-MiniLM-L6-v2,32,Misinformation & Propaganda,207,,-4.11074,3.4138544,1.0576368570327759,"(np.float64(0.9686274509803922), np.float64(0.7137254901960784), np.float64(0.8235294117647058), np.float64(1.0))","T32
1.06",False
paraphrase-MiniLM-L6-v2,32,Misinformation & Propaganda,208,,-4.1877766,3.5114925,1.0576368570327759,"(np.float64(0.9686274509803922), np.float64(0.7137254901960784), np.float64(0.8235294117647058), np.float64(1.0))","T32
1.06",False
paraphrase-MiniLM-L6-v2,32,Misinformation & Propaganda,279,,-4.318391,3.3886971,1.0576368570327759,"(np.float64(0.9686274509803922), np.float64(0.7137254901960784), np.float64(0.8235294117647058), np.float64(1.0))","T32
1.06",False
paraphrase-MiniLM-L6-v2,32,Misinformation & Propaganda,284,,-4.3143096,3.2624693,1.0576368570327759,"(np.float64(0.9686274509803922), np.float64(0.7137254901960784), np.float64(0.8235294117647058), np.float64(1.0))","T32
1.06",False
paraphrase-MiniLM-L6-v2,32,Misinformation & Propaganda,409,,-4.0620904,3.4346757,1.0576368570327759,"(np.float64(0.9686274509803922), np.float64(0.7137254901960784), np.float64(0.8235294117647058), np.float64(1.0))","T32
1.06",False
paraphrase-MiniLM-L6-v2,32,Misinformation & Propaganda,447,,-4.547791,3.8063087,1.0576368570327759,"(np.float64(0.9686274509803922), np.float64(0.7137254901960784), np.float64(0.8235294117647058), np.float64(1.0))","T32
1.06",False
paraphrase-MiniLM-L6-v2,32,Misinformation & Propaganda,557,,-1.0792016,4.2247343,1.0576368570327759,"(np.float64(0.9686274509803922), np.float64(0.7137254901960784), np.float64(0.8235294117647058), np.float64(1.0))","T32
1.06",False
paraphrase-MiniLM-L6-v2,32,Misinformation & Propaganda,669,,-3.5939467,3.3959823,1.0576368570327759,"(np.float64(0.9686274509803922), np.float64(0.7137254901960784), np.float64(0.8235294117647058), np.float64(1.0))","T32
1.06",False
paraphrase-MiniLM-L6-v2,33,"graph, graphs",47,,-5.7033525,5.35325,0.7831987738609314,"(np.float64(0.4980392156862745), np.float64(0.4980392156862745), np.float64(0.4980392156862745), np.float64(1.0))","T33
0.78",False
paraphrase-MiniLM-L6-v2,33,"graph, graphs",121,,-5.2659183,5.8776107,0.7831987738609314,"(np.float64(0.4980392156862745), np.float64(0.4980392156862745), np.float64(0.4980392156862745), np.float64(1.0))","T33
0.78",False
paraphrase-MiniLM-L6-v2,33,"graph, graphs",154,,-5.360773,3.9073236,0.7831987738609314,"(np.float64(0.4980392156862745), np.float64(0.4980392156862745), np.float64(0.4980392156862745), np.float64(1.0))","T33
0.78",False
paraphrase-MiniLM-L6-v2,33,"graph, graphs",258,,-4.8295875,5.785239,0.7831987738609314,"(np.float64(0.4980392156862745), np.float64(0.4980392156862745), np.float64(0.4980392156862745), np.float64(1.0))","T33
0.78",False
paraphrase-MiniLM-L6-v2,33,"graph, graphs",483,,-5.014034,5.8391476,0.7831987738609314,"(np.float64(0.4980392156862745), np.float64(0.4980392156862745), np.float64(0.4980392156862745), np.float64(1.0))","T33
0.78",False
paraphrase-MiniLM-L6-v2,33,"graph, graphs",547,,-5.23641,5.801866,0.7831987738609314,"(np.float64(0.4980392156862745), np.float64(0.4980392156862745), np.float64(0.4980392156862745), np.float64(1.0))","T33
0.78",False
paraphrase-MiniLM-L6-v2,33,"graph, graphs",595,,-5.1718335,5.853235,0.7831987738609314,"(np.float64(0.4980392156862745), np.float64(0.4980392156862745), np.float64(0.4980392156862745), np.float64(1.0))","T33
0.78",False
paraphrase-MiniLM-L6-v2,33,"graph, graphs",613,,-5.4850607,5.900335,0.7831987738609314,"(np.float64(0.4980392156862745), np.float64(0.4980392156862745), np.float64(0.4980392156862745), np.float64(1.0))","T33
0.78",False
paraphrase-MiniLM-L6-v2,34,"covid19, pandemic",343,,-2.5597568,5.7464833,0.11541777104139328,"(np.float64(0.7803921568627451), np.float64(0.7803921568627451), np.float64(0.7803921568627451), np.float64(1.0))","T34
0.12",True
paraphrase-MiniLM-L6-v2,34,"covid19, pandemic",415,,-2.6640515,5.6594944,0.11541777104139328,"(np.float64(0.7803921568627451), np.float64(0.7803921568627451), np.float64(0.7803921568627451), np.float64(1.0))","T34
0.12",True
paraphrase-MiniLM-L6-v2,34,"covid19, pandemic",485,,-2.7085538,5.6441402,0.11541777104139328,"(np.float64(0.7803921568627451), np.float64(0.7803921568627451), np.float64(0.7803921568627451), np.float64(1.0))","T34
0.12",True
paraphrase-MiniLM-L6-v2,34,"covid19, pandemic",505,,-2.6571982,5.6777287,0.11541777104139328,"(np.float64(0.7803921568627451), np.float64(0.7803921568627451), np.float64(0.7803921568627451), np.float64(1.0))","T34
0.12",True
paraphrase-MiniLM-L6-v2,34,"covid19, pandemic",529,,-2.6210716,5.495898,0.11541777104139328,"(np.float64(0.7803921568627451), np.float64(0.7803921568627451), np.float64(0.7803921568627451), np.float64(1.0))","T34
0.12",True
paraphrase-MiniLM-L6-v2,34,"covid19, pandemic",567,,-2.5319464,5.6894546,0.11541777104139328,"(np.float64(0.7803921568627451), np.float64(0.7803921568627451), np.float64(0.7803921568627451), np.float64(1.0))","T34
0.12",True
paraphrase-MiniLM-L6-v2,34,"covid19, pandemic",619,,-2.6326337,5.698869,0.11541777104139328,"(np.float64(0.7803921568627451), np.float64(0.7803921568627451), np.float64(0.7803921568627451), np.float64(1.0))","T34
0.12",True
paraphrase-MiniLM-L6-v2,34,"covid19, pandemic",626,,-2.650536,5.7011423,0.11541777104139328,"(np.float64(0.7803921568627451), np.float64(0.7803921568627451), np.float64(0.7803921568627451), np.float64(1.0))","T34
0.12",True
paraphrase-MiniLM-L6-v2,35,Misinformation & Propaganda,110,,-5.9548373,4.8274245,0.4441506862640381,"(np.float64(0.7372549019607844), np.float64(0.7411764705882353), np.float64(0.13333333333333333), np.float64(1.0))","T35
0.44",True
paraphrase-MiniLM-L6-v2,35,Misinformation & Propaganda,335,,-5.9618306,5.064976,0.4441506862640381,"(np.float64(0.7372549019607844), np.float64(0.7411764705882353), np.float64(0.13333333333333333), np.float64(1.0))","T35
0.44",True
paraphrase-MiniLM-L6-v2,35,Misinformation & Propaganda,358,,-5.870465,4.654445,0.4441506862640381,"(np.float64(0.7372549019607844), np.float64(0.7411764705882353), np.float64(0.13333333333333333), np.float64(1.0))","T35
0.44",True
paraphrase-MiniLM-L6-v2,35,Misinformation & Propaganda,414,,-5.804599,5.1224055,0.4441506862640381,"(np.float64(0.7372549019607844), np.float64(0.7411764705882353), np.float64(0.13333333333333333), np.float64(1.0))","T35
0.44",True
paraphrase-MiniLM-L6-v2,35,Misinformation & Propaganda,551,,-5.469577,4.4803724,0.4441506862640381,"(np.float64(0.7372549019607844), np.float64(0.7411764705882353), np.float64(0.13333333333333333), np.float64(1.0))","T35
0.44",True
paraphrase-MiniLM-L6-v2,35,Misinformation & Propaganda,672,,-6.3904862,4.5344067,0.4441506862640381,"(np.float64(0.7372549019607844), np.float64(0.7411764705882353), np.float64(0.13333333333333333), np.float64(1.0))","T35
0.44",True
paraphrase-MiniLM-L6-v2,35,Misinformation & Propaganda,787,,-5.829914,4.5517454,0.4441506862640381,"(np.float64(0.7372549019607844), np.float64(0.7411764705882353), np.float64(0.13333333333333333), np.float64(1.0))","T35
0.44",True
paraphrase-MiniLM-L6-v2,35,Misinformation & Propaganda,901,,-5.9047847,4.725457,0.4441506862640381,"(np.float64(0.7372549019607844), np.float64(0.7411764705882353), np.float64(0.13333333333333333), np.float64(1.0))","T35
0.44",True
paraphrase-MiniLM-L6-v2,36,"sensing, observations",586,,-1.8684546,2.9951808,0.16719424724578857,"(np.float64(0.8588235294117647), np.float64(0.8588235294117647), np.float64(0.5529411764705883), np.float64(1.0))","T36
0.17",True
paraphrase-MiniLM-L6-v2,36,"sensing, observations",817,,-1.7703784,3.0711718,0.16719424724578857,"(np.float64(0.8588235294117647), np.float64(0.8588235294117647), np.float64(0.5529411764705883), np.float64(1.0))","T36
0.17",True
paraphrase-MiniLM-L6-v2,36,"sensing, observations",853,,-2.013078,2.9122734,0.16719424724578857,"(np.float64(0.8588235294117647), np.float64(0.8588235294117647), np.float64(0.5529411764705883), np.float64(1.0))","T36
0.17",True
paraphrase-MiniLM-L6-v2,36,"sensing, observations",872,,-2.0080733,2.8198373,0.16719424724578857,"(np.float64(0.8588235294117647), np.float64(0.8588235294117647), np.float64(0.5529411764705883), np.float64(1.0))","T36
0.17",True
paraphrase-MiniLM-L6-v2,36,"sensing, observations",895,,-2.0474946,2.8503733,0.16719424724578857,"(np.float64(0.8588235294117647), np.float64(0.8588235294117647), np.float64(0.5529411764705883), np.float64(1.0))","T36
0.17",True
paraphrase-MiniLM-L6-v2,36,"sensing, observations",897,,-2.054201,2.8111155,0.16719424724578857,"(np.float64(0.8588235294117647), np.float64(0.8588235294117647), np.float64(0.5529411764705883), np.float64(1.0))","T36
0.17",True
paraphrase-MiniLM-L6-v2,36,"sensing, observations",931,,-1.9868089,2.8719697,0.16719424724578857,"(np.float64(0.8588235294117647), np.float64(0.8588235294117647), np.float64(0.5529411764705883), np.float64(1.0))","T36
0.17",True
paraphrase-MiniLM-L6-v2,36,"sensing, observations",956,,-2.110841,2.882309,0.16719424724578857,"(np.float64(0.8588235294117647), np.float64(0.8588235294117647), np.float64(0.5529411764705883), np.float64(1.0))","T36
0.17",True
paraphrase-MiniLM-L6-v2,37,Rumor on Social Media,212,,-3.4846466,0.76004314,0.3311831057071686,"(np.float64(0.09019607843137255), np.float64(0.7450980392156863), np.float64(0.8117647058823529), np.float64(1.0))","T37
0.33",True
paraphrase-MiniLM-L6-v2,37,Rumor on Social Media,376,,-3.5636938,0.78948396,0.3311831057071686,"(np.float64(0.09019607843137255), np.float64(0.7450980392156863), np.float64(0.8117647058823529), np.float64(1.0))","T37
0.33",True
paraphrase-MiniLM-L6-v2,37,Rumor on Social Media,647,,-4.074067,1.3456674,0.3311831057071686,"(np.float64(0.09019607843137255), np.float64(0.7450980392156863), np.float64(0.8117647058823529), np.float64(1.0))","T37
0.33",True
paraphrase-MiniLM-L6-v2,37,Rumor on Social Media,801,,-3.7111216,1.1218047,0.3311831057071686,"(np.float64(0.09019607843137255), np.float64(0.7450980392156863), np.float64(0.8117647058823529), np.float64(1.0))","T37
0.33",True
paraphrase-MiniLM-L6-v2,37,Rumor on Social Media,802,,-3.614187,0.83098495,0.3311831057071686,"(np.float64(0.09019607843137255), np.float64(0.7450980392156863), np.float64(0.8117647058823529), np.float64(1.0))","T37
0.33",True
paraphrase-MiniLM-L6-v2,37,Rumor on Social Media,811,,-3.5292745,0.7414377,0.3311831057071686,"(np.float64(0.09019607843137255), np.float64(0.7450980392156863), np.float64(0.8117647058823529), np.float64(1.0))","T37
0.33",True
paraphrase-MiniLM-L6-v2,37,Rumor on Social Media,861,,-3.564898,0.76353604,0.3311831057071686,"(np.float64(0.09019607843137255), np.float64(0.7450980392156863), np.float64(0.8117647058823529), np.float64(1.0))","T37
0.33",True
paraphrase-MiniLM-L6-v2,38,"location, chain",120,,-5.2754483,4.123253,0.8449586033821106,"(np.float64(0.6196078431372549), np.float64(0.8549019607843137), np.float64(0.8980392156862745), np.float64(1.0))","T38
0.84",False
paraphrase-MiniLM-L6-v2,38,"location, chain",133,,-4.91296,4.206675,0.8449586033821106,"(np.float64(0.6196078431372549), np.float64(0.8549019607843137), np.float64(0.8980392156862745), np.float64(1.0))","T38
0.84",False
paraphrase-MiniLM-L6-v2,38,"location, chain",147,,-5.8546853,3.5712297,0.8449586033821106,"(np.float64(0.6196078431372549), np.float64(0.8549019607843137), np.float64(0.8980392156862745), np.float64(1.0))","T38
0.84",False
paraphrase-MiniLM-L6-v2,38,"location, chain",419,,-6.1059594,3.9880042,0.8449586033821106,"(np.float64(0.6196078431372549), np.float64(0.8549019607843137), np.float64(0.8980392156862745), np.float64(1.0))","T38
0.84",False
paraphrase-MiniLM-L6-v2,38,"location, chain",468,,-5.5395503,3.0674257,0.8449586033821106,"(np.float64(0.6196078431372549), np.float64(0.8549019607843137), np.float64(0.8980392156862745), np.float64(1.0))","T38
0.84",False
paraphrase-MiniLM-L6-v2,38,"location, chain",589,,-4.819602,4.0824556,0.8449586033821106,"(np.float64(0.6196078431372549), np.float64(0.8549019607843137), np.float64(0.8980392156862745), np.float64(1.0))","T38
0.84",False
paraphrase-MiniLM-L6-v2,38,"location, chain",834,,-4.8015795,3.920152,0.8449586033821106,"(np.float64(0.6196078431372549), np.float64(0.8549019607843137), np.float64(0.8980392156862745), np.float64(1.0))","T38
0.84",False
paraphrase-MiniLM-L6-v2,39,Misinformation & Propaganda,0,,-1.8024948,4.0919805,0.7319758534431458,"(np.float64(0.12156862745098039), np.float64(0.4666666666666667), np.float64(0.7058823529411765), np.float64(1.0))","T39
0.73",False
paraphrase-MiniLM-L6-v2,39,Misinformation & Propaganda,301,,-1.346294,4.0653763,0.7319758534431458,"(np.float64(0.12156862745098039), np.float64(0.4666666666666667), np.float64(0.7058823529411765), np.float64(1.0))","T39
0.73",False
paraphrase-MiniLM-L6-v2,39,Misinformation & Propaganda,440,,-1.6247338,4.1091504,0.7319758534431458,"(np.float64(0.12156862745098039), np.float64(0.4666666666666667), np.float64(0.7058823529411765), np.float64(1.0))","T39
0.73",False
paraphrase-MiniLM-L6-v2,39,Misinformation & Propaganda,464,,-1.3780975,3.988313,0.7319758534431458,"(np.float64(0.12156862745098039), np.float64(0.4666666666666667), np.float64(0.7058823529411765), np.float64(1.0))","T39
0.73",False
paraphrase-MiniLM-L6-v2,39,Misinformation & Propaganda,542,,-1.8388742,4.181811,0.7319758534431458,"(np.float64(0.12156862745098039), np.float64(0.4666666666666667), np.float64(0.7058823529411765), np.float64(1.0))","T39
0.73",False
paraphrase-MiniLM-L6-v2,39,Misinformation & Propaganda,696,,-0.20557864,4.031699,0.7319758534431458,"(np.float64(0.12156862745098039), np.float64(0.4666666666666667), np.float64(0.7058823529411765), np.float64(1.0))","T39
0.73",False
paraphrase-MiniLM-L6-v2,39,Misinformation & Propaganda,749,,-0.62083644,4.168408,0.7319758534431458,"(np.float64(0.12156862745098039), np.float64(0.4666666666666667), np.float64(0.7058823529411765), np.float64(1.0))","T39
0.73",False
paraphrase-MiniLM-L6-v2,40,Misinformation & Propaganda,77,,-4.050726,4.24237,1.6900960206985474,"(np.float64(0.6823529411764706), np.float64(0.7803921568627451), np.float64(0.9098039215686274), np.float64(1.0))","T40
1.69",False
paraphrase-MiniLM-L6-v2,40,Misinformation & Propaganda,304,,-3.393404,4.204224,1.6900960206985474,"(np.float64(0.6823529411764706), np.float64(0.7803921568627451), np.float64(0.9098039215686274), np.float64(1.0))","T40
1.69",False
paraphrase-MiniLM-L6-v2,40,Misinformation & Propaganda,353,,-3.4918926,4.1992154,1.6900960206985474,"(np.float64(0.6823529411764706), np.float64(0.7803921568627451), np.float64(0.9098039215686274), np.float64(1.0))","T40
1.69",False
paraphrase-MiniLM-L6-v2,40,Misinformation & Propaganda,637,,-3.5251396,3.6694388,1.6900960206985474,"(np.float64(0.6823529411764706), np.float64(0.7803921568627451), np.float64(0.9098039215686274), np.float64(1.0))","T40
1.69",False
paraphrase-MiniLM-L6-v2,40,Misinformation & Propaganda,685,,-0.8663561,3.2105641,1.6900960206985474,"(np.float64(0.6823529411764706), np.float64(0.7803921568627451), np.float64(0.9098039215686274), np.float64(1.0))","T40
1.69",False
paraphrase-MiniLM-L6-v2,40,Misinformation & Propaganda,873,,-0.996817,4.283492,1.6900960206985474,"(np.float64(0.6823529411764706), np.float64(0.7803921568627451), np.float64(0.9098039215686274), np.float64(1.0))","T40
1.69",False
paraphrase-MiniLM-L6-v2,40,Misinformation & Propaganda,878,,-2.4903886,3.2438579,1.6900960206985474,"(np.float64(0.6823529411764706), np.float64(0.7803921568627451), np.float64(0.9098039215686274), np.float64(1.0))","T40
1.69",False
paraphrase-MiniLM-L6-v2,41,Fact-Checking & Verification,31,,0.20655668,3.361418,0.27236008644104004,"(np.float64(1.0), np.float64(0.4980392156862745), np.float64(0.054901960784313725), np.float64(1.0))","T41
0.27",True
paraphrase-MiniLM-L6-v2,41,Fact-Checking & Verification,235,,0.3134607,3.7276535,0.27236008644104004,"(np.float64(1.0), np.float64(0.4980392156862745), np.float64(0.054901960784313725), np.float64(1.0))","T41
0.27",True
paraphrase-MiniLM-L6-v2,41,Fact-Checking & Verification,247,,0.093293265,3.63109,0.27236008644104004,"(np.float64(1.0), np.float64(0.4980392156862745), np.float64(0.054901960784313725), np.float64(1.0))","T41
0.27",True
paraphrase-MiniLM-L6-v2,41,Fact-Checking & Verification,268,,0.319809,3.9344177,0.27236008644104004,"(np.float64(1.0), np.float64(0.4980392156862745), np.float64(0.054901960784313725), np.float64(1.0))","T41
0.27",True
paraphrase-MiniLM-L6-v2,41,Fact-Checking & Verification,275,,-0.007387552,3.6950462,0.27236008644104004,"(np.float64(1.0), np.float64(0.4980392156862745), np.float64(0.054901960784313725), np.float64(1.0))","T41
0.27",True
paraphrase-MiniLM-L6-v2,41,Fact-Checking & Verification,755,,0.3166368,3.6663651,0.27236008644104004,"(np.float64(1.0), np.float64(0.4980392156862745), np.float64(0.054901960784313725), np.float64(1.0))","T41
0.27",True
paraphrase-MiniLM-L6-v2,41,Fact-Checking & Verification,809,,0.23824671,3.6352532,0.27236008644104004,"(np.float64(1.0), np.float64(0.4980392156862745), np.float64(0.054901960784313725), np.float64(1.0))","T41
0.27",True
paraphrase-MiniLM-L6-v2,42,"pipeline, domain",16,,0.93207496,4.0748434,0.6204448342323303,"(np.float64(1.0), np.float64(0.7333333333333333), np.float64(0.47058823529411764), np.float64(1.0))","T42
0.62",True
paraphrase-MiniLM-L6-v2,42,"pipeline, domain",30,,0.1218464,4.727987,0.6204448342323303,"(np.float64(1.0), np.float64(0.7333333333333333), np.float64(0.47058823529411764), np.float64(1.0))","T42
0.62",True
paraphrase-MiniLM-L6-v2,42,"pipeline, domain",75,,0.91921616,4.0948777,0.6204448342323303,"(np.float64(1.0), np.float64(0.7333333333333333), np.float64(0.47058823529411764), np.float64(1.0))","T42
0.62",True
paraphrase-MiniLM-L6-v2,42,"pipeline, domain",200,,0.9680098,4.06813,0.6204448342323303,"(np.float64(1.0), np.float64(0.7333333333333333), np.float64(0.47058823529411764), np.float64(1.0))","T42
0.62",True
paraphrase-MiniLM-L6-v2,42,"pipeline, domain",246,,0.9866758,3.9546769,0.6204448342323303,"(np.float64(1.0), np.float64(0.7333333333333333), np.float64(0.47058823529411764), np.float64(1.0))","T42
0.62",True
paraphrase-MiniLM-L6-v2,42,"pipeline, domain",546,,0.0842642,4.4490385,0.6204448342323303,"(np.float64(1.0), np.float64(0.7333333333333333), np.float64(0.47058823529411764), np.float64(1.0))","T42
0.62",True
paraphrase-MiniLM-L6-v2,42,"pipeline, domain",747,,0.13113597,4.5364313,0.6204448342323303,"(np.float64(1.0), np.float64(0.7333333333333333), np.float64(0.47058823529411764), np.float64(1.0))","T42
0.62",True
paraphrase-MiniLM-L6-v2,43,Misinformation & Propaganda,83,,-5.335513,4.8780575,0.9058321118354797,"(np.float64(0.17254901960784313), np.float64(0.6274509803921569), np.float64(0.17254901960784313), np.float64(1.0))","T43
0.91",False
paraphrase-MiniLM-L6-v2,43,Misinformation & Propaganda,132,,-3.2802165,4.335609,0.9058321118354797,"(np.float64(0.17254901960784313), np.float64(0.6274509803921569), np.float64(0.17254901960784313), np.float64(1.0))","T43
0.91",False
paraphrase-MiniLM-L6-v2,43,Misinformation & Propaganda,142,,-5.340526,5.2730107,0.9058321118354797,"(np.float64(0.17254901960784313), np.float64(0.6274509803921569), np.float64(0.17254901960784313), np.float64(1.0))","T43
0.91",False
paraphrase-MiniLM-L6-v2,43,Misinformation & Propaganda,336,,-5.456705,4.757002,0.9058321118354797,"(np.float64(0.17254901960784313), np.float64(0.6274509803921569), np.float64(0.17254901960784313), np.float64(1.0))","T43
0.91",False
paraphrase-MiniLM-L6-v2,43,Misinformation & Propaganda,625,,-5.734654,4.790823,0.9058321118354797,"(np.float64(0.17254901960784313), np.float64(0.6274509803921569), np.float64(0.17254901960784313), np.float64(1.0))","T43
0.91",False
paraphrase-MiniLM-L6-v2,43,Misinformation & Propaganda,714,,-5.546327,5.041083,0.9058321118354797,"(np.float64(0.17254901960784313), np.float64(0.6274509803921569), np.float64(0.17254901960784313), np.float64(1.0))","T43
0.91",False
paraphrase-MiniLM-L6-v2,43,Misinformation & Propaganda,768,,-5.661037,4.762089,0.9058321118354797,"(np.float64(0.17254901960784313), np.float64(0.6274509803921569), np.float64(0.17254901960784313), np.float64(1.0))","T43
0.91",False
paraphrase-MiniLM-L6-v2,44,"al, et",89,,-2.0422719,4.7793508,1.0221705436706543,"(np.float64(0.596078431372549), np.float64(0.8745098039215686), np.float64(0.5411764705882353), np.float64(1.0))","T44
1.02",False
paraphrase-MiniLM-L6-v2,44,"al, et",144,,-3.6679416,4.4239936,1.0221705436706543,"(np.float64(0.596078431372549), np.float64(0.8745098039215686), np.float64(0.5411764705882353), np.float64(1.0))","T44
1.02",False
paraphrase-MiniLM-L6-v2,44,"al, et",242,,-3.9119327,5.0776525,1.0221705436706543,"(np.float64(0.596078431372549), np.float64(0.8745098039215686), np.float64(0.5411764705882353), np.float64(1.0))","T44
1.02",False
paraphrase-MiniLM-L6-v2,44,"al, et",282,,-3.969176,5.197325,1.0221705436706543,"(np.float64(0.596078431372549), np.float64(0.8745098039215686), np.float64(0.5411764705882353), np.float64(1.0))","T44
1.02",False
paraphrase-MiniLM-L6-v2,44,"al, et",350,,-3.9554796,4.7286863,1.0221705436706543,"(np.float64(0.596078431372549), np.float64(0.8745098039215686), np.float64(0.5411764705882353), np.float64(1.0))","T44
1.02",False
paraphrase-MiniLM-L6-v2,44,"al, et",493,,-4.152586,4.463357,1.0221705436706543,"(np.float64(0.596078431372549), np.float64(0.8745098039215686), np.float64(0.5411764705882353), np.float64(1.0))","T44
1.02",False
paraphrase-MiniLM-L6-v2,44,"al, et",630,,-3.6337872,3.8593886,1.0221705436706543,"(np.float64(0.596078431372549), np.float64(0.8745098039215686), np.float64(0.5411764705882353), np.float64(1.0))","T44
1.02",False
paraphrase-MiniLM-L6-v2,45,Misinformation & Propaganda,36,,-5.0806017,3.1025643,0.18236197531223297,"(np.float64(0.8392156862745098), np.float64(0.15294117647058825), np.float64(0.1568627450980392), np.float64(1.0))","T45
0.18",True
paraphrase-MiniLM-L6-v2,45,Misinformation & Propaganda,349,,-5.2499228,3.1079004,0.18236197531223297,"(np.float64(0.8392156862745098), np.float64(0.15294117647058825), np.float64(0.1568627450980392), np.float64(1.0))","T45
0.18",True
paraphrase-MiniLM-L6-v2,45,Misinformation & Propaganda,475,,-5.2456794,3.156204,0.18236197531223297,"(np.float64(0.8392156862745098), np.float64(0.15294117647058825), np.float64(0.1568627450980392), np.float64(1.0))","T45
0.18",True
paraphrase-MiniLM-L6-v2,45,Misinformation & Propaganda,498,,-5.185141,3.0489178,0.18236197531223297,"(np.float64(0.8392156862745098), np.float64(0.15294117647058825), np.float64(0.1568627450980392), np.float64(1.0))","T45
0.18",True
paraphrase-MiniLM-L6-v2,45,Misinformation & Propaganda,608,,-5.354097,3.276163,0.18236197531223297,"(np.float64(0.8392156862745098), np.float64(0.15294117647058825), np.float64(0.1568627450980392), np.float64(1.0))","T45
0.18",True
paraphrase-MiniLM-L6-v2,45,Misinformation & Propaganda,764,,-5.331264,3.2666788,0.18236197531223297,"(np.float64(0.8392156862745098), np.float64(0.15294117647058825), np.float64(0.1568627450980392), np.float64(1.0))","T45
0.18",True
paraphrase-MiniLM-L6-v2,45,Misinformation & Propaganda,813,,-5.3772774,3.0540988,0.18236197531223297,"(np.float64(0.8392156862745098), np.float64(0.15294117647058825), np.float64(0.1568627450980392), np.float64(1.0))","T45
0.18",True
paraphrase-MiniLM-L6-v2,46,"soundness, emias",3,,-1.2464759,4.2489586,0.7942498922348022,"(np.float64(1.0), np.float64(0.596078431372549), np.float64(0.5882352941176471), np.float64(1.0))","T46
0.79",False
paraphrase-MiniLM-L6-v2,46,"soundness, emias",87,,-0.82559234,4.2137537,0.7942498922348022,"(np.float64(1.0), np.float64(0.596078431372549), np.float64(0.5882352941176471), np.float64(1.0))","T46
0.79",False
paraphrase-MiniLM-L6-v2,46,"soundness, emias",270,,-2.084432,4.274423,0.7942498922348022,"(np.float64(1.0), np.float64(0.596078431372549), np.float64(0.5882352941176471), np.float64(1.0))","T46
0.79",False
paraphrase-MiniLM-L6-v2,46,"soundness, emias",448,,-0.785645,4.1961613,0.7942498922348022,"(np.float64(1.0), np.float64(0.596078431372549), np.float64(0.5882352941176471), np.float64(1.0))","T46
0.79",False
paraphrase-MiniLM-L6-v2,46,"soundness, emias",820,,-2.0855346,4.2214007,0.7942498922348022,"(np.float64(1.0), np.float64(0.596078431372549), np.float64(0.5882352941176471), np.float64(1.0))","T46
0.79",False
paraphrase-MiniLM-L6-v2,46,"soundness, emias",854,,-2.224692,4.305567,0.7942498922348022,"(np.float64(1.0), np.float64(0.596078431372549), np.float64(0.5882352941176471), np.float64(1.0))","T46
0.79",False
paraphrase-MiniLM-L6-v2,47,Fact-Checking & Verification,759,,0.6556168,2.8274906,0.10798107087612152,"(np.float64(0.5803921568627451), np.float64(0.403921568627451), np.float64(0.7411764705882353), np.float64(1.0))","T47
0.11",True
paraphrase-MiniLM-L6-v2,47,Fact-Checking & Verification,828,,0.5528988,2.842928,0.10798107087612152,"(np.float64(0.5803921568627451), np.float64(0.403921568627451), np.float64(0.7411764705882353), np.float64(1.0))","T47
0.11",True
paraphrase-MiniLM-L6-v2,47,Fact-Checking & Verification,871,,0.64656407,2.85608,0.10798107087612152,"(np.float64(0.5803921568627451), np.float64(0.403921568627451), np.float64(0.7411764705882353), np.float64(1.0))","T47
0.11",True
paraphrase-MiniLM-L6-v2,47,Fact-Checking & Verification,887,,0.63509405,2.7423909,0.10798107087612152,"(np.float64(0.5803921568627451), np.float64(0.403921568627451), np.float64(0.7411764705882353), np.float64(1.0))","T47
0.11",True
paraphrase-MiniLM-L6-v2,47,Fact-Checking & Verification,918,,0.6752015,2.779815,0.10798107087612152,"(np.float64(0.5803921568627451), np.float64(0.403921568627451), np.float64(0.7411764705882353), np.float64(1.0))","T47
0.11",True
paraphrase-MiniLM-L6-v2,47,Fact-Checking & Verification,927,,0.5018073,2.8654506,0.10798107087612152,"(np.float64(0.5803921568627451), np.float64(0.403921568627451), np.float64(0.7411764705882353), np.float64(1.0))","T47
0.11",True
paraphrase-MiniLM-L6-v2,48,Fact-Checking & Verification,27,,0.39546525,2.9122138,0.27066856622695923,"(np.float64(0.7725490196078432), np.float64(0.6901960784313725), np.float64(0.8352941176470589), np.float64(1.0))","T48
0.27",True
paraphrase-MiniLM-L6-v2,48,Fact-Checking & Verification,73,,0.4815227,3.065289,0.27066856622695923,"(np.float64(0.7725490196078432), np.float64(0.6901960784313725), np.float64(0.8352941176470589), np.float64(1.0))","T48
0.27",True
paraphrase-MiniLM-L6-v2,48,Fact-Checking & Verification,382,,0.39480767,3.30662,0.27066856622695923,"(np.float64(0.7725490196078432), np.float64(0.6901960784313725), np.float64(0.8352941176470589), np.float64(1.0))","T48
0.27",True
paraphrase-MiniLM-L6-v2,48,Fact-Checking & Verification,398,,0.36056617,3.141232,0.27066856622695923,"(np.float64(0.7725490196078432), np.float64(0.6901960784313725), np.float64(0.8352941176470589), np.float64(1.0))","T48
0.27",True
paraphrase-MiniLM-L6-v2,48,Fact-Checking & Verification,556,,0.09180559,3.0744443,0.27066856622695923,"(np.float64(0.7725490196078432), np.float64(0.6901960784313725), np.float64(0.8352941176470589), np.float64(1.0))","T48
0.27",True
paraphrase-MiniLM-L6-v2,48,Fact-Checking & Verification,561,,0.5302294,3.2148323,0.27066856622695923,"(np.float64(0.7725490196078432), np.float64(0.6901960784313725), np.float64(0.8352941176470589), np.float64(1.0))","T48
0.27",True
paraphrase-MiniLM-L6-v2,49,"covid19, ccfd",287,,-2.314813,5.6970034,0.16385643184185028,"(np.float64(0.5490196078431373), np.float64(0.33725490196078434), np.float64(0.29411764705882354), np.float64(1.0))","T49
0.16",True
paraphrase-MiniLM-L6-v2,49,"covid19, ccfd",453,,-2.5985696,5.4633703,0.16385643184185028,"(np.float64(0.5490196078431373), np.float64(0.33725490196078434), np.float64(0.29411764705882354), np.float64(1.0))","T49
0.16",True
paraphrase-MiniLM-L6-v2,49,"covid19, ccfd",461,,-2.489367,5.7416015,0.16385643184185028,"(np.float64(0.5490196078431373), np.float64(0.33725490196078434), np.float64(0.29411764705882354), np.float64(1.0))","T49
0.16",True
paraphrase-MiniLM-L6-v2,49,"covid19, ccfd",518,,-2.4836571,5.7035255,0.16385643184185028,"(np.float64(0.5490196078431373), np.float64(0.33725490196078434), np.float64(0.29411764705882354), np.float64(1.0))","T49
0.16",True
paraphrase-MiniLM-L6-v2,49,"covid19, ccfd",582,,-2.5412462,5.6745257,0.16385643184185028,"(np.float64(0.5490196078431373), np.float64(0.33725490196078434), np.float64(0.29411764705882354), np.float64(1.0))","T49
0.16",True
paraphrase-MiniLM-L6-v2,49,"covid19, ccfd",703,,-2.488419,5.6971884,0.16385643184185028,"(np.float64(0.5490196078431373), np.float64(0.33725490196078434), np.float64(0.29411764705882354), np.float64(1.0))","T49
0.16",True
paraphrase-MiniLM-L6-v2,50,Fact-Checking & Verification,554,,0.3162346,3.4164474,0.5388773679733276,"(np.float64(0.7686274509803922), np.float64(0.611764705882353), np.float64(0.5803921568627451), np.float64(1.0))","T50
0.54",True
paraphrase-MiniLM-L6-v2,50,Fact-Checking & Verification,757,,0.23778263,4.0682826,0.5388773679733276,"(np.float64(0.7686274509803922), np.float64(0.611764705882353), np.float64(0.5803921568627451), np.float64(1.0))","T50
0.54",True
paraphrase-MiniLM-L6-v2,50,Fact-Checking & Verification,808,,0.119419925,4.027511,0.5388773679733276,"(np.float64(0.7686274509803922), np.float64(0.611764705882353), np.float64(0.5803921568627451), np.float64(1.0))","T50
0.54",True
paraphrase-MiniLM-L6-v2,50,Fact-Checking & Verification,824,,0.13475788,3.9108386,0.5388773679733276,"(np.float64(0.7686274509803922), np.float64(0.611764705882353), np.float64(0.5803921568627451), np.float64(1.0))","T50
0.54",True
paraphrase-MiniLM-L6-v2,50,Fact-Checking & Verification,827,,0.13574822,2.9645517,0.5388773679733276,"(np.float64(0.7686274509803922), np.float64(0.611764705882353), np.float64(0.5803921568627451), np.float64(1.0))","T50
0.54",True
paraphrase-MiniLM-L6-v2,50,Fact-Checking & Verification,856,,-0.0038005672,3.9832847,0.5388773679733276,"(np.float64(0.7686274509803922), np.float64(0.611764705882353), np.float64(0.5803921568627451), np.float64(1.0))","T50
0.54",True
paraphrase-MiniLM-L6-v2,51,"tamil, bilstm",49,,-4.9675784,5.3428864,0.28284820914268494,"(np.float64(0.8901960784313725), np.float64(0.4666666666666667), np.float64(0.7607843137254902), np.float64(1.0))","T51
0.28",True
paraphrase-MiniLM-L6-v2,51,"tamil, bilstm",130,,-4.506818,5.3488493,0.28284820914268494,"(np.float64(0.8901960784313725), np.float64(0.4666666666666667), np.float64(0.7607843137254902), np.float64(1.0))","T51
0.28",True
paraphrase-MiniLM-L6-v2,51,"tamil, bilstm",222,,-4.399074,5.3327465,0.28284820914268494,"(np.float64(0.8901960784313725), np.float64(0.4666666666666667), np.float64(0.7607843137254902), np.float64(1.0))","T51
0.28",True
paraphrase-MiniLM-L6-v2,51,"tamil, bilstm",290,,-4.623034,5.4972568,0.28284820914268494,"(np.float64(0.8901960784313725), np.float64(0.4666666666666667), np.float64(0.7607843137254902), np.float64(1.0))","T51
0.28",True
paraphrase-MiniLM-L6-v2,51,"tamil, bilstm",313,,-4.8038354,5.499603,0.28284820914268494,"(np.float64(0.8901960784313725), np.float64(0.4666666666666667), np.float64(0.7607843137254902), np.float64(1.0))","T51
0.28",True
paraphrase-MiniLM-L6-v2,51,"tamil, bilstm",314,,-4.5502605,5.4543247,0.28284820914268494,"(np.float64(0.8901960784313725), np.float64(0.4666666666666667), np.float64(0.7607843137254902), np.float64(1.0))","T51
0.28",True
paraphrase-MiniLM-L6-v2,52,"claim, verification",204,,1.3763018,3.6642303,0.11510178446769714,"(np.float64(0.9686274509803922), np.float64(0.7137254901960784), np.float64(0.8235294117647058), np.float64(1.0))","T52
0.12",True
paraphrase-MiniLM-L6-v2,52,"claim, verification",228,,1.2748138,3.608959,0.11510178446769714,"(np.float64(0.9686274509803922), np.float64(0.7137254901960784), np.float64(0.8235294117647058), np.float64(1.0))","T52
0.12",True
paraphrase-MiniLM-L6-v2,52,"claim, verification",441,,1.1958995,3.7534387,0.11510178446769714,"(np.float64(0.9686274509803922), np.float64(0.7137254901960784), np.float64(0.8235294117647058), np.float64(1.0))","T52
0.12",True
paraphrase-MiniLM-L6-v2,52,"claim, verification",444,,1.2813374,3.5586932,0.11510178446769714,"(np.float64(0.9686274509803922), np.float64(0.7137254901960784), np.float64(0.8235294117647058), np.float64(1.0))","T52
0.12",True
paraphrase-MiniLM-L6-v2,52,"claim, verification",559,,1.2847016,3.6256065,0.11510178446769714,"(np.float64(0.9686274509803922), np.float64(0.7137254901960784), np.float64(0.8235294117647058), np.float64(1.0))","T52
0.12",True
paraphrase-MiniLM-L6-v2,52,"claim, verification",581,,1.3388951,3.5895712,0.11510178446769714,"(np.float64(0.9686274509803922), np.float64(0.7137254901960784), np.float64(0.8235294117647058), np.float64(1.0))","T52
0.12",True
paraphrase-MiniLM-L6-v2,53,Credibility Assessment,797,,-1.0700727,1.7706145,0.2861711382865906,"(np.float64(0.4980392156862745), np.float64(0.4980392156862745), np.float64(0.4980392156862745), np.float64(1.0))","T53
0.29",True
paraphrase-MiniLM-L6-v2,53,Credibility Assessment,940,,-1.1590481,1.6524445,0.2861711382865906,"(np.float64(0.4980392156862745), np.float64(0.4980392156862745), np.float64(0.4980392156862745), np.float64(1.0))","T53
0.29",True
paraphrase-MiniLM-L6-v2,53,Credibility Assessment,941,,-1.1928313,1.6176972,0.2861711382865906,"(np.float64(0.4980392156862745), np.float64(0.4980392156862745), np.float64(0.4980392156862745), np.float64(1.0))","T53
0.29",True
paraphrase-MiniLM-L6-v2,53,Credibility Assessment,964,,-1.1343486,1.6069528,0.2861711382865906,"(np.float64(0.4980392156862745), np.float64(0.4980392156862745), np.float64(0.4980392156862745), np.float64(1.0))","T53
0.29",True
paraphrase-MiniLM-L6-v2,53,Credibility Assessment,968,,-1.1059028,1.5638572,0.2861711382865906,"(np.float64(0.4980392156862745), np.float64(0.4980392156862745), np.float64(0.4980392156862745), np.float64(1.0))","T53
0.29",True
paraphrase-MiniLM-L6-v2,53,Credibility Assessment,974,,-1.7236345,1.8450135,0.2861711382865906,"(np.float64(0.4980392156862745), np.float64(0.4980392156862745), np.float64(0.4980392156862745), np.float64(1.0))","T53
0.29",True
paraphrase-MiniLM-L6-v2,54,Misinformation & Propaganda,145,,-6.099695,5.2591896,0.29809898138046265,"(np.float64(0.7803921568627451), np.float64(0.7803921568627451), np.float64(0.7803921568627451), np.float64(1.0))","T54
0.30",True
paraphrase-MiniLM-L6-v2,54,Misinformation & Propaganda,150,,-6.302796,5.047276,0.29809898138046265,"(np.float64(0.7803921568627451), np.float64(0.7803921568627451), np.float64(0.7803921568627451), np.float64(1.0))","T54
0.30",True
paraphrase-MiniLM-L6-v2,54,Misinformation & Propaganda,316,,-5.8760824,5.0821824,0.29809898138046265,"(np.float64(0.7803921568627451), np.float64(0.7803921568627451), np.float64(0.7803921568627451), np.float64(1.0))","T54
0.30",True
paraphrase-MiniLM-L6-v2,54,Misinformation & Propaganda,356,,-6.3681927,4.903985,0.29809898138046265,"(np.float64(0.7803921568627451), np.float64(0.7803921568627451), np.float64(0.7803921568627451), np.float64(1.0))","T54
0.30",True
paraphrase-MiniLM-L6-v2,54,Misinformation & Propaganda,418,,-6.281031,5.04166,0.29809898138046265,"(np.float64(0.7803921568627451), np.float64(0.7803921568627451), np.float64(0.7803921568627451), np.float64(1.0))","T54
0.30",True
paraphrase-MiniLM-L6-v2,54,Misinformation & Propaganda,491,,-5.9635196,5.1616626,0.29809898138046265,"(np.float64(0.7803921568627451), np.float64(0.7803921568627451), np.float64(0.7803921568627451), np.float64(1.0))","T54
0.30",True
paraphrase-MiniLM-L6-v2,55,Credibility Assessment,798,,-1.2859936,1.7500505,0.17261533439159393,"(np.float64(0.7372549019607844), np.float64(0.7411764705882353), np.float64(0.13333333333333333), np.float64(1.0))","T55
0.17",True
paraphrase-MiniLM-L6-v2,55,Credibility Assessment,923,,-1.0933795,1.6596485,0.17261533439159393,"(np.float64(0.7372549019607844), np.float64(0.7411764705882353), np.float64(0.13333333333333333), np.float64(1.0))","T55
0.17",True
paraphrase-MiniLM-L6-v2,55,Credibility Assessment,946,,-1.2356064,1.7118343,0.17261533439159393,"(np.float64(0.7372549019607844), np.float64(0.7411764705882353), np.float64(0.13333333333333333), np.float64(1.0))","T55
0.17",True
paraphrase-MiniLM-L6-v2,55,Credibility Assessment,957,,-1.0546939,1.8149323,0.17261533439159393,"(np.float64(0.7372549019607844), np.float64(0.7411764705882353), np.float64(0.13333333333333333), np.float64(1.0))","T55
0.17",True
paraphrase-MiniLM-L6-v2,55,Credibility Assessment,973,,-1.0327328,1.8485615,0.17261533439159393,"(np.float64(0.7372549019607844), np.float64(0.7411764705882353), np.float64(0.13333333333333333), np.float64(1.0))","T55
0.17",True
paraphrase-MiniLM-L6-v2,55,Credibility Assessment,980,,-1.2774276,1.7116872,0.17261533439159393,"(np.float64(0.7372549019607844), np.float64(0.7411764705882353), np.float64(0.13333333333333333), np.float64(1.0))","T55
0.17",True
paraphrase-MiniLM-L6-v2,56,"deceptive, truthful",681,,-1.4272332,3.8895378,0.35319435596466064,"(np.float64(0.8588235294117647), np.float64(0.8588235294117647), np.float64(0.5529411764705883), np.float64(1.0))","T56
0.35",True
paraphrase-MiniLM-L6-v2,56,"deceptive, truthful",792,,-2.0821834,3.6043005,0.35319435596466064,"(np.float64(0.8588235294117647), np.float64(0.8588235294117647), np.float64(0.5529411764705883), np.float64(1.0))","T56
0.35",True
paraphrase-MiniLM-L6-v2,56,"deceptive, truthful",926,,-1.7592256,3.8081388,0.35319435596466064,"(np.float64(0.8588235294117647), np.float64(0.8588235294117647), np.float64(0.5529411764705883), np.float64(1.0))","T56
0.35",True
paraphrase-MiniLM-L6-v2,56,"deceptive, truthful",952,,-1.8454318,3.9867449,0.35319435596466064,"(np.float64(0.8588235294117647), np.float64(0.8588235294117647), np.float64(0.5529411764705883), np.float64(1.0))","T56
0.35",True
paraphrase-MiniLM-L6-v2,56,"deceptive, truthful",976,,-1.7106647,3.781082,0.35319435596466064,"(np.float64(0.8588235294117647), np.float64(0.8588235294117647), np.float64(0.5529411764705883), np.float64(1.0))","T56
0.35",True
paraphrase-MiniLM-L6-v2,57,"reviews, reviewers",666,,-1.7903138,4.4024897,0.5190722942352295,"(np.float64(0.09019607843137255), np.float64(0.7450980392156863), np.float64(0.8117647058823529), np.float64(1.0))","T57
0.52",True
paraphrase-MiniLM-L6-v2,57,"reviews, reviewers",760,,-1.6257623,3.7362144,0.5190722942352295,"(np.float64(0.09019607843137255), np.float64(0.7450980392156863), np.float64(0.8117647058823529), np.float64(1.0))","T57
0.52",True
paraphrase-MiniLM-L6-v2,57,"reviews, reviewers",773,,-1.5386764,4.042751,0.5190722942352295,"(np.float64(0.09019607843137255), np.float64(0.7450980392156863), np.float64(0.8117647058823529), np.float64(1.0))","T57
0.52",True
paraphrase-MiniLM-L6-v2,57,"reviews, reviewers",896,,-1.7225953,4.317195,0.5190722942352295,"(np.float64(0.09019607843137255), np.float64(0.7450980392156863), np.float64(0.8117647058823529), np.float64(1.0))","T57
0.52",True
paraphrase-MiniLM-L6-v2,57,"reviews, reviewers",921,,-1.6133193,4.790608,0.5190722942352295,"(np.float64(0.09019607843137255), np.float64(0.7450980392156863), np.float64(0.8117647058823529), np.float64(1.0))","T57
0.52",True
paraphrase-MiniLM-L6-v2,58,"ai, indicators",91,,-4.325194,5.1171637,0.22016195952892303,"(np.float64(0.6196078431372549), np.float64(0.8549019607843137), np.float64(0.8980392156862745), np.float64(1.0))","T58
0.22",True
paraphrase-MiniLM-L6-v2,58,"ai, indicators",250,,-4.3960285,5.085693,0.22016195952892303,"(np.float64(0.6196078431372549), np.float64(0.8549019607843137), np.float64(0.8980392156862745), np.float64(1.0))","T58
0.22",True
paraphrase-MiniLM-L6-v2,58,"ai, indicators",355,,-4.445832,4.9519615,0.22016195952892303,"(np.float64(0.6196078431372549), np.float64(0.8549019607843137), np.float64(0.8980392156862745), np.float64(1.0))","T58
0.22",True
paraphrase-MiniLM-L6-v2,58,"ai, indicators",426,,-4.2211337,5.137171,0.22016195952892303,"(np.float64(0.6196078431372549), np.float64(0.8549019607843137), np.float64(0.8980392156862745), np.float64(1.0))","T58
0.22",True
paraphrase-MiniLM-L6-v2,58,"ai, indicators",472,,-4.5854726,4.8958397,0.22016195952892303,"(np.float64(0.6196078431372549), np.float64(0.8549019607843137), np.float64(0.8980392156862745), np.float64(1.0))","T58
0.22",True
paraphrase-MiniLM-L6-v2,59,Misinformation & Propaganda,338,,-5.543804,2.425332,0.2758156657218933,"(np.float64(0.12156862745098039), np.float64(0.4666666666666667), np.float64(0.7058823529411765), np.float64(1.0))","T59
0.28",True
paraphrase-MiniLM-L6-v2,59,Misinformation & Propaganda,339,,-5.784664,2.6842978,0.2758156657218933,"(np.float64(0.12156862745098039), np.float64(0.4666666666666667), np.float64(0.7058823529411765), np.float64(1.0))","T59
0.28",True
paraphrase-MiniLM-L6-v2,59,Misinformation & Propaganda,480,,-5.41218,2.6712184,0.2758156657218933,"(np.float64(0.12156862745098039), np.float64(0.4666666666666667), np.float64(0.7058823529411765), np.float64(1.0))","T59
0.28",True
paraphrase-MiniLM-L6-v2,59,Misinformation & Propaganda,661,,-5.4997888,2.3883824,0.2758156657218933,"(np.float64(0.12156862745098039), np.float64(0.4666666666666667), np.float64(0.7058823529411765), np.float64(1.0))","T59
0.28",True
paraphrase-MiniLM-L6-v2,59,Misinformation & Propaganda,719,,-5.374923,2.4737544,0.2758156657218933,"(np.float64(0.12156862745098039), np.float64(0.4666666666666667), np.float64(0.7058823529411765), np.float64(1.0))","T59
0.28",True
paraphrase-MiniLM-L6-v2,60,"mutual, nutrimedia",438,,-0.48098585,3.6186466,0.3966350257396698,"(np.float64(0.6823529411764706), np.float64(0.7803921568627451), np.float64(0.9098039215686274), np.float64(1.0))","T60
0.40",True
paraphrase-MiniLM-L6-v2,60,"mutual, nutrimedia",695,,-0.14538354,3.2840176,0.3966350257396698,"(np.float64(0.6823529411764706), np.float64(0.7803921568627451), np.float64(0.9098039215686274), np.float64(1.0))","T60
0.40",True
paraphrase-MiniLM-L6-v2,60,"mutual, nutrimedia",746,,-0.18274388,3.3319776,0.3966350257396698,"(np.float64(0.6823529411764706), np.float64(0.7803921568627451), np.float64(0.9098039215686274), np.float64(1.0))","T60
0.40",True
paraphrase-MiniLM-L6-v2,60,"mutual, nutrimedia",769,,-0.06090838,3.8697364,0.3966350257396698,"(np.float64(0.6823529411764706), np.float64(0.7803921568627451), np.float64(0.9098039215686274), np.float64(1.0))","T60
0.40",True
paraphrase-MiniLM-L6-v2,60,"mutual, nutrimedia",857,,-0.4140064,3.370328,0.3966350257396698,"(np.float64(0.6823529411764706), np.float64(0.7803921568627451), np.float64(0.9098039215686274), np.float64(1.0))","T60
0.40",True
paraphrase-MiniLM-L6-v2,61,"berdledcd, deceptive",9,,-5.7840176,3.6652596,0.36921146512031555,"(np.float64(1.0), np.float64(0.4980392156862745), np.float64(0.054901960784313725), np.float64(1.0))","T61
0.37",True
paraphrase-MiniLM-L6-v2,61,"berdledcd, deceptive",93,,-5.9523916,3.2842038,0.36921146512031555,"(np.float64(1.0), np.float64(0.4980392156862745), np.float64(0.054901960784313725), np.float64(1.0))","T61
0.37",True
paraphrase-MiniLM-L6-v2,61,"berdledcd, deceptive",161,,-5.792136,3.9380186,0.36921146512031555,"(np.float64(1.0), np.float64(0.4980392156862745), np.float64(0.054901960784313725), np.float64(1.0))","T61
0.37",True
paraphrase-MiniLM-L6-v2,61,"berdledcd, deceptive",285,,-5.822678,3.4226696,0.36921146512031555,"(np.float64(1.0), np.float64(0.4980392156862745), np.float64(0.054901960784313725), np.float64(1.0))","T61
0.37",True
paraphrase-MiniLM-L6-v2,61,"berdledcd, deceptive",388,,-6.070037,3.6098917,0.36921146512031555,"(np.float64(1.0), np.float64(0.4980392156862745), np.float64(0.054901960784313725), np.float64(1.0))","T61
0.37",True
paraphrase-MiniLM-L6-v2,62,Journalism & Media Studies,360,,-5.496709,2.6365976,0.406447172164917,"(np.float64(1.0), np.float64(0.7333333333333333), np.float64(0.47058823529411764), np.float64(1.0))","T62
0.41",True
paraphrase-MiniLM-L6-v2,62,Journalism & Media Studies,433,,-4.6333885,2.727643,0.406447172164917,"(np.float64(1.0), np.float64(0.7333333333333333), np.float64(0.47058823529411764), np.float64(1.0))","T62
0.41",True
paraphrase-MiniLM-L6-v2,62,Journalism & Media Studies,604,,-4.9367,2.6563778,0.406447172164917,"(np.float64(1.0), np.float64(0.7333333333333333), np.float64(0.47058823529411764), np.float64(1.0))","T62
0.41",True
paraphrase-MiniLM-L6-v2,62,Journalism & Media Studies,607,,-4.869174,2.6203654,0.406447172164917,"(np.float64(1.0), np.float64(0.7333333333333333), np.float64(0.47058823529411764), np.float64(1.0))","T62
0.41",True
paraphrase-MiniLM-L6-v2,62,Journalism & Media Studies,689,,-5.0009875,2.473046,0.406447172164917,"(np.float64(1.0), np.float64(0.7333333333333333), np.float64(0.47058823529411764), np.float64(1.0))","T62
0.41",True
paraphrase-MiniLM-L6-v2,63,"multihop, verification",79,,0.95115304,3.6647344,0.40256229043006897,"(np.float64(0.17254901960784313), np.float64(0.6274509803921569), np.float64(0.17254901960784313), np.float64(1.0))","T63
0.40",True
paraphrase-MiniLM-L6-v2,63,"multihop, verification",205,,1.2157747,3.3485818,0.40256229043006897,"(np.float64(0.17254901960784313), np.float64(0.6274509803921569), np.float64(0.17254901960784313), np.float64(1.0))","T63
0.40",True
paraphrase-MiniLM-L6-v2,63,"multihop, verification",214,,0.92340755,3.6503098,0.40256229043006897,"(np.float64(0.17254901960784313), np.float64(0.6274509803921569), np.float64(0.17254901960784313), np.float64(1.0))","T63
0.40",True
paraphrase-MiniLM-L6-v2,63,"multihop, verification",434,,0.5475742,3.9829428,0.40256229043006897,"(np.float64(0.17254901960784313), np.float64(0.6274509803921569), np.float64(0.17254901960784313), np.float64(1.0))","T63
0.40",True
paraphrase-MiniLM-L6-v2,63,"multihop, verification",565,,1.0471526,3.5563004,0.40256229043006897,"(np.float64(0.17254901960784313), np.float64(0.6274509803921569), np.float64(0.17254901960784313), np.float64(1.0))","T63
0.40",True
paraphrase-MiniLM-L6-v2,64,Misinformation & Propaganda,137,,-6.466238,4.3517256,0.3671118915081024,"(np.float64(0.596078431372549), np.float64(0.8745098039215686), np.float64(0.5411764705882353), np.float64(1.0))","T64
0.37",True
paraphrase-MiniLM-L6-v2,64,Misinformation & Propaganda,280,,-6.3435044,4.091734,0.3671118915081024,"(np.float64(0.596078431372549), np.float64(0.8745098039215686), np.float64(0.5411764705882353), np.float64(1.0))","T64
0.37",True
paraphrase-MiniLM-L6-v2,64,Misinformation & Propaganda,368,,-6.548276,4.1043653,0.3671118915081024,"(np.float64(0.596078431372549), np.float64(0.8745098039215686), np.float64(0.5411764705882353), np.float64(1.0))","T64
0.37",True
paraphrase-MiniLM-L6-v2,64,Misinformation & Propaganda,718,,-6.4310794,3.9415097,0.3671118915081024,"(np.float64(0.596078431372549), np.float64(0.8745098039215686), np.float64(0.5411764705882353), np.float64(1.0))","T64
0.37",True
paraphrase-MiniLM-L6-v2,64,Misinformation & Propaganda,782,,-6.0691476,4.472657,0.3671118915081024,"(np.float64(0.596078431372549), np.float64(0.8745098039215686), np.float64(0.5411764705882353), np.float64(1.0))","T64
0.37",True
paraphrase-MiniLM-L6-v2,65,Credibility Assessment,961,,-1.599498,1.7114664,0.07907135039567947,"(np.float64(0.8392156862745098), np.float64(0.15294117647058825), np.float64(0.1568627450980392), np.float64(1.0))","T65
0.08",True
paraphrase-MiniLM-L6-v2,65,Credibility Assessment,966,,-1.570818,1.7065663,0.07907135039567947,"(np.float64(0.8392156862745098), np.float64(0.15294117647058825), np.float64(0.1568627450980392), np.float64(1.0))","T65
0.08",True
paraphrase-MiniLM-L6-v2,65,Credibility Assessment,969,,-1.5223687,1.6519332,0.07907135039567947,"(np.float64(0.8392156862745098), np.float64(0.15294117647058825), np.float64(0.1568627450980392), np.float64(1.0))","T65
0.08",True
paraphrase-MiniLM-L6-v2,65,Credibility Assessment,975,,-1.5117787,1.7160097,0.07907135039567947,"(np.float64(0.8392156862745098), np.float64(0.15294117647058825), np.float64(0.1568627450980392), np.float64(1.0))","T65
0.08",True
paraphrase-MiniLM-L6-v2,65,Credibility Assessment,979,,-1.5486841,1.7833047,0.07907135039567947,"(np.float64(0.8392156862745098), np.float64(0.15294117647058825), np.float64(0.1568627450980392), np.float64(1.0))","T65
0.08",True
