embedding_model,topic_id,topic_label,document_id,score,x,y,density,color,label,cohesive
distiluse-base-multilingual-cased-v1,-1,Misinformation & Propaganda,0,,1.3095131,15.563653,2.9807441234588623,"(np.float64(0.12156862745098039), np.float64(0.4666666666666667), np.float64(0.7058823529411765), np.float64(1.0))","T-1
2.98",False
distiluse-base-multilingual-cased-v1,-1,Misinformation & Propaganda,5,,2.4593127,17.62771,2.9807441234588623,"(np.float64(0.12156862745098039), np.float64(0.4666666666666667), np.float64(0.7058823529411765), np.float64(1.0))","T-1
2.98",False
distiluse-base-multilingual-cased-v1,-1,Misinformation & Propaganda,6,,1.6060145,17.599314,2.9807441234588623,"(np.float64(0.12156862745098039), np.float64(0.4666666666666667), np.float64(0.7058823529411765), np.float64(1.0))","T-1
2.98",False
distiluse-base-multilingual-cased-v1,-1,Misinformation & Propaganda,7,,0.24834219,16.164902,2.9807441234588623,"(np.float64(0.12156862745098039), np.float64(0.4666666666666667), np.float64(0.7058823529411765), np.float64(1.0))","T-1
2.98",False
distiluse-base-multilingual-cased-v1,-1,Misinformation & Propaganda,9,,2.2835758,17.50036,2.9807441234588623,"(np.float64(0.12156862745098039), np.float64(0.4666666666666667), np.float64(0.7058823529411765), np.float64(1.0))","T-1
2.98",False
distiluse-base-multilingual-cased-v1,-1,Misinformation & Propaganda,11,,-0.11021771,16.0468,2.9807441234588623,"(np.float64(0.12156862745098039), np.float64(0.4666666666666667), np.float64(0.7058823529411765), np.float64(1.0))","T-1
2.98",False
distiluse-base-multilingual-cased-v1,-1,Misinformation & Propaganda,12,,1.2156416,12.979336,2.9807441234588623,"(np.float64(0.12156862745098039), np.float64(0.4666666666666667), np.float64(0.7058823529411765), np.float64(1.0))","T-1
2.98",False
distiluse-base-multilingual-cased-v1,-1,Misinformation & Propaganda,13,,0.84518254,13.392156,2.9807441234588623,"(np.float64(0.12156862745098039), np.float64(0.4666666666666667), np.float64(0.7058823529411765), np.float64(1.0))","T-1
2.98",False
distiluse-base-multilingual-cased-v1,-1,Misinformation & Propaganda,14,,0.853458,13.35026,2.9807441234588623,"(np.float64(0.12156862745098039), np.float64(0.4666666666666667), np.float64(0.7058823529411765), np.float64(1.0))","T-1
2.98",False
distiluse-base-multilingual-cased-v1,-1,Misinformation & Propaganda,15,,1.3422114,14.6796875,2.9807441234588623,"(np.float64(0.12156862745098039), np.float64(0.4666666666666667), np.float64(0.7058823529411765), np.float64(1.0))","T-1
2.98",False
distiluse-base-multilingual-cased-v1,-1,Misinformation & Propaganda,17,,0.41530207,12.927483,2.9807441234588623,"(np.float64(0.12156862745098039), np.float64(0.4666666666666667), np.float64(0.7058823529411765), np.float64(1.0))","T-1
2.98",False
distiluse-base-multilingual-cased-v1,-1,Misinformation & Propaganda,18,,0.4031277,16.372044,2.9807441234588623,"(np.float64(0.12156862745098039), np.float64(0.4666666666666667), np.float64(0.7058823529411765), np.float64(1.0))","T-1
2.98",False
distiluse-base-multilingual-cased-v1,-1,Misinformation & Propaganda,19,,0.14067373,16.758438,2.9807441234588623,"(np.float64(0.12156862745098039), np.float64(0.4666666666666667), np.float64(0.7058823529411765), np.float64(1.0))","T-1
2.98",False
distiluse-base-multilingual-cased-v1,-1,Misinformation & Propaganda,20,,1.361435,12.219894,2.9807441234588623,"(np.float64(0.12156862745098039), np.float64(0.4666666666666667), np.float64(0.7058823529411765), np.float64(1.0))","T-1
2.98",False
distiluse-base-multilingual-cased-v1,-1,Misinformation & Propaganda,23,,1.5848646,12.445936,2.9807441234588623,"(np.float64(0.12156862745098039), np.float64(0.4666666666666667), np.float64(0.7058823529411765), np.float64(1.0))","T-1
2.98",False
distiluse-base-multilingual-cased-v1,-1,Misinformation & Propaganda,24,,0.8869506,15.2480545,2.9807441234588623,"(np.float64(0.12156862745098039), np.float64(0.4666666666666667), np.float64(0.7058823529411765), np.float64(1.0))","T-1
2.98",False
distiluse-base-multilingual-cased-v1,-1,Misinformation & Propaganda,29,,0.11762996,13.2294445,2.9807441234588623,"(np.float64(0.12156862745098039), np.float64(0.4666666666666667), np.float64(0.7058823529411765), np.float64(1.0))","T-1
2.98",False
distiluse-base-multilingual-cased-v1,-1,Misinformation & Propaganda,32,,0.13774249,12.375037,2.9807441234588623,"(np.float64(0.12156862745098039), np.float64(0.4666666666666667), np.float64(0.7058823529411765), np.float64(1.0))","T-1
2.98",False
distiluse-base-multilingual-cased-v1,-1,Misinformation & Propaganda,33,,2.233378,17.965567,2.9807441234588623,"(np.float64(0.12156862745098039), np.float64(0.4666666666666667), np.float64(0.7058823529411765), np.float64(1.0))","T-1
2.98",False
distiluse-base-multilingual-cased-v1,-1,Misinformation & Propaganda,36,,2.5628352,17.815996,2.9807441234588623,"(np.float64(0.12156862745098039), np.float64(0.4666666666666667), np.float64(0.7058823529411765), np.float64(1.0))","T-1
2.98",False
distiluse-base-multilingual-cased-v1,-1,Misinformation & Propaganda,38,,1.4005065,15.437721,2.9807441234588623,"(np.float64(0.12156862745098039), np.float64(0.4666666666666667), np.float64(0.7058823529411765), np.float64(1.0))","T-1
2.98",False
distiluse-base-multilingual-cased-v1,-1,Misinformation & Propaganda,40,,-0.708936,16.77001,2.9807441234588623,"(np.float64(0.12156862745098039), np.float64(0.4666666666666667), np.float64(0.7058823529411765), np.float64(1.0))","T-1
2.98",False
distiluse-base-multilingual-cased-v1,-1,Misinformation & Propaganda,41,,0.6816505,16.351137,2.9807441234588623,"(np.float64(0.12156862745098039), np.float64(0.4666666666666667), np.float64(0.7058823529411765), np.float64(1.0))","T-1
2.98",False
distiluse-base-multilingual-cased-v1,-1,Misinformation & Propaganda,46,,2.1070995,16.146427,2.9807441234588623,"(np.float64(0.12156862745098039), np.float64(0.4666666666666667), np.float64(0.7058823529411765), np.float64(1.0))","T-1
2.98",False
distiluse-base-multilingual-cased-v1,-1,Misinformation & Propaganda,49,,-0.29152203,15.731782,2.9807441234588623,"(np.float64(0.12156862745098039), np.float64(0.4666666666666667), np.float64(0.7058823529411765), np.float64(1.0))","T-1
2.98",False
distiluse-base-multilingual-cased-v1,-1,Misinformation & Propaganda,57,,1.5510937,16.448366,2.9807441234588623,"(np.float64(0.12156862745098039), np.float64(0.4666666666666667), np.float64(0.7058823529411765), np.float64(1.0))","T-1
2.98",False
distiluse-base-multilingual-cased-v1,-1,Misinformation & Propaganda,63,,3.1151187,16.546862,2.9807441234588623,"(np.float64(0.12156862745098039), np.float64(0.4666666666666667), np.float64(0.7058823529411765), np.float64(1.0))","T-1
2.98",False
distiluse-base-multilingual-cased-v1,-1,Misinformation & Propaganda,69,,1.4377302,11.924508,2.9807441234588623,"(np.float64(0.12156862745098039), np.float64(0.4666666666666667), np.float64(0.7058823529411765), np.float64(1.0))","T-1
2.98",False
distiluse-base-multilingual-cased-v1,-1,Misinformation & Propaganda,73,,1.8173554,14.323136,2.9807441234588623,"(np.float64(0.12156862745098039), np.float64(0.4666666666666667), np.float64(0.7058823529411765), np.float64(1.0))","T-1
2.98",False
distiluse-base-multilingual-cased-v1,-1,Misinformation & Propaganda,76,,-0.5290774,16.549805,2.9807441234588623,"(np.float64(0.12156862745098039), np.float64(0.4666666666666667), np.float64(0.7058823529411765), np.float64(1.0))","T-1
2.98",False
distiluse-base-multilingual-cased-v1,-1,Misinformation & Propaganda,80,,0.73027277,12.170028,2.9807441234588623,"(np.float64(0.12156862745098039), np.float64(0.4666666666666667), np.float64(0.7058823529411765), np.float64(1.0))","T-1
2.98",False
distiluse-base-multilingual-cased-v1,-1,Misinformation & Propaganda,87,,2.1155121,15.133436,2.9807441234588623,"(np.float64(0.12156862745098039), np.float64(0.4666666666666667), np.float64(0.7058823529411765), np.float64(1.0))","T-1
2.98",False
distiluse-base-multilingual-cased-v1,-1,Misinformation & Propaganda,90,,1.2827933,15.053347,2.9807441234588623,"(np.float64(0.12156862745098039), np.float64(0.4666666666666667), np.float64(0.7058823529411765), np.float64(1.0))","T-1
2.98",False
distiluse-base-multilingual-cased-v1,-1,Misinformation & Propaganda,94,,0.83783656,16.274986,2.9807441234588623,"(np.float64(0.12156862745098039), np.float64(0.4666666666666667), np.float64(0.7058823529411765), np.float64(1.0))","T-1
2.98",False
distiluse-base-multilingual-cased-v1,-1,Misinformation & Propaganda,96,,0.53204733,17.495169,2.9807441234588623,"(np.float64(0.12156862745098039), np.float64(0.4666666666666667), np.float64(0.7058823529411765), np.float64(1.0))","T-1
2.98",False
distiluse-base-multilingual-cased-v1,-1,Misinformation & Propaganda,101,,1.972987,18.514956,2.9807441234588623,"(np.float64(0.12156862745098039), np.float64(0.4666666666666667), np.float64(0.7058823529411765), np.float64(1.0))","T-1
2.98",False
distiluse-base-multilingual-cased-v1,-1,Misinformation & Propaganda,107,,0.8471284,16.76476,2.9807441234588623,"(np.float64(0.12156862745098039), np.float64(0.4666666666666667), np.float64(0.7058823529411765), np.float64(1.0))","T-1
2.98",False
distiluse-base-multilingual-cased-v1,-1,Misinformation & Propaganda,110,,-0.7315619,16.998468,2.9807441234588623,"(np.float64(0.12156862745098039), np.float64(0.4666666666666667), np.float64(0.7058823529411765), np.float64(1.0))","T-1
2.98",False
distiluse-base-multilingual-cased-v1,-1,Misinformation & Propaganda,111,,1.9770666,17.95426,2.9807441234588623,"(np.float64(0.12156862745098039), np.float64(0.4666666666666667), np.float64(0.7058823529411765), np.float64(1.0))","T-1
2.98",False
distiluse-base-multilingual-cased-v1,-1,Misinformation & Propaganda,114,,-0.37855536,17.35852,2.9807441234588623,"(np.float64(0.12156862745098039), np.float64(0.4666666666666667), np.float64(0.7058823529411765), np.float64(1.0))","T-1
2.98",False
distiluse-base-multilingual-cased-v1,-1,Misinformation & Propaganda,115,,-0.7174157,17.158998,2.9807441234588623,"(np.float64(0.12156862745098039), np.float64(0.4666666666666667), np.float64(0.7058823529411765), np.float64(1.0))","T-1
2.98",False
distiluse-base-multilingual-cased-v1,-1,Misinformation & Propaganda,117,,-0.6166816,16.398422,2.9807441234588623,"(np.float64(0.12156862745098039), np.float64(0.4666666666666667), np.float64(0.7058823529411765), np.float64(1.0))","T-1
2.98",False
distiluse-base-multilingual-cased-v1,-1,Misinformation & Propaganda,118,,3.3564203,17.292936,2.9807441234588623,"(np.float64(0.12156862745098039), np.float64(0.4666666666666667), np.float64(0.7058823529411765), np.float64(1.0))","T-1
2.98",False
distiluse-base-multilingual-cased-v1,-1,Misinformation & Propaganda,119,,0.35465562,17.01419,2.9807441234588623,"(np.float64(0.12156862745098039), np.float64(0.4666666666666667), np.float64(0.7058823529411765), np.float64(1.0))","T-1
2.98",False
distiluse-base-multilingual-cased-v1,-1,Misinformation & Propaganda,121,,-0.65700644,16.91288,2.9807441234588623,"(np.float64(0.12156862745098039), np.float64(0.4666666666666667), np.float64(0.7058823529411765), np.float64(1.0))","T-1
2.98",False
distiluse-base-multilingual-cased-v1,-1,Misinformation & Propaganda,124,,-0.6615398,16.962019,2.9807441234588623,"(np.float64(0.12156862745098039), np.float64(0.4666666666666667), np.float64(0.7058823529411765), np.float64(1.0))","T-1
2.98",False
distiluse-base-multilingual-cased-v1,-1,Misinformation & Propaganda,127,,3.2800426,16.837242,2.9807441234588623,"(np.float64(0.12156862745098039), np.float64(0.4666666666666667), np.float64(0.7058823529411765), np.float64(1.0))","T-1
2.98",False
distiluse-base-multilingual-cased-v1,-1,Misinformation & Propaganda,129,,1.7236558,15.602112,2.9807441234588623,"(np.float64(0.12156862745098039), np.float64(0.4666666666666667), np.float64(0.7058823529411765), np.float64(1.0))","T-1
2.98",False
distiluse-base-multilingual-cased-v1,-1,Misinformation & Propaganda,135,,4.0309367,15.751908,2.9807441234588623,"(np.float64(0.12156862745098039), np.float64(0.4666666666666667), np.float64(0.7058823529411765), np.float64(1.0))","T-1
2.98",False
distiluse-base-multilingual-cased-v1,-1,Misinformation & Propaganda,139,,1.5085993,17.367992,2.9807441234588623,"(np.float64(0.12156862745098039), np.float64(0.4666666666666667), np.float64(0.7058823529411765), np.float64(1.0))","T-1
2.98",False
distiluse-base-multilingual-cased-v1,-1,Misinformation & Propaganda,144,,3.3807733,17.234484,2.9807441234588623,"(np.float64(0.12156862745098039), np.float64(0.4666666666666667), np.float64(0.7058823529411765), np.float64(1.0))","T-1
2.98",False
distiluse-base-multilingual-cased-v1,-1,Misinformation & Propaganda,147,,1.3322582,16.321173,2.9807441234588623,"(np.float64(0.12156862745098039), np.float64(0.4666666666666667), np.float64(0.7058823529411765), np.float64(1.0))","T-1
2.98",False
distiluse-base-multilingual-cased-v1,-1,Misinformation & Propaganda,148,,1.0023996,17.664366,2.9807441234588623,"(np.float64(0.12156862745098039), np.float64(0.4666666666666667), np.float64(0.7058823529411765), np.float64(1.0))","T-1
2.98",False
distiluse-base-multilingual-cased-v1,-1,Misinformation & Propaganda,149,,0.0031223092,16.7161,2.9807441234588623,"(np.float64(0.12156862745098039), np.float64(0.4666666666666667), np.float64(0.7058823529411765), np.float64(1.0))","T-1
2.98",False
distiluse-base-multilingual-cased-v1,-1,Misinformation & Propaganda,150,,-0.9790554,17.641476,2.9807441234588623,"(np.float64(0.12156862745098039), np.float64(0.4666666666666667), np.float64(0.7058823529411765), np.float64(1.0))","T-1
2.98",False
distiluse-base-multilingual-cased-v1,-1,Misinformation & Propaganda,153,,-0.14751677,15.63931,2.9807441234588623,"(np.float64(0.12156862745098039), np.float64(0.4666666666666667), np.float64(0.7058823529411765), np.float64(1.0))","T-1
2.98",False
distiluse-base-multilingual-cased-v1,-1,Misinformation & Propaganda,158,,2.0258996,16.064472,2.9807441234588623,"(np.float64(0.12156862745098039), np.float64(0.4666666666666667), np.float64(0.7058823529411765), np.float64(1.0))","T-1
2.98",False
distiluse-base-multilingual-cased-v1,-1,Misinformation & Propaganda,159,,0.32851124,16.255028,2.9807441234588623,"(np.float64(0.12156862745098039), np.float64(0.4666666666666667), np.float64(0.7058823529411765), np.float64(1.0))","T-1
2.98",False
distiluse-base-multilingual-cased-v1,-1,Misinformation & Propaganda,161,,1.105011,16.573057,2.9807441234588623,"(np.float64(0.12156862745098039), np.float64(0.4666666666666667), np.float64(0.7058823529411765), np.float64(1.0))","T-1
2.98",False
distiluse-base-multilingual-cased-v1,-1,Misinformation & Propaganda,164,,4.0071287,16.01746,2.9807441234588623,"(np.float64(0.12156862745098039), np.float64(0.4666666666666667), np.float64(0.7058823529411765), np.float64(1.0))","T-1
2.98",False
distiluse-base-multilingual-cased-v1,-1,Misinformation & Propaganda,168,,0.941303,16.5658,2.9807441234588623,"(np.float64(0.12156862745098039), np.float64(0.4666666666666667), np.float64(0.7058823529411765), np.float64(1.0))","T-1
2.98",False
distiluse-base-multilingual-cased-v1,-1,Misinformation & Propaganda,171,,2.9453857,16.880688,2.9807441234588623,"(np.float64(0.12156862745098039), np.float64(0.4666666666666667), np.float64(0.7058823529411765), np.float64(1.0))","T-1
2.98",False
distiluse-base-multilingual-cased-v1,-1,Misinformation & Propaganda,178,,3.213713,16.340178,2.9807441234588623,"(np.float64(0.12156862745098039), np.float64(0.4666666666666667), np.float64(0.7058823529411765), np.float64(1.0))","T-1
2.98",False
distiluse-base-multilingual-cased-v1,-1,Misinformation & Propaganda,181,,1.3485146,11.648672,2.9807441234588623,"(np.float64(0.12156862745098039), np.float64(0.4666666666666667), np.float64(0.7058823529411765), np.float64(1.0))","T-1
2.98",False
distiluse-base-multilingual-cased-v1,-1,Misinformation & Propaganda,182,,-0.77212447,17.08651,2.9807441234588623,"(np.float64(0.12156862745098039), np.float64(0.4666666666666667), np.float64(0.7058823529411765), np.float64(1.0))","T-1
2.98",False
distiluse-base-multilingual-cased-v1,-1,Misinformation & Propaganda,192,,-0.48548386,15.74383,2.9807441234588623,"(np.float64(0.12156862745098039), np.float64(0.4666666666666667), np.float64(0.7058823529411765), np.float64(1.0))","T-1
2.98",False
distiluse-base-multilingual-cased-v1,-1,Misinformation & Propaganda,196,,1.6551106,14.544698,2.9807441234588623,"(np.float64(0.12156862745098039), np.float64(0.4666666666666667), np.float64(0.7058823529411765), np.float64(1.0))","T-1
2.98",False
distiluse-base-multilingual-cased-v1,-1,Misinformation & Propaganda,197,,1.2508084,11.850236,2.9807441234588623,"(np.float64(0.12156862745098039), np.float64(0.4666666666666667), np.float64(0.7058823529411765), np.float64(1.0))","T-1
2.98",False
distiluse-base-multilingual-cased-v1,-1,Misinformation & Propaganda,201,,-1.4765996,11.270857,2.9807441234588623,"(np.float64(0.12156862745098039), np.float64(0.4666666666666667), np.float64(0.7058823529411765), np.float64(1.0))","T-1
2.98",False
distiluse-base-multilingual-cased-v1,-1,Misinformation & Propaganda,203,,2.0457232,13.984931,2.9807441234588623,"(np.float64(0.12156862745098039), np.float64(0.4666666666666667), np.float64(0.7058823529411765), np.float64(1.0))","T-1
2.98",False
distiluse-base-multilingual-cased-v1,-1,Misinformation & Propaganda,204,,1.0593601,12.1909275,2.9807441234588623,"(np.float64(0.12156862745098039), np.float64(0.4666666666666667), np.float64(0.7058823529411765), np.float64(1.0))","T-1
2.98",False
distiluse-base-multilingual-cased-v1,-1,Misinformation & Propaganda,207,,1.8600314,15.964344,2.9807441234588623,"(np.float64(0.12156862745098039), np.float64(0.4666666666666667), np.float64(0.7058823529411765), np.float64(1.0))","T-1
2.98",False
distiluse-base-multilingual-cased-v1,-1,Misinformation & Propaganda,210,,1.1597136,11.641156,2.9807441234588623,"(np.float64(0.12156862745098039), np.float64(0.4666666666666667), np.float64(0.7058823529411765), np.float64(1.0))","T-1
2.98",False
distiluse-base-multilingual-cased-v1,-1,Misinformation & Propaganda,212,,2.1005707,15.965792,2.9807441234588623,"(np.float64(0.12156862745098039), np.float64(0.4666666666666667), np.float64(0.7058823529411765), np.float64(1.0))","T-1
2.98",False
distiluse-base-multilingual-cased-v1,-1,Misinformation & Propaganda,215,,-1.4129267,11.260607,2.9807441234588623,"(np.float64(0.12156862745098039), np.float64(0.4666666666666667), np.float64(0.7058823529411765), np.float64(1.0))","T-1
2.98",False
distiluse-base-multilingual-cased-v1,-1,Misinformation & Propaganda,216,,-0.32690102,16.791203,2.9807441234588623,"(np.float64(0.12156862745098039), np.float64(0.4666666666666667), np.float64(0.7058823529411765), np.float64(1.0))","T-1
2.98",False
distiluse-base-multilingual-cased-v1,-1,Misinformation & Propaganda,217,,0.3712246,16.387636,2.9807441234588623,"(np.float64(0.12156862745098039), np.float64(0.4666666666666667), np.float64(0.7058823529411765), np.float64(1.0))","T-1
2.98",False
distiluse-base-multilingual-cased-v1,-1,Misinformation & Propaganda,222,,0.5599509,16.055103,2.9807441234588623,"(np.float64(0.12156862745098039), np.float64(0.4666666666666667), np.float64(0.7058823529411765), np.float64(1.0))","T-1
2.98",False
distiluse-base-multilingual-cased-v1,-1,Misinformation & Propaganda,225,,2.2970595,15.3772745,2.9807441234588623,"(np.float64(0.12156862745098039), np.float64(0.4666666666666667), np.float64(0.7058823529411765), np.float64(1.0))","T-1
2.98",False
distiluse-base-multilingual-cased-v1,-1,Misinformation & Propaganda,227,,2.639232,17.072403,2.9807441234588623,"(np.float64(0.12156862745098039), np.float64(0.4666666666666667), np.float64(0.7058823529411765), np.float64(1.0))","T-1
2.98",False
distiluse-base-multilingual-cased-v1,-1,Misinformation & Propaganda,229,,1.014357,12.916225,2.9807441234588623,"(np.float64(0.12156862745098039), np.float64(0.4666666666666667), np.float64(0.7058823529411765), np.float64(1.0))","T-1
2.98",False
distiluse-base-multilingual-cased-v1,-1,Misinformation & Propaganda,234,,3.9864066,15.860883,2.9807441234588623,"(np.float64(0.12156862745098039), np.float64(0.4666666666666667), np.float64(0.7058823529411765), np.float64(1.0))","T-1
2.98",False
distiluse-base-multilingual-cased-v1,-1,Misinformation & Propaganda,235,,1.2047213,11.8866205,2.9807441234588623,"(np.float64(0.12156862745098039), np.float64(0.4666666666666667), np.float64(0.7058823529411765), np.float64(1.0))","T-1
2.98",False
distiluse-base-multilingual-cased-v1,-1,Misinformation & Propaganda,237,,1.4022363,11.994194,2.9807441234588623,"(np.float64(0.12156862745098039), np.float64(0.4666666666666667), np.float64(0.7058823529411765), np.float64(1.0))","T-1
2.98",False
distiluse-base-multilingual-cased-v1,-1,Misinformation & Propaganda,239,,1.4134717,11.592319,2.9807441234588623,"(np.float64(0.12156862745098039), np.float64(0.4666666666666667), np.float64(0.7058823529411765), np.float64(1.0))","T-1
2.98",False
distiluse-base-multilingual-cased-v1,-1,Misinformation & Propaganda,240,,1.3391237,11.947434,2.9807441234588623,"(np.float64(0.12156862745098039), np.float64(0.4666666666666667), np.float64(0.7058823529411765), np.float64(1.0))","T-1
2.98",False
distiluse-base-multilingual-cased-v1,-1,Misinformation & Propaganda,244,,1.3174562,11.786243,2.9807441234588623,"(np.float64(0.12156862745098039), np.float64(0.4666666666666667), np.float64(0.7058823529411765), np.float64(1.0))","T-1
2.98",False
distiluse-base-multilingual-cased-v1,-1,Misinformation & Propaganda,247,,1.0994537,12.501465,2.9807441234588623,"(np.float64(0.12156862745098039), np.float64(0.4666666666666667), np.float64(0.7058823529411765), np.float64(1.0))","T-1
2.98",False
distiluse-base-multilingual-cased-v1,-1,Misinformation & Propaganda,248,,2.436017,14.13847,2.9807441234588623,"(np.float64(0.12156862745098039), np.float64(0.4666666666666667), np.float64(0.7058823529411765), np.float64(1.0))","T-1
2.98",False
distiluse-base-multilingual-cased-v1,-1,Misinformation & Propaganda,252,,-0.29015318,15.554809,2.9807441234588623,"(np.float64(0.12156862745098039), np.float64(0.4666666666666667), np.float64(0.7058823529411765), np.float64(1.0))","T-1
2.98",False
distiluse-base-multilingual-cased-v1,-1,Misinformation & Propaganda,254,,1.3453296,17.678337,2.9807441234588623,"(np.float64(0.12156862745098039), np.float64(0.4666666666666667), np.float64(0.7058823529411765), np.float64(1.0))","T-1
2.98",False
distiluse-base-multilingual-cased-v1,-1,Misinformation & Propaganda,255,,0.30527994,17.448914,2.9807441234588623,"(np.float64(0.12156862745098039), np.float64(0.4666666666666667), np.float64(0.7058823529411765), np.float64(1.0))","T-1
2.98",False
distiluse-base-multilingual-cased-v1,-1,Misinformation & Propaganda,256,,-0.2800893,17.096123,2.9807441234588623,"(np.float64(0.12156862745098039), np.float64(0.4666666666666667), np.float64(0.7058823529411765), np.float64(1.0))","T-1
2.98",False
distiluse-base-multilingual-cased-v1,-1,Misinformation & Propaganda,257,,-0.33131877,16.545712,2.9807441234588623,"(np.float64(0.12156862745098039), np.float64(0.4666666666666667), np.float64(0.7058823529411765), np.float64(1.0))","T-1
2.98",False
distiluse-base-multilingual-cased-v1,-1,Misinformation & Propaganda,258,,-0.29192388,16.688654,2.9807441234588623,"(np.float64(0.12156862745098039), np.float64(0.4666666666666667), np.float64(0.7058823529411765), np.float64(1.0))","T-1
2.98",False
distiluse-base-multilingual-cased-v1,-1,Misinformation & Propaganda,259,,3.984915,16.16665,2.9807441234588623,"(np.float64(0.12156862745098039), np.float64(0.4666666666666667), np.float64(0.7058823529411765), np.float64(1.0))","T-1
2.98",False
distiluse-base-multilingual-cased-v1,-1,Misinformation & Propaganda,260,,3.25868,17.17047,2.9807441234588623,"(np.float64(0.12156862745098039), np.float64(0.4666666666666667), np.float64(0.7058823529411765), np.float64(1.0))","T-1
2.98",False
distiluse-base-multilingual-cased-v1,-1,Misinformation & Propaganda,261,,2.7276132,15.837686,2.9807441234588623,"(np.float64(0.12156862745098039), np.float64(0.4666666666666667), np.float64(0.7058823529411765), np.float64(1.0))","T-1
2.98",False
distiluse-base-multilingual-cased-v1,-1,Misinformation & Propaganda,264,,3.412773,17.192251,2.9807441234588623,"(np.float64(0.12156862745098039), np.float64(0.4666666666666667), np.float64(0.7058823529411765), np.float64(1.0))","T-1
2.98",False
distiluse-base-multilingual-cased-v1,-1,Misinformation & Propaganda,267,,-0.85240144,17.00896,2.9807441234588623,"(np.float64(0.12156862745098039), np.float64(0.4666666666666667), np.float64(0.7058823529411765), np.float64(1.0))","T-1
2.98",False
distiluse-base-multilingual-cased-v1,-1,Misinformation & Propaganda,270,,1.5434519,14.839633,2.9807441234588623,"(np.float64(0.12156862745098039), np.float64(0.4666666666666667), np.float64(0.7058823529411765), np.float64(1.0))","T-1
2.98",False
distiluse-base-multilingual-cased-v1,-1,Misinformation & Propaganda,271,,1.1338688,12.658427,2.9807441234588623,"(np.float64(0.12156862745098039), np.float64(0.4666666666666667), np.float64(0.7058823529411765), np.float64(1.0))","T-1
2.98",False
distiluse-base-multilingual-cased-v1,-1,Misinformation & Propaganda,272,,-0.38919342,18.14317,2.9807441234588623,"(np.float64(0.12156862745098039), np.float64(0.4666666666666667), np.float64(0.7058823529411765), np.float64(1.0))","T-1
2.98",False
distiluse-base-multilingual-cased-v1,-1,Misinformation & Propaganda,274,,1.6253914,14.453456,2.9807441234588623,"(np.float64(0.12156862745098039), np.float64(0.4666666666666667), np.float64(0.7058823529411765), np.float64(1.0))","T-1
2.98",False
distiluse-base-multilingual-cased-v1,-1,Misinformation & Propaganda,279,,2.662434,17.282026,2.9807441234588623,"(np.float64(0.12156862745098039), np.float64(0.4666666666666667), np.float64(0.7058823529411765), np.float64(1.0))","T-1
2.98",False
distiluse-base-multilingual-cased-v1,-1,Misinformation & Propaganda,280,,1.706857,17.842379,2.9807441234588623,"(np.float64(0.12156862745098039), np.float64(0.4666666666666667), np.float64(0.7058823529411765), np.float64(1.0))","T-1
2.98",False
distiluse-base-multilingual-cased-v1,-1,Misinformation & Propaganda,281,,2.4584556,17.437727,2.9807441234588623,"(np.float64(0.12156862745098039), np.float64(0.4666666666666667), np.float64(0.7058823529411765), np.float64(1.0))","T-1
2.98",False
distiluse-base-multilingual-cased-v1,-1,Misinformation & Propaganda,283,,2.7341638,13.605069,2.9807441234588623,"(np.float64(0.12156862745098039), np.float64(0.4666666666666667), np.float64(0.7058823529411765), np.float64(1.0))","T-1
2.98",False
distiluse-base-multilingual-cased-v1,-1,Misinformation & Propaganda,284,,1.3149995,16.956543,2.9807441234588623,"(np.float64(0.12156862745098039), np.float64(0.4666666666666667), np.float64(0.7058823529411765), np.float64(1.0))","T-1
2.98",False
distiluse-base-multilingual-cased-v1,-1,Misinformation & Propaganda,285,,1.0348606,16.485254,2.9807441234588623,"(np.float64(0.12156862745098039), np.float64(0.4666666666666667), np.float64(0.7058823529411765), np.float64(1.0))","T-1
2.98",False
distiluse-base-multilingual-cased-v1,-1,Misinformation & Propaganda,287,,3.7211869,15.76114,2.9807441234588623,"(np.float64(0.12156862745098039), np.float64(0.4666666666666667), np.float64(0.7058823529411765), np.float64(1.0))","T-1
2.98",False
distiluse-base-multilingual-cased-v1,-1,Misinformation & Propaganda,288,,2.5750337,17.044518,2.9807441234588623,"(np.float64(0.12156862745098039), np.float64(0.4666666666666667), np.float64(0.7058823529411765), np.float64(1.0))","T-1
2.98",False
distiluse-base-multilingual-cased-v1,-1,Misinformation & Propaganda,290,,-1.0237691,16.2818,2.9807441234588623,"(np.float64(0.12156862745098039), np.float64(0.4666666666666667), np.float64(0.7058823529411765), np.float64(1.0))","T-1
2.98",False
distiluse-base-multilingual-cased-v1,-1,Misinformation & Propaganda,293,,1.1157696,17.855135,2.9807441234588623,"(np.float64(0.12156862745098039), np.float64(0.4666666666666667), np.float64(0.7058823529411765), np.float64(1.0))","T-1
2.98",False
distiluse-base-multilingual-cased-v1,-1,Misinformation & Propaganda,298,,1.6511122,14.94919,2.9807441234588623,"(np.float64(0.12156862745098039), np.float64(0.4666666666666667), np.float64(0.7058823529411765), np.float64(1.0))","T-1
2.98",False
distiluse-base-multilingual-cased-v1,-1,Misinformation & Propaganda,299,,0.3023372,18.287622,2.9807441234588623,"(np.float64(0.12156862745098039), np.float64(0.4666666666666667), np.float64(0.7058823529411765), np.float64(1.0))","T-1
2.98",False
distiluse-base-multilingual-cased-v1,-1,Misinformation & Propaganda,301,,3.3136902,16.510834,2.9807441234588623,"(np.float64(0.12156862745098039), np.float64(0.4666666666666667), np.float64(0.7058823529411765), np.float64(1.0))","T-1
2.98",False
distiluse-base-multilingual-cased-v1,-1,Misinformation & Propaganda,302,,-0.45163104,16.620295,2.9807441234588623,"(np.float64(0.12156862745098039), np.float64(0.4666666666666667), np.float64(0.7058823529411765), np.float64(1.0))","T-1
2.98",False
distiluse-base-multilingual-cased-v1,-1,Misinformation & Propaganda,304,,1.285531,17.446426,2.9807441234588623,"(np.float64(0.12156862745098039), np.float64(0.4666666666666667), np.float64(0.7058823529411765), np.float64(1.0))","T-1
2.98",False
distiluse-base-multilingual-cased-v1,-1,Misinformation & Propaganda,307,,1.6328154,18.001837,2.9807441234588623,"(np.float64(0.12156862745098039), np.float64(0.4666666666666667), np.float64(0.7058823529411765), np.float64(1.0))","T-1
2.98",False
distiluse-base-multilingual-cased-v1,-1,Misinformation & Propaganda,309,,0.9731684,17.573742,2.9807441234588623,"(np.float64(0.12156862745098039), np.float64(0.4666666666666667), np.float64(0.7058823529411765), np.float64(1.0))","T-1
2.98",False
distiluse-base-multilingual-cased-v1,-1,Misinformation & Propaganda,316,,-0.6734269,17.085176,2.9807441234588623,"(np.float64(0.12156862745098039), np.float64(0.4666666666666667), np.float64(0.7058823529411765), np.float64(1.0))","T-1
2.98",False
distiluse-base-multilingual-cased-v1,-1,Misinformation & Propaganda,318,,-0.6410757,17.62085,2.9807441234588623,"(np.float64(0.12156862745098039), np.float64(0.4666666666666667), np.float64(0.7058823529411765), np.float64(1.0))","T-1
2.98",False
distiluse-base-multilingual-cased-v1,-1,Misinformation & Propaganda,321,,-0.044895235,17.136217,2.9807441234588623,"(np.float64(0.12156862745098039), np.float64(0.4666666666666667), np.float64(0.7058823529411765), np.float64(1.0))","T-1
2.98",False
distiluse-base-multilingual-cased-v1,-1,Misinformation & Propaganda,322,,1.2974501,17.804146,2.9807441234588623,"(np.float64(0.12156862745098039), np.float64(0.4666666666666667), np.float64(0.7058823529411765), np.float64(1.0))","T-1
2.98",False
distiluse-base-multilingual-cased-v1,-1,Misinformation & Propaganda,323,,-0.12452745,17.577164,2.9807441234588623,"(np.float64(0.12156862745098039), np.float64(0.4666666666666667), np.float64(0.7058823529411765), np.float64(1.0))","T-1
2.98",False
distiluse-base-multilingual-cased-v1,-1,Misinformation & Propaganda,325,,2.7473989,17.057554,2.9807441234588623,"(np.float64(0.12156862745098039), np.float64(0.4666666666666667), np.float64(0.7058823529411765), np.float64(1.0))","T-1
2.98",False
distiluse-base-multilingual-cased-v1,-1,Misinformation & Propaganda,330,,-0.1880301,16.894136,2.9807441234588623,"(np.float64(0.12156862745098039), np.float64(0.4666666666666667), np.float64(0.7058823529411765), np.float64(1.0))","T-1
2.98",False
distiluse-base-multilingual-cased-v1,-1,Misinformation & Propaganda,337,,-0.741525,17.33881,2.9807441234588623,"(np.float64(0.12156862745098039), np.float64(0.4666666666666667), np.float64(0.7058823529411765), np.float64(1.0))","T-1
2.98",False
distiluse-base-multilingual-cased-v1,-1,Misinformation & Propaganda,342,,-0.4878382,16.60702,2.9807441234588623,"(np.float64(0.12156862745098039), np.float64(0.4666666666666667), np.float64(0.7058823529411765), np.float64(1.0))","T-1
2.98",False
distiluse-base-multilingual-cased-v1,-1,Misinformation & Propaganda,346,,0.5868467,15.956247,2.9807441234588623,"(np.float64(0.12156862745098039), np.float64(0.4666666666666667), np.float64(0.7058823529411765), np.float64(1.0))","T-1
2.98",False
distiluse-base-multilingual-cased-v1,-1,Misinformation & Propaganda,348,,-0.3322449,15.850339,2.9807441234588623,"(np.float64(0.12156862745098039), np.float64(0.4666666666666667), np.float64(0.7058823529411765), np.float64(1.0))","T-1
2.98",False
distiluse-base-multilingual-cased-v1,-1,Misinformation & Propaganda,350,,-0.6062275,15.577042,2.9807441234588623,"(np.float64(0.12156862745098039), np.float64(0.4666666666666667), np.float64(0.7058823529411765), np.float64(1.0))","T-1
2.98",False
distiluse-base-multilingual-cased-v1,-1,Misinformation & Propaganda,354,,2.1796687,18.103264,2.9807441234588623,"(np.float64(0.12156862745098039), np.float64(0.4666666666666667), np.float64(0.7058823529411765), np.float64(1.0))","T-1
2.98",False
distiluse-base-multilingual-cased-v1,-1,Misinformation & Propaganda,355,,0.3497069,16.61904,2.9807441234588623,"(np.float64(0.12156862745098039), np.float64(0.4666666666666667), np.float64(0.7058823529411765), np.float64(1.0))","T-1
2.98",False
distiluse-base-multilingual-cased-v1,-1,Misinformation & Propaganda,356,,-0.43463403,17.377512,2.9807441234588623,"(np.float64(0.12156862745098039), np.float64(0.4666666666666667), np.float64(0.7058823529411765), np.float64(1.0))","T-1
2.98",False
distiluse-base-multilingual-cased-v1,-1,Misinformation & Propaganda,361,,0.5725832,17.409843,2.9807441234588623,"(np.float64(0.12156862745098039), np.float64(0.4666666666666667), np.float64(0.7058823529411765), np.float64(1.0))","T-1
2.98",False
distiluse-base-multilingual-cased-v1,-1,Misinformation & Propaganda,366,,-0.88474405,17.324015,2.9807441234588623,"(np.float64(0.12156862745098039), np.float64(0.4666666666666667), np.float64(0.7058823529411765), np.float64(1.0))","T-1
2.98",False
distiluse-base-multilingual-cased-v1,-1,Misinformation & Propaganda,368,,0.09420165,18.187965,2.9807441234588623,"(np.float64(0.12156862745098039), np.float64(0.4666666666666667), np.float64(0.7058823529411765), np.float64(1.0))","T-1
2.98",False
distiluse-base-multilingual-cased-v1,-1,Misinformation & Propaganda,369,,1.8706975,17.321728,2.9807441234588623,"(np.float64(0.12156862745098039), np.float64(0.4666666666666667), np.float64(0.7058823529411765), np.float64(1.0))","T-1
2.98",False
distiluse-base-multilingual-cased-v1,-1,Misinformation & Propaganda,370,,1.7928011,15.505797,2.9807441234588623,"(np.float64(0.12156862745098039), np.float64(0.4666666666666667), np.float64(0.7058823529411765), np.float64(1.0))","T-1
2.98",False
distiluse-base-multilingual-cased-v1,-1,Misinformation & Propaganda,373,,0.54780966,15.716371,2.9807441234588623,"(np.float64(0.12156862745098039), np.float64(0.4666666666666667), np.float64(0.7058823529411765), np.float64(1.0))","T-1
2.98",False
distiluse-base-multilingual-cased-v1,-1,Misinformation & Propaganda,376,,0.5229045,15.196413,2.9807441234588623,"(np.float64(0.12156862745098039), np.float64(0.4666666666666667), np.float64(0.7058823529411765), np.float64(1.0))","T-1
2.98",False
distiluse-base-multilingual-cased-v1,-1,Misinformation & Propaganda,379,,0.21159692,18.015738,2.9807441234588623,"(np.float64(0.12156862745098039), np.float64(0.4666666666666667), np.float64(0.7058823529411765), np.float64(1.0))","T-1
2.98",False
distiluse-base-multilingual-cased-v1,-1,Misinformation & Propaganda,380,,-1.4199079,11.251905,2.9807441234588623,"(np.float64(0.12156862745098039), np.float64(0.4666666666666667), np.float64(0.7058823529411765), np.float64(1.0))","T-1
2.98",False
distiluse-base-multilingual-cased-v1,-1,Misinformation & Propaganda,383,,4.186207,15.512877,2.9807441234588623,"(np.float64(0.12156862745098039), np.float64(0.4666666666666667), np.float64(0.7058823529411765), np.float64(1.0))","T-1
2.98",False
distiluse-base-multilingual-cased-v1,-1,Misinformation & Propaganda,386,,-1.4767684,11.258794,2.9807441234588623,"(np.float64(0.12156862745098039), np.float64(0.4666666666666667), np.float64(0.7058823529411765), np.float64(1.0))","T-1
2.98",False
distiluse-base-multilingual-cased-v1,-1,Misinformation & Propaganda,388,,-0.3743129,18.101059,2.9807441234588623,"(np.float64(0.12156862745098039), np.float64(0.4666666666666667), np.float64(0.7058823529411765), np.float64(1.0))","T-1
2.98",False
distiluse-base-multilingual-cased-v1,-1,Misinformation & Propaganda,389,,1.7732683,17.81364,2.9807441234588623,"(np.float64(0.12156862745098039), np.float64(0.4666666666666667), np.float64(0.7058823529411765), np.float64(1.0))","T-1
2.98",False
distiluse-base-multilingual-cased-v1,-1,Misinformation & Propaganda,390,,0.8832418,18.06771,2.9807441234588623,"(np.float64(0.12156862745098039), np.float64(0.4666666666666667), np.float64(0.7058823529411765), np.float64(1.0))","T-1
2.98",False
distiluse-base-multilingual-cased-v1,-1,Misinformation & Propaganda,391,,-0.88565814,17.41401,2.9807441234588623,"(np.float64(0.12156862745098039), np.float64(0.4666666666666667), np.float64(0.7058823529411765), np.float64(1.0))","T-1
2.98",False
distiluse-base-multilingual-cased-v1,-1,Misinformation & Propaganda,392,,0.44655764,12.883358,2.9807441234588623,"(np.float64(0.12156862745098039), np.float64(0.4666666666666667), np.float64(0.7058823529411765), np.float64(1.0))","T-1
2.98",False
distiluse-base-multilingual-cased-v1,-1,Misinformation & Propaganda,395,,0.67634296,14.731464,2.9807441234588623,"(np.float64(0.12156862745098039), np.float64(0.4666666666666667), np.float64(0.7058823529411765), np.float64(1.0))","T-1
2.98",False
distiluse-base-multilingual-cased-v1,-1,Misinformation & Propaganda,397,,1.1383182,13.274008,2.9807441234588623,"(np.float64(0.12156862745098039), np.float64(0.4666666666666667), np.float64(0.7058823529411765), np.float64(1.0))","T-1
2.98",False
distiluse-base-multilingual-cased-v1,-1,Misinformation & Propaganda,398,,1.5886618,12.184034,2.9807441234588623,"(np.float64(0.12156862745098039), np.float64(0.4666666666666667), np.float64(0.7058823529411765), np.float64(1.0))","T-1
2.98",False
distiluse-base-multilingual-cased-v1,-1,Misinformation & Propaganda,400,,1.7701946,15.234479,2.9807441234588623,"(np.float64(0.12156862745098039), np.float64(0.4666666666666667), np.float64(0.7058823529411765), np.float64(1.0))","T-1
2.98",False
distiluse-base-multilingual-cased-v1,-1,Misinformation & Propaganda,407,,1.8331404,15.418433,2.9807441234588623,"(np.float64(0.12156862745098039), np.float64(0.4666666666666667), np.float64(0.7058823529411765), np.float64(1.0))","T-1
2.98",False
distiluse-base-multilingual-cased-v1,-1,Misinformation & Propaganda,411,,2.2889533,16.135952,2.9807441234588623,"(np.float64(0.12156862745098039), np.float64(0.4666666666666667), np.float64(0.7058823529411765), np.float64(1.0))","T-1
2.98",False
distiluse-base-multilingual-cased-v1,-1,Misinformation & Propaganda,416,,2.0695472,17.631338,2.9807441234588623,"(np.float64(0.12156862745098039), np.float64(0.4666666666666667), np.float64(0.7058823529411765), np.float64(1.0))","T-1
2.98",False
distiluse-base-multilingual-cased-v1,-1,Misinformation & Propaganda,417,,0.082677804,16.8403,2.9807441234588623,"(np.float64(0.12156862745098039), np.float64(0.4666666666666667), np.float64(0.7058823529411765), np.float64(1.0))","T-1
2.98",False
distiluse-base-multilingual-cased-v1,-1,Misinformation & Propaganda,424,,0.88689035,17.097168,2.9807441234588623,"(np.float64(0.12156862745098039), np.float64(0.4666666666666667), np.float64(0.7058823529411765), np.float64(1.0))","T-1
2.98",False
distiluse-base-multilingual-cased-v1,-1,Misinformation & Propaganda,425,,-0.6501639,16.300169,2.9807441234588623,"(np.float64(0.12156862745098039), np.float64(0.4666666666666667), np.float64(0.7058823529411765), np.float64(1.0))","T-1
2.98",False
distiluse-base-multilingual-cased-v1,-1,Misinformation & Propaganda,430,,1.603421,14.290119,2.9807441234588623,"(np.float64(0.12156862745098039), np.float64(0.4666666666666667), np.float64(0.7058823529411765), np.float64(1.0))","T-1
2.98",False
distiluse-base-multilingual-cased-v1,-1,Misinformation & Propaganda,434,,1.3103472,13.268232,2.9807441234588623,"(np.float64(0.12156862745098039), np.float64(0.4666666666666667), np.float64(0.7058823529411765), np.float64(1.0))","T-1
2.98",False
distiluse-base-multilingual-cased-v1,-1,Misinformation & Propaganda,435,,3.87897,15.949485,2.9807441234588623,"(np.float64(0.12156862745098039), np.float64(0.4666666666666667), np.float64(0.7058823529411765), np.float64(1.0))","T-1
2.98",False
distiluse-base-multilingual-cased-v1,-1,Misinformation & Propaganda,436,,2.1726627,17.368998,2.9807441234588623,"(np.float64(0.12156862745098039), np.float64(0.4666666666666667), np.float64(0.7058823529411765), np.float64(1.0))","T-1
2.98",False
distiluse-base-multilingual-cased-v1,-1,Misinformation & Propaganda,440,,1.7989159,14.809352,2.9807441234588623,"(np.float64(0.12156862745098039), np.float64(0.4666666666666667), np.float64(0.7058823529411765), np.float64(1.0))","T-1
2.98",False
distiluse-base-multilingual-cased-v1,-1,Misinformation & Propaganda,448,,2.156476,15.001292,2.9807441234588623,"(np.float64(0.12156862745098039), np.float64(0.4666666666666667), np.float64(0.7058823529411765), np.float64(1.0))","T-1
2.98",False
distiluse-base-multilingual-cased-v1,-1,Misinformation & Propaganda,450,,2.9695563,16.239946,2.9807441234588623,"(np.float64(0.12156862745098039), np.float64(0.4666666666666667), np.float64(0.7058823529411765), np.float64(1.0))","T-1
2.98",False
distiluse-base-multilingual-cased-v1,-1,Misinformation & Propaganda,452,,2.4349253,18.159658,2.9807441234588623,"(np.float64(0.12156862745098039), np.float64(0.4666666666666667), np.float64(0.7058823529411765), np.float64(1.0))","T-1
2.98",False
distiluse-base-multilingual-cased-v1,-1,Misinformation & Propaganda,456,,0.7858613,16.564283,2.9807441234588623,"(np.float64(0.12156862745098039), np.float64(0.4666666666666667), np.float64(0.7058823529411765), np.float64(1.0))","T-1
2.98",False
distiluse-base-multilingual-cased-v1,-1,Misinformation & Propaganda,463,,2.1376462,16.57029,2.9807441234588623,"(np.float64(0.12156862745098039), np.float64(0.4666666666666667), np.float64(0.7058823529411765), np.float64(1.0))","T-1
2.98",False
distiluse-base-multilingual-cased-v1,-1,Misinformation & Propaganda,464,,1.6820612,14.939104,2.9807441234588623,"(np.float64(0.12156862745098039), np.float64(0.4666666666666667), np.float64(0.7058823529411765), np.float64(1.0))","T-1
2.98",False
distiluse-base-multilingual-cased-v1,-1,Misinformation & Propaganda,465,,1.5085121,15.625572,2.9807441234588623,"(np.float64(0.12156862745098039), np.float64(0.4666666666666667), np.float64(0.7058823529411765), np.float64(1.0))","T-1
2.98",False
distiluse-base-multilingual-cased-v1,-1,Misinformation & Propaganda,466,,-0.19524927,17.137293,2.9807441234588623,"(np.float64(0.12156862745098039), np.float64(0.4666666666666667), np.float64(0.7058823529411765), np.float64(1.0))","T-1
2.98",False
distiluse-base-multilingual-cased-v1,-1,Misinformation & Propaganda,470,,1.1932607,17.852453,2.9807441234588623,"(np.float64(0.12156862745098039), np.float64(0.4666666666666667), np.float64(0.7058823529411765), np.float64(1.0))","T-1
2.98",False
distiluse-base-multilingual-cased-v1,-1,Misinformation & Propaganda,471,,-0.6218721,17.439102,2.9807441234588623,"(np.float64(0.12156862745098039), np.float64(0.4666666666666667), np.float64(0.7058823529411765), np.float64(1.0))","T-1
2.98",False
distiluse-base-multilingual-cased-v1,-1,Misinformation & Propaganda,473,,-0.853303,17.600113,2.9807441234588623,"(np.float64(0.12156862745098039), np.float64(0.4666666666666667), np.float64(0.7058823529411765), np.float64(1.0))","T-1
2.98",False
distiluse-base-multilingual-cased-v1,-1,Misinformation & Propaganda,474,,-0.38877425,17.449793,2.9807441234588623,"(np.float64(0.12156862745098039), np.float64(0.4666666666666667), np.float64(0.7058823529411765), np.float64(1.0))","T-1
2.98",False
distiluse-base-multilingual-cased-v1,-1,Misinformation & Propaganda,476,,3.446559,17.24545,2.9807441234588623,"(np.float64(0.12156862745098039), np.float64(0.4666666666666667), np.float64(0.7058823529411765), np.float64(1.0))","T-1
2.98",False
distiluse-base-multilingual-cased-v1,-1,Misinformation & Propaganda,479,,-0.5249481,17.157232,2.9807441234588623,"(np.float64(0.12156862745098039), np.float64(0.4666666666666667), np.float64(0.7058823529411765), np.float64(1.0))","T-1
2.98",False
distiluse-base-multilingual-cased-v1,-1,Misinformation & Propaganda,482,,-0.5305223,17.71649,2.9807441234588623,"(np.float64(0.12156862745098039), np.float64(0.4666666666666667), np.float64(0.7058823529411765), np.float64(1.0))","T-1
2.98",False
distiluse-base-multilingual-cased-v1,-1,Misinformation & Propaganda,483,,0.26330137,17.557156,2.9807441234588623,"(np.float64(0.12156862745098039), np.float64(0.4666666666666667), np.float64(0.7058823529411765), np.float64(1.0))","T-1
2.98",False
distiluse-base-multilingual-cased-v1,-1,Misinformation & Propaganda,485,,4.418819,15.863844,2.9807441234588623,"(np.float64(0.12156862745098039), np.float64(0.4666666666666667), np.float64(0.7058823529411765), np.float64(1.0))","T-1
2.98",False
distiluse-base-multilingual-cased-v1,-1,Misinformation & Propaganda,487,,0.77941895,17.632727,2.9807441234588623,"(np.float64(0.12156862745098039), np.float64(0.4666666666666667), np.float64(0.7058823529411765), np.float64(1.0))","T-1
2.98",False
distiluse-base-multilingual-cased-v1,-1,Misinformation & Propaganda,490,,-0.2570729,17.480364,2.9807441234588623,"(np.float64(0.12156862745098039), np.float64(0.4666666666666667), np.float64(0.7058823529411765), np.float64(1.0))","T-1
2.98",False
distiluse-base-multilingual-cased-v1,-1,Misinformation & Propaganda,493,,0.24182563,16.929726,2.9807441234588623,"(np.float64(0.12156862745098039), np.float64(0.4666666666666667), np.float64(0.7058823529411765), np.float64(1.0))","T-1
2.98",False
distiluse-base-multilingual-cased-v1,-1,Misinformation & Propaganda,495,,1.0100605,17.057985,2.9807441234588623,"(np.float64(0.12156862745098039), np.float64(0.4666666666666667), np.float64(0.7058823529411765), np.float64(1.0))","T-1
2.98",False
distiluse-base-multilingual-cased-v1,-1,Misinformation & Propaganda,500,,0.803782,18.314268,2.9807441234588623,"(np.float64(0.12156862745098039), np.float64(0.4666666666666667), np.float64(0.7058823529411765), np.float64(1.0))","T-1
2.98",False
distiluse-base-multilingual-cased-v1,-1,Misinformation & Propaganda,501,,-0.26611474,17.48139,2.9807441234588623,"(np.float64(0.12156862745098039), np.float64(0.4666666666666667), np.float64(0.7058823529411765), np.float64(1.0))","T-1
2.98",False
distiluse-base-multilingual-cased-v1,-1,Misinformation & Propaganda,505,,2.6344013,15.852982,2.9807441234588623,"(np.float64(0.12156862745098039), np.float64(0.4666666666666667), np.float64(0.7058823529411765), np.float64(1.0))","T-1
2.98",False
distiluse-base-multilingual-cased-v1,-1,Misinformation & Propaganda,507,,2.0050557,16.65369,2.9807441234588623,"(np.float64(0.12156862745098039), np.float64(0.4666666666666667), np.float64(0.7058823529411765), np.float64(1.0))","T-1
2.98",False
distiluse-base-multilingual-cased-v1,-1,Misinformation & Propaganda,508,,-0.5670215,17.225044,2.9807441234588623,"(np.float64(0.12156862745098039), np.float64(0.4666666666666667), np.float64(0.7058823529411765), np.float64(1.0))","T-1
2.98",False
distiluse-base-multilingual-cased-v1,-1,Misinformation & Propaganda,511,,2.1832151,17.775663,2.9807441234588623,"(np.float64(0.12156862745098039), np.float64(0.4666666666666667), np.float64(0.7058823529411765), np.float64(1.0))","T-1
2.98",False
distiluse-base-multilingual-cased-v1,-1,Misinformation & Propaganda,513,,0.97458005,16.502682,2.9807441234588623,"(np.float64(0.12156862745098039), np.float64(0.4666666666666667), np.float64(0.7058823529411765), np.float64(1.0))","T-1
2.98",False
distiluse-base-multilingual-cased-v1,-1,Misinformation & Propaganda,514,,2.986475,17.955559,2.9807441234588623,"(np.float64(0.12156862745098039), np.float64(0.4666666666666667), np.float64(0.7058823529411765), np.float64(1.0))","T-1
2.98",False
distiluse-base-multilingual-cased-v1,-1,Misinformation & Propaganda,515,,1.535207,15.353487,2.9807441234588623,"(np.float64(0.12156862745098039), np.float64(0.4666666666666667), np.float64(0.7058823529411765), np.float64(1.0))","T-1
2.98",False
distiluse-base-multilingual-cased-v1,-1,Misinformation & Propaganda,516,,3.4383836,17.270216,2.9807441234588623,"(np.float64(0.12156862745098039), np.float64(0.4666666666666667), np.float64(0.7058823529411765), np.float64(1.0))","T-1
2.98",False
distiluse-base-multilingual-cased-v1,-1,Misinformation & Propaganda,528,,0.28336653,12.564571,2.9807441234588623,"(np.float64(0.12156862745098039), np.float64(0.4666666666666667), np.float64(0.7058823529411765), np.float64(1.0))","T-1
2.98",False
distiluse-base-multilingual-cased-v1,-1,Misinformation & Propaganda,534,,-0.8342422,16.536057,2.9807441234588623,"(np.float64(0.12156862745098039), np.float64(0.4666666666666667), np.float64(0.7058823529411765), np.float64(1.0))","T-1
2.98",False
distiluse-base-multilingual-cased-v1,-1,Misinformation & Propaganda,535,,-1.2981945,11.589155,2.9807441234588623,"(np.float64(0.12156862745098039), np.float64(0.4666666666666667), np.float64(0.7058823529411765), np.float64(1.0))","T-1
2.98",False
distiluse-base-multilingual-cased-v1,-1,Misinformation & Propaganda,537,,0.95350283,13.312855,2.9807441234588623,"(np.float64(0.12156862745098039), np.float64(0.4666666666666667), np.float64(0.7058823529411765), np.float64(1.0))","T-1
2.98",False
distiluse-base-multilingual-cased-v1,-1,Misinformation & Propaganda,538,,-1.449748,11.221768,2.9807441234588623,"(np.float64(0.12156862745098039), np.float64(0.4666666666666667), np.float64(0.7058823529411765), np.float64(1.0))","T-1
2.98",False
distiluse-base-multilingual-cased-v1,-1,Misinformation & Propaganda,545,,2.4873617,16.72531,2.9807441234588623,"(np.float64(0.12156862745098039), np.float64(0.4666666666666667), np.float64(0.7058823529411765), np.float64(1.0))","T-1
2.98",False
distiluse-base-multilingual-cased-v1,-1,Misinformation & Propaganda,546,,0.5131722,12.197706,2.9807441234588623,"(np.float64(0.12156862745098039), np.float64(0.4666666666666667), np.float64(0.7058823529411765), np.float64(1.0))","T-1
2.98",False
distiluse-base-multilingual-cased-v1,-1,Misinformation & Propaganda,547,,-0.6768376,16.909107,2.9807441234588623,"(np.float64(0.12156862745098039), np.float64(0.4666666666666667), np.float64(0.7058823529411765), np.float64(1.0))","T-1
2.98",False
distiluse-base-multilingual-cased-v1,-1,Misinformation & Propaganda,548,,-0.51315355,16.831526,2.9807441234588623,"(np.float64(0.12156862745098039), np.float64(0.4666666666666667), np.float64(0.7058823529411765), np.float64(1.0))","T-1
2.98",False
distiluse-base-multilingual-cased-v1,-1,Misinformation & Propaganda,550,,1.5359968,17.84245,2.9807441234588623,"(np.float64(0.12156862745098039), np.float64(0.4666666666666667), np.float64(0.7058823529411765), np.float64(1.0))","T-1
2.98",False
distiluse-base-multilingual-cased-v1,-1,Misinformation & Propaganda,554,,1.3164406,13.532278,2.9807441234588623,"(np.float64(0.12156862745098039), np.float64(0.4666666666666667), np.float64(0.7058823529411765), np.float64(1.0))","T-1
2.98",False
distiluse-base-multilingual-cased-v1,-1,Misinformation & Propaganda,563,,1.7481699,12.29036,2.9807441234588623,"(np.float64(0.12156862745098039), np.float64(0.4666666666666667), np.float64(0.7058823529411765), np.float64(1.0))","T-1
2.98",False
distiluse-base-multilingual-cased-v1,-1,Misinformation & Propaganda,565,,1.1528524,11.769814,2.9807441234588623,"(np.float64(0.12156862745098039), np.float64(0.4666666666666667), np.float64(0.7058823529411765), np.float64(1.0))","T-1
2.98",False
distiluse-base-multilingual-cased-v1,-1,Misinformation & Propaganda,569,,-0.17672203,17.693132,2.9807441234588623,"(np.float64(0.12156862745098039), np.float64(0.4666666666666667), np.float64(0.7058823529411765), np.float64(1.0))","T-1
2.98",False
distiluse-base-multilingual-cased-v1,-1,Misinformation & Propaganda,570,,-0.60791713,17.942953,2.9807441234588623,"(np.float64(0.12156862745098039), np.float64(0.4666666666666667), np.float64(0.7058823529411765), np.float64(1.0))","T-1
2.98",False
distiluse-base-multilingual-cased-v1,-1,Misinformation & Propaganda,571,,1.4566364,17.534315,2.9807441234588623,"(np.float64(0.12156862745098039), np.float64(0.4666666666666667), np.float64(0.7058823529411765), np.float64(1.0))","T-1
2.98",False
distiluse-base-multilingual-cased-v1,-1,Misinformation & Propaganda,572,,0.20909677,17.204576,2.9807441234588623,"(np.float64(0.12156862745098039), np.float64(0.4666666666666667), np.float64(0.7058823529411765), np.float64(1.0))","T-1
2.98",False
distiluse-base-multilingual-cased-v1,-1,Misinformation & Propaganda,575,,2.7698607,17.331015,2.9807441234588623,"(np.float64(0.12156862745098039), np.float64(0.4666666666666667), np.float64(0.7058823529411765), np.float64(1.0))","T-1
2.98",False
distiluse-base-multilingual-cased-v1,-1,Misinformation & Propaganda,576,,1.5333468,11.585626,2.9807441234588623,"(np.float64(0.12156862745098039), np.float64(0.4666666666666667), np.float64(0.7058823529411765), np.float64(1.0))","T-1
2.98",False
distiluse-base-multilingual-cased-v1,-1,Misinformation & Propaganda,585,,2.7467554,17.095442,2.9807441234588623,"(np.float64(0.12156862745098039), np.float64(0.4666666666666667), np.float64(0.7058823529411765), np.float64(1.0))","T-1
2.98",False
distiluse-base-multilingual-cased-v1,-1,Misinformation & Propaganda,586,,2.6588192,14.513902,2.9807441234588623,"(np.float64(0.12156862745098039), np.float64(0.4666666666666667), np.float64(0.7058823529411765), np.float64(1.0))","T-1
2.98",False
distiluse-base-multilingual-cased-v1,-1,Misinformation & Propaganda,587,,1.4469665,12.072281,2.9807441234588623,"(np.float64(0.12156862745098039), np.float64(0.4666666666666667), np.float64(0.7058823529411765), np.float64(1.0))","T-1
2.98",False
distiluse-base-multilingual-cased-v1,-1,Misinformation & Propaganda,591,,1.8723477,15.0512495,2.9807441234588623,"(np.float64(0.12156862745098039), np.float64(0.4666666666666667), np.float64(0.7058823529411765), np.float64(1.0))","T-1
2.98",False
distiluse-base-multilingual-cased-v1,-1,Misinformation & Propaganda,592,,1.8481175,17.225346,2.9807441234588623,"(np.float64(0.12156862745098039), np.float64(0.4666666666666667), np.float64(0.7058823529411765), np.float64(1.0))","T-1
2.98",False
distiluse-base-multilingual-cased-v1,-1,Misinformation & Propaganda,593,,1.7438127,14.910261,2.9807441234588623,"(np.float64(0.12156862745098039), np.float64(0.4666666666666667), np.float64(0.7058823529411765), np.float64(1.0))","T-1
2.98",False
distiluse-base-multilingual-cased-v1,-1,Misinformation & Propaganda,595,,-0.33064985,17.176702,2.9807441234588623,"(np.float64(0.12156862745098039), np.float64(0.4666666666666667), np.float64(0.7058823529411765), np.float64(1.0))","T-1
2.98",False
distiluse-base-multilingual-cased-v1,-1,Misinformation & Propaganda,597,,1.713177,16.701458,2.9807441234588623,"(np.float64(0.12156862745098039), np.float64(0.4666666666666667), np.float64(0.7058823529411765), np.float64(1.0))","T-1
2.98",False
distiluse-base-multilingual-cased-v1,-1,Misinformation & Propaganda,599,,-0.7205103,16.427788,2.9807441234588623,"(np.float64(0.12156862745098039), np.float64(0.4666666666666667), np.float64(0.7058823529411765), np.float64(1.0))","T-1
2.98",False
distiluse-base-multilingual-cased-v1,-1,Misinformation & Propaganda,602,,1.503482,17.46312,2.9807441234588623,"(np.float64(0.12156862745098039), np.float64(0.4666666666666667), np.float64(0.7058823529411765), np.float64(1.0))","T-1
2.98",False
distiluse-base-multilingual-cased-v1,-1,Misinformation & Propaganda,603,,2.6483781,17.788473,2.9807441234588623,"(np.float64(0.12156862745098039), np.float64(0.4666666666666667), np.float64(0.7058823529411765), np.float64(1.0))","T-1
2.98",False
distiluse-base-multilingual-cased-v1,-1,Misinformation & Propaganda,605,,-0.6302927,17.677528,2.9807441234588623,"(np.float64(0.12156862745098039), np.float64(0.4666666666666667), np.float64(0.7058823529411765), np.float64(1.0))","T-1
2.98",False
distiluse-base-multilingual-cased-v1,-1,Misinformation & Propaganda,606,,2.9524126,17.615025,2.9807441234588623,"(np.float64(0.12156862745098039), np.float64(0.4666666666666667), np.float64(0.7058823529411765), np.float64(1.0))","T-1
2.98",False
distiluse-base-multilingual-cased-v1,-1,Misinformation & Propaganda,608,,2.0784132,18.03986,2.9807441234588623,"(np.float64(0.12156862745098039), np.float64(0.4666666666666667), np.float64(0.7058823529411765), np.float64(1.0))","T-1
2.98",False
distiluse-base-multilingual-cased-v1,-1,Misinformation & Propaganda,610,,2.1166518,16.034708,2.9807441234588623,"(np.float64(0.12156862745098039), np.float64(0.4666666666666667), np.float64(0.7058823529411765), np.float64(1.0))","T-1
2.98",False
distiluse-base-multilingual-cased-v1,-1,Misinformation & Propaganda,612,,1.5099683,18.364086,2.9807441234588623,"(np.float64(0.12156862745098039), np.float64(0.4666666666666667), np.float64(0.7058823529411765), np.float64(1.0))","T-1
2.98",False
distiluse-base-multilingual-cased-v1,-1,Misinformation & Propaganda,613,,-1.0276114,17.194212,2.9807441234588623,"(np.float64(0.12156862745098039), np.float64(0.4666666666666667), np.float64(0.7058823529411765), np.float64(1.0))","T-1
2.98",False
distiluse-base-multilingual-cased-v1,-1,Misinformation & Propaganda,618,,-0.51079524,15.196408,2.9807441234588623,"(np.float64(0.12156862745098039), np.float64(0.4666666666666667), np.float64(0.7058823529411765), np.float64(1.0))","T-1
2.98",False
distiluse-base-multilingual-cased-v1,-1,Misinformation & Propaganda,621,,1.6355894,17.892225,2.9807441234588623,"(np.float64(0.12156862745098039), np.float64(0.4666666666666667), np.float64(0.7058823529411765), np.float64(1.0))","T-1
2.98",False
distiluse-base-multilingual-cased-v1,-1,Misinformation & Propaganda,627,,2.6961982,17.182663,2.9807441234588623,"(np.float64(0.12156862745098039), np.float64(0.4666666666666667), np.float64(0.7058823529411765), np.float64(1.0))","T-1
2.98",False
distiluse-base-multilingual-cased-v1,-1,Misinformation & Propaganda,631,,4.107487,15.519805,2.9807441234588623,"(np.float64(0.12156862745098039), np.float64(0.4666666666666667), np.float64(0.7058823529411765), np.float64(1.0))","T-1
2.98",False
distiluse-base-multilingual-cased-v1,-1,Misinformation & Propaganda,632,,-0.6430017,16.987093,2.9807441234588623,"(np.float64(0.12156862745098039), np.float64(0.4666666666666667), np.float64(0.7058823529411765), np.float64(1.0))","T-1
2.98",False
distiluse-base-multilingual-cased-v1,-1,Misinformation & Propaganda,634,,-0.1746097,17.048153,2.9807441234588623,"(np.float64(0.12156862745098039), np.float64(0.4666666666666667), np.float64(0.7058823529411765), np.float64(1.0))","T-1
2.98",False
distiluse-base-multilingual-cased-v1,-1,Misinformation & Propaganda,636,,0.40594217,17.471123,2.9807441234588623,"(np.float64(0.12156862745098039), np.float64(0.4666666666666667), np.float64(0.7058823529411765), np.float64(1.0))","T-1
2.98",False
distiluse-base-multilingual-cased-v1,-1,Misinformation & Propaganda,638,,4.050085,16.01161,2.9807441234588623,"(np.float64(0.12156862745098039), np.float64(0.4666666666666667), np.float64(0.7058823529411765), np.float64(1.0))","T-1
2.98",False
distiluse-base-multilingual-cased-v1,-1,Misinformation & Propaganda,642,,0.79925966,16.793945,2.9807441234588623,"(np.float64(0.12156862745098039), np.float64(0.4666666666666667), np.float64(0.7058823529411765), np.float64(1.0))","T-1
2.98",False
distiluse-base-multilingual-cased-v1,-1,Misinformation & Propaganda,643,,3.2129781,16.406574,2.9807441234588623,"(np.float64(0.12156862745098039), np.float64(0.4666666666666667), np.float64(0.7058823529411765), np.float64(1.0))","T-1
2.98",False
distiluse-base-multilingual-cased-v1,-1,Misinformation & Propaganda,649,,1.8320026,12.705408,2.9807441234588623,"(np.float64(0.12156862745098039), np.float64(0.4666666666666667), np.float64(0.7058823529411765), np.float64(1.0))","T-1
2.98",False
distiluse-base-multilingual-cased-v1,-1,Misinformation & Propaganda,655,,-1.3988135,11.337597,2.9807441234588623,"(np.float64(0.12156862745098039), np.float64(0.4666666666666667), np.float64(0.7058823529411765), np.float64(1.0))","T-1
2.98",False
distiluse-base-multilingual-cased-v1,-1,Misinformation & Propaganda,656,,-1.3993646,11.398623,2.9807441234588623,"(np.float64(0.12156862745098039), np.float64(0.4666666666666667), np.float64(0.7058823529411765), np.float64(1.0))","T-1
2.98",False
distiluse-base-multilingual-cased-v1,-1,Misinformation & Propaganda,658,,1.2606087,11.568109,2.9807441234588623,"(np.float64(0.12156862745098039), np.float64(0.4666666666666667), np.float64(0.7058823529411765), np.float64(1.0))","T-1
2.98",False
distiluse-base-multilingual-cased-v1,-1,Misinformation & Propaganda,659,,1.381019,12.363208,2.9807441234588623,"(np.float64(0.12156862745098039), np.float64(0.4666666666666667), np.float64(0.7058823529411765), np.float64(1.0))","T-1
2.98",False
distiluse-base-multilingual-cased-v1,-1,Misinformation & Propaganda,662,,2.364234,17.4471,2.9807441234588623,"(np.float64(0.12156862745098039), np.float64(0.4666666666666667), np.float64(0.7058823529411765), np.float64(1.0))","T-1
2.98",False
distiluse-base-multilingual-cased-v1,-1,Misinformation & Propaganda,669,,2.158424,15.030357,2.9807441234588623,"(np.float64(0.12156862745098039), np.float64(0.4666666666666667), np.float64(0.7058823529411765), np.float64(1.0))","T-1
2.98",False
distiluse-base-multilingual-cased-v1,-1,Misinformation & Propaganda,670,,1.6221068,17.04877,2.9807441234588623,"(np.float64(0.12156862745098039), np.float64(0.4666666666666667), np.float64(0.7058823529411765), np.float64(1.0))","T-1
2.98",False
distiluse-base-multilingual-cased-v1,-1,Misinformation & Propaganda,672,,-0.36840904,17.48783,2.9807441234588623,"(np.float64(0.12156862745098039), np.float64(0.4666666666666667), np.float64(0.7058823529411765), np.float64(1.0))","T-1
2.98",False
distiluse-base-multilingual-cased-v1,-1,Misinformation & Propaganda,673,,-0.6824897,17.682852,2.9807441234588623,"(np.float64(0.12156862745098039), np.float64(0.4666666666666667), np.float64(0.7058823529411765), np.float64(1.0))","T-1
2.98",False
distiluse-base-multilingual-cased-v1,-1,Misinformation & Propaganda,675,,0.11675914,16.774395,2.9807441234588623,"(np.float64(0.12156862745098039), np.float64(0.4666666666666667), np.float64(0.7058823529411765), np.float64(1.0))","T-1
2.98",False
distiluse-base-multilingual-cased-v1,-1,Misinformation & Propaganda,679,,0.6868963,17.750135,2.9807441234588623,"(np.float64(0.12156862745098039), np.float64(0.4666666666666667), np.float64(0.7058823529411765), np.float64(1.0))","T-1
2.98",False
distiluse-base-multilingual-cased-v1,-1,Misinformation & Propaganda,685,,1.3540411,13.497372,2.9807441234588623,"(np.float64(0.12156862745098039), np.float64(0.4666666666666667), np.float64(0.7058823529411765), np.float64(1.0))","T-1
2.98",False
distiluse-base-multilingual-cased-v1,-1,Misinformation & Propaganda,687,,-0.6304252,15.25213,2.9807441234588623,"(np.float64(0.12156862745098039), np.float64(0.4666666666666667), np.float64(0.7058823529411765), np.float64(1.0))","T-1
2.98",False
distiluse-base-multilingual-cased-v1,-1,Misinformation & Propaganda,692,,-0.0522233,17.896696,2.9807441234588623,"(np.float64(0.12156862745098039), np.float64(0.4666666666666667), np.float64(0.7058823529411765), np.float64(1.0))","T-1
2.98",False
distiluse-base-multilingual-cased-v1,-1,Misinformation & Propaganda,693,,2.2375355,12.2734785,2.9807441234588623,"(np.float64(0.12156862745098039), np.float64(0.4666666666666667), np.float64(0.7058823529411765), np.float64(1.0))","T-1
2.98",False
distiluse-base-multilingual-cased-v1,-1,Misinformation & Propaganda,696,,0.39514935,16.306015,2.9807441234588623,"(np.float64(0.12156862745098039), np.float64(0.4666666666666667), np.float64(0.7058823529411765), np.float64(1.0))","T-1
2.98",False
distiluse-base-multilingual-cased-v1,-1,Misinformation & Propaganda,700,,-1.5351695,11.206847,2.9807441234588623,"(np.float64(0.12156862745098039), np.float64(0.4666666666666667), np.float64(0.7058823529411765), np.float64(1.0))","T-1
2.98",False
distiluse-base-multilingual-cased-v1,-1,Misinformation & Propaganda,702,,2.4557185,17.16267,2.9807441234588623,"(np.float64(0.12156862745098039), np.float64(0.4666666666666667), np.float64(0.7058823529411765), np.float64(1.0))","T-1
2.98",False
distiluse-base-multilingual-cased-v1,-1,Misinformation & Propaganda,708,,-0.9275337,17.390188,2.9807441234588623,"(np.float64(0.12156862745098039), np.float64(0.4666666666666667), np.float64(0.7058823529411765), np.float64(1.0))","T-1
2.98",False
distiluse-base-multilingual-cased-v1,-1,Misinformation & Propaganda,710,,0.74381304,17.803743,2.9807441234588623,"(np.float64(0.12156862745098039), np.float64(0.4666666666666667), np.float64(0.7058823529411765), np.float64(1.0))","T-1
2.98",False
distiluse-base-multilingual-cased-v1,-1,Misinformation & Propaganda,713,,1.4585383,18.276861,2.9807441234588623,"(np.float64(0.12156862745098039), np.float64(0.4666666666666667), np.float64(0.7058823529411765), np.float64(1.0))","T-1
2.98",False
distiluse-base-multilingual-cased-v1,-1,Misinformation & Propaganda,716,,1.6835045,17.538458,2.9807441234588623,"(np.float64(0.12156862745098039), np.float64(0.4666666666666667), np.float64(0.7058823529411765), np.float64(1.0))","T-1
2.98",False
distiluse-base-multilingual-cased-v1,-1,Misinformation & Propaganda,718,,0.35126293,18.278362,2.9807441234588623,"(np.float64(0.12156862745098039), np.float64(0.4666666666666667), np.float64(0.7058823529411765), np.float64(1.0))","T-1
2.98",False
distiluse-base-multilingual-cased-v1,-1,Misinformation & Propaganda,722,,1.6454904,17.057915,2.9807441234588623,"(np.float64(0.12156862745098039), np.float64(0.4666666666666667), np.float64(0.7058823529411765), np.float64(1.0))","T-1
2.98",False
distiluse-base-multilingual-cased-v1,-1,Misinformation & Propaganda,723,,-0.95612884,17.445465,2.9807441234588623,"(np.float64(0.12156862745098039), np.float64(0.4666666666666667), np.float64(0.7058823529411765), np.float64(1.0))","T-1
2.98",False
distiluse-base-multilingual-cased-v1,-1,Misinformation & Propaganda,726,,3.0670667,17.93755,2.9807441234588623,"(np.float64(0.12156862745098039), np.float64(0.4666666666666667), np.float64(0.7058823529411765), np.float64(1.0))","T-1
2.98",False
distiluse-base-multilingual-cased-v1,-1,Misinformation & Propaganda,727,,3.253069,16.978611,2.9807441234588623,"(np.float64(0.12156862745098039), np.float64(0.4666666666666667), np.float64(0.7058823529411765), np.float64(1.0))","T-1
2.98",False
distiluse-base-multilingual-cased-v1,-1,Misinformation & Propaganda,731,,-0.18030521,16.667671,2.9807441234588623,"(np.float64(0.12156862745098039), np.float64(0.4666666666666667), np.float64(0.7058823529411765), np.float64(1.0))","T-1
2.98",False
distiluse-base-multilingual-cased-v1,-1,Misinformation & Propaganda,734,,-0.60772413,16.210268,2.9807441234588623,"(np.float64(0.12156862745098039), np.float64(0.4666666666666667), np.float64(0.7058823529411765), np.float64(1.0))","T-1
2.98",False
distiluse-base-multilingual-cased-v1,-1,Misinformation & Propaganda,736,,-0.05266305,17.710323,2.9807441234588623,"(np.float64(0.12156862745098039), np.float64(0.4666666666666667), np.float64(0.7058823529411765), np.float64(1.0))","T-1
2.98",False
distiluse-base-multilingual-cased-v1,-1,Misinformation & Propaganda,738,,2.33076,16.146545,2.9807441234588623,"(np.float64(0.12156862745098039), np.float64(0.4666666666666667), np.float64(0.7058823529411765), np.float64(1.0))","T-1
2.98",False
distiluse-base-multilingual-cased-v1,-1,Misinformation & Propaganda,740,,1.4347821,17.816881,2.9807441234588623,"(np.float64(0.12156862745098039), np.float64(0.4666666666666667), np.float64(0.7058823529411765), np.float64(1.0))","T-1
2.98",False
distiluse-base-multilingual-cased-v1,-1,Misinformation & Propaganda,742,,4.000149,14.944592,2.9807441234588623,"(np.float64(0.12156862745098039), np.float64(0.4666666666666667), np.float64(0.7058823529411765), np.float64(1.0))","T-1
2.98",False
distiluse-base-multilingual-cased-v1,-1,Misinformation & Propaganda,745,,1.3244785,11.783788,2.9807441234588623,"(np.float64(0.12156862745098039), np.float64(0.4666666666666667), np.float64(0.7058823529411765), np.float64(1.0))","T-1
2.98",False
distiluse-base-multilingual-cased-v1,-1,Misinformation & Propaganda,749,,1.6225867,14.5146,2.9807441234588623,"(np.float64(0.12156862745098039), np.float64(0.4666666666666667), np.float64(0.7058823529411765), np.float64(1.0))","T-1
2.98",False
distiluse-base-multilingual-cased-v1,-1,Misinformation & Propaganda,753,,1.7413704,13.921991,2.9807441234588623,"(np.float64(0.12156862745098039), np.float64(0.4666666666666667), np.float64(0.7058823529411765), np.float64(1.0))","T-1
2.98",False
distiluse-base-multilingual-cased-v1,-1,Misinformation & Propaganda,754,,1.7050246,13.786187,2.9807441234588623,"(np.float64(0.12156862745098039), np.float64(0.4666666666666667), np.float64(0.7058823529411765), np.float64(1.0))","T-1
2.98",False
distiluse-base-multilingual-cased-v1,-1,Misinformation & Propaganda,759,,1.548779,12.504686,2.9807441234588623,"(np.float64(0.12156862745098039), np.float64(0.4666666666666667), np.float64(0.7058823529411765), np.float64(1.0))","T-1
2.98",False
distiluse-base-multilingual-cased-v1,-1,Misinformation & Propaganda,761,,0.15540047,17.621286,2.9807441234588623,"(np.float64(0.12156862745098039), np.float64(0.4666666666666667), np.float64(0.7058823529411765), np.float64(1.0))","T-1
2.98",False
distiluse-base-multilingual-cased-v1,-1,Misinformation & Propaganda,765,,0.41097665,18.026402,2.9807441234588623,"(np.float64(0.12156862745098039), np.float64(0.4666666666666667), np.float64(0.7058823529411765), np.float64(1.0))","T-1
2.98",False
distiluse-base-multilingual-cased-v1,-1,Misinformation & Propaganda,766,,-0.56161,17.429602,2.9807441234588623,"(np.float64(0.12156862745098039), np.float64(0.4666666666666667), np.float64(0.7058823529411765), np.float64(1.0))","T-1
2.98",False
distiluse-base-multilingual-cased-v1,-1,Misinformation & Propaganda,769,,2.4718044,13.70375,2.9807441234588623,"(np.float64(0.12156862745098039), np.float64(0.4666666666666667), np.float64(0.7058823529411765), np.float64(1.0))","T-1
2.98",False
distiluse-base-multilingual-cased-v1,-1,Misinformation & Propaganda,770,,2.1478407,16.081669,2.9807441234588623,"(np.float64(0.12156862745098039), np.float64(0.4666666666666667), np.float64(0.7058823529411765), np.float64(1.0))","T-1
2.98",False
distiluse-base-multilingual-cased-v1,-1,Misinformation & Propaganda,771,,1.9596237,12.4249,2.9807441234588623,"(np.float64(0.12156862745098039), np.float64(0.4666666666666667), np.float64(0.7058823529411765), np.float64(1.0))","T-1
2.98",False
distiluse-base-multilingual-cased-v1,-1,Misinformation & Propaganda,776,,1.9976592,18.349567,2.9807441234588623,"(np.float64(0.12156862745098039), np.float64(0.4666666666666667), np.float64(0.7058823529411765), np.float64(1.0))","T-1
2.98",False
distiluse-base-multilingual-cased-v1,-1,Misinformation & Propaganda,777,,3.1846573,16.614923,2.9807441234588623,"(np.float64(0.12156862745098039), np.float64(0.4666666666666667), np.float64(0.7058823529411765), np.float64(1.0))","T-1
2.98",False
distiluse-base-multilingual-cased-v1,-1,Misinformation & Propaganda,779,,1.4445739,16.483173,2.9807441234588623,"(np.float64(0.12156862745098039), np.float64(0.4666666666666667), np.float64(0.7058823529411765), np.float64(1.0))","T-1
2.98",False
distiluse-base-multilingual-cased-v1,-1,Misinformation & Propaganda,782,,-0.26693144,18.045935,2.9807441234588623,"(np.float64(0.12156862745098039), np.float64(0.4666666666666667), np.float64(0.7058823529411765), np.float64(1.0))","T-1
2.98",False
distiluse-base-multilingual-cased-v1,-1,Misinformation & Propaganda,784,,2.7813547,18.021294,2.9807441234588623,"(np.float64(0.12156862745098039), np.float64(0.4666666666666667), np.float64(0.7058823529411765), np.float64(1.0))","T-1
2.98",False
distiluse-base-multilingual-cased-v1,-1,Misinformation & Propaganda,786,,3.2528985,17.156834,2.9807441234588623,"(np.float64(0.12156862745098039), np.float64(0.4666666666666667), np.float64(0.7058823529411765), np.float64(1.0))","T-1
2.98",False
distiluse-base-multilingual-cased-v1,-1,Misinformation & Propaganda,791,,1.2925037,17.396759,2.9807441234588623,"(np.float64(0.12156862745098039), np.float64(0.4666666666666667), np.float64(0.7058823529411765), np.float64(1.0))","T-1
2.98",False
distiluse-base-multilingual-cased-v1,-1,Misinformation & Propaganda,793,,3.0082395,17.35389,2.9807441234588623,"(np.float64(0.12156862745098039), np.float64(0.4666666666666667), np.float64(0.7058823529411765), np.float64(1.0))","T-1
2.98",False
distiluse-base-multilingual-cased-v1,-1,Misinformation & Propaganda,805,,2.871115,13.865752,2.9807441234588623,"(np.float64(0.12156862745098039), np.float64(0.4666666666666667), np.float64(0.7058823529411765), np.float64(1.0))","T-1
2.98",False
distiluse-base-multilingual-cased-v1,-1,Misinformation & Propaganda,807,,-1.4660479,11.199115,2.9807441234588623,"(np.float64(0.12156862745098039), np.float64(0.4666666666666667), np.float64(0.7058823529411765), np.float64(1.0))","T-1
2.98",False
distiluse-base-multilingual-cased-v1,-1,Misinformation & Propaganda,810,,1.5939003,12.933589,2.9807441234588623,"(np.float64(0.12156862745098039), np.float64(0.4666666666666667), np.float64(0.7058823529411765), np.float64(1.0))","T-1
2.98",False
distiluse-base-multilingual-cased-v1,-1,Misinformation & Propaganda,811,,0.16049871,16.9918,2.9807441234588623,"(np.float64(0.12156862745098039), np.float64(0.4666666666666667), np.float64(0.7058823529411765), np.float64(1.0))","T-1
2.98",False
distiluse-base-multilingual-cased-v1,-1,Misinformation & Propaganda,817,,2.5885072,14.419618,2.9807441234588623,"(np.float64(0.12156862745098039), np.float64(0.4666666666666667), np.float64(0.7058823529411765), np.float64(1.0))","T-1
2.98",False
distiluse-base-multilingual-cased-v1,-1,Misinformation & Propaganda,820,,-0.56363016,15.229834,2.9807441234588623,"(np.float64(0.12156862745098039), np.float64(0.4666666666666667), np.float64(0.7058823529411765), np.float64(1.0))","T-1
2.98",False
distiluse-base-multilingual-cased-v1,-1,Misinformation & Propaganda,823,,2.9689732,15.195301,2.9807441234588623,"(np.float64(0.12156862745098039), np.float64(0.4666666666666667), np.float64(0.7058823529411765), np.float64(1.0))","T-1
2.98",False
distiluse-base-multilingual-cased-v1,-1,Misinformation & Propaganda,825,,2.4055324,14.498152,2.9807441234588623,"(np.float64(0.12156862745098039), np.float64(0.4666666666666667), np.float64(0.7058823529411765), np.float64(1.0))","T-1
2.98",False
distiluse-base-multilingual-cased-v1,-1,Misinformation & Propaganda,826,,1.3630921,12.634646,2.9807441234588623,"(np.float64(0.12156862745098039), np.float64(0.4666666666666667), np.float64(0.7058823529411765), np.float64(1.0))","T-1
2.98",False
distiluse-base-multilingual-cased-v1,-1,Misinformation & Propaganda,827,,2.5852451,13.346584,2.9807441234588623,"(np.float64(0.12156862745098039), np.float64(0.4666666666666667), np.float64(0.7058823529411765), np.float64(1.0))","T-1
2.98",False
distiluse-base-multilingual-cased-v1,-1,Misinformation & Propaganda,829,,1.9873897,15.294954,2.9807441234588623,"(np.float64(0.12156862745098039), np.float64(0.4666666666666667), np.float64(0.7058823529411765), np.float64(1.0))","T-1
2.98",False
distiluse-base-multilingual-cased-v1,-1,Misinformation & Propaganda,832,,0.63996553,17.16469,2.9807441234588623,"(np.float64(0.12156862745098039), np.float64(0.4666666666666667), np.float64(0.7058823529411765), np.float64(1.0))","T-1
2.98",False
distiluse-base-multilingual-cased-v1,-1,Misinformation & Propaganda,833,,1.7971708,17.0792,2.9807441234588623,"(np.float64(0.12156862745098039), np.float64(0.4666666666666667), np.float64(0.7058823529411765), np.float64(1.0))","T-1
2.98",False
distiluse-base-multilingual-cased-v1,-1,Misinformation & Propaganda,835,,2.918941,17.798948,2.9807441234588623,"(np.float64(0.12156862745098039), np.float64(0.4666666666666667), np.float64(0.7058823529411765), np.float64(1.0))","T-1
2.98",False
distiluse-base-multilingual-cased-v1,-1,Misinformation & Propaganda,837,,2.268421,16.534155,2.9807441234588623,"(np.float64(0.12156862745098039), np.float64(0.4666666666666667), np.float64(0.7058823529411765), np.float64(1.0))","T-1
2.98",False
distiluse-base-multilingual-cased-v1,-1,Misinformation & Propaganda,838,,3.2564743,17.674095,2.9807441234588623,"(np.float64(0.12156862745098039), np.float64(0.4666666666666667), np.float64(0.7058823529411765), np.float64(1.0))","T-1
2.98",False
distiluse-base-multilingual-cased-v1,-1,Misinformation & Propaganda,839,,-1.4788108,11.14535,2.9807441234588623,"(np.float64(0.12156862745098039), np.float64(0.4666666666666667), np.float64(0.7058823529411765), np.float64(1.0))","T-1
2.98",False
distiluse-base-multilingual-cased-v1,-1,Misinformation & Propaganda,840,,2.269349,14.481108,2.9807441234588623,"(np.float64(0.12156862745098039), np.float64(0.4666666666666667), np.float64(0.7058823529411765), np.float64(1.0))","T-1
2.98",False
distiluse-base-multilingual-cased-v1,-1,Misinformation & Propaganda,842,,1.540899,13.757921,2.9807441234588623,"(np.float64(0.12156862745098039), np.float64(0.4666666666666667), np.float64(0.7058823529411765), np.float64(1.0))","T-1
2.98",False
distiluse-base-multilingual-cased-v1,-1,Misinformation & Propaganda,847,,-0.88469064,17.094492,2.9807441234588623,"(np.float64(0.12156862745098039), np.float64(0.4666666666666667), np.float64(0.7058823529411765), np.float64(1.0))","T-1
2.98",False
distiluse-base-multilingual-cased-v1,-1,Misinformation & Propaganda,848,,-0.68328434,16.833086,2.9807441234588623,"(np.float64(0.12156862745098039), np.float64(0.4666666666666667), np.float64(0.7058823529411765), np.float64(1.0))","T-1
2.98",False
distiluse-base-multilingual-cased-v1,-1,Misinformation & Propaganda,849,,0.054110963,17.875221,2.9807441234588623,"(np.float64(0.12156862745098039), np.float64(0.4666666666666667), np.float64(0.7058823529411765), np.float64(1.0))","T-1
2.98",False
distiluse-base-multilingual-cased-v1,-1,Misinformation & Propaganda,850,,2.796349,13.299841,2.9807441234588623,"(np.float64(0.12156862745098039), np.float64(0.4666666666666667), np.float64(0.7058823529411765), np.float64(1.0))","T-1
2.98",False
distiluse-base-multilingual-cased-v1,-1,Misinformation & Propaganda,851,,0.9709258,17.380047,2.9807441234588623,"(np.float64(0.12156862745098039), np.float64(0.4666666666666667), np.float64(0.7058823529411765), np.float64(1.0))","T-1
2.98",False
distiluse-base-multilingual-cased-v1,-1,Misinformation & Propaganda,852,,2.8463206,15.625219,2.9807441234588623,"(np.float64(0.12156862745098039), np.float64(0.4666666666666667), np.float64(0.7058823529411765), np.float64(1.0))","T-1
2.98",False
distiluse-base-multilingual-cased-v1,-1,Misinformation & Propaganda,858,,-0.7686251,17.740665,2.9807441234588623,"(np.float64(0.12156862745098039), np.float64(0.4666666666666667), np.float64(0.7058823529411765), np.float64(1.0))","T-1
2.98",False
distiluse-base-multilingual-cased-v1,-1,Misinformation & Propaganda,859,,1.8294482,13.888091,2.9807441234588623,"(np.float64(0.12156862745098039), np.float64(0.4666666666666667), np.float64(0.7058823529411765), np.float64(1.0))","T-1
2.98",False
distiluse-base-multilingual-cased-v1,-1,Misinformation & Propaganda,862,,2.4179995,16.44979,2.9807441234588623,"(np.float64(0.12156862745098039), np.float64(0.4666666666666667), np.float64(0.7058823529411765), np.float64(1.0))","T-1
2.98",False
distiluse-base-multilingual-cased-v1,-1,Misinformation & Propaganda,864,,0.023279116,17.782387,2.9807441234588623,"(np.float64(0.12156862745098039), np.float64(0.4666666666666667), np.float64(0.7058823529411765), np.float64(1.0))","T-1
2.98",False
distiluse-base-multilingual-cased-v1,-1,Misinformation & Propaganda,865,,2.8039,13.454704,2.9807441234588623,"(np.float64(0.12156862745098039), np.float64(0.4666666666666667), np.float64(0.7058823529411765), np.float64(1.0))","T-1
2.98",False
distiluse-base-multilingual-cased-v1,-1,Misinformation & Propaganda,867,,2.8848362,13.433664,2.9807441234588623,"(np.float64(0.12156862745098039), np.float64(0.4666666666666667), np.float64(0.7058823529411765), np.float64(1.0))","T-1
2.98",False
distiluse-base-multilingual-cased-v1,-1,Misinformation & Propaganda,868,,3.124718,17.469677,2.9807441234588623,"(np.float64(0.12156862745098039), np.float64(0.4666666666666667), np.float64(0.7058823529411765), np.float64(1.0))","T-1
2.98",False
distiluse-base-multilingual-cased-v1,-1,Misinformation & Propaganda,873,,0.12800224,15.477406,2.9807441234588623,"(np.float64(0.12156862745098039), np.float64(0.4666666666666667), np.float64(0.7058823529411765), np.float64(1.0))","T-1
2.98",False
distiluse-base-multilingual-cased-v1,-1,Misinformation & Propaganda,881,,3.1821835,17.402622,2.9807441234588623,"(np.float64(0.12156862745098039), np.float64(0.4666666666666667), np.float64(0.7058823529411765), np.float64(1.0))","T-1
2.98",False
distiluse-base-multilingual-cased-v1,-1,Misinformation & Propaganda,882,,1.0955174,17.27503,2.9807441234588623,"(np.float64(0.12156862745098039), np.float64(0.4666666666666667), np.float64(0.7058823529411765), np.float64(1.0))","T-1
2.98",False
distiluse-base-multilingual-cased-v1,-1,Misinformation & Propaganda,883,,0.52454823,13.397356,2.9807441234588623,"(np.float64(0.12156862745098039), np.float64(0.4666666666666667), np.float64(0.7058823529411765), np.float64(1.0))","T-1
2.98",False
distiluse-base-multilingual-cased-v1,-1,Misinformation & Propaganda,885,,0.64862305,17.922256,2.9807441234588623,"(np.float64(0.12156862745098039), np.float64(0.4666666666666667), np.float64(0.7058823529411765), np.float64(1.0))","T-1
2.98",False
distiluse-base-multilingual-cased-v1,-1,Misinformation & Propaganda,886,,2.157169,12.139058,2.9807441234588623,"(np.float64(0.12156862745098039), np.float64(0.4666666666666667), np.float64(0.7058823529411765), np.float64(1.0))","T-1
2.98",False
distiluse-base-multilingual-cased-v1,-1,Misinformation & Propaganda,888,,2.6366649,12.9345,2.9807441234588623,"(np.float64(0.12156862745098039), np.float64(0.4666666666666667), np.float64(0.7058823529411765), np.float64(1.0))","T-1
2.98",False
distiluse-base-multilingual-cased-v1,-1,Misinformation & Propaganda,889,,2.235507,17.357557,2.9807441234588623,"(np.float64(0.12156862745098039), np.float64(0.4666666666666667), np.float64(0.7058823529411765), np.float64(1.0))","T-1
2.98",False
distiluse-base-multilingual-cased-v1,-1,Misinformation & Propaganda,899,,1.7887994,16.050167,2.9807441234588623,"(np.float64(0.12156862745098039), np.float64(0.4666666666666667), np.float64(0.7058823529411765), np.float64(1.0))","T-1
2.98",False
distiluse-base-multilingual-cased-v1,-1,Misinformation & Propaganda,900,,2.3475451,13.183351,2.9807441234588623,"(np.float64(0.12156862745098039), np.float64(0.4666666666666667), np.float64(0.7058823529411765), np.float64(1.0))","T-1
2.98",False
distiluse-base-multilingual-cased-v1,-1,Misinformation & Propaganda,901,,-0.016115226,15.95845,2.9807441234588623,"(np.float64(0.12156862745098039), np.float64(0.4666666666666667), np.float64(0.7058823529411765), np.float64(1.0))","T-1
2.98",False
distiluse-base-multilingual-cased-v1,-1,Misinformation & Propaganda,905,,3.6835496,16.502243,2.9807441234588623,"(np.float64(0.12156862745098039), np.float64(0.4666666666666667), np.float64(0.7058823529411765), np.float64(1.0))","T-1
2.98",False
distiluse-base-multilingual-cased-v1,-1,Misinformation & Propaganda,907,,2.7901614,13.218541,2.9807441234588623,"(np.float64(0.12156862745098039), np.float64(0.4666666666666667), np.float64(0.7058823529411765), np.float64(1.0))","T-1
2.98",False
distiluse-base-multilingual-cased-v1,-1,Misinformation & Propaganda,909,,3.1123793,15.875434,2.9807441234588623,"(np.float64(0.12156862745098039), np.float64(0.4666666666666667), np.float64(0.7058823529411765), np.float64(1.0))","T-1
2.98",False
distiluse-base-multilingual-cased-v1,-1,Misinformation & Propaganda,910,,0.5940951,17.878819,2.9807441234588623,"(np.float64(0.12156862745098039), np.float64(0.4666666666666667), np.float64(0.7058823529411765), np.float64(1.0))","T-1
2.98",False
distiluse-base-multilingual-cased-v1,-1,Misinformation & Propaganda,911,,3.2141025,17.005495,2.9807441234588623,"(np.float64(0.12156862745098039), np.float64(0.4666666666666667), np.float64(0.7058823529411765), np.float64(1.0))","T-1
2.98",False
distiluse-base-multilingual-cased-v1,-1,Misinformation & Propaganda,912,,0.31369027,15.212298,2.9807441234588623,"(np.float64(0.12156862745098039), np.float64(0.4666666666666667), np.float64(0.7058823529411765), np.float64(1.0))","T-1
2.98",False
distiluse-base-multilingual-cased-v1,-1,Misinformation & Propaganda,916,,2.6871445,18.247316,2.9807441234588623,"(np.float64(0.12156862745098039), np.float64(0.4666666666666667), np.float64(0.7058823529411765), np.float64(1.0))","T-1
2.98",False
distiluse-base-multilingual-cased-v1,-1,Misinformation & Propaganda,922,,3.356579,14.238695,2.9807441234588623,"(np.float64(0.12156862745098039), np.float64(0.4666666666666667), np.float64(0.7058823529411765), np.float64(1.0))","T-1
2.98",False
distiluse-base-multilingual-cased-v1,-1,Misinformation & Propaganda,925,,2.901442,17.129213,2.9807441234588623,"(np.float64(0.12156862745098039), np.float64(0.4666666666666667), np.float64(0.7058823529411765), np.float64(1.0))","T-1
2.98",False
distiluse-base-multilingual-cased-v1,-1,Misinformation & Propaganda,928,,1.9349518,13.787582,2.9807441234588623,"(np.float64(0.12156862745098039), np.float64(0.4666666666666667), np.float64(0.7058823529411765), np.float64(1.0))","T-1
2.98",False
distiluse-base-multilingual-cased-v1,-1,Misinformation & Propaganda,932,,2.9954355,16.415258,2.9807441234588623,"(np.float64(0.12156862745098039), np.float64(0.4666666666666667), np.float64(0.7058823529411765), np.float64(1.0))","T-1
2.98",False
distiluse-base-multilingual-cased-v1,-1,Misinformation & Propaganda,936,,2.7630408,17.404018,2.9807441234588623,"(np.float64(0.12156862745098039), np.float64(0.4666666666666667), np.float64(0.7058823529411765), np.float64(1.0))","T-1
2.98",False
distiluse-base-multilingual-cased-v1,-1,Misinformation & Propaganda,943,,3.23903,16.858185,2.9807441234588623,"(np.float64(0.12156862745098039), np.float64(0.4666666666666667), np.float64(0.7058823529411765), np.float64(1.0))","T-1
2.98",False
distiluse-base-multilingual-cased-v1,-1,Misinformation & Propaganda,954,,1.9912153,13.31199,2.9807441234588623,"(np.float64(0.12156862745098039), np.float64(0.4666666666666667), np.float64(0.7058823529411765), np.float64(1.0))","T-1
2.98",False
distiluse-base-multilingual-cased-v1,-1,Misinformation & Propaganda,957,,3.1023304,13.302421,2.9807441234588623,"(np.float64(0.12156862745098039), np.float64(0.4666666666666667), np.float64(0.7058823529411765), np.float64(1.0))","T-1
2.98",False
distiluse-base-multilingual-cased-v1,-1,Misinformation & Propaganda,959,,3.0456362,14.083743,2.9807441234588623,"(np.float64(0.12156862745098039), np.float64(0.4666666666666667), np.float64(0.7058823529411765), np.float64(1.0))","T-1
2.98",False
distiluse-base-multilingual-cased-v1,-1,Misinformation & Propaganda,962,,3.0881708,13.912756,2.9807441234588623,"(np.float64(0.12156862745098039), np.float64(0.4666666666666667), np.float64(0.7058823529411765), np.float64(1.0))","T-1
2.98",False
distiluse-base-multilingual-cased-v1,-1,Misinformation & Propaganda,963,,2.9158344,13.512884,2.9807441234588623,"(np.float64(0.12156862745098039), np.float64(0.4666666666666667), np.float64(0.7058823529411765), np.float64(1.0))","T-1
2.98",False
distiluse-base-multilingual-cased-v1,-1,Misinformation & Propaganda,973,,2.7204459,13.646577,2.9807441234588623,"(np.float64(0.12156862745098039), np.float64(0.4666666666666667), np.float64(0.7058823529411765), np.float64(1.0))","T-1
2.98",False
distiluse-base-multilingual-cased-v1,0,"health, medical",55,,4.110615,14.926781,0.36754941940307617,"(np.float64(0.6823529411764706), np.float64(0.7803921568627451), np.float64(0.9098039215686274), np.float64(1.0))","T0
0.37",True
distiluse-base-multilingual-cased-v1,0,"health, medical",70,,4.4286294,14.724562,0.36754941940307617,"(np.float64(0.6823529411764706), np.float64(0.7803921568627451), np.float64(0.9098039215686274), np.float64(1.0))","T0
0.37",True
distiluse-base-multilingual-cased-v1,0,"health, medical",93,,4.019754,15.103638,0.36754941940307617,"(np.float64(0.6823529411764706), np.float64(0.7803921568627451), np.float64(0.9098039215686274), np.float64(1.0))","T0
0.37",True
distiluse-base-multilingual-cased-v1,0,"health, medical",95,,4.111017,15.133398,0.36754941940307617,"(np.float64(0.6823529411764706), np.float64(0.7803921568627451), np.float64(0.9098039215686274), np.float64(1.0))","T0
0.37",True
distiluse-base-multilingual-cased-v1,0,"health, medical",172,,4.446431,14.685445,0.36754941940307617,"(np.float64(0.6823529411764706), np.float64(0.7803921568627451), np.float64(0.9098039215686274), np.float64(1.0))","T0
0.37",True
distiluse-base-multilingual-cased-v1,0,"health, medical",184,,4.5027184,14.901315,0.36754941940307617,"(np.float64(0.6823529411764706), np.float64(0.7803921568627451), np.float64(0.9098039215686274), np.float64(1.0))","T0
0.37",True
distiluse-base-multilingual-cased-v1,0,"health, medical",186,,4.5297146,14.764203,0.36754941940307617,"(np.float64(0.6823529411764706), np.float64(0.7803921568627451), np.float64(0.9098039215686274), np.float64(1.0))","T0
0.37",True
distiluse-base-multilingual-cased-v1,0,"health, medical",194,,4.4855585,14.689635,0.36754941940307617,"(np.float64(0.6823529411764706), np.float64(0.7803921568627451), np.float64(0.9098039215686274), np.float64(1.0))","T0
0.37",True
distiluse-base-multilingual-cased-v1,0,"health, medical",209,,4.473017,15.071867,0.36754941940307617,"(np.float64(0.6823529411764706), np.float64(0.7803921568627451), np.float64(0.9098039215686274), np.float64(1.0))","T0
0.37",True
distiluse-base-multilingual-cased-v1,0,"health, medical",251,,3.803371,15.170627,0.36754941940307617,"(np.float64(0.6823529411764706), np.float64(0.7803921568627451), np.float64(0.9098039215686274), np.float64(1.0))","T0
0.37",True
distiluse-base-multilingual-cased-v1,0,"health, medical",263,,4.291053,14.7899475,0.36754941940307617,"(np.float64(0.6823529411764706), np.float64(0.7803921568627451), np.float64(0.9098039215686274), np.float64(1.0))","T0
0.37",True
distiluse-base-multilingual-cased-v1,0,"health, medical",305,,4.3761535,15.23723,0.36754941940307617,"(np.float64(0.6823529411764706), np.float64(0.7803921568627451), np.float64(0.9098039215686274), np.float64(1.0))","T0
0.37",True
distiluse-base-multilingual-cased-v1,0,"health, medical",382,,4.4196215,14.8467865,0.36754941940307617,"(np.float64(0.6823529411764706), np.float64(0.7803921568627451), np.float64(0.9098039215686274), np.float64(1.0))","T0
0.37",True
distiluse-base-multilingual-cased-v1,0,"health, medical",421,,4.2865486,15.269563,0.36754941940307617,"(np.float64(0.6823529411764706), np.float64(0.7803921568627451), np.float64(0.9098039215686274), np.float64(1.0))","T0
0.37",True
distiluse-base-multilingual-cased-v1,0,"health, medical",431,,4.522598,14.798127,0.36754941940307617,"(np.float64(0.6823529411764706), np.float64(0.7803921568627451), np.float64(0.9098039215686274), np.float64(1.0))","T0
0.37",True
distiluse-base-multilingual-cased-v1,0,"health, medical",557,,3.8914073,15.234909,0.36754941940307617,"(np.float64(0.6823529411764706), np.float64(0.7803921568627451), np.float64(0.9098039215686274), np.float64(1.0))","T0
0.37",True
distiluse-base-multilingual-cased-v1,0,"health, medical",560,,4.245741,14.672403,0.36754941940307617,"(np.float64(0.6823529411764706), np.float64(0.7803921568627451), np.float64(0.9098039215686274), np.float64(1.0))","T0
0.37",True
distiluse-base-multilingual-cased-v1,0,"health, medical",580,,4.05769,14.846407,0.36754941940307617,"(np.float64(0.6823529411764706), np.float64(0.7803921568627451), np.float64(0.9098039215686274), np.float64(1.0))","T0
0.37",True
distiluse-base-multilingual-cased-v1,0,"health, medical",690,,4.493005,14.722296,0.36754941940307617,"(np.float64(0.6823529411764706), np.float64(0.7803921568627451), np.float64(0.9098039215686274), np.float64(1.0))","T0
0.37",True
distiluse-base-multilingual-cased-v1,0,"health, medical",695,,4.469152,14.776738,0.36754941940307617,"(np.float64(0.6823529411764706), np.float64(0.7803921568627451), np.float64(0.9098039215686274), np.float64(1.0))","T0
0.37",True
distiluse-base-multilingual-cased-v1,0,"health, medical",705,,4.2773323,14.487453,0.36754941940307617,"(np.float64(0.6823529411764706), np.float64(0.7803921568627451), np.float64(0.9098039215686274), np.float64(1.0))","T0
0.37",True
distiluse-base-multilingual-cased-v1,0,"health, medical",706,,4.5258265,15.163108,0.36754941940307617,"(np.float64(0.6823529411764706), np.float64(0.7803921568627451), np.float64(0.9098039215686274), np.float64(1.0))","T0
0.37",True
distiluse-base-multilingual-cased-v1,0,"health, medical",775,,4.4429197,15.039979,0.36754941940307617,"(np.float64(0.6823529411764706), np.float64(0.7803921568627451), np.float64(0.9098039215686274), np.float64(1.0))","T0
0.37",True
distiluse-base-multilingual-cased-v1,0,"health, medical",800,,4.291911,14.4425955,0.36754941940307617,"(np.float64(0.6823529411764706), np.float64(0.7803921568627451), np.float64(0.9098039215686274), np.float64(1.0))","T0
0.37",True
distiluse-base-multilingual-cased-v1,0,"health, medical",843,,4.4606676,14.79932,0.36754941940307617,"(np.float64(0.6823529411764706), np.float64(0.7803921568627451), np.float64(0.9098039215686274), np.float64(1.0))","T0
0.37",True
distiluse-base-multilingual-cased-v1,0,"health, medical",880,,4.495074,14.723387,0.36754941940307617,"(np.float64(0.6823529411764706), np.float64(0.7803921568627451), np.float64(0.9098039215686274), np.float64(1.0))","T0
0.37",True
distiluse-base-multilingual-cased-v1,0,"health, medical",944,,4.4919596,14.6799965,0.36754941940307617,"(np.float64(0.6823529411764706), np.float64(0.7803921568627451), np.float64(0.9098039215686274), np.float64(1.0))","T0
0.37",True
distiluse-base-multilingual-cased-v1,0,"health, medical",948,,4.3454556,14.961122,0.36754941940307617,"(np.float64(0.6823529411764706), np.float64(0.7803921568627451), np.float64(0.9098039215686274), np.float64(1.0))","T0
0.37",True
distiluse-base-multilingual-cased-v1,0,"health, medical",955,,4.5006504,14.709871,0.36754941940307617,"(np.float64(0.6823529411764706), np.float64(0.7803921568627451), np.float64(0.9098039215686274), np.float64(1.0))","T0
0.37",True
distiluse-base-multilingual-cased-v1,0,"health, medical",978,,4.4208827,14.569549,0.36754941940307617,"(np.float64(0.6823529411764706), np.float64(0.7803921568627451), np.float64(0.9098039215686274), np.float64(1.0))","T0
0.37",True
distiluse-base-multilingual-cased-v1,1,Credibility Assessment,22,,3.4645908,13.30979,0.34589704871177673,"(np.float64(1.0), np.float64(0.4980392156862745), np.float64(0.054901960784313725), np.float64(1.0))","T1
0.35",True
distiluse-base-multilingual-cased-v1,1,Credibility Assessment,374,,2.7009714,13.758518,0.34589704871177673,"(np.float64(1.0), np.float64(0.4980392156862745), np.float64(0.054901960784313725), np.float64(1.0))","T1
0.35",True
distiluse-base-multilingual-cased-v1,1,Credibility Assessment,427,,3.14856,13.549458,0.34589704871177673,"(np.float64(1.0), np.float64(0.4980392156862745), np.float64(0.054901960784313725), np.float64(1.0))","T1
0.35",True
distiluse-base-multilingual-cased-v1,1,Credibility Assessment,519,,2.6855953,13.563935,0.34589704871177673,"(np.float64(1.0), np.float64(0.4980392156862745), np.float64(0.054901960784313725), np.float64(1.0))","T1
0.35",True
distiluse-base-multilingual-cased-v1,1,Credibility Assessment,574,,3.4233942,13.480615,0.34589704871177673,"(np.float64(1.0), np.float64(0.4980392156862745), np.float64(0.054901960784313725), np.float64(1.0))","T1
0.35",True
distiluse-base-multilingual-cased-v1,1,Credibility Assessment,645,,3.1565125,13.621042,0.34589704871177673,"(np.float64(1.0), np.float64(0.4980392156862745), np.float64(0.054901960784313725), np.float64(1.0))","T1
0.35",True
distiluse-base-multilingual-cased-v1,1,Credibility Assessment,666,,3.3566885,13.404125,0.34589704871177673,"(np.float64(1.0), np.float64(0.4980392156862745), np.float64(0.054901960784313725), np.float64(1.0))","T1
0.35",True
distiluse-base-multilingual-cased-v1,1,Credibility Assessment,681,,3.4543872,13.588587,0.34589704871177673,"(np.float64(1.0), np.float64(0.4980392156862745), np.float64(0.054901960784313725), np.float64(1.0))","T1
0.35",True
distiluse-base-multilingual-cased-v1,1,Credibility Assessment,795,,3.382359,13.437549,0.34589704871177673,"(np.float64(1.0), np.float64(0.4980392156862745), np.float64(0.054901960784313725), np.float64(1.0))","T1
0.35",True
distiluse-base-multilingual-cased-v1,1,Credibility Assessment,798,,3.1604705,13.614693,0.34589704871177673,"(np.float64(1.0), np.float64(0.4980392156862745), np.float64(0.054901960784313725), np.float64(1.0))","T1
0.35",True
distiluse-base-multilingual-cased-v1,1,Credibility Assessment,869,,3.3456192,13.618267,0.34589704871177673,"(np.float64(1.0), np.float64(0.4980392156862745), np.float64(0.054901960784313725), np.float64(1.0))","T1
0.35",True
distiluse-base-multilingual-cased-v1,1,Credibility Assessment,896,,3.3455038,13.422816,0.34589704871177673,"(np.float64(1.0), np.float64(0.4980392156862745), np.float64(0.054901960784313725), np.float64(1.0))","T1
0.35",True
distiluse-base-multilingual-cased-v1,1,Credibility Assessment,921,,3.3420782,13.440156,0.34589704871177673,"(np.float64(1.0), np.float64(0.4980392156862745), np.float64(0.054901960784313725), np.float64(1.0))","T1
0.35",True
distiluse-base-multilingual-cased-v1,1,Credibility Assessment,923,,3.2847273,13.486966,0.34589704871177673,"(np.float64(1.0), np.float64(0.4980392156862745), np.float64(0.054901960784313725), np.float64(1.0))","T1
0.35",True
distiluse-base-multilingual-cased-v1,1,Credibility Assessment,924,,3.3008761,13.53,0.34589704871177673,"(np.float64(1.0), np.float64(0.4980392156862745), np.float64(0.054901960784313725), np.float64(1.0))","T1
0.35",True
distiluse-base-multilingual-cased-v1,1,Credibility Assessment,939,,3.0821247,13.72872,0.34589704871177673,"(np.float64(1.0), np.float64(0.4980392156862745), np.float64(0.054901960784313725), np.float64(1.0))","T1
0.35",True
distiluse-base-multilingual-cased-v1,1,Credibility Assessment,941,,3.1778226,13.770286,0.34589704871177673,"(np.float64(1.0), np.float64(0.4980392156862745), np.float64(0.054901960784313725), np.float64(1.0))","T1
0.35",True
distiluse-base-multilingual-cased-v1,1,Credibility Assessment,942,,3.285043,13.380277,0.34589704871177673,"(np.float64(1.0), np.float64(0.4980392156862745), np.float64(0.054901960784313725), np.float64(1.0))","T1
0.35",True
distiluse-base-multilingual-cased-v1,1,Credibility Assessment,945,,3.0075767,13.722161,0.34589704871177673,"(np.float64(1.0), np.float64(0.4980392156862745), np.float64(0.054901960784313725), np.float64(1.0))","T1
0.35",True
distiluse-base-multilingual-cased-v1,1,Credibility Assessment,946,,3.1151352,13.622924,0.34589704871177673,"(np.float64(1.0), np.float64(0.4980392156862745), np.float64(0.054901960784313725), np.float64(1.0))","T1
0.35",True
distiluse-base-multilingual-cased-v1,1,Credibility Assessment,953,,3.3826892,13.383069,0.34589704871177673,"(np.float64(1.0), np.float64(0.4980392156862745), np.float64(0.054901960784313725), np.float64(1.0))","T1
0.35",True
distiluse-base-multilingual-cased-v1,1,Credibility Assessment,960,,3.329126,13.50989,0.34589704871177673,"(np.float64(1.0), np.float64(0.4980392156862745), np.float64(0.054901960784313725), np.float64(1.0))","T1
0.35",True
distiluse-base-multilingual-cased-v1,1,Credibility Assessment,964,,3.048837,14.012602,0.34589704871177673,"(np.float64(1.0), np.float64(0.4980392156862745), np.float64(0.054901960784313725), np.float64(1.0))","T1
0.35",True
distiluse-base-multilingual-cased-v1,1,Credibility Assessment,970,,3.4402907,13.945092,0.34589704871177673,"(np.float64(1.0), np.float64(0.4980392156862745), np.float64(0.054901960784313725), np.float64(1.0))","T1
0.35",True
distiluse-base-multilingual-cased-v1,1,Credibility Assessment,971,,2.7335784,13.602638,0.34589704871177673,"(np.float64(1.0), np.float64(0.4980392156862745), np.float64(0.054901960784313725), np.float64(1.0))","T1
0.35",True
distiluse-base-multilingual-cased-v1,1,Credibility Assessment,972,,3.272924,13.512682,0.34589704871177673,"(np.float64(1.0), np.float64(0.4980392156862745), np.float64(0.054901960784313725), np.float64(1.0))","T1
0.35",True
distiluse-base-multilingual-cased-v1,1,Credibility Assessment,974,,3.2976303,14.018026,0.34589704871177673,"(np.float64(1.0), np.float64(0.4980392156862745), np.float64(0.054901960784313725), np.float64(1.0))","T1
0.35",True
distiluse-base-multilingual-cased-v1,1,Credibility Assessment,977,,3.1596684,13.821769,0.34589704871177673,"(np.float64(1.0), np.float64(0.4980392156862745), np.float64(0.054901960784313725), np.float64(1.0))","T1
0.35",True
distiluse-base-multilingual-cased-v1,1,Credibility Assessment,980,,3.429289,13.485084,0.34589704871177673,"(np.float64(1.0), np.float64(0.4980392156862745), np.float64(0.054901960784313725), np.float64(1.0))","T1
0.35",True
distiluse-base-multilingual-cased-v1,2,Misinformation & Propaganda,326,,2.151233,18.346159,0.4357318580150604,"(np.float64(1.0), np.float64(0.7333333333333333), np.float64(0.47058823529411764), np.float64(1.0))","T2
0.44",True
distiluse-base-multilingual-cased-v1,2,Misinformation & Propaganda,328,,2.3611908,17.930813,0.4357318580150604,"(np.float64(1.0), np.float64(0.7333333333333333), np.float64(0.47058823529411764), np.float64(1.0))","T2
0.44",True
distiluse-base-multilingual-cased-v1,2,Misinformation & Propaganda,332,,2.5100656,17.982763,0.4357318580150604,"(np.float64(1.0), np.float64(0.7333333333333333), np.float64(0.47058823529411764), np.float64(1.0))","T2
0.44",True
distiluse-base-multilingual-cased-v1,2,Misinformation & Propaganda,344,,2.4515557,18.159065,0.4357318580150604,"(np.float64(1.0), np.float64(0.7333333333333333), np.float64(0.47058823529411764), np.float64(1.0))","T2
0.44",True
distiluse-base-multilingual-cased-v1,2,Misinformation & Propaganda,459,,2.2949286,18.074362,0.4357318580150604,"(np.float64(1.0), np.float64(0.7333333333333333), np.float64(0.47058823529411764), np.float64(1.0))","T2
0.44",True
distiluse-base-multilingual-cased-v1,2,Misinformation & Propaganda,468,,2.2819762,18.333948,0.4357318580150604,"(np.float64(1.0), np.float64(0.7333333333333333), np.float64(0.47058823529411764), np.float64(1.0))","T2
0.44",True
distiluse-base-multilingual-cased-v1,2,Misinformation & Propaganda,475,,2.44715,17.887112,0.4357318580150604,"(np.float64(1.0), np.float64(0.7333333333333333), np.float64(0.47058823529411764), np.float64(1.0))","T2
0.44",True
distiluse-base-multilingual-cased-v1,2,Misinformation & Propaganda,477,,2.5489342,17.779997,0.4357318580150604,"(np.float64(1.0), np.float64(0.7333333333333333), np.float64(0.47058823529411764), np.float64(1.0))","T2
0.44",True
distiluse-base-multilingual-cased-v1,2,Misinformation & Propaganda,498,,2.2114727,18.375338,0.4357318580150604,"(np.float64(1.0), np.float64(0.7333333333333333), np.float64(0.47058823529411764), np.float64(1.0))","T2
0.44",True
distiluse-base-multilingual-cased-v1,2,Misinformation & Propaganda,601,,2.1858284,18.00592,0.4357318580150604,"(np.float64(1.0), np.float64(0.7333333333333333), np.float64(0.47058823529411764), np.float64(1.0))","T2
0.44",True
distiluse-base-multilingual-cased-v1,2,Misinformation & Propaganda,604,,2.6700587,18.02142,0.4357318580150604,"(np.float64(1.0), np.float64(0.7333333333333333), np.float64(0.47058823529411764), np.float64(1.0))","T2
0.44",True
distiluse-base-multilingual-cased-v1,2,Misinformation & Propaganda,615,,2.1088643,17.997927,0.4357318580150604,"(np.float64(1.0), np.float64(0.7333333333333333), np.float64(0.47058823529411764), np.float64(1.0))","T2
0.44",True
distiluse-base-multilingual-cased-v1,2,Misinformation & Propaganda,617,,2.5089557,18.249107,0.4357318580150604,"(np.float64(1.0), np.float64(0.7333333333333333), np.float64(0.47058823529411764), np.float64(1.0))","T2
0.44",True
distiluse-base-multilingual-cased-v1,2,Misinformation & Propaganda,720,,2.2808504,18.316475,0.4357318580150604,"(np.float64(1.0), np.float64(0.7333333333333333), np.float64(0.47058823529411764), np.float64(1.0))","T2
0.44",True
distiluse-base-multilingual-cased-v1,2,Misinformation & Propaganda,724,,2.3565333,18.327066,0.4357318580150604,"(np.float64(1.0), np.float64(0.7333333333333333), np.float64(0.47058823529411764), np.float64(1.0))","T2
0.44",True
distiluse-base-multilingual-cased-v1,2,Misinformation & Propaganda,744,,3.08766,17.809437,0.4357318580150604,"(np.float64(1.0), np.float64(0.7333333333333333), np.float64(0.47058823529411764), np.float64(1.0))","T2
0.44",True
distiluse-base-multilingual-cased-v1,2,Misinformation & Propaganda,762,,2.4276733,18.43734,0.4357318580150604,"(np.float64(1.0), np.float64(0.7333333333333333), np.float64(0.47058823529411764), np.float64(1.0))","T2
0.44",True
distiluse-base-multilingual-cased-v1,2,Misinformation & Propaganda,764,,2.4349418,18.342508,0.4357318580150604,"(np.float64(1.0), np.float64(0.7333333333333333), np.float64(0.47058823529411764), np.float64(1.0))","T2
0.44",True
distiluse-base-multilingual-cased-v1,2,Misinformation & Propaganda,813,,2.6491852,18.176596,0.4357318580150604,"(np.float64(1.0), np.float64(0.7333333333333333), np.float64(0.47058823529411764), np.float64(1.0))","T2
0.44",True
distiluse-base-multilingual-cased-v1,2,Misinformation & Propaganda,890,,2.9605966,17.762394,0.4357318580150604,"(np.float64(1.0), np.float64(0.7333333333333333), np.float64(0.47058823529411764), np.float64(1.0))","T2
0.44",True
distiluse-base-multilingual-cased-v1,2,Misinformation & Propaganda,891,,2.8699248,17.782602,0.4357318580150604,"(np.float64(1.0), np.float64(0.7333333333333333), np.float64(0.47058823529411764), np.float64(1.0))","T2
0.44",True
distiluse-base-multilingual-cased-v1,2,Misinformation & Propaganda,930,,2.484684,17.996277,0.4357318580150604,"(np.float64(1.0), np.float64(0.7333333333333333), np.float64(0.47058823529411764), np.float64(1.0))","T2
0.44",True
distiluse-base-multilingual-cased-v1,2,Misinformation & Propaganda,949,,3.0358276,18.033182,0.4357318580150604,"(np.float64(1.0), np.float64(0.7333333333333333), np.float64(0.47058823529411764), np.float64(1.0))","T2
0.44",True
distiluse-base-multilingual-cased-v1,3,"llms, llm",26,,-0.7739971,12.796036,0.4454737603664398,"(np.float64(0.17254901960784313), np.float64(0.6274509803921569), np.float64(0.17254901960784313), np.float64(1.0))","T3
0.45",True
distiluse-base-multilingual-cased-v1,3,"llms, llm",30,,-1.0578973,12.139693,0.4454737603664398,"(np.float64(0.17254901960784313), np.float64(0.6274509803921569), np.float64(0.17254901960784313), np.float64(1.0))","T3
0.45",True
distiluse-base-multilingual-cased-v1,3,"llms, llm",34,,-0.81160736,12.78122,0.4454737603664398,"(np.float64(0.17254901960784313), np.float64(0.6274509803921569), np.float64(0.17254901960784313), np.float64(1.0))","T3
0.45",True
distiluse-base-multilingual-cased-v1,3,"llms, llm",92,,-0.8287845,12.765573,0.4454737603664398,"(np.float64(0.17254901960784313), np.float64(0.6274509803921569), np.float64(0.17254901960784313), np.float64(1.0))","T3
0.45",True
distiluse-base-multilingual-cased-v1,3,"llms, llm",103,,-0.85468996,12.754113,0.4454737603664398,"(np.float64(0.17254901960784313), np.float64(0.6274509803921569), np.float64(0.17254901960784313), np.float64(1.0))","T3
0.45",True
distiluse-base-multilingual-cased-v1,3,"llms, llm",130,,-1.1721182,11.954905,0.4454737603664398,"(np.float64(0.17254901960784313), np.float64(0.6274509803921569), np.float64(0.17254901960784313), np.float64(1.0))","T3
0.45",True
distiluse-base-multilingual-cased-v1,3,"llms, llm",175,,-0.92171496,12.615791,0.4454737603664398,"(np.float64(0.17254901960784313), np.float64(0.6274509803921569), np.float64(0.17254901960784313), np.float64(1.0))","T3
0.45",True
distiluse-base-multilingual-cased-v1,3,"llms, llm",179,,-0.8543175,12.728915,0.4454737603664398,"(np.float64(0.17254901960784313), np.float64(0.6274509803921569), np.float64(0.17254901960784313), np.float64(1.0))","T3
0.45",True
distiluse-base-multilingual-cased-v1,3,"llms, llm",198,,-0.8779474,12.60653,0.4454737603664398,"(np.float64(0.17254901960784313), np.float64(0.6274509803921569), np.float64(0.17254901960784313), np.float64(1.0))","T3
0.45",True
distiluse-base-multilingual-cased-v1,3,"llms, llm",211,,-0.8544324,12.742738,0.4454737603664398,"(np.float64(0.17254901960784313), np.float64(0.6274509803921569), np.float64(0.17254901960784313), np.float64(1.0))","T3
0.45",True
distiluse-base-multilingual-cased-v1,3,"llms, llm",224,,-0.8769548,12.580263,0.4454737603664398,"(np.float64(0.17254901960784313), np.float64(0.6274509803921569), np.float64(0.17254901960784313), np.float64(1.0))","T3
0.45",True
distiluse-base-multilingual-cased-v1,3,"llms, llm",226,,-0.9041698,12.719373,0.4454737603664398,"(np.float64(0.17254901960784313), np.float64(0.6274509803921569), np.float64(0.17254901960784313), np.float64(1.0))","T3
0.45",True
distiluse-base-multilingual-cased-v1,3,"llms, llm",230,,-0.8084558,12.813636,0.4454737603664398,"(np.float64(0.17254901960784313), np.float64(0.6274509803921569), np.float64(0.17254901960784313), np.float64(1.0))","T3
0.45",True
distiluse-base-multilingual-cased-v1,3,"llms, llm",238,,-0.8833718,12.74209,0.4454737603664398,"(np.float64(0.17254901960784313), np.float64(0.6274509803921569), np.float64(0.17254901960784313), np.float64(1.0))","T3
0.45",True
distiluse-base-multilingual-cased-v1,3,"llms, llm",241,,-0.8545819,12.735575,0.4454737603664398,"(np.float64(0.17254901960784313), np.float64(0.6274509803921569), np.float64(0.17254901960784313), np.float64(1.0))","T3
0.45",True
distiluse-base-multilingual-cased-v1,3,"llms, llm",243,,-0.81850874,12.798159,0.4454737603664398,"(np.float64(0.17254901960784313), np.float64(0.6274509803921569), np.float64(0.17254901960784313), np.float64(1.0))","T3
0.45",True
distiluse-base-multilingual-cased-v1,3,"llms, llm",245,,-0.68248403,12.870048,0.4454737603664398,"(np.float64(0.17254901960784313), np.float64(0.6274509803921569), np.float64(0.17254901960784313), np.float64(1.0))","T3
0.45",True
distiluse-base-multilingual-cased-v1,3,"llms, llm",286,,-0.9608171,12.615051,0.4454737603664398,"(np.float64(0.17254901960784313), np.float64(0.6274509803921569), np.float64(0.17254901960784313), np.float64(1.0))","T3
0.45",True
distiluse-base-multilingual-cased-v1,3,"llms, llm",303,,-0.9231101,12.596204,0.4454737603664398,"(np.float64(0.17254901960784313), np.float64(0.6274509803921569), np.float64(0.17254901960784313), np.float64(1.0))","T3
0.45",True
distiluse-base-multilingual-cased-v1,3,"llms, llm",394,,-0.82725203,12.751758,0.4454737603664398,"(np.float64(0.17254901960784313), np.float64(0.6274509803921569), np.float64(0.17254901960784313), np.float64(1.0))","T3
0.45",True
distiluse-base-multilingual-cased-v1,3,"llms, llm",396,,-1.1888963,11.809571,0.4454737603664398,"(np.float64(0.17254901960784313), np.float64(0.6274509803921569), np.float64(0.17254901960784313), np.float64(1.0))","T3
0.45",True
distiluse-base-multilingual-cased-v1,3,"llms, llm",646,,-0.52021784,14.518596,0.4454737603664398,"(np.float64(0.17254901960784313), np.float64(0.6274509803921569), np.float64(0.17254901960784313), np.float64(1.0))","T3
0.45",True
distiluse-base-multilingual-cased-v1,3,"llms, llm",676,,-0.7360811,12.895888,0.4454737603664398,"(np.float64(0.17254901960784313), np.float64(0.6274509803921569), np.float64(0.17254901960784313), np.float64(1.0))","T3
0.45",True
distiluse-base-multilingual-cased-v1,4,Credibility Assessment,320,,3.4129844,18.294111,0.7707667946815491,"(np.float64(0.596078431372549), np.float64(0.8745098039215686), np.float64(0.5411764705882353), np.float64(1.0))","T4
0.77",False
distiluse-base-multilingual-cased-v1,4,Credibility Assessment,429,,3.6696367,18.40785,0.7707667946815491,"(np.float64(0.596078431372549), np.float64(0.8745098039215686), np.float64(0.5411764705882353), np.float64(1.0))","T4
0.77",False
distiluse-base-multilingual-cased-v1,4,Credibility Assessment,460,,3.5275407,18.09811,0.7707667946815491,"(np.float64(0.596078431372549), np.float64(0.8745098039215686), np.float64(0.5411764705882353), np.float64(1.0))","T4
0.77",False
distiluse-base-multilingual-cased-v1,4,Credibility Assessment,494,,3.2934794,18.179173,0.7707667946815491,"(np.float64(0.596078431372549), np.float64(0.8745098039215686), np.float64(0.5411764705882353), np.float64(1.0))","T4
0.77",False
distiluse-base-multilingual-cased-v1,4,Credibility Assessment,525,,3.9453883,18.511143,0.7707667946815491,"(np.float64(0.596078431372549), np.float64(0.8745098039215686), np.float64(0.5411764705882353), np.float64(1.0))","T4
0.77",False
distiluse-base-multilingual-cased-v1,4,Credibility Assessment,526,,3.8807912,18.487356,0.7707667946815491,"(np.float64(0.596078431372549), np.float64(0.8745098039215686), np.float64(0.5411764705882353), np.float64(1.0))","T4
0.77",False
distiluse-base-multilingual-cased-v1,4,Credibility Assessment,527,,3.8511708,18.496687,0.7707667946815491,"(np.float64(0.596078431372549), np.float64(0.8745098039215686), np.float64(0.5411764705882353), np.float64(1.0))","T4
0.77",False
distiluse-base-multilingual-cased-v1,4,Credibility Assessment,633,,3.8970826,18.479265,0.7707667946815491,"(np.float64(0.596078431372549), np.float64(0.8745098039215686), np.float64(0.5411764705882353), np.float64(1.0))","T4
0.77",False
distiluse-base-multilingual-cased-v1,4,Credibility Assessment,677,,3.9389277,18.50837,0.7707667946815491,"(np.float64(0.596078431372549), np.float64(0.8745098039215686), np.float64(0.5411764705882353), np.float64(1.0))","T4
0.77",False
distiluse-base-multilingual-cased-v1,4,Credibility Assessment,737,,3.8680174,18.461836,0.7707667946815491,"(np.float64(0.596078431372549), np.float64(0.8745098039215686), np.float64(0.5411764705882353), np.float64(1.0))","T4
0.77",False
distiluse-base-multilingual-cased-v1,4,Credibility Assessment,741,,3.6050458,18.290203,0.7707667946815491,"(np.float64(0.596078431372549), np.float64(0.8745098039215686), np.float64(0.5411764705882353), np.float64(1.0))","T4
0.77",False
distiluse-base-multilingual-cased-v1,4,Credibility Assessment,796,,3.9468265,18.461082,0.7707667946815491,"(np.float64(0.596078431372549), np.float64(0.8745098039215686), np.float64(0.5411764705882353), np.float64(1.0))","T4
0.77",False
distiluse-base-multilingual-cased-v1,4,Credibility Assessment,799,,3.5073164,18.322369,0.7707667946815491,"(np.float64(0.596078431372549), np.float64(0.8745098039215686), np.float64(0.5411764705882353), np.float64(1.0))","T4
0.77",False
distiluse-base-multilingual-cased-v1,4,Credibility Assessment,801,,3.962814,18.538578,0.7707667946815491,"(np.float64(0.596078431372549), np.float64(0.8745098039215686), np.float64(0.5411764705882353), np.float64(1.0))","T4
0.77",False
distiluse-base-multilingual-cased-v1,4,Credibility Assessment,803,,3.4570692,17.982239,0.7707667946815491,"(np.float64(0.596078431372549), np.float64(0.8745098039215686), np.float64(0.5411764705882353), np.float64(1.0))","T4
0.77",False
distiluse-base-multilingual-cased-v1,4,Credibility Assessment,830,,3.3966532,17.93494,0.7707667946815491,"(np.float64(0.596078431372549), np.float64(0.8745098039215686), np.float64(0.5411764705882353), np.float64(1.0))","T4
0.77",False
distiluse-base-multilingual-cased-v1,4,Credibility Assessment,904,,3.899041,18.488512,0.7707667946815491,"(np.float64(0.596078431372549), np.float64(0.8745098039215686), np.float64(0.5411764705882353), np.float64(1.0))","T4
0.77",False
distiluse-base-multilingual-cased-v1,4,Credibility Assessment,906,,3.9154847,18.492958,0.7707667946815491,"(np.float64(0.596078431372549), np.float64(0.8745098039215686), np.float64(0.5411764705882353), np.float64(1.0))","T4
0.77",False
distiluse-base-multilingual-cased-v1,4,Credibility Assessment,908,,3.5397737,17.999514,0.7707667946815491,"(np.float64(0.596078431372549), np.float64(0.8745098039215686), np.float64(0.5411764705882353), np.float64(1.0))","T4
0.77",False
distiluse-base-multilingual-cased-v1,4,Credibility Assessment,913,,1.6370345,13.910141,0.7707667946815491,"(np.float64(0.596078431372549), np.float64(0.8745098039215686), np.float64(0.5411764705882353), np.float64(1.0))","T4
0.77",False
distiluse-base-multilingual-cased-v1,4,Credibility Assessment,933,,3.365162,18.266556,0.7707667946815491,"(np.float64(0.596078431372549), np.float64(0.8745098039215686), np.float64(0.5411764705882353), np.float64(1.0))","T4
0.77",False
distiluse-base-multilingual-cased-v1,4,Credibility Assessment,950,,3.9482687,18.458534,0.7707667946815491,"(np.float64(0.596078431372549), np.float64(0.8745098039215686), np.float64(0.5411764705882353), np.float64(1.0))","T4
0.77",False
distiluse-base-multilingual-cased-v1,5,Misinformation & Propaganda,45,,-0.9699822,16.659872,0.5950517058372498,"(np.float64(0.8392156862745098), np.float64(0.15294117647058825), np.float64(0.1568627450980392), np.float64(1.0))","T5
0.60",False
distiluse-base-multilingual-cased-v1,5,Misinformation & Propaganda,100,,-0.8864626,16.091326,0.5950517058372498,"(np.float64(0.8392156862745098), np.float64(0.15294117647058825), np.float64(0.1568627450980392), np.float64(1.0))","T5
0.60",False
distiluse-base-multilingual-cased-v1,5,Misinformation & Propaganda,104,,-0.87347686,15.579131,0.5950517058372498,"(np.float64(0.8392156862745098), np.float64(0.15294117647058825), np.float64(0.1568627450980392), np.float64(1.0))","T5
0.60",False
distiluse-base-multilingual-cased-v1,5,Misinformation & Propaganda,122,,-0.937008,16.529882,0.5950517058372498,"(np.float64(0.8392156862745098), np.float64(0.15294117647058825), np.float64(0.1568627450980392), np.float64(1.0))","T5
0.60",False
distiluse-base-multilingual-cased-v1,5,Misinformation & Propaganda,134,,-0.8709496,15.554203,0.5950517058372498,"(np.float64(0.8392156862745098), np.float64(0.15294117647058825), np.float64(0.1568627450980392), np.float64(1.0))","T5
0.60",False
distiluse-base-multilingual-cased-v1,5,Misinformation & Propaganda,199,,-0.7203743,15.448957,0.5950517058372498,"(np.float64(0.8392156862745098), np.float64(0.15294117647058825), np.float64(0.1568627450980392), np.float64(1.0))","T5
0.60",False
distiluse-base-multilingual-cased-v1,5,Misinformation & Propaganda,273,,-1.0524347,16.37072,0.5950517058372498,"(np.float64(0.8392156862745098), np.float64(0.15294117647058825), np.float64(0.1568627450980392), np.float64(1.0))","T5
0.60",False
distiluse-base-multilingual-cased-v1,5,Misinformation & Propaganda,351,,-1.0521086,16.000778,0.5950517058372498,"(np.float64(0.8392156862745098), np.float64(0.15294117647058825), np.float64(0.1568627450980392), np.float64(1.0))","T5
0.60",False
distiluse-base-multilingual-cased-v1,5,Misinformation & Propaganda,405,,-0.750547,16.603645,0.5950517058372498,"(np.float64(0.8392156862745098), np.float64(0.15294117647058825), np.float64(0.1568627450980392), np.float64(1.0))","T5
0.60",False
distiluse-base-multilingual-cased-v1,5,Misinformation & Propaganda,413,,-0.77188116,15.314719,0.5950517058372498,"(np.float64(0.8392156862745098), np.float64(0.15294117647058825), np.float64(0.1568627450980392), np.float64(1.0))","T5
0.60",False
distiluse-base-multilingual-cased-v1,5,Misinformation & Propaganda,423,,-0.9229671,16.36115,0.5950517058372498,"(np.float64(0.8392156862745098), np.float64(0.15294117647058825), np.float64(0.1568627450980392), np.float64(1.0))","T5
0.60",False
distiluse-base-multilingual-cased-v1,5,Misinformation & Propaganda,502,,-0.7141588,16.718145,0.5950517058372498,"(np.float64(0.8392156862745098), np.float64(0.15294117647058825), np.float64(0.1568627450980392), np.float64(1.0))","T5
0.60",False
distiluse-base-multilingual-cased-v1,5,Misinformation & Propaganda,564,,-0.86095023,15.973636,0.5950517058372498,"(np.float64(0.8392156862745098), np.float64(0.15294117647058825), np.float64(0.1568627450980392), np.float64(1.0))","T5
0.60",False
distiluse-base-multilingual-cased-v1,5,Misinformation & Propaganda,660,,-0.64963794,16.325567,0.5950517058372498,"(np.float64(0.8392156862745098), np.float64(0.15294117647058825), np.float64(0.1568627450980392), np.float64(1.0))","T5
0.60",False
distiluse-base-multilingual-cased-v1,5,Misinformation & Propaganda,665,,-1.0545033,16.089228,0.5950517058372498,"(np.float64(0.8392156862745098), np.float64(0.15294117647058825), np.float64(0.1568627450980392), np.float64(1.0))","T5
0.60",False
distiluse-base-multilingual-cased-v1,5,Misinformation & Propaganda,697,,-0.7857333,16.45178,0.5950517058372498,"(np.float64(0.8392156862745098), np.float64(0.15294117647058825), np.float64(0.1568627450980392), np.float64(1.0))","T5
0.60",False
distiluse-base-multilingual-cased-v1,5,Misinformation & Propaganda,789,,-0.93256927,16.80061,0.5950517058372498,"(np.float64(0.8392156862745098), np.float64(0.15294117647058825), np.float64(0.1568627450980392), np.float64(1.0))","T5
0.60",False
distiluse-base-multilingual-cased-v1,5,Misinformation & Propaganda,814,,-1.0377603,15.939465,0.5950517058372498,"(np.float64(0.8392156862745098), np.float64(0.15294117647058825), np.float64(0.1568627450980392), np.float64(1.0))","T5
0.60",False
distiluse-base-multilingual-cased-v1,5,Misinformation & Propaganda,854,,-0.62505484,15.289989,0.5950517058372498,"(np.float64(0.8392156862745098), np.float64(0.15294117647058825), np.float64(0.1568627450980392), np.float64(1.0))","T5
0.60",False
distiluse-base-multilingual-cased-v1,5,Misinformation & Propaganda,878,,-1.0007776,15.705089,0.5950517058372498,"(np.float64(0.8392156862745098), np.float64(0.15294117647058825), np.float64(0.1568627450980392), np.float64(1.0))","T5
0.60",False
distiluse-base-multilingual-cased-v1,5,Misinformation & Propaganda,917,,-0.99200064,16.208977,0.5950517058372498,"(np.float64(0.8392156862745098), np.float64(0.15294117647058825), np.float64(0.1568627450980392), np.float64(1.0))","T5
0.60",False
distiluse-base-multilingual-cased-v1,6,Misinformation & Propaganda,2,,-0.70627743,15.8254595,0.7893126606941223,"(np.float64(1.0), np.float64(0.596078431372549), np.float64(0.5882352941176471), np.float64(1.0))","T6
0.79",False
distiluse-base-multilingual-cased-v1,6,Misinformation & Propaganda,56,,-0.3524506,14.893316,0.7893126606941223,"(np.float64(1.0), np.float64(0.596078431372549), np.float64(0.5882352941176471), np.float64(1.0))","T6
0.79",False
distiluse-base-multilingual-cased-v1,6,Misinformation & Propaganda,67,,-0.41840953,15.761789,0.7893126606941223,"(np.float64(1.0), np.float64(0.596078431372549), np.float64(0.5882352941176471), np.float64(1.0))","T6
0.79",False
distiluse-base-multilingual-cased-v1,6,Misinformation & Propaganda,88,,-0.9201583,16.082445,0.7893126606941223,"(np.float64(1.0), np.float64(0.596078431372549), np.float64(0.5882352941176471), np.float64(1.0))","T6
0.79",False
distiluse-base-multilingual-cased-v1,6,Misinformation & Propaganda,112,,-0.78231674,15.9957695,0.7893126606941223,"(np.float64(1.0), np.float64(0.596078431372549), np.float64(0.5882352941176471), np.float64(1.0))","T6
0.79",False
distiluse-base-multilingual-cased-v1,6,Misinformation & Propaganda,166,,-0.513585,15.7810755,0.7893126606941223,"(np.float64(1.0), np.float64(0.596078431372549), np.float64(0.5882352941176471), np.float64(1.0))","T6
0.79",False
distiluse-base-multilingual-cased-v1,6,Misinformation & Propaganda,219,,-0.1702362,15.943097,0.7893126606941223,"(np.float64(1.0), np.float64(0.596078431372549), np.float64(0.5882352941176471), np.float64(1.0))","T6
0.79",False
distiluse-base-multilingual-cased-v1,6,Misinformation & Propaganda,242,,-0.5939927,15.624536,0.7893126606941223,"(np.float64(1.0), np.float64(0.596078431372549), np.float64(0.5882352941176471), np.float64(1.0))","T6
0.79",False
distiluse-base-multilingual-cased-v1,6,Misinformation & Propaganda,282,,-0.48384216,15.407403,0.7893126606941223,"(np.float64(1.0), np.float64(0.596078431372549), np.float64(0.5882352941176471), np.float64(1.0))","T6
0.79",False
distiluse-base-multilingual-cased-v1,6,Misinformation & Propaganda,314,,-0.41328284,15.502548,0.7893126606941223,"(np.float64(1.0), np.float64(0.596078431372549), np.float64(0.5882352941176471), np.float64(1.0))","T6
0.79",False
distiluse-base-multilingual-cased-v1,6,Misinformation & Propaganda,358,,-0.41694257,15.919274,0.7893126606941223,"(np.float64(1.0), np.float64(0.596078431372549), np.float64(0.5882352941176471), np.float64(1.0))","T6
0.79",False
distiluse-base-multilingual-cased-v1,6,Misinformation & Propaganda,551,,-0.5067913,16.020859,0.7893126606941223,"(np.float64(1.0), np.float64(0.596078431372549), np.float64(0.5882352941176471), np.float64(1.0))","T6
0.79",False
distiluse-base-multilingual-cased-v1,6,Misinformation & Propaganda,609,,-0.67962325,16.024092,0.7893126606941223,"(np.float64(1.0), np.float64(0.596078431372549), np.float64(0.5882352941176471), np.float64(1.0))","T6
0.79",False
distiluse-base-multilingual-cased-v1,6,Misinformation & Propaganda,691,,1.4039236,12.771993,0.7893126606941223,"(np.float64(1.0), np.float64(0.596078431372549), np.float64(0.5882352941176471), np.float64(1.0))","T6
0.79",False
distiluse-base-multilingual-cased-v1,6,Misinformation & Propaganda,709,,-0.66860545,15.757501,0.7893126606941223,"(np.float64(1.0), np.float64(0.596078431372549), np.float64(0.5882352941176471), np.float64(1.0))","T6
0.79",False
distiluse-base-multilingual-cased-v1,6,Misinformation & Propaganda,730,,-0.13073558,15.407977,0.7893126606941223,"(np.float64(1.0), np.float64(0.596078431372549), np.float64(0.5882352941176471), np.float64(1.0))","T6
0.79",False
distiluse-base-multilingual-cased-v1,6,Misinformation & Propaganda,780,,-0.5056121,15.763895,0.7893126606941223,"(np.float64(1.0), np.float64(0.596078431372549), np.float64(0.5882352941176471), np.float64(1.0))","T6
0.79",False
distiluse-base-multilingual-cased-v1,6,Misinformation & Propaganda,787,,-0.52743286,16.018211,0.7893126606941223,"(np.float64(1.0), np.float64(0.596078431372549), np.float64(0.5882352941176471), np.float64(1.0))","T6
0.79",False
distiluse-base-multilingual-cased-v1,7,Fact-Checking & Verification,27,,1.2698435,12.73322,0.23343220353126526,"(np.float64(0.5803921568627451), np.float64(0.403921568627451), np.float64(0.7411764705882353), np.float64(1.0))","T7
0.23",True
distiluse-base-multilingual-cased-v1,7,Fact-Checking & Verification,28,,1.0556734,12.889667,0.23343220353126526,"(np.float64(0.5803921568627451), np.float64(0.403921568627451), np.float64(0.7411764705882353), np.float64(1.0))","T7
0.23",True
distiluse-base-multilingual-cased-v1,7,Fact-Checking & Verification,31,,0.9548888,12.668559,0.23343220353126526,"(np.float64(0.5803921568627451), np.float64(0.403921568627451), np.float64(0.7411764705882353), np.float64(1.0))","T7
0.23",True
distiluse-base-multilingual-cased-v1,7,Fact-Checking & Verification,72,,0.9777545,12.607107,0.23343220353126526,"(np.float64(0.5803921568627451), np.float64(0.403921568627451), np.float64(0.7411764705882353), np.float64(1.0))","T7
0.23",True
distiluse-base-multilingual-cased-v1,7,Fact-Checking & Verification,81,,0.88439226,12.836252,0.23343220353126526,"(np.float64(0.5803921568627451), np.float64(0.403921568627451), np.float64(0.7411764705882353), np.float64(1.0))","T7
0.23",True
distiluse-base-multilingual-cased-v1,7,Fact-Checking & Verification,82,,0.9940573,12.806726,0.23343220353126526,"(np.float64(0.5803921568627451), np.float64(0.403921568627451), np.float64(0.7411764705882353), np.float64(1.0))","T7
0.23",True
distiluse-base-multilingual-cased-v1,7,Fact-Checking & Verification,232,,1.1633542,12.695188,0.23343220353126526,"(np.float64(0.5803921568627451), np.float64(0.403921568627451), np.float64(0.7411764705882353), np.float64(1.0))","T7
0.23",True
distiluse-base-multilingual-cased-v1,7,Fact-Checking & Verification,268,,1.2502285,12.650907,0.23343220353126526,"(np.float64(0.5803921568627451), np.float64(0.403921568627451), np.float64(0.7411764705882353), np.float64(1.0))","T7
0.23",True
distiluse-base-multilingual-cased-v1,7,Fact-Checking & Verification,275,,1.2331761,12.756,0.23343220353126526,"(np.float64(0.5803921568627451), np.float64(0.403921568627451), np.float64(0.7411764705882353), np.float64(1.0))","T7
0.23",True
distiluse-base-multilingual-cased-v1,7,Fact-Checking & Verification,399,,0.98010635,12.847043,0.23343220353126526,"(np.float64(0.5803921568627451), np.float64(0.403921568627451), np.float64(0.7411764705882353), np.float64(1.0))","T7
0.23",True
distiluse-base-multilingual-cased-v1,7,Fact-Checking & Verification,403,,0.87380266,12.873967,0.23343220353126526,"(np.float64(0.5803921568627451), np.float64(0.403921568627451), np.float64(0.7411764705882353), np.float64(1.0))","T7
0.23",True
distiluse-base-multilingual-cased-v1,7,Fact-Checking & Verification,406,,1.0721725,13.080508,0.23343220353126526,"(np.float64(0.5803921568627451), np.float64(0.403921568627451), np.float64(0.7411764705882353), np.float64(1.0))","T7
0.23",True
distiluse-base-multilingual-cased-v1,7,Fact-Checking & Verification,562,,1.2240486,12.551024,0.23343220353126526,"(np.float64(0.5803921568627451), np.float64(0.403921568627451), np.float64(0.7411764705882353), np.float64(1.0))","T7
0.23",True
distiluse-base-multilingual-cased-v1,7,Fact-Checking & Verification,698,,0.92648023,12.69975,0.23343220353126526,"(np.float64(0.5803921568627451), np.float64(0.403921568627451), np.float64(0.7411764705882353), np.float64(1.0))","T7
0.23",True
distiluse-base-multilingual-cased-v1,7,Fact-Checking & Verification,699,,1.0625745,12.772363,0.23343220353126526,"(np.float64(0.5803921568627451), np.float64(0.403921568627451), np.float64(0.7411764705882353), np.float64(1.0))","T7
0.23",True
distiluse-base-multilingual-cased-v1,7,Fact-Checking & Verification,755,,1.1898978,12.794431,0.23343220353126526,"(np.float64(0.5803921568627451), np.float64(0.403921568627451), np.float64(0.7411764705882353), np.float64(1.0))","T7
0.23",True
distiluse-base-multilingual-cased-v1,7,Fact-Checking & Verification,809,,1.1232508,12.852716,0.23343220353126526,"(np.float64(0.5803921568627451), np.float64(0.403921568627451), np.float64(0.7411764705882353), np.float64(1.0))","T7
0.23",True
distiluse-base-multilingual-cased-v1,8,Misinformation & Propaganda,58,,2.1560895,15.552418,0.5634483098983765,"(np.float64(0.7725490196078432), np.float64(0.6901960784313725), np.float64(0.8352941176470589), np.float64(1.0))","T8
0.56",False
distiluse-base-multilingual-cased-v1,8,Misinformation & Propaganda,77,,1.1653336,15.083156,0.5634483098983765,"(np.float64(0.7725490196078432), np.float64(0.6901960784313725), np.float64(0.8352941176470589), np.float64(1.0))","T8
0.56",False
distiluse-base-multilingual-cased-v1,8,Misinformation & Propaganda,105,,2.4821897,15.459709,0.5634483098983765,"(np.float64(0.7725490196078432), np.float64(0.6901960784313725), np.float64(0.8352941176470589), np.float64(1.0))","T8
0.56",False
distiluse-base-multilingual-cased-v1,8,Misinformation & Propaganda,173,,2.5950792,15.674921,0.5634483098983765,"(np.float64(0.7725490196078432), np.float64(0.6901960784313725), np.float64(0.8352941176470589), np.float64(1.0))","T8
0.56",False
distiluse-base-multilingual-cased-v1,8,Misinformation & Propaganda,213,,2.4174821,15.605951,0.5634483098983765,"(np.float64(0.7725490196078432), np.float64(0.6901960784313725), np.float64(0.8352941176470589), np.float64(1.0))","T8
0.56",False
distiluse-base-multilingual-cased-v1,8,Misinformation & Propaganda,249,,2.462353,15.20812,0.5634483098983765,"(np.float64(0.7725490196078432), np.float64(0.6901960784313725), np.float64(0.8352941176470589), np.float64(1.0))","T8
0.56",False
distiluse-base-multilingual-cased-v1,8,Misinformation & Propaganda,291,,2.60031,15.520069,0.5634483098983765,"(np.float64(0.7725490196078432), np.float64(0.6901960784313725), np.float64(0.8352941176470589), np.float64(1.0))","T8
0.56",False
distiluse-base-multilingual-cased-v1,8,Misinformation & Propaganda,292,,2.2102728,15.629421,0.5634483098983765,"(np.float64(0.7725490196078432), np.float64(0.6901960784313725), np.float64(0.8352941176470589), np.float64(1.0))","T8
0.56",False
distiluse-base-multilingual-cased-v1,8,Misinformation & Propaganda,353,,1.8084418,15.679815,0.5634483098983765,"(np.float64(0.7725490196078432), np.float64(0.6901960784313725), np.float64(0.8352941176470589), np.float64(1.0))","T8
0.56",False
distiluse-base-multilingual-cased-v1,8,Misinformation & Propaganda,447,,2.1350586,15.78781,0.5634483098983765,"(np.float64(0.7725490196078432), np.float64(0.6901960784313725), np.float64(0.8352941176470589), np.float64(1.0))","T8
0.56",False
distiluse-base-multilingual-cased-v1,8,Misinformation & Propaganda,644,,3.103576,15.293021,0.5634483098983765,"(np.float64(0.7725490196078432), np.float64(0.6901960784313725), np.float64(0.8352941176470589), np.float64(1.0))","T8
0.56",False
distiluse-base-multilingual-cased-v1,8,Misinformation & Propaganda,651,,2.3033967,15.749171,0.5634483098983765,"(np.float64(0.7725490196078432), np.float64(0.6901960784313725), np.float64(0.8352941176470589), np.float64(1.0))","T8
0.56",False
distiluse-base-multilingual-cased-v1,8,Misinformation & Propaganda,717,,2.0198765,15.492037,0.5634483098983765,"(np.float64(0.7725490196078432), np.float64(0.6901960784313725), np.float64(0.8352941176470589), np.float64(1.0))","T8
0.56",False
distiluse-base-multilingual-cased-v1,8,Misinformation & Propaganda,965,,2.1935403,15.568737,0.5634483098983765,"(np.float64(0.7725490196078432), np.float64(0.6901960784313725), np.float64(0.8352941176470589), np.float64(1.0))","T8
0.56",False
distiluse-base-multilingual-cased-v1,9,Misinformation & Propaganda,343,,4.5066414,15.779684,0.20683780312538147,"(np.float64(0.5490196078431373), np.float64(0.33725490196078434), np.float64(0.29411764705882354), np.float64(1.0))","T9
0.21",True
distiluse-base-multilingual-cased-v1,9,Misinformation & Propaganda,415,,4.556992,15.718459,0.20683780312538147,"(np.float64(0.5490196078431373), np.float64(0.33725490196078434), np.float64(0.29411764705882354), np.float64(1.0))","T9
0.21",True
distiluse-base-multilingual-cased-v1,9,Misinformation & Propaganda,432,,4.6103334,15.484263,0.20683780312538147,"(np.float64(0.5490196078431373), np.float64(0.33725490196078434), np.float64(0.29411764705882354), np.float64(1.0))","T9
0.21",True
distiluse-base-multilingual-cased-v1,9,Misinformation & Propaganda,506,,4.6715865,15.629203,0.20683780312538147,"(np.float64(0.5490196078431373), np.float64(0.33725490196078434), np.float64(0.29411764705882354), np.float64(1.0))","T9
0.21",True
distiluse-base-multilingual-cased-v1,9,Misinformation & Propaganda,512,,4.585944,15.487745,0.20683780312538147,"(np.float64(0.5490196078431373), np.float64(0.33725490196078434), np.float64(0.29411764705882354), np.float64(1.0))","T9
0.21",True
distiluse-base-multilingual-cased-v1,9,Misinformation & Propaganda,529,,4.3503003,15.828846,0.20683780312538147,"(np.float64(0.5490196078431373), np.float64(0.33725490196078434), np.float64(0.29411764705882354), np.float64(1.0))","T9
0.21",True
distiluse-base-multilingual-cased-v1,9,Misinformation & Propaganda,567,,4.511392,15.702351,0.20683780312538147,"(np.float64(0.5490196078431373), np.float64(0.33725490196078434), np.float64(0.29411764705882354), np.float64(1.0))","T9
0.21",True
distiluse-base-multilingual-cased-v1,9,Misinformation & Propaganda,619,,4.443741,15.849381,0.20683780312538147,"(np.float64(0.5490196078431373), np.float64(0.33725490196078434), np.float64(0.29411764705882354), np.float64(1.0))","T9
0.21",True
distiluse-base-multilingual-cased-v1,9,Misinformation & Propaganda,622,,4.5927157,15.6024885,0.20683780312538147,"(np.float64(0.5490196078431373), np.float64(0.33725490196078434), np.float64(0.29411764705882354), np.float64(1.0))","T9
0.21",True
distiluse-base-multilingual-cased-v1,9,Misinformation & Propaganda,626,,4.6270976,15.673018,0.20683780312538147,"(np.float64(0.5490196078431373), np.float64(0.33725490196078434), np.float64(0.29411764705882354), np.float64(1.0))","T9
0.21",True
distiluse-base-multilingual-cased-v1,9,Misinformation & Propaganda,641,,4.565909,15.513794,0.20683780312538147,"(np.float64(0.5490196078431373), np.float64(0.33725490196078434), np.float64(0.29411764705882354), np.float64(1.0))","T9
0.21",True
distiluse-base-multilingual-cased-v1,9,Misinformation & Propaganda,688,,4.6663494,15.427442,0.20683780312538147,"(np.float64(0.5490196078431373), np.float64(0.33725490196078434), np.float64(0.29411764705882354), np.float64(1.0))","T9
0.21",True
distiluse-base-multilingual-cased-v1,9,Misinformation & Propaganda,815,,4.6409035,15.496448,0.20683780312538147,"(np.float64(0.5490196078431373), np.float64(0.33725490196078434), np.float64(0.29411764705882354), np.float64(1.0))","T9
0.21",True
distiluse-base-multilingual-cased-v1,10,Fact-Checking & Verification,35,,1.3405704,11.749182,0.3058686852455139,"(np.float64(0.7686274509803922), np.float64(0.611764705882353), np.float64(0.5803921568627451), np.float64(1.0))","T10
0.31",True
distiluse-base-multilingual-cased-v1,10,Fact-Checking & Verification,79,,1.1883342,11.763783,0.3058686852455139,"(np.float64(0.7686274509803922), np.float64(0.611764705882353), np.float64(0.5803921568627451), np.float64(1.0))","T10
0.31",True
distiluse-base-multilingual-cased-v1,10,Fact-Checking & Verification,195,,1.3008807,11.854091,0.3058686852455139,"(np.float64(0.7686274509803922), np.float64(0.611764705882353), np.float64(0.5803921568627451), np.float64(1.0))","T10
0.31",True
distiluse-base-multilingual-cased-v1,10,Fact-Checking & Verification,205,,1.2967894,11.856993,0.3058686852455139,"(np.float64(0.7686274509803922), np.float64(0.611764705882353), np.float64(0.5803921568627451), np.float64(1.0))","T10
0.31",True
distiluse-base-multilingual-cased-v1,10,Fact-Checking & Verification,214,,1.1391904,11.711502,0.3058686852455139,"(np.float64(0.7686274509803922), np.float64(0.611764705882353), np.float64(0.5803921568627451), np.float64(1.0))","T10
0.31",True
distiluse-base-multilingual-cased-v1,10,Fact-Checking & Verification,228,,1.3056885,12.086598,0.3058686852455139,"(np.float64(0.7686274509803922), np.float64(0.611764705882353), np.float64(0.5803921568627451), np.float64(1.0))","T10
0.31",True
distiluse-base-multilingual-cased-v1,10,Fact-Checking & Verification,381,,1.63431,11.941142,0.3058686852455139,"(np.float64(0.7686274509803922), np.float64(0.611764705882353), np.float64(0.5803921568627451), np.float64(1.0))","T10
0.31",True
distiluse-base-multilingual-cased-v1,10,Fact-Checking & Verification,402,,1.615529,11.978703,0.3058686852455139,"(np.float64(0.7686274509803922), np.float64(0.611764705882353), np.float64(0.5803921568627451), np.float64(1.0))","T10
0.31",True
distiluse-base-multilingual-cased-v1,10,Fact-Checking & Verification,404,,1.4302701,11.843654,0.3058686852455139,"(np.float64(0.7686274509803922), np.float64(0.611764705882353), np.float64(0.5803921568627451), np.float64(1.0))","T10
0.31",True
distiluse-base-multilingual-cased-v1,10,Fact-Checking & Verification,652,,1.2774279,11.681725,0.3058686852455139,"(np.float64(0.7686274509803922), np.float64(0.611764705882353), np.float64(0.5803921568627451), np.float64(1.0))","T10
0.31",True
distiluse-base-multilingual-cased-v1,10,Fact-Checking & Verification,667,,1.4676044,11.756872,0.3058686852455139,"(np.float64(0.7686274509803922), np.float64(0.611764705882353), np.float64(0.5803921568627451), np.float64(1.0))","T10
0.31",True
distiluse-base-multilingual-cased-v1,10,Fact-Checking & Verification,821,,1.625014,12.116969,0.3058686852455139,"(np.float64(0.7686274509803922), np.float64(0.611764705882353), np.float64(0.5803921568627451), np.float64(1.0))","T10
0.31",True
distiluse-base-multilingual-cased-v1,10,Fact-Checking & Verification,822,,1.5858288,12.241603,0.3058686852455139,"(np.float64(0.7686274509803922), np.float64(0.611764705882353), np.float64(0.5803921568627451), np.float64(1.0))","T10
0.31",True
distiluse-base-multilingual-cased-v1,11,"deepfake, videos",53,,0.90233696,15.893892,0.17936725914478302,"(np.float64(0.8901960784313725), np.float64(0.4666666666666667), np.float64(0.7607843137254902), np.float64(1.0))","T11
0.18",True
distiluse-base-multilingual-cased-v1,11,"deepfake, videos",59,,1.2408153,15.847875,0.17936725914478302,"(np.float64(0.8901960784313725), np.float64(0.4666666666666667), np.float64(0.7607843137254902), np.float64(1.0))","T11
0.18",True
distiluse-base-multilingual-cased-v1,11,"deepfake, videos",169,,0.95787734,15.852576,0.17936725914478302,"(np.float64(0.8901960784313725), np.float64(0.4666666666666667), np.float64(0.7607843137254902), np.float64(1.0))","T11
0.18",True
distiluse-base-multilingual-cased-v1,11,"deepfake, videos",177,,1.1194259,15.652569,0.17936725914478302,"(np.float64(0.8901960784313725), np.float64(0.4666666666666667), np.float64(0.7607843137254902), np.float64(1.0))","T11
0.18",True
distiluse-base-multilingual-cased-v1,11,"deepfake, videos",189,,0.9536664,15.787269,0.17936725914478302,"(np.float64(0.8901960784313725), np.float64(0.4666666666666667), np.float64(0.7607843137254902), np.float64(1.0))","T11
0.18",True
distiluse-base-multilingual-cased-v1,11,"deepfake, videos",191,,1.0410428,15.793769,0.17936725914478302,"(np.float64(0.8901960784313725), np.float64(0.4666666666666667), np.float64(0.7607843137254902), np.float64(1.0))","T11
0.18",True
distiluse-base-multilingual-cased-v1,11,"deepfake, videos",277,,0.97730225,15.798065,0.17936725914478302,"(np.float64(0.8901960784313725), np.float64(0.4666666666666667), np.float64(0.7607843137254902), np.float64(1.0))","T11
0.18",True
distiluse-base-multilingual-cased-v1,11,"deepfake, videos",372,,0.9476998,15.790187,0.17936725914478302,"(np.float64(0.8901960784313725), np.float64(0.4666666666666667), np.float64(0.7607843137254902), np.float64(1.0))","T11
0.18",True
distiluse-base-multilingual-cased-v1,11,"deepfake, videos",428,,1.0533881,15.747136,0.17936725914478302,"(np.float64(0.8901960784313725), np.float64(0.4666666666666667), np.float64(0.7607843137254902), np.float64(1.0))","T11
0.18",True
distiluse-base-multilingual-cased-v1,11,"deepfake, videos",446,,1.0551085,15.712665,0.17936725914478302,"(np.float64(0.8901960784313725), np.float64(0.4666666666666667), np.float64(0.7607843137254902), np.float64(1.0))","T11
0.18",True
distiluse-base-multilingual-cased-v1,11,"deepfake, videos",640,,1.2699056,15.752953,0.17936725914478302,"(np.float64(0.8901960784313725), np.float64(0.4666666666666667), np.float64(0.7607843137254902), np.float64(1.0))","T11
0.18",True
distiluse-base-multilingual-cased-v1,11,"deepfake, videos",648,,1.1175389,15.923473,0.17936725914478302,"(np.float64(0.8901960784313725), np.float64(0.4666666666666667), np.float64(0.7607843137254902), np.float64(1.0))","T11
0.18",True
distiluse-base-multilingual-cased-v1,11,"deepfake, videos",701,,1.0906197,15.628498,0.17936725914478302,"(np.float64(0.8901960784313725), np.float64(0.4666666666666667), np.float64(0.7607843137254902), np.float64(1.0))","T11
0.18",True
distiluse-base-multilingual-cased-v1,12,"ai, aigenerated",52,,0.08361436,14.243803,0.2253636121749878,"(np.float64(0.9686274509803922), np.float64(0.7137254901960784), np.float64(0.8235294117647058), np.float64(1.0))","T12
0.23",True
distiluse-base-multilingual-cased-v1,12,"ai, aigenerated",89,,0.30901575,14.211879,0.2253636121749878,"(np.float64(0.9686274509803922), np.float64(0.7137254901960784), np.float64(0.8235294117647058), np.float64(1.0))","T12
0.23",True
distiluse-base-multilingual-cased-v1,12,"ai, aigenerated",91,,0.063893035,14.31534,0.2253636121749878,"(np.float64(0.9686274509803922), np.float64(0.7137254901960784), np.float64(0.8235294117647058), np.float64(1.0))","T12
0.23",True
distiluse-base-multilingual-cased-v1,12,"ai, aigenerated",120,,0.053265642,14.325581,0.2253636121749878,"(np.float64(0.9686274509803922), np.float64(0.7137254901960784), np.float64(0.8235294117647058), np.float64(1.0))","T12
0.23",True
distiluse-base-multilingual-cased-v1,12,"ai, aigenerated",123,,-0.037201613,14.00622,0.2253636121749878,"(np.float64(0.9686274509803922), np.float64(0.7137254901960784), np.float64(0.8235294117647058), np.float64(1.0))","T12
0.23",True
distiluse-base-multilingual-cased-v1,12,"ai, aigenerated",185,,0.03813324,14.223302,0.2253636121749878,"(np.float64(0.9686274509803922), np.float64(0.7137254901960784), np.float64(0.8235294117647058), np.float64(1.0))","T12
0.23",True
distiluse-base-multilingual-cased-v1,12,"ai, aigenerated",187,,-0.008665395,14.033379,0.2253636121749878,"(np.float64(0.9686274509803922), np.float64(0.7137254901960784), np.float64(0.8235294117647058), np.float64(1.0))","T12
0.23",True
distiluse-base-multilingual-cased-v1,12,"ai, aigenerated",190,,-0.123258345,13.857186,0.2253636121749878,"(np.float64(0.9686274509803922), np.float64(0.7137254901960784), np.float64(0.8235294117647058), np.float64(1.0))","T12
0.23",True
distiluse-base-multilingual-cased-v1,12,"ai, aigenerated",221,,-0.082173884,14.393191,0.2253636121749878,"(np.float64(0.9686274509803922), np.float64(0.7137254901960784), np.float64(0.8235294117647058), np.float64(1.0))","T12
0.23",True
distiluse-base-multilingual-cased-v1,12,"ai, aigenerated",250,,0.053851634,14.266825,0.2253636121749878,"(np.float64(0.9686274509803922), np.float64(0.7137254901960784), np.float64(0.8235294117647058), np.float64(1.0))","T12
0.23",True
distiluse-base-multilingual-cased-v1,12,"ai, aigenerated",276,,0.06374448,14.205992,0.2253636121749878,"(np.float64(0.9686274509803922), np.float64(0.7137254901960784), np.float64(0.8235294117647058), np.float64(1.0))","T12
0.23",True
distiluse-base-multilingual-cased-v1,12,"ai, aigenerated",426,,0.07373236,14.260351,0.2253636121749878,"(np.float64(0.9686274509803922), np.float64(0.7137254901960784), np.float64(0.8235294117647058), np.float64(1.0))","T12
0.23",True
distiluse-base-multilingual-cased-v1,12,"ai, aigenerated",472,,0.1065537,14.40657,0.2253636121749878,"(np.float64(0.9686274509803922), np.float64(0.7137254901960784), np.float64(0.8235294117647058), np.float64(1.0))","T12
0.23",True
distiluse-base-multilingual-cased-v1,13,"verbal, cues",183,,1.9045297,13.13369,0.2519642412662506,"(np.float64(0.4980392156862745), np.float64(0.4980392156862745), np.float64(0.4980392156862745), np.float64(1.0))","T13
0.25",True
distiluse-base-multilingual-cased-v1,13,"verbal, cues",457,,1.809438,13.032179,0.2519642412662506,"(np.float64(0.4980392156862745), np.float64(0.4980392156862745), np.float64(0.4980392156862745), np.float64(1.0))","T13
0.25",True
distiluse-base-multilingual-cased-v1,13,"verbal, cues",458,,1.8898894,13.0278225,0.2519642412662506,"(np.float64(0.4980392156862745), np.float64(0.4980392156862745), np.float64(0.4980392156862745), np.float64(1.0))","T13
0.25",True
distiluse-base-multilingual-cased-v1,13,"verbal, cues",522,,1.8031055,13.293892,0.2519642412662506,"(np.float64(0.4980392156862745), np.float64(0.4980392156862745), np.float64(0.4980392156862745), np.float64(1.0))","T13
0.25",True
distiluse-base-multilingual-cased-v1,13,"verbal, cues",524,,1.8834178,13.315424,0.2519642412662506,"(np.float64(0.4980392156862745), np.float64(0.4980392156862745), np.float64(0.4980392156862745), np.float64(1.0))","T13
0.25",True
distiluse-base-multilingual-cased-v1,13,"verbal, cues",707,,1.7699641,12.899635,0.2519642412662506,"(np.float64(0.4980392156862745), np.float64(0.4980392156862745), np.float64(0.4980392156862745), np.float64(1.0))","T13
0.25",True
distiluse-base-multilingual-cased-v1,13,"verbal, cues",743,,1.7906121,13.099487,0.2519642412662506,"(np.float64(0.4980392156862745), np.float64(0.4980392156862745), np.float64(0.4980392156862745), np.float64(1.0))","T13
0.25",True
distiluse-base-multilingual-cased-v1,13,"verbal, cues",920,,1.8363795,12.854035,0.2519642412662506,"(np.float64(0.4980392156862745), np.float64(0.4980392156862745), np.float64(0.4980392156862745), np.float64(1.0))","T13
0.25",True
distiluse-base-multilingual-cased-v1,13,"verbal, cues",926,,1.6744425,13.203433,0.2519642412662506,"(np.float64(0.4980392156862745), np.float64(0.4980392156862745), np.float64(0.4980392156862745), np.float64(1.0))","T13
0.25",True
distiluse-base-multilingual-cased-v1,13,"verbal, cues",934,,1.9089875,13.006992,0.2519642412662506,"(np.float64(0.4980392156862745), np.float64(0.4980392156862745), np.float64(0.4980392156862745), np.float64(1.0))","T13
0.25",True
distiluse-base-multilingual-cased-v1,13,"verbal, cues",951,,2.0959888,12.833203,0.2519642412662506,"(np.float64(0.4980392156862745), np.float64(0.4980392156862745), np.float64(0.4980392156862745), np.float64(1.0))","T13
0.25",True
distiluse-base-multilingual-cased-v1,13,"verbal, cues",981,,1.9099259,13.088318,0.2519642412662506,"(np.float64(0.4980392156862745), np.float64(0.4980392156862745), np.float64(0.4980392156862745), np.float64(1.0))","T13
0.25",True
distiluse-base-multilingual-cased-v1,13,"verbal, cues",982,,1.9714713,12.773416,0.2519642412662506,"(np.float64(0.4980392156862745), np.float64(0.4980392156862745), np.float64(0.4980392156862745), np.float64(1.0))","T13
0.25",True
distiluse-base-multilingual-cased-v1,14,Misinformation & Propaganda,10,,0.30486718,16.071053,0.4857730269432068,"(np.float64(0.7803921568627451), np.float64(0.7803921568627451), np.float64(0.7803921568627451), np.float64(1.0))","T14
0.49",True
distiluse-base-multilingual-cased-v1,14,Misinformation & Propaganda,126,,-0.1514621,16.012537,0.4857730269432068,"(np.float64(0.7803921568627451), np.float64(0.7803921568627451), np.float64(0.7803921568627451), np.float64(1.0))","T14
0.49",True
distiluse-base-multilingual-cased-v1,14,Misinformation & Propaganda,138,,-0.3866791,16.42115,0.4857730269432068,"(np.float64(0.7803921568627451), np.float64(0.7803921568627451), np.float64(0.7803921568627451), np.float64(1.0))","T14
0.49",True
distiluse-base-multilingual-cased-v1,14,Misinformation & Propaganda,142,,-0.44977507,16.589397,0.4857730269432068,"(np.float64(0.7803921568627451), np.float64(0.7803921568627451), np.float64(0.7803921568627451), np.float64(1.0))","T14
0.49",True
distiluse-base-multilingual-cased-v1,14,Misinformation & Propaganda,311,,-0.27524266,16.613163,0.4857730269432068,"(np.float64(0.7803921568627451), np.float64(0.7803921568627451), np.float64(0.7803921568627451), np.float64(1.0))","T14
0.49",True
distiluse-base-multilingual-cased-v1,14,Misinformation & Propaganda,312,,-0.597551,16.209095,0.4857730269432068,"(np.float64(0.7803921568627451), np.float64(0.7803921568627451), np.float64(0.7803921568627451), np.float64(1.0))","T14
0.49",True
distiluse-base-multilingual-cased-v1,14,Misinformation & Propaganda,313,,0.14161754,16.28946,0.4857730269432068,"(np.float64(0.7803921568627451), np.float64(0.7803921568627451), np.float64(0.7803921568627451), np.float64(1.0))","T14
0.49",True
distiluse-base-multilingual-cased-v1,14,Misinformation & Propaganda,327,,-0.47719002,16.597284,0.4857730269432068,"(np.float64(0.7803921568627451), np.float64(0.7803921568627451), np.float64(0.7803921568627451), np.float64(1.0))","T14
0.49",True
distiluse-base-multilingual-cased-v1,14,Misinformation & Propaganda,496,,-0.3334851,16.351711,0.4857730269432068,"(np.float64(0.7803921568627451), np.float64(0.7803921568627451), np.float64(0.7803921568627451), np.float64(1.0))","T14
0.49",True
distiluse-base-multilingual-cased-v1,14,Misinformation & Propaganda,630,,-0.091742195,15.8252125,0.4857730269432068,"(np.float64(0.7803921568627451), np.float64(0.7803921568627451), np.float64(0.7803921568627451), np.float64(1.0))","T14
0.49",True
distiluse-base-multilingual-cased-v1,14,Misinformation & Propaganda,637,,0.22356893,16.165623,0.4857730269432068,"(np.float64(0.7803921568627451), np.float64(0.7803921568627451), np.float64(0.7803921568627451), np.float64(1.0))","T14
0.49",True
distiluse-base-multilingual-cased-v1,14,Misinformation & Propaganda,714,,-0.3119309,16.275276,0.4857730269432068,"(np.float64(0.7803921568627451), np.float64(0.7803921568627451), np.float64(0.7803921568627451), np.float64(1.0))","T14
0.49",True
distiluse-base-multilingual-cased-v1,15,Misinformation & Propaganda,160,,2.1821566,17.613134,0.4425162971019745,"(np.float64(0.7372549019607844), np.float64(0.7411764705882353), np.float64(0.13333333333333333), np.float64(1.0))","T15
0.44",True
distiluse-base-multilingual-cased-v1,15,Misinformation & Propaganda,165,,2.0800204,17.6886,0.4425162971019745,"(np.float64(0.7372549019607844), np.float64(0.7411764705882353), np.float64(0.13333333333333333), np.float64(1.0))","T15
0.44",True
distiluse-base-multilingual-cased-v1,15,Misinformation & Propaganda,317,,1.9356415,18.348038,0.4425162971019745,"(np.float64(0.7372549019607844), np.float64(0.7411764705882353), np.float64(0.13333333333333333), np.float64(1.0))","T15
0.44",True
distiluse-base-multilingual-cased-v1,15,Misinformation & Propaganda,362,,1.9898156,18.226768,0.4425162971019745,"(np.float64(0.7372549019607844), np.float64(0.7411764705882353), np.float64(0.13333333333333333), np.float64(1.0))","T15
0.44",True
distiluse-base-multilingual-cased-v1,15,Misinformation & Propaganda,414,,1.9909678,18.065939,0.4425162971019745,"(np.float64(0.7372549019607844), np.float64(0.7411764705882353), np.float64(0.13333333333333333), np.float64(1.0))","T15
0.44",True
distiluse-base-multilingual-cased-v1,15,Misinformation & Propaganda,488,,1.8444078,18.544792,0.4425162971019745,"(np.float64(0.7372549019607844), np.float64(0.7411764705882353), np.float64(0.13333333333333333), np.float64(1.0))","T15
0.44",True
distiluse-base-multilingual-cased-v1,15,Misinformation & Propaganda,549,,1.7211479,18.50717,0.4425162971019745,"(np.float64(0.7372549019607844), np.float64(0.7411764705882353), np.float64(0.13333333333333333), np.float64(1.0))","T15
0.44",True
distiluse-base-multilingual-cased-v1,15,Misinformation & Propaganda,600,,1.8717132,18.582697,0.4425162971019745,"(np.float64(0.7372549019607844), np.float64(0.7411764705882353), np.float64(0.13333333333333333), np.float64(1.0))","T15
0.44",True
distiluse-base-multilingual-cased-v1,15,Misinformation & Propaganda,624,,1.7847091,17.922068,0.4425162971019745,"(np.float64(0.7372549019607844), np.float64(0.7411764705882353), np.float64(0.13333333333333333), np.float64(1.0))","T15
0.44",True
distiluse-base-multilingual-cased-v1,15,Misinformation & Propaganda,711,,1.8704306,18.425411,0.4425162971019745,"(np.float64(0.7372549019607844), np.float64(0.7411764705882353), np.float64(0.13333333333333333), np.float64(1.0))","T15
0.44",True
distiluse-base-multilingual-cased-v1,15,Misinformation & Propaganda,735,,2.0493119,18.14579,0.4425162971019745,"(np.float64(0.7372549019607844), np.float64(0.7411764705882353), np.float64(0.13333333333333333), np.float64(1.0))","T15
0.44",True
distiluse-base-multilingual-cased-v1,16,Misinformation & Propaganda,42,,0.5863389,17.061626,0.3776020407676697,"(np.float64(0.8588235294117647), np.float64(0.8588235294117647), np.float64(0.5529411764705883), np.float64(1.0))","T16
0.38",True
distiluse-base-multilingual-cased-v1,16,Misinformation & Propaganda,335,,0.7212366,17.522623,0.3776020407676697,"(np.float64(0.8588235294117647), np.float64(0.8588235294117647), np.float64(0.5529411764705883), np.float64(1.0))","T16
0.38",True
distiluse-base-multilingual-cased-v1,16,Misinformation & Propaganda,364,,0.8465542,17.231073,0.3776020407676697,"(np.float64(0.8588235294117647), np.float64(0.8588235294117647), np.float64(0.5529411764705883), np.float64(1.0))","T16
0.38",True
distiluse-base-multilingual-cased-v1,16,Misinformation & Propaganda,419,,0.7263616,17.317684,0.3776020407676697,"(np.float64(0.8588235294117647), np.float64(0.8588235294117647), np.float64(0.5529411764705883), np.float64(1.0))","T16
0.38",True
distiluse-base-multilingual-cased-v1,16,Misinformation & Propaganda,503,,0.23473297,17.325487,0.3776020407676697,"(np.float64(0.8588235294117647), np.float64(0.8588235294117647), np.float64(0.5529411764705883), np.float64(1.0))","T16
0.38",True
distiluse-base-multilingual-cased-v1,16,Misinformation & Propaganda,598,,0.0995146,17.30435,0.3776020407676697,"(np.float64(0.8588235294117647), np.float64(0.8588235294117647), np.float64(0.5529411764705883), np.float64(1.0))","T16
0.38",True
distiluse-base-multilingual-cased-v1,16,Misinformation & Propaganda,611,,0.505341,17.297153,0.3776020407676697,"(np.float64(0.8588235294117647), np.float64(0.8588235294117647), np.float64(0.5529411764705883), np.float64(1.0))","T16
0.38",True
distiluse-base-multilingual-cased-v1,16,Misinformation & Propaganda,625,,0.47009656,17.371918,0.3776020407676697,"(np.float64(0.8588235294117647), np.float64(0.8588235294117647), np.float64(0.5529411764705883), np.float64(1.0))","T16
0.38",True
distiluse-base-multilingual-cased-v1,16,Misinformation & Propaganda,712,,0.53852,17.260508,0.3776020407676697,"(np.float64(0.8588235294117647), np.float64(0.8588235294117647), np.float64(0.5529411764705883), np.float64(1.0))","T16
0.38",True
distiluse-base-multilingual-cased-v1,16,Misinformation & Propaganda,715,,0.9215844,17.60402,0.3776020407676697,"(np.float64(0.8588235294117647), np.float64(0.8588235294117647), np.float64(0.5529411764705883), np.float64(1.0))","T16
0.38",True
distiluse-base-multilingual-cased-v1,16,Misinformation & Propaganda,721,,0.5675862,17.599127,0.3776020407676697,"(np.float64(0.8588235294117647), np.float64(0.8588235294117647), np.float64(0.5529411764705883), np.float64(1.0))","T16
0.38",True
distiluse-base-multilingual-cased-v1,17,Fact-Checking & Verification,202,,1.9223284,12.006503,0.21328695118427277,"(np.float64(0.09019607843137255), np.float64(0.7450980392156863), np.float64(0.8117647058823529), np.float64(1.0))","T17
0.21",True
distiluse-base-multilingual-cased-v1,17,Fact-Checking & Verification,233,,1.9123274,12.263559,0.21328695118427277,"(np.float64(0.09019607843137255), np.float64(0.7450980392156863), np.float64(0.8117647058823529), np.float64(1.0))","T17
0.21",True
distiluse-base-multilingual-cased-v1,17,Fact-Checking & Verification,266,,1.8122406,12.265878,0.21328695118427277,"(np.float64(0.09019607843137255), np.float64(0.7450980392156863), np.float64(0.8117647058823529), np.float64(1.0))","T17
0.21",True
distiluse-base-multilingual-cased-v1,17,Fact-Checking & Verification,308,,1.8425317,12.39304,0.21328695118427277,"(np.float64(0.09019607843137255), np.float64(0.7450980392156863), np.float64(0.8117647058823529), np.float64(1.0))","T17
0.21",True
distiluse-base-multilingual-cased-v1,17,Fact-Checking & Verification,532,,1.8013185,12.375672,0.21328695118427277,"(np.float64(0.09019607843137255), np.float64(0.7450980392156863), np.float64(0.8117647058823529), np.float64(1.0))","T17
0.21",True
distiluse-base-multilingual-cased-v1,17,Fact-Checking & Verification,540,,1.7475823,12.2598715,0.21328695118427277,"(np.float64(0.09019607843137255), np.float64(0.7450980392156863), np.float64(0.8117647058823529), np.float64(1.0))","T17
0.21",True
distiluse-base-multilingual-cased-v1,17,Fact-Checking & Verification,668,,1.8639357,12.12936,0.21328695118427277,"(np.float64(0.09019607843137255), np.float64(0.7450980392156863), np.float64(0.8117647058823529), np.float64(1.0))","T17
0.21",True
distiluse-base-multilingual-cased-v1,17,Fact-Checking & Verification,680,,1.8952066,12.528483,0.21328695118427277,"(np.float64(0.09019607843137255), np.float64(0.7450980392156863), np.float64(0.8117647058823529), np.float64(1.0))","T17
0.21",True
distiluse-base-multilingual-cased-v1,17,Fact-Checking & Verification,855,,1.8723757,12.410949,0.21328695118427277,"(np.float64(0.09019607843137255), np.float64(0.7450980392156863), np.float64(0.8117647058823529), np.float64(1.0))","T17
0.21",True
distiluse-base-multilingual-cased-v1,17,Fact-Checking & Verification,887,,1.9985827,12.334507,0.21328695118427277,"(np.float64(0.09019607843137255), np.float64(0.7450980392156863), np.float64(0.8117647058823529), np.float64(1.0))","T17
0.21",True
distiluse-base-multilingual-cased-v1,17,Fact-Checking & Verification,938,,1.8109988,12.506696,0.21328695118427277,"(np.float64(0.09019607843137255), np.float64(0.7450980392156863), np.float64(0.8117647058823529), np.float64(1.0))","T17
0.21",True
distiluse-base-multilingual-cased-v1,18,Crowdsourced Analysis,86,,1.3588544,18.185738,0.4946686625480652,"(np.float64(0.6196078431372549), np.float64(0.8549019607843137), np.float64(0.8980392156862745), np.float64(1.0))","T18
0.49",False
distiluse-base-multilingual-cased-v1,18,Crowdsourced Analysis,116,,1.7241064,18.261333,0.4946686625480652,"(np.float64(0.6196078431372549), np.float64(0.8549019607843137), np.float64(0.8980392156862745), np.float64(1.0))","T18
0.49",False
distiluse-base-multilingual-cased-v1,18,Crowdsourced Analysis,300,,1.4761854,18.381945,0.4946686625480652,"(np.float64(0.6196078431372549), np.float64(0.8549019607843137), np.float64(0.8980392156862745), np.float64(1.0))","T18
0.49",False
distiluse-base-multilingual-cased-v1,18,Crowdsourced Analysis,333,,1.3262241,18.0856,0.4946686625480652,"(np.float64(0.6196078431372549), np.float64(0.8549019607843137), np.float64(0.8980392156862745), np.float64(1.0))","T18
0.49",False
distiluse-base-multilingual-cased-v1,18,Crowdsourced Analysis,393,,1.9338747,18.11105,0.4946686625480652,"(np.float64(0.6196078431372549), np.float64(0.8549019607843137), np.float64(0.8980392156862745), np.float64(1.0))","T18
0.49",False
distiluse-base-multilingual-cased-v1,18,Crowdsourced Analysis,409,,1.5376834,17.330763,0.4946686625480652,"(np.float64(0.6196078431372549), np.float64(0.8549019607843137), np.float64(0.8980392156862745), np.float64(1.0))","T18
0.49",False
distiluse-base-multilingual-cased-v1,18,Crowdsourced Analysis,480,,1.637183,18.370056,0.4946686625480652,"(np.float64(0.6196078431372549), np.float64(0.8549019607843137), np.float64(0.8980392156862745), np.float64(1.0))","T18
0.49",False
distiluse-base-multilingual-cased-v1,18,Crowdsourced Analysis,481,,1.3087946,18.2645,0.4946686625480652,"(np.float64(0.6196078431372549), np.float64(0.8549019607843137), np.float64(0.8980392156862745), np.float64(1.0))","T18
0.49",False
distiluse-base-multilingual-cased-v1,18,Crowdsourced Analysis,530,,1.8957094,18.10574,0.4946686625480652,"(np.float64(0.6196078431372549), np.float64(0.8549019607843137), np.float64(0.8980392156862745), np.float64(1.0))","T18
0.49",False
distiluse-base-multilingual-cased-v1,18,Crowdsourced Analysis,590,,2.050553,18.05576,0.4946686625480652,"(np.float64(0.6196078431372549), np.float64(0.8549019607843137), np.float64(0.8980392156862745), np.float64(1.0))","T18
0.49",False
distiluse-base-multilingual-cased-v1,19,Journalism & Media Studies,128,,1.8129092,16.902433,0.2363598644733429,"(np.float64(0.12156862745098039), np.float64(0.4666666666666667), np.float64(0.7058823529411765), np.float64(1.0))","T19
0.24",True
distiluse-base-multilingual-cased-v1,19,Journalism & Media Studies,156,,1.4653833,16.605871,0.2363598644733429,"(np.float64(0.12156862745098039), np.float64(0.4666666666666667), np.float64(0.7058823529411765), np.float64(1.0))","T19
0.24",True
distiluse-base-multilingual-cased-v1,19,Journalism & Media Studies,208,,1.5238965,16.60645,0.2363598644733429,"(np.float64(0.12156862745098039), np.float64(0.4666666666666667), np.float64(0.7058823529411765), np.float64(1.0))","T19
0.24",True
distiluse-base-multilingual-cased-v1,19,Journalism & Media Studies,319,,1.9160571,16.834814,0.2363598644733429,"(np.float64(0.12156862745098039), np.float64(0.4666666666666667), np.float64(0.7058823529411765), np.float64(1.0))","T19
0.24",True
distiluse-base-multilingual-cased-v1,19,Journalism & Media Studies,329,,1.8350875,16.696114,0.2363598644733429,"(np.float64(0.12156862745098039), np.float64(0.4666666666666667), np.float64(0.7058823529411765), np.float64(1.0))","T19
0.24",True
distiluse-base-multilingual-cased-v1,19,Journalism & Media Studies,352,,1.7698957,16.689348,0.2363598644733429,"(np.float64(0.12156862745098039), np.float64(0.4666666666666667), np.float64(0.7058823529411765), np.float64(1.0))","T19
0.24",True
distiluse-base-multilingual-cased-v1,19,Journalism & Media Studies,478,,1.7431194,16.84835,0.2363598644733429,"(np.float64(0.12156862745098039), np.float64(0.4666666666666667), np.float64(0.7058823529411765), np.float64(1.0))","T19
0.24",True
distiluse-base-multilingual-cased-v1,19,Journalism & Media Studies,623,,1.7860922,16.783138,0.2363598644733429,"(np.float64(0.12156862745098039), np.float64(0.4666666666666667), np.float64(0.7058823529411765), np.float64(1.0))","T19
0.24",True
distiluse-base-multilingual-cased-v1,19,Journalism & Media Studies,750,,1.7401254,16.68587,0.2363598644733429,"(np.float64(0.12156862745098039), np.float64(0.4666666666666667), np.float64(0.7058823529411765), np.float64(1.0))","T19
0.24",True
distiluse-base-multilingual-cased-v1,19,Journalism & Media Studies,863,,1.7994628,16.503056,0.2363598644733429,"(np.float64(0.12156862745098039), np.float64(0.4666666666666667), np.float64(0.7058823529411765), np.float64(1.0))","T19
0.24",True
distiluse-base-multilingual-cased-v1,20,"machine, learning",54,,1.2652743,15.643047,0.47948238253593445,"(np.float64(0.6823529411764706), np.float64(0.7803921568627451), np.float64(0.9098039215686274), np.float64(1.0))","T20
0.48",True
distiluse-base-multilingual-cased-v1,20,"machine, learning",125,,1.1450765,15.378627,0.47948238253593445,"(np.float64(0.6823529411764706), np.float64(0.7803921568627451), np.float64(0.9098039215686274), np.float64(1.0))","T20
0.48",True
distiluse-base-multilingual-cased-v1,20,"machine, learning",131,,1.2466451,15.394884,0.47948238253593445,"(np.float64(0.6823529411764706), np.float64(0.7803921568627451), np.float64(0.9098039215686274), np.float64(1.0))","T20
0.48",True
distiluse-base-multilingual-cased-v1,20,"machine, learning",152,,0.4888815,15.962258,0.47948238253593445,"(np.float64(0.6823529411764706), np.float64(0.7803921568627451), np.float64(0.9098039215686274), np.float64(1.0))","T20
0.48",True
distiluse-base-multilingual-cased-v1,20,"machine, learning",218,,0.6532794,16.124857,0.47948238253593445,"(np.float64(0.6823529411764706), np.float64(0.7803921568627451), np.float64(0.9098039215686274), np.float64(1.0))","T20
0.48",True
distiluse-base-multilingual-cased-v1,20,"machine, learning",345,,1.0167712,15.5775175,0.47948238253593445,"(np.float64(0.6823529411764706), np.float64(0.7803921568627451), np.float64(0.9098039215686274), np.float64(1.0))","T20
0.48",True
distiluse-base-multilingual-cased-v1,20,"machine, learning",363,,1.1526798,15.540984,0.47948238253593445,"(np.float64(0.6823529411764706), np.float64(0.7803921568627451), np.float64(0.9098039215686274), np.float64(1.0))","T20
0.48",True
distiluse-base-multilingual-cased-v1,20,"machine, learning",371,,1.0816896,15.330578,0.47948238253593445,"(np.float64(0.6823529411764706), np.float64(0.7803921568627451), np.float64(0.9098039215686274), np.float64(1.0))","T20
0.48",True
distiluse-base-multilingual-cased-v1,20,"machine, learning",384,,0.75876004,15.998348,0.47948238253593445,"(np.float64(0.6823529411764706), np.float64(0.7803921568627451), np.float64(0.9098039215686274), np.float64(1.0))","T20
0.48",True
distiluse-base-multilingual-cased-v1,20,"machine, learning",664,,0.9812752,15.886002,0.47948238253593445,"(np.float64(0.6823529411764706), np.float64(0.7803921568627451), np.float64(0.9098039215686274), np.float64(1.0))","T20
0.48",True
distiluse-base-multilingual-cased-v1,21,Credibility Assessment,43,,2.9892242,14.562845,0.49725037813186646,"(np.float64(1.0), np.float64(0.4980392156862745), np.float64(0.054901960784313725), np.float64(1.0))","T21
0.50",False
distiluse-base-multilingual-cased-v1,21,Credibility Assessment,141,,2.8649697,14.554152,0.49725037813186646,"(np.float64(1.0), np.float64(0.4980392156862745), np.float64(0.054901960784313725), np.float64(1.0))","T21
0.50",False
distiluse-base-multilingual-cased-v1,21,Credibility Assessment,154,,2.89755,14.731512,0.49725037813186646,"(np.float64(1.0), np.float64(0.4980392156862745), np.float64(0.054901960784313725), np.float64(1.0))","T21
0.50",False
distiluse-base-multilingual-cased-v1,21,Credibility Assessment,188,,2.6829093,14.887995,0.49725037813186646,"(np.float64(1.0), np.float64(0.4980392156862745), np.float64(0.054901960784313725), np.float64(1.0))","T21
0.50",False
distiluse-base-multilingual-cased-v1,21,Credibility Assessment,193,,2.7360935,14.568544,0.49725037813186646,"(np.float64(1.0), np.float64(0.4980392156862745), np.float64(0.054901960784313725), np.float64(1.0))","T21
0.50",False
distiluse-base-multilingual-cased-v1,21,Credibility Assessment,797,,3.151986,14.216186,0.49725037813186646,"(np.float64(1.0), np.float64(0.4980392156862745), np.float64(0.054901960784313725), np.float64(1.0))","T21
0.50",False
distiluse-base-multilingual-cased-v1,21,Credibility Assessment,818,,2.9083498,15.585304,0.49725037813186646,"(np.float64(1.0), np.float64(0.4980392156862745), np.float64(0.054901960784313725), np.float64(1.0))","T21
0.50",False
distiluse-base-multilingual-cased-v1,21,Credibility Assessment,937,,2.401001,14.959858,0.49725037813186646,"(np.float64(1.0), np.float64(0.4980392156862745), np.float64(0.054901960784313725), np.float64(1.0))","T21
0.50",False
distiluse-base-multilingual-cased-v1,21,Credibility Assessment,940,,2.976224,14.864094,0.49725037813186646,"(np.float64(1.0), np.float64(0.4980392156862745), np.float64(0.054901960784313725), np.float64(1.0))","T21
0.50",False
distiluse-base-multilingual-cased-v1,21,Credibility Assessment,968,,2.9147751,14.704709,0.49725037813186646,"(np.float64(1.0), np.float64(0.4980392156862745), np.float64(0.054901960784313725), np.float64(1.0))","T21
0.50",False
distiluse-base-multilingual-cased-v1,22,Crowdsourced Analysis,39,,2.181459,14.748627,0.7696846723556519,"(np.float64(1.0), np.float64(0.7333333333333333), np.float64(0.47058823529411764), np.float64(1.0))","T22
0.77",False
distiluse-base-multilingual-cased-v1,22,Crowdsourced Analysis,71,,2.0757108,14.298095,0.7696846723556519,"(np.float64(1.0), np.float64(0.7333333333333333), np.float64(0.47058823529411764), np.float64(1.0))","T22
0.77",False
distiluse-base-multilingual-cased-v1,22,Crowdsourced Analysis,262,,2.0222335,13.678727,0.7696846723556519,"(np.float64(1.0), np.float64(0.7333333333333333), np.float64(0.47058823529411764), np.float64(1.0))","T22
0.77",False
distiluse-base-multilingual-cased-v1,22,Crowdsourced Analysis,297,,2.1227694,14.229508,0.7696846723556519,"(np.float64(1.0), np.float64(0.7333333333333333), np.float64(0.47058823529411764), np.float64(1.0))","T22
0.77",False
distiluse-base-multilingual-cased-v1,22,Crowdsourced Analysis,306,,2.3013594,14.765428,0.7696846723556519,"(np.float64(1.0), np.float64(0.7333333333333333), np.float64(0.47058823529411764), np.float64(1.0))","T22
0.77",False
distiluse-base-multilingual-cased-v1,22,Crowdsourced Analysis,385,,2.1113484,14.307508,0.7696846723556519,"(np.float64(1.0), np.float64(0.7333333333333333), np.float64(0.47058823529411764), np.float64(1.0))","T22
0.77",False
distiluse-base-multilingual-cased-v1,22,Crowdsourced Analysis,412,,2.20458,14.701453,0.7696846723556519,"(np.float64(1.0), np.float64(0.7333333333333333), np.float64(0.47058823529411764), np.float64(1.0))","T22
0.77",False
distiluse-base-multilingual-cased-v1,22,Crowdsourced Analysis,614,,2.0593204,14.283682,0.7696846723556519,"(np.float64(1.0), np.float64(0.7333333333333333), np.float64(0.47058823529411764), np.float64(1.0))","T22
0.77",False
distiluse-base-multilingual-cased-v1,22,Crowdsourced Analysis,671,,2.256793,14.777255,0.7696846723556519,"(np.float64(1.0), np.float64(0.7333333333333333), np.float64(0.47058823529411764), np.float64(1.0))","T22
0.77",False
distiluse-base-multilingual-cased-v1,22,Crowdsourced Analysis,967,,4.015096,15.395562,0.7696846723556519,"(np.float64(1.0), np.float64(0.7333333333333333), np.float64(0.47058823529411764), np.float64(1.0))","T22
0.77",False
distiluse-base-multilingual-cased-v1,23,Misinformation & Propaganda,21,,4.3484507,15.824894,0.08877868205308914,"(np.float64(0.17254901960784313), np.float64(0.6274509803921569), np.float64(0.17254901960784313), np.float64(1.0))","T23
0.09",True
distiluse-base-multilingual-cased-v1,23,Misinformation & Propaganda,99,,4.238372,15.885984,0.08877868205308914,"(np.float64(0.17254901960784313), np.float64(0.6274509803921569), np.float64(0.17254901960784313), np.float64(1.0))","T23
0.09",True
distiluse-base-multilingual-cased-v1,23,Misinformation & Propaganda,324,,4.2489676,15.847786,0.08877868205308914,"(np.float64(0.17254901960784313), np.float64(0.6274509803921569), np.float64(0.17254901960784313), np.float64(1.0))","T23
0.09",True
distiluse-base-multilingual-cased-v1,23,Misinformation & Propaganda,453,,4.3133044,15.950856,0.08877868205308914,"(np.float64(0.17254901960784313), np.float64(0.6274509803921569), np.float64(0.17254901960784313), np.float64(1.0))","T23
0.09",True
distiluse-base-multilingual-cased-v1,23,Misinformation & Propaganda,455,,4.2908087,15.885203,0.08877868205308914,"(np.float64(0.17254901960784313), np.float64(0.6274509803921569), np.float64(0.17254901960784313), np.float64(1.0))","T23
0.09",True
distiluse-base-multilingual-cased-v1,23,Misinformation & Propaganda,461,,4.301229,15.911131,0.08877868205308914,"(np.float64(0.17254901960784313), np.float64(0.6274509803921569), np.float64(0.17254901960784313), np.float64(1.0))","T23
0.09",True
distiluse-base-multilingual-cased-v1,23,Misinformation & Propaganda,518,,4.2849255,15.886771,0.08877868205308914,"(np.float64(0.17254901960784313), np.float64(0.6274509803921569), np.float64(0.17254901960784313), np.float64(1.0))","T23
0.09",True
distiluse-base-multilingual-cased-v1,23,Misinformation & Propaganda,542,,4.2659397,16.011656,0.08877868205308914,"(np.float64(0.17254901960784313), np.float64(0.6274509803921569), np.float64(0.17254901960784313), np.float64(1.0))","T23
0.09",True
distiluse-base-multilingual-cased-v1,23,Misinformation & Propaganda,594,,4.3788743,15.844061,0.08877868205308914,"(np.float64(0.17254901960784313), np.float64(0.6274509803921569), np.float64(0.17254901960784313), np.float64(1.0))","T23
0.09",True
distiluse-base-multilingual-cased-v1,23,Misinformation & Propaganda,703,,4.2990627,15.929023,0.08877868205308914,"(np.float64(0.17254901960784313), np.float64(0.6274509803921569), np.float64(0.17254901960784313), np.float64(1.0))","T23
0.09",True
distiluse-base-multilingual-cased-v1,24,Fact-Checking & Verification,555,,-0.5815879,14.963185,1.1156810522079468,"(np.float64(0.596078431372549), np.float64(0.8745098039215686), np.float64(0.5411764705882353), np.float64(1.0))","T24
1.12",False
distiluse-base-multilingual-cased-v1,24,Fact-Checking & Verification,556,,-0.4970616,14.84695,1.1156810522079468,"(np.float64(0.596078431372549), np.float64(0.8745098039215686), np.float64(0.5411764705882353), np.float64(1.0))","T24
1.12",False
distiluse-base-multilingual-cased-v1,24,Fact-Checking & Verification,588,,1.3802074,13.145959,1.1156810522079468,"(np.float64(0.596078431372549), np.float64(0.8745098039215686), np.float64(0.5411764705882353), np.float64(1.0))","T24
1.12",False
distiluse-base-multilingual-cased-v1,24,Fact-Checking & Verification,757,,1.1787267,13.202807,1.1156810522079468,"(np.float64(0.596078431372549), np.float64(0.8745098039215686), np.float64(0.5411764705882353), np.float64(1.0))","T24
1.12",False
distiluse-base-multilingual-cased-v1,24,Fact-Checking & Verification,760,,1.3758461,13.379461,1.1156810522079468,"(np.float64(0.596078431372549), np.float64(0.8745098039215686), np.float64(0.5411764705882353), np.float64(1.0))","T24
1.12",False
distiluse-base-multilingual-cased-v1,24,Fact-Checking & Verification,808,,1.5227766,13.656152,1.1156810522079468,"(np.float64(0.596078431372549), np.float64(0.8745098039215686), np.float64(0.5411764705882353), np.float64(1.0))","T24
1.12",False
distiluse-base-multilingual-cased-v1,24,Fact-Checking & Verification,824,,1.0501338,13.248474,1.1156810522079468,"(np.float64(0.596078431372549), np.float64(0.8745098039215686), np.float64(0.5411764705882353), np.float64(1.0))","T24
1.12",False
distiluse-base-multilingual-cased-v1,24,Fact-Checking & Verification,856,,1.3295667,13.4068775,1.1156810522079468,"(np.float64(0.596078431372549), np.float64(0.8745098039215686), np.float64(0.5411764705882353), np.float64(1.0))","T24
1.12",False
distiluse-base-multilingual-cased-v1,24,Fact-Checking & Verification,857,,1.1604015,13.394206,1.1156810522079468,"(np.float64(0.596078431372549), np.float64(0.8745098039215686), np.float64(0.5411764705882353), np.float64(1.0))","T24
1.12",False
distiluse-base-multilingual-cased-v1,25,"sensing, discovery",523,,1.8486446,13.676852,0.6024560928344727,"(np.float64(0.8392156862745098), np.float64(0.15294117647058825), np.float64(0.1568627450980392), np.float64(1.0))","T25
0.60",False
distiluse-base-multilingual-cased-v1,25,"sensing, discovery",582,,3.5697424,15.27996,0.6024560928344727,"(np.float64(0.8392156862745098), np.float64(0.15294117647058825), np.float64(0.1568627450980392), np.float64(1.0))","T25
0.60",False
distiluse-base-multilingual-cased-v1,25,"sensing, discovery",853,,3.310479,15.175253,0.6024560928344727,"(np.float64(0.8392156862745098), np.float64(0.15294117647058825), np.float64(0.1568627450980392), np.float64(1.0))","T25
0.60",False
distiluse-base-multilingual-cased-v1,25,"sensing, discovery",872,,3.3706198,15.0638895,0.6024560928344727,"(np.float64(0.8392156862745098), np.float64(0.15294117647058825), np.float64(0.1568627450980392), np.float64(1.0))","T25
0.60",False
distiluse-base-multilingual-cased-v1,25,"sensing, discovery",877,,3.433083,15.248166,0.6024560928344727,"(np.float64(0.8392156862745098), np.float64(0.15294117647058825), np.float64(0.1568627450980392), np.float64(1.0))","T25
0.60",False
distiluse-base-multilingual-cased-v1,25,"sensing, discovery",895,,3.3344958,14.999959,0.6024560928344727,"(np.float64(0.8392156862745098), np.float64(0.15294117647058825), np.float64(0.1568627450980392), np.float64(1.0))","T25
0.60",False
distiluse-base-multilingual-cased-v1,25,"sensing, discovery",897,,3.3511212,14.986159,0.6024560928344727,"(np.float64(0.8392156862745098), np.float64(0.15294117647058825), np.float64(0.1568627450980392), np.float64(1.0))","T25
0.60",False
distiluse-base-multilingual-cased-v1,25,"sensing, discovery",931,,3.3384333,14.968745,0.6024560928344727,"(np.float64(0.8392156862745098), np.float64(0.15294117647058825), np.float64(0.1568627450980392), np.float64(1.0))","T25
0.60",False
distiluse-base-multilingual-cased-v1,25,"sensing, discovery",956,,3.353058,15.081117,0.6024560928344727,"(np.float64(0.8392156862745098), np.float64(0.15294117647058825), np.float64(0.1568627450980392), np.float64(1.0))","T25
0.60",False
distiluse-base-multilingual-cased-v1,26,"fact, multiclaim",65,,2.1158986,11.829426,0.3009379506111145,"(np.float64(1.0), np.float64(0.596078431372549), np.float64(0.5882352941176471), np.float64(1.0))","T26
0.30",True
distiluse-base-multilingual-cased-v1,26,"fact, multiclaim",78,,1.9984624,11.943923,0.3009379506111145,"(np.float64(1.0), np.float64(0.596078431372549), np.float64(0.5882352941176471), np.float64(1.0))","T26
0.30",True
distiluse-base-multilingual-cased-v1,26,"fact, multiclaim",443,,2.051629,11.856824,0.3009379506111145,"(np.float64(1.0), np.float64(0.596078431372549), np.float64(0.5882352941176471), np.float64(1.0))","T26
0.30",True
distiluse-base-multilingual-cased-v1,26,"fact, multiclaim",558,,1.9615959,11.77144,0.3009379506111145,"(np.float64(1.0), np.float64(0.596078431372549), np.float64(0.5882352941176471), np.float64(1.0))","T26
0.30",True
distiluse-base-multilingual-cased-v1,26,"fact, multiclaim",577,,1.5391501,11.465464,0.3009379506111145,"(np.float64(1.0), np.float64(0.596078431372549), np.float64(0.5882352941176471), np.float64(1.0))","T26
0.30",True
distiluse-base-multilingual-cased-v1,26,"fact, multiclaim",581,,1.7831174,11.704595,0.3009379506111145,"(np.float64(1.0), np.float64(0.596078431372549), np.float64(0.5882352941176471), np.float64(1.0))","T26
0.30",True
distiluse-base-multilingual-cased-v1,26,"fact, multiclaim",828,,1.6940585,11.490789,0.3009379506111145,"(np.float64(1.0), np.float64(0.596078431372549), np.float64(0.5882352941176471), np.float64(1.0))","T26
0.30",True
distiluse-base-multilingual-cased-v1,26,"fact, multiclaim",841,,1.9261758,11.733244,0.3009379506111145,"(np.float64(1.0), np.float64(0.596078431372549), np.float64(0.5882352941176471), np.float64(1.0))","T26
0.30",True
distiluse-base-multilingual-cased-v1,26,"fact, multiclaim",915,,1.849689,11.61352,0.3009379506111145,"(np.float64(1.0), np.float64(0.596078431372549), np.float64(0.5882352941176471), np.float64(1.0))","T26
0.30",True
distiluse-base-multilingual-cased-v1,27,Credibility Assessment,1,,3.3448741,17.507225,0.40667203068733215,"(np.float64(0.5803921568627451), np.float64(0.403921568627451), np.float64(0.7411764705882353), np.float64(1.0))","T27
0.41",True
distiluse-base-multilingual-cased-v1,27,Credibility Assessment,377,,3.2265363,17.582876,0.40667203068733215,"(np.float64(0.5803921568627451), np.float64(0.403921568627451), np.float64(0.7411764705882353), np.float64(1.0))","T27
0.41",True
distiluse-base-multilingual-cased-v1,27,Credibility Assessment,484,,3.757783,17.949446,0.40667203068733215,"(np.float64(0.5803921568627451), np.float64(0.403921568627451), np.float64(0.7411764705882353), np.float64(1.0))","T27
0.41",True
distiluse-base-multilingual-cased-v1,27,Credibility Assessment,620,,3.4328809,17.699718,0.40667203068733215,"(np.float64(0.5803921568627451), np.float64(0.403921568627451), np.float64(0.7411764705882353), np.float64(1.0))","T27
0.41",True
distiluse-base-multilingual-cased-v1,27,Credibility Assessment,639,,3.8331358,17.763388,0.40667203068733215,"(np.float64(0.5803921568627451), np.float64(0.403921568627451), np.float64(0.7411764705882353), np.float64(1.0))","T27
0.41",True
distiluse-base-multilingual-cased-v1,27,Credibility Assessment,845,,3.9200444,17.668005,0.40667203068733215,"(np.float64(0.5803921568627451), np.float64(0.403921568627451), np.float64(0.7411764705882353), np.float64(1.0))","T27
0.41",True
distiluse-base-multilingual-cased-v1,27,Credibility Assessment,875,,3.8492384,17.906284,0.40667203068733215,"(np.float64(0.5803921568627451), np.float64(0.403921568627451), np.float64(0.7411764705882353), np.float64(1.0))","T27
0.41",True
distiluse-base-multilingual-cased-v1,27,Credibility Assessment,929,,3.7977498,17.579956,0.40667203068733215,"(np.float64(0.5803921568627451), np.float64(0.403921568627451), np.float64(0.7411764705882353), np.float64(1.0))","T27
0.41",True
distiluse-base-multilingual-cased-v1,27,Credibility Assessment,958,,3.8993542,18.041128,0.40667203068733215,"(np.float64(0.5803921568627451), np.float64(0.403921568627451), np.float64(0.7411764705882353), np.float64(1.0))","T27
0.41",True
distiluse-base-multilingual-cased-v1,28,Misinformation & Propaganda,136,,0.74664176,17.460697,0.38961660861968994,"(np.float64(0.7725490196078432), np.float64(0.6901960784313725), np.float64(0.8352941176470589), np.float64(1.0))","T28
0.39",True
distiluse-base-multilingual-cased-v1,28,Misinformation & Propaganda,310,,1.016784,17.73844,0.38961660861968994,"(np.float64(0.7725490196078432), np.float64(0.6901960784313725), np.float64(0.8352941176470589), np.float64(1.0))","T28
0.39",True
distiluse-base-multilingual-cased-v1,28,Misinformation & Propaganda,315,,1.1576385,17.277508,0.38961660861968994,"(np.float64(0.7725490196078432), np.float64(0.6901960784313725), np.float64(0.8352941176470589), np.float64(1.0))","T28
0.39",True
distiluse-base-multilingual-cased-v1,28,Misinformation & Propaganda,339,,1.2788341,17.492985,0.38961660861968994,"(np.float64(0.7725490196078432), np.float64(0.6901960784313725), np.float64(0.8352941176470589), np.float64(1.0))","T28
0.39",True
distiluse-base-multilingual-cased-v1,28,Misinformation & Propaganda,357,,0.9538842,17.257212,0.38961660861968994,"(np.float64(0.7725490196078432), np.float64(0.6901960784313725), np.float64(0.8352941176470589), np.float64(1.0))","T28
0.39",True
distiluse-base-multilingual-cased-v1,28,Misinformation & Propaganda,359,,0.6692011,17.35758,0.38961660861968994,"(np.float64(0.7725490196078432), np.float64(0.6901960784313725), np.float64(0.8352941176470589), np.float64(1.0))","T28
0.39",True
distiluse-base-multilingual-cased-v1,28,Misinformation & Propaganda,489,,1.1679764,17.179583,0.38961660861968994,"(np.float64(0.7725490196078432), np.float64(0.6901960784313725), np.float64(0.8352941176470589), np.float64(1.0))","T28
0.39",True
distiluse-base-multilingual-cased-v1,28,Misinformation & Propaganda,504,,0.65486914,17.377419,0.38961660861968994,"(np.float64(0.7725490196078432), np.float64(0.6901960784313725), np.float64(0.8352941176470589), np.float64(1.0))","T28
0.39",True
distiluse-base-multilingual-cased-v1,28,Misinformation & Propaganda,804,,1.1475633,17.640125,0.38961660861968994,"(np.float64(0.7725490196078432), np.float64(0.6901960784313725), np.float64(0.8352941176470589), np.float64(1.0))","T28
0.39",True
distiluse-base-multilingual-cased-v1,29,Rumor on Social Media,439,,2.6537187,16.412966,0.17285749316215515,"(np.float64(0.5490196078431373), np.float64(0.33725490196078434), np.float64(0.29411764705882354), np.float64(1.0))","T29
0.17",True
distiluse-base-multilingual-cased-v1,29,Rumor on Social Media,449,,2.6497712,16.342014,0.17285749316215515,"(np.float64(0.5490196078431373), np.float64(0.33725490196078434), np.float64(0.29411764705882354), np.float64(1.0))","T29
0.17",True
distiluse-base-multilingual-cased-v1,29,Rumor on Social Media,517,,2.5536036,16.437136,0.17285749316215515,"(np.float64(0.5490196078431373), np.float64(0.33725490196078434), np.float64(0.29411764705882354), np.float64(1.0))","T29
0.17",True
distiluse-base-multilingual-cased-v1,29,Rumor on Social Media,678,,2.4895687,16.1895,0.17285749316215515,"(np.float64(0.5490196078431373), np.float64(0.33725490196078434), np.float64(0.29411764705882354), np.float64(1.0))","T29
0.17",True
distiluse-base-multilingual-cased-v1,29,Rumor on Social Media,812,,2.669407,16.52875,0.17285749316215515,"(np.float64(0.5490196078431373), np.float64(0.33725490196078434), np.float64(0.29411764705882354), np.float64(1.0))","T29
0.17",True
distiluse-base-multilingual-cased-v1,29,Rumor on Social Media,816,,2.7152631,16.47338,0.17285749316215515,"(np.float64(0.5490196078431373), np.float64(0.33725490196078434), np.float64(0.29411764705882354), np.float64(1.0))","T29
0.17",True
distiluse-base-multilingual-cased-v1,29,Rumor on Social Media,866,,2.7199154,16.55315,0.17285749316215515,"(np.float64(0.5490196078431373), np.float64(0.33725490196078434), np.float64(0.29411764705882354), np.float64(1.0))","T29
0.17",True
distiluse-base-multilingual-cased-v1,29,Rumor on Social Media,870,,2.5849073,16.390322,0.17285749316215515,"(np.float64(0.5490196078431373), np.float64(0.33725490196078434), np.float64(0.29411764705882354), np.float64(1.0))","T29
0.17",True
distiluse-base-multilingual-cased-v1,30,Misinformation & Propaganda,48,,-0.6547932,17.859808,0.21178214251995087,"(np.float64(0.7686274509803922), np.float64(0.611764705882353), np.float64(0.5803921568627451), np.float64(1.0))","T30
0.21",True
distiluse-base-multilingual-cased-v1,30,Misinformation & Propaganda,137,,-0.76533866,17.996319,0.21178214251995087,"(np.float64(0.7686274509803922), np.float64(0.611764705882353), np.float64(0.5803921568627451), np.float64(1.0))","T30
0.21",True
distiluse-base-multilingual-cased-v1,30,Misinformation & Propaganda,278,,-0.5527311,17.91972,0.21178214251995087,"(np.float64(0.7686274509803922), np.float64(0.611764705882353), np.float64(0.5803921568627451), np.float64(1.0))","T30
0.21",True
distiluse-base-multilingual-cased-v1,30,Misinformation & Propaganda,294,,-0.79383856,17.562979,0.21178214251995087,"(np.float64(0.7686274509803922), np.float64(0.611764705882353), np.float64(0.5803921568627451), np.float64(1.0))","T30
0.21",True
distiluse-base-multilingual-cased-v1,30,Misinformation & Propaganda,422,,-0.683326,17.835394,0.21178214251995087,"(np.float64(0.7686274509803922), np.float64(0.611764705882353), np.float64(0.5803921568627451), np.float64(1.0))","T30
0.21",True
distiluse-base-multilingual-cased-v1,30,Misinformation & Propaganda,674,,-0.6019063,17.815432,0.21178214251995087,"(np.float64(0.7686274509803922), np.float64(0.611764705882353), np.float64(0.5803921568627451), np.float64(1.0))","T30
0.21",True
distiluse-base-multilingual-cased-v1,30,Misinformation & Propaganda,733,,-0.72361165,18.065462,0.21178214251995087,"(np.float64(0.7686274509803922), np.float64(0.611764705882353), np.float64(0.5803921568627451), np.float64(1.0))","T30
0.21",True
distiluse-base-multilingual-cased-v1,30,Misinformation & Propaganda,767,,-0.7261749,17.957144,0.21178214251995087,"(np.float64(0.7686274509803922), np.float64(0.611764705882353), np.float64(0.5803921568627451), np.float64(1.0))","T30
0.21",True
distiluse-base-multilingual-cased-v1,31,Misinformation & Propaganda,8,,0.06852027,17.493172,0.48746752738952637,"(np.float64(0.8901960784313725), np.float64(0.4666666666666667), np.float64(0.7607843137254902), np.float64(1.0))","T31
0.49",True
distiluse-base-multilingual-cased-v1,31,Misinformation & Propaganda,133,,0.07350028,17.317318,0.48746752738952637,"(np.float64(0.8901960784313725), np.float64(0.4666666666666667), np.float64(0.7607843137254902), np.float64(1.0))","T31
0.49",True
distiluse-base-multilingual-cased-v1,31,Misinformation & Propaganda,140,,0.29418135,17.360409,0.48746752738952637,"(np.float64(0.8901960784313725), np.float64(0.4666666666666667), np.float64(0.7607843137254902), np.float64(1.0))","T31
0.49",True
distiluse-base-multilingual-cased-v1,31,Misinformation & Propaganda,728,,0.5326104,17.432062,0.48746752738952637,"(np.float64(0.8901960784313725), np.float64(0.4666666666666667), np.float64(0.7607843137254902), np.float64(1.0))","T31
0.49",True
distiluse-base-multilingual-cased-v1,31,Misinformation & Propaganda,732,,0.7228753,16.811773,0.48746752738952637,"(np.float64(0.8901960784313725), np.float64(0.4666666666666667), np.float64(0.7607843137254902), np.float64(1.0))","T31
0.49",True
distiluse-base-multilingual-cased-v1,31,Misinformation & Propaganda,819,,0.59550804,16.943304,0.48746752738952637,"(np.float64(0.8901960784313725), np.float64(0.4666666666666667), np.float64(0.7607843137254902), np.float64(1.0))","T31
0.49",True
distiluse-base-multilingual-cased-v1,31,Misinformation & Propaganda,876,,0.46108833,17.387646,0.48746752738952637,"(np.float64(0.8901960784313725), np.float64(0.4666666666666667), np.float64(0.7607843137254902), np.float64(1.0))","T31
0.49",True
distiluse-base-multilingual-cased-v1,31,Misinformation & Propaganda,884,,0.45651972,16.759016,0.48746752738952637,"(np.float64(0.8901960784313725), np.float64(0.4666666666666667), np.float64(0.7607843137254902), np.float64(1.0))","T31
0.49",True
distiluse-base-multilingual-cased-v1,32,Misinformation & Propaganda,68,,1.013987,17.96391,0.17365147173404694,"(np.float64(0.9686274509803922), np.float64(0.7137254901960784), np.float64(0.8235294117647058), np.float64(1.0))","T32
0.17",True
distiluse-base-multilingual-cased-v1,32,Misinformation & Propaganda,162,,0.94223535,17.809591,0.17365147173404694,"(np.float64(0.9686274509803922), np.float64(0.7137254901960784), np.float64(0.8235294117647058), np.float64(1.0))","T32
0.17",True
distiluse-base-multilingual-cased-v1,32,Misinformation & Propaganda,338,,0.99537754,17.886925,0.17365147173404694,"(np.float64(0.9686274509803922), np.float64(0.7137254901960784), np.float64(0.8235294117647058), np.float64(1.0))","T32
0.17",True
distiluse-base-multilingual-cased-v1,32,Misinformation & Propaganda,568,,1.0284995,17.842566,0.17365147173404694,"(np.float64(0.9686274509803922), np.float64(0.7137254901960784), np.float64(0.8235294117647058), np.float64(1.0))","T32
0.17",True
distiluse-base-multilingual-cased-v1,32,Misinformation & Propaganda,661,,1.0420902,17.969837,0.17365147173404694,"(np.float64(0.9686274509803922), np.float64(0.7137254901960784), np.float64(0.8235294117647058), np.float64(1.0))","T32
0.17",True
distiluse-base-multilingual-cased-v1,32,Misinformation & Propaganda,719,,0.91385686,17.972275,0.17365147173404694,"(np.float64(0.9686274509803922), np.float64(0.7137254901960784), np.float64(0.8235294117647058), np.float64(1.0))","T32
0.17",True
distiluse-base-multilingual-cased-v1,32,Misinformation & Propaganda,725,,1.2766336,17.974245,0.17365147173404694,"(np.float64(0.9686274509803922), np.float64(0.7137254901960784), np.float64(0.8235294117647058), np.float64(1.0))","T32
0.17",True
distiluse-base-multilingual-cased-v1,32,Misinformation & Propaganda,785,,1.1787939,17.934586,0.17365147173404694,"(np.float64(0.9686274509803922), np.float64(0.7137254901960784), np.float64(0.8235294117647058), np.float64(1.0))","T32
0.17",True
distiluse-base-multilingual-cased-v1,33,Misinformation & Propaganda,143,,1.9886067,17.603956,0.270651251077652,"(np.float64(0.4980392156862745), np.float64(0.4980392156862745), np.float64(0.4980392156862745), np.float64(1.0))","T33
0.27",True
distiluse-base-multilingual-cased-v1,33,Misinformation & Propaganda,349,,1.856003,17.70108,0.270651251077652,"(np.float64(0.4980392156862745), np.float64(0.4980392156862745), np.float64(0.4980392156862745), np.float64(1.0))","T33
0.27",True
distiluse-base-multilingual-cased-v1,33,Misinformation & Propaganda,497,,2.1428328,17.71792,0.270651251077652,"(np.float64(0.4980392156862745), np.float64(0.4980392156862745), np.float64(0.4980392156862745), np.float64(1.0))","T33
0.27",True
distiluse-base-multilingual-cased-v1,33,Misinformation & Propaganda,499,,1.804167,17.831362,0.270651251077652,"(np.float64(0.4980392156862745), np.float64(0.4980392156862745), np.float64(0.4980392156862745), np.float64(1.0))","T33
0.27",True
distiluse-base-multilingual-cased-v1,33,Misinformation & Propaganda,510,,1.7867929,17.844227,0.270651251077652,"(np.float64(0.4980392156862745), np.float64(0.4980392156862745), np.float64(0.4980392156862745), np.float64(1.0))","T33
0.27",True
distiluse-base-multilingual-cased-v1,33,Misinformation & Propaganda,628,,1.7627163,17.843872,0.270651251077652,"(np.float64(0.4980392156862745), np.float64(0.4980392156862745), np.float64(0.4980392156862745), np.float64(1.0))","T33
0.27",True
distiluse-base-multilingual-cased-v1,33,Misinformation & Propaganda,629,,1.8765032,17.78644,0.270651251077652,"(np.float64(0.4980392156862745), np.float64(0.4980392156862745), np.float64(0.4980392156862745), np.float64(1.0))","T33
0.27",True
distiluse-base-multilingual-cased-v1,33,Misinformation & Propaganda,739,,2.2852912,17.488552,0.270651251077652,"(np.float64(0.4980392156862745), np.float64(0.4980392156862745), np.float64(0.4980392156862745), np.float64(1.0))","T33
0.27",True
distiluse-base-multilingual-cased-v1,34,"crowdsourced, branch",4,,1.4097388,16.190472,1.066547155380249,"(np.float64(0.7803921568627451), np.float64(0.7803921568627451), np.float64(0.7803921568627451), np.float64(1.0))","T34
1.07",False
distiluse-base-multilingual-cased-v1,34,"crowdsourced, branch",97,,2.5786052,16.275877,1.066547155380249,"(np.float64(0.7803921568627451), np.float64(0.7803921568627451), np.float64(0.7803921568627451), np.float64(1.0))","T34
1.07",False
distiluse-base-multilingual-cased-v1,34,"crowdsourced, branch",98,,2.4506807,16.255156,1.066547155380249,"(np.float64(0.7803921568627451), np.float64(0.7803921568627451), np.float64(0.7803921568627451), np.float64(1.0))","T34
1.07",False
distiluse-base-multilingual-cased-v1,34,"crowdsourced, branch",132,,1.265923,16.762524,1.066547155380249,"(np.float64(0.7803921568627451), np.float64(0.7803921568627451), np.float64(0.7803921568627451), np.float64(1.0))","T34
1.07",False
distiluse-base-multilingual-cased-v1,34,"crowdsourced, branch",223,,1.200169,16.758295,1.066547155380249,"(np.float64(0.7803921568627451), np.float64(0.7803921568627451), np.float64(0.7803921568627451), np.float64(1.0))","T34
1.07",False
distiluse-base-multilingual-cased-v1,34,"crowdsourced, branch",253,,2.1240714,17.44301,1.066547155380249,"(np.float64(0.7803921568627451), np.float64(0.7803921568627451), np.float64(0.7803921568627451), np.float64(1.0))","T34
1.07",False
distiluse-base-multilingual-cased-v1,34,"crowdsourced, branch",438,,2.634415,17.250656,1.066547155380249,"(np.float64(0.7803921568627451), np.float64(0.7803921568627451), np.float64(0.7803921568627451), np.float64(1.0))","T34
1.07",False
distiluse-base-multilingual-cased-v1,35,Credibility Assessment,566,,3.545726,13.846018,0.12413106858730316,"(np.float64(0.7372549019607844), np.float64(0.7411764705882353), np.float64(0.13333333333333333), np.float64(1.0))","T35
0.12",True
distiluse-base-multilingual-cased-v1,35,Credibility Assessment,892,,3.7589357,13.720983,0.12413106858730316,"(np.float64(0.7372549019607844), np.float64(0.7411764705882353), np.float64(0.13333333333333333), np.float64(1.0))","T35
0.12",True
distiluse-base-multilingual-cased-v1,35,Credibility Assessment,961,,3.6774662,13.708419,0.12413106858730316,"(np.float64(0.7372549019607844), np.float64(0.7411764705882353), np.float64(0.13333333333333333), np.float64(1.0))","T35
0.12",True
distiluse-base-multilingual-cased-v1,35,Credibility Assessment,966,,3.7282944,13.754657,0.12413106858730316,"(np.float64(0.7372549019607844), np.float64(0.7411764705882353), np.float64(0.13333333333333333), np.float64(1.0))","T35
0.12",True
distiluse-base-multilingual-cased-v1,35,Credibility Assessment,969,,3.7087374,13.806235,0.12413106858730316,"(np.float64(0.7372549019607844), np.float64(0.7411764705882353), np.float64(0.13333333333333333), np.float64(1.0))","T35
0.12",True
distiluse-base-multilingual-cased-v1,35,Credibility Assessment,975,,3.6419556,13.751056,0.12413106858730316,"(np.float64(0.7372549019607844), np.float64(0.7411764705882353), np.float64(0.13333333333333333), np.float64(1.0))","T35
0.12",True
distiluse-base-multilingual-cased-v1,35,Credibility Assessment,979,,3.5536704,13.802812,0.12413106858730316,"(np.float64(0.7372549019607844), np.float64(0.7411764705882353), np.float64(0.13333333333333333), np.float64(1.0))","T35
0.12",True
distiluse-base-multilingual-cased-v1,36,Journalism & Media Studies,360,,2.7090757,18.233168,0.2355286031961441,"(np.float64(0.8588235294117647), np.float64(0.8588235294117647), np.float64(0.5529411764705883), np.float64(1.0))","T36
0.24",True
distiluse-base-multilingual-cased-v1,36,Journalism & Media Studies,607,,2.9228504,18.02762,0.2355286031961441,"(np.float64(0.8588235294117647), np.float64(0.8588235294117647), np.float64(0.5529411764705883), np.float64(1.0))","T36
0.24",True
distiluse-base-multilingual-cased-v1,36,Journalism & Media Studies,635,,2.7340207,18.301966,0.2355286031961441,"(np.float64(0.8588235294117647), np.float64(0.8588235294117647), np.float64(0.5529411764705883), np.float64(1.0))","T36
0.24",True
distiluse-base-multilingual-cased-v1,36,Journalism & Media Studies,647,,2.9450345,17.99281,0.2355286031961441,"(np.float64(0.8588235294117647), np.float64(0.8588235294117647), np.float64(0.5529411764705883), np.float64(1.0))","T36
0.24",True
distiluse-base-multilingual-cased-v1,36,Journalism & Media Studies,689,,2.5697334,18.198418,0.2355286031961441,"(np.float64(0.8588235294117647), np.float64(0.8588235294117647), np.float64(0.5529411764705883), np.float64(1.0))","T36
0.24",True
distiluse-base-multilingual-cased-v1,36,Journalism & Media Studies,783,,2.6317933,18.315216,0.2355286031961441,"(np.float64(0.8588235294117647), np.float64(0.8588235294117647), np.float64(0.5529411764705883), np.float64(1.0))","T36
0.24",True
distiluse-base-multilingual-cased-v1,36,Journalism & Media Studies,790,,2.7643101,18.13837,0.2355286031961441,"(np.float64(0.8588235294117647), np.float64(0.8588235294117647), np.float64(0.5529411764705883), np.float64(1.0))","T36
0.24",True
distiluse-base-multilingual-cased-v1,37,"review, false",74,,2.1498516,14.425196,0.7497779726982117,"(np.float64(0.09019607843137255), np.float64(0.7450980392156863), np.float64(0.8117647058823529), np.float64(1.0))","T37
0.75",False
distiluse-base-multilingual-cased-v1,37,"review, false",170,,1.8065152,15.740868,0.7497779726982117,"(np.float64(0.09019607843137255), np.float64(0.7450980392156863), np.float64(0.8117647058823529), np.float64(1.0))","T37
0.75",False
distiluse-base-multilingual-cased-v1,37,"review, false",180,,2.2523017,15.161954,0.7497779726982117,"(np.float64(0.09019607843137255), np.float64(0.7450980392156863), np.float64(0.8117647058823529), np.float64(1.0))","T37
0.75",False
distiluse-base-multilingual-cased-v1,37,"review, false",543,,1.8290839,15.717674,0.7497779726982117,"(np.float64(0.09019607843137255), np.float64(0.7450980392156863), np.float64(0.8117647058823529), np.float64(1.0))","T37
0.75",False
distiluse-base-multilingual-cased-v1,37,"review, false",584,,1.9080129,14.452737,0.7497779726982117,"(np.float64(0.09019607843137255), np.float64(0.7450980392156863), np.float64(0.8117647058823529), np.float64(1.0))","T37
0.75",False
distiluse-base-multilingual-cased-v1,37,"review, false",682,,2.1988158,15.167752,0.7497779726982117,"(np.float64(0.09019607843137255), np.float64(0.7450980392156863), np.float64(0.8117647058823529), np.float64(1.0))","T37
0.75",False
distiluse-base-multilingual-cased-v1,37,"review, false",792,,1.7932445,15.77621,0.7497779726982117,"(np.float64(0.09019607843137255), np.float64(0.7450980392156863), np.float64(0.8117647058823529), np.float64(1.0))","T37
0.75",False
distiluse-base-multilingual-cased-v1,38,Misinformation & Propaganda,60,,2.7673185,16.053377,0.25765806436538696,"(np.float64(0.6196078431372549), np.float64(0.8549019607843137), np.float64(0.8980392156862745), np.float64(1.0))","T38
0.26",True
distiluse-base-multilingual-cased-v1,38,Misinformation & Propaganda,61,,3.0919616,16.23407,0.25765806436538696,"(np.float64(0.6196078431372549), np.float64(0.8549019607843137), np.float64(0.8980392156862745), np.float64(1.0))","T38
0.26",True
distiluse-base-multilingual-cased-v1,38,Misinformation & Propaganda,102,,2.9861932,16.106014,0.25765806436538696,"(np.float64(0.6196078431372549), np.float64(0.8549019607843137), np.float64(0.8980392156862745), np.float64(1.0))","T38
0.26",True
distiluse-base-multilingual-cased-v1,38,Misinformation & Propaganda,378,,2.8567913,15.974902,0.25765806436538696,"(np.float64(0.6196078431372549), np.float64(0.8549019607843137), np.float64(0.8980392156862745), np.float64(1.0))","T38
0.26",True
distiluse-base-multilingual-cased-v1,38,Misinformation & Propaganda,462,,2.7377267,15.862173,0.25765806436538696,"(np.float64(0.6196078431372549), np.float64(0.8549019607843137), np.float64(0.8980392156862745), np.float64(1.0))","T38
0.26",True
distiluse-base-multilingual-cased-v1,38,Misinformation & Propaganda,650,,2.6662002,16.024324,0.25765806436538696,"(np.float64(0.6196078431372549), np.float64(0.8549019607843137), np.float64(0.8980392156862745), np.float64(1.0))","T38
0.26",True
distiluse-base-multilingual-cased-v1,38,Misinformation & Propaganda,683,,2.645009,15.945865,0.25765806436538696,"(np.float64(0.6196078431372549), np.float64(0.8549019607843137), np.float64(0.8980392156862745), np.float64(1.0))","T38
0.26",True
distiluse-base-multilingual-cased-v1,39,Journalism & Media Studies,37,,3.1581619,16.76006,0.27038833498954773,"(np.float64(0.12156862745098039), np.float64(0.4666666666666667), np.float64(0.7058823529411765), np.float64(1.0))","T39
0.27",True
distiluse-base-multilingual-cased-v1,39,Journalism & Media Studies,521,,3.4019587,16.779533,0.27038833498954773,"(np.float64(0.12156862745098039), np.float64(0.4666666666666667), np.float64(0.7058823529411765), np.float64(1.0))","T39
0.27",True
distiluse-base-multilingual-cased-v1,39,Journalism & Media Studies,758,,3.0953715,16.905573,0.27038833498954773,"(np.float64(0.12156862745098039), np.float64(0.4666666666666667), np.float64(0.7058823529411765), np.float64(1.0))","T39
0.27",True
distiluse-base-multilingual-cased-v1,39,Journalism & Media Studies,778,,3.0305817,16.9629,0.27038833498954773,"(np.float64(0.12156862745098039), np.float64(0.4666666666666667), np.float64(0.7058823529411765), np.float64(1.0))","T39
0.27",True
distiluse-base-multilingual-cased-v1,39,Journalism & Media Studies,794,,3.4109082,16.733406,0.27038833498954773,"(np.float64(0.12156862745098039), np.float64(0.4666666666666667), np.float64(0.7058823529411765), np.float64(1.0))","T39
0.27",True
distiluse-base-multilingual-cased-v1,39,Journalism & Media Studies,860,,3.4809299,16.700087,0.27038833498954773,"(np.float64(0.12156862745098039), np.float64(0.4666666666666667), np.float64(0.7058823529411765), np.float64(1.0))","T39
0.27",True
distiluse-base-multilingual-cased-v1,40,"discovery, truth",520,,2.6504617,12.5503845,0.19612804055213928,"(np.float64(0.6823529411764706), np.float64(0.7803921568627451), np.float64(0.9098039215686274), np.float64(1.0))","T40
0.20",True
distiluse-base-multilingual-cased-v1,40,"discovery, truth",579,,2.6618905,12.482988,0.19612804055213928,"(np.float64(0.6823529411764706), np.float64(0.7803921568627451), np.float64(0.9098039215686274), np.float64(1.0))","T40
0.20",True
distiluse-base-multilingual-cased-v1,40,"discovery, truth",772,,2.953154,12.759706,0.19612804055213928,"(np.float64(0.6823529411764706), np.float64(0.7803921568627451), np.float64(0.9098039215686274), np.float64(1.0))","T40
0.20",True
distiluse-base-multilingual-cased-v1,40,"discovery, truth",893,,2.7302797,12.497469,0.19612804055213928,"(np.float64(0.6823529411764706), np.float64(0.7803921568627451), np.float64(0.9098039215686274), np.float64(1.0))","T40
0.20",True
distiluse-base-multilingual-cased-v1,40,"discovery, truth",898,,2.8647757,12.667095,0.19612804055213928,"(np.float64(0.6823529411764706), np.float64(0.7803921568627451), np.float64(0.9098039215686274), np.float64(1.0))","T40
0.20",True
distiluse-base-multilingual-cased-v1,40,"discovery, truth",914,,2.754743,12.527804,0.19612804055213928,"(np.float64(0.6823529411764706), np.float64(0.7803921568627451), np.float64(0.9098039215686274), np.float64(1.0))","T40
0.20",True
distiluse-base-multilingual-cased-v1,41,"lab, task",437,,-1.5254956,11.17801,0.03677620366215706,"(np.float64(1.0), np.float64(0.4980392156862745), np.float64(0.054901960784313725), np.float64(1.0))","T41
0.04",True
distiluse-base-multilingual-cased-v1,41,"lab, task",442,,-1.5242736,11.190601,0.03677620366215706,"(np.float64(1.0), np.float64(0.4980392156862745), np.float64(0.054901960784313725), np.float64(1.0))","T41
0.04",True
distiluse-base-multilingual-cased-v1,41,"lab, task",552,,-1.4973493,11.2050905,0.03677620366215706,"(np.float64(1.0), np.float64(0.4980392156862745), np.float64(0.054901960784313725), np.float64(1.0))","T41
0.04",True
distiluse-base-multilingual-cased-v1,41,"lab, task",657,,-1.4983356,11.185552,0.03677620366215706,"(np.float64(1.0), np.float64(0.4980392156862745), np.float64(0.054901960784313725), np.float64(1.0))","T41
0.04",True
distiluse-base-multilingual-cased-v1,41,"lab, task",774,,-1.486801,11.205656,0.03677620366215706,"(np.float64(1.0), np.float64(0.4980392156862745), np.float64(0.054901960784313725), np.float64(1.0))","T41
0.04",True
distiluse-base-multilingual-cased-v1,41,"lab, task",806,,-1.4584131,11.171798,0.03677620366215706,"(np.float64(1.0), np.float64(0.4980392156862745), np.float64(0.054901960784313725), np.float64(1.0))","T41
0.04",True
distiluse-base-multilingual-cased-v1,42,"image, images",420,,0.6578937,16.699404,0.42813432216644287,"(np.float64(1.0), np.float64(0.7333333333333333), np.float64(0.47058823529411764), np.float64(1.0))","T42
0.43",True
distiluse-base-multilingual-cased-v1,42,"image, images",704,,0.80036825,17.022078,0.42813432216644287,"(np.float64(1.0), np.float64(0.7333333333333333), np.float64(0.47058823529411764), np.float64(1.0))","T42
0.43",True
distiluse-base-multilingual-cased-v1,42,"image, images",781,,0.955208,16.984581,0.42813432216644287,"(np.float64(1.0), np.float64(0.7333333333333333), np.float64(0.47058823529411764), np.float64(1.0))","T42
0.43",True
distiluse-base-multilingual-cased-v1,42,"image, images",836,,1.205977,16.837976,0.42813432216644287,"(np.float64(1.0), np.float64(0.7333333333333333), np.float64(0.47058823529411764), np.float64(1.0))","T42
0.43",True
distiluse-base-multilingual-cased-v1,42,"image, images",844,,0.50230575,17.106268,0.42813432216644287,"(np.float64(1.0), np.float64(0.7333333333333333), np.float64(0.47058823529411764), np.float64(1.0))","T42
0.43",True
distiluse-base-multilingual-cased-v1,42,"image, images",902,,1.1380265,17.15244,0.42813432216644287,"(np.float64(1.0), np.float64(0.7333333333333333), np.float64(0.47058823529411764), np.float64(1.0))","T42
0.43",True
distiluse-base-multilingual-cased-v1,43,"pipeline, domain",16,,0.82459944,12.324629,0.17071188986301422,"(np.float64(0.17254901960784313), np.float64(0.6274509803921569), np.float64(0.17254901960784313), np.float64(1.0))","T43
0.17",True
distiluse-base-multilingual-cased-v1,43,"pipeline, domain",75,,0.96573615,12.238267,0.17071188986301422,"(np.float64(0.17254901960784313), np.float64(0.6274509803921569), np.float64(0.17254901960784313), np.float64(1.0))","T43
0.17",True
distiluse-base-multilingual-cased-v1,43,"pipeline, domain",200,,0.8250532,12.296915,0.17071188986301422,"(np.float64(0.17254901960784313), np.float64(0.6274509803921569), np.float64(0.17254901960784313), np.float64(1.0))","T43
0.17",True
distiluse-base-multilingual-cased-v1,43,"pipeline, domain",246,,0.8775749,12.367466,0.17071188986301422,"(np.float64(0.17254901960784313), np.float64(0.6274509803921569), np.float64(0.17254901960784313), np.float64(1.0))","T43
0.17",True
distiluse-base-multilingual-cased-v1,43,"pipeline, domain",441,,0.8578348,12.280413,0.17071188986301422,"(np.float64(0.17254901960784313), np.float64(0.6274509803921569), np.float64(0.17254901960784313), np.float64(1.0))","T43
0.17",True
distiluse-base-multilingual-cased-v1,43,"pipeline, domain",861,,0.64939374,12.532225,0.17071188986301422,"(np.float64(0.17254901960784313), np.float64(0.6274509803921569), np.float64(0.17254901960784313), np.float64(1.0))","T43
0.17",True
distiluse-base-multilingual-cased-v1,44,"multimodal, manipulation",44,,-0.0116542205,15.934579,0.4356786012649536,"(np.float64(0.596078431372549), np.float64(0.8745098039215686), np.float64(0.5411764705882353), np.float64(1.0))","T44
0.44",True
distiluse-base-multilingual-cased-v1,44,"multimodal, manipulation",295,,0.5196321,16.407217,0.4356786012649536,"(np.float64(0.596078431372549), np.float64(0.8745098039215686), np.float64(0.5411764705882353), np.float64(1.0))","T44
0.44",True
distiluse-base-multilingual-cased-v1,44,"multimodal, manipulation",334,,0.572054,16.335533,0.4356786012649536,"(np.float64(0.596078431372549), np.float64(0.8745098039215686), np.float64(0.5411764705882353), np.float64(1.0))","T44
0.44",True
distiluse-base-multilingual-cased-v1,44,"multimodal, manipulation",509,,0.061104175,15.727635,0.4356786012649536,"(np.float64(0.596078431372549), np.float64(0.8745098039215686), np.float64(0.5411764705882353), np.float64(1.0))","T44
0.44",True
distiluse-base-multilingual-cased-v1,44,"multimodal, manipulation",539,,0.2908148,15.991683,0.4356786012649536,"(np.float64(0.596078431372549), np.float64(0.8745098039215686), np.float64(0.5411764705882353), np.float64(1.0))","T44
0.44",True
distiluse-base-multilingual-cased-v1,44,"multimodal, manipulation",596,,0.2653711,15.966579,0.4356786012649536,"(np.float64(0.596078431372549), np.float64(0.8745098039215686), np.float64(0.5411764705882353), np.float64(1.0))","T44
0.44",True
distiluse-base-multilingual-cased-v1,45,Rumor on Social Media,206,,1.90141,17.26395,0.8816128969192505,"(np.float64(0.8392156862745098), np.float64(0.15294117647058825), np.float64(0.1568627450980392), np.float64(1.0))","T45
0.88",False
distiluse-base-multilingual-cased-v1,45,Rumor on Social Media,331,,1.361818,16.990873,0.8816128969192505,"(np.float64(0.8392156862745098), np.float64(0.15294117647058825), np.float64(0.1568627450980392), np.float64(1.0))","T45
0.88",False
distiluse-base-multilingual-cased-v1,45,Rumor on Social Media,365,,0.8879712,17.289282,0.8816128969192505,"(np.float64(0.8392156862745098), np.float64(0.15294117647058825), np.float64(0.1568627450980392), np.float64(1.0))","T45
0.88",False
distiluse-base-multilingual-cased-v1,45,Rumor on Social Media,684,,2.1403873,17.188475,0.8816128969192505,"(np.float64(0.8392156862745098), np.float64(0.15294117647058825), np.float64(0.1568627450980392), np.float64(1.0))","T45
0.88",False
distiluse-base-multilingual-cased-v1,45,Rumor on Social Media,768,,0.9941163,16.97946,0.8816128969192505,"(np.float64(0.8392156862745098), np.float64(0.15294117647058825), np.float64(0.1568627450980392), np.float64(1.0))","T45
0.88",False
distiluse-base-multilingual-cased-v1,45,Rumor on Social Media,802,,2.420026,16.54723,0.8816128969192505,"(np.float64(0.8392156862745098), np.float64(0.15294117647058825), np.float64(0.1568627450980392), np.float64(1.0))","T45
0.88",False
distiluse-base-multilingual-cased-v1,46,"fact, loren",408,,1.3676282,11.5730505,0.1360204815864563,"(np.float64(1.0), np.float64(0.596078431372549), np.float64(0.5882352941176471), np.float64(1.0))","T46
0.14",True
distiluse-base-multilingual-cased-v1,46,"fact, loren",445,,1.3774033,11.457365,0.1360204815864563,"(np.float64(1.0), np.float64(0.596078431372549), np.float64(0.5882352941176471), np.float64(1.0))","T46
0.14",True
distiluse-base-multilingual-cased-v1,46,"fact, loren",541,,1.5845182,11.5460005,0.1360204815864563,"(np.float64(1.0), np.float64(0.596078431372549), np.float64(0.5882352941176471), np.float64(1.0))","T46
0.14",True
distiluse-base-multilingual-cased-v1,46,"fact, loren",561,,1.4652097,11.540016,0.1360204815864563,"(np.float64(1.0), np.float64(0.596078431372549), np.float64(0.5882352941176471), np.float64(1.0))","T46
0.14",True
distiluse-base-multilingual-cased-v1,46,"fact, loren",578,,1.3957001,11.499207,0.1360204815864563,"(np.float64(1.0), np.float64(0.596078431372549), np.float64(0.5882352941176471), np.float64(1.0))","T46
0.14",True
distiluse-base-multilingual-cased-v1,46,"fact, loren",583,,1.306779,11.563654,0.1360204815864563,"(np.float64(1.0), np.float64(0.596078431372549), np.float64(0.5882352941176471), np.float64(1.0))","T46
0.14",True
distiluse-base-multilingual-cased-v1,47,"5lcnn, reviews",269,,0.35732922,17.817616,0.1756676584482193,"(np.float64(0.5803921568627451), np.float64(0.403921568627451), np.float64(0.7411764705882353), np.float64(1.0))","T47
0.18",True
distiluse-base-multilingual-cased-v1,47,"5lcnn, reviews",340,,0.43027487,17.673155,0.1756676584482193,"(np.float64(0.5803921568627451), np.float64(0.403921568627451), np.float64(0.7411764705882353), np.float64(1.0))","T47
0.18",True
distiluse-base-multilingual-cased-v1,47,"5lcnn, reviews",418,,0.50994855,17.750591,0.1756676584482193,"(np.float64(0.5803921568627451), np.float64(0.403921568627451), np.float64(0.7411764705882353), np.float64(1.0))","T47
0.18",True
distiluse-base-multilingual-cased-v1,47,"5lcnn, reviews",467,,0.56595916,17.83276,0.1756676584482193,"(np.float64(0.5803921568627451), np.float64(0.403921568627451), np.float64(0.7411764705882353), np.float64(1.0))","T47
0.18",True
distiluse-base-multilingual-cased-v1,47,"5lcnn, reviews",788,,0.3385145,17.928562,0.1756676584482193,"(np.float64(0.5803921568627451), np.float64(0.403921568627451), np.float64(0.7411764705882353), np.float64(1.0))","T47
0.18",True
distiluse-base-multilingual-cased-v1,47,"5lcnn, reviews",834,,0.32870483,17.75801,0.1756676584482193,"(np.float64(0.5803921568627451), np.float64(0.403921568627451), np.float64(0.7411764705882353), np.float64(1.0))","T47
0.18",True
distiluse-base-multilingual-cased-v1,48,Misinformation & Propaganda,47,,-0.9816909,17.714743,0.09621414542198181,"(np.float64(0.7725490196078432), np.float64(0.6901960784313725), np.float64(0.8352941176470589), np.float64(1.0))","T48
0.10",True
distiluse-base-multilingual-cased-v1,48,Misinformation & Propaganda,109,,-0.9430722,17.647108,0.09621414542198181,"(np.float64(0.7725490196078432), np.float64(0.6901960784313725), np.float64(0.8352941176470589), np.float64(1.0))","T48
0.10",True
distiluse-base-multilingual-cased-v1,48,Misinformation & Propaganda,113,,-0.9310654,17.638302,0.09621414542198181,"(np.float64(0.7725490196078432), np.float64(0.6901960784313725), np.float64(0.8352941176470589), np.float64(1.0))","T48
0.10",True
distiluse-base-multilingual-cased-v1,48,Misinformation & Propaganda,145,,-0.9168389,17.716948,0.09621414542198181,"(np.float64(0.7725490196078432), np.float64(0.6901960784313725), np.float64(0.8352941176470589), np.float64(1.0))","T48
0.10",True
distiluse-base-multilingual-cased-v1,48,Misinformation & Propaganda,401,,-1.0391918,17.664341,0.09621414542198181,"(np.float64(0.7725490196078432), np.float64(0.6901960784313725), np.float64(0.8352941176470589), np.float64(1.0))","T48
0.10",True
distiluse-base-multilingual-cased-v1,48,Misinformation & Propaganda,491,,-0.9102136,17.570627,0.09621414542198181,"(np.float64(0.7725490196078432), np.float64(0.6901960784313725), np.float64(0.8352941176470589), np.float64(1.0))","T48
0.10",True
distiluse-base-multilingual-cased-v1,49,Credibility Assessment,3,,1.206307,14.53052,0.3019556701183319,"(np.float64(0.5490196078431373), np.float64(0.33725490196078434), np.float64(0.29411764705882354), np.float64(1.0))","T49
0.30",True
distiluse-base-multilingual-cased-v1,49,Credibility Assessment,64,,0.9377393,14.387479,0.3019556701183319,"(np.float64(0.5490196078431373), np.float64(0.33725490196078434), np.float64(0.29411764705882354), np.float64(1.0))","T49
0.30",True
distiluse-base-multilingual-cased-v1,49,Credibility Assessment,176,,0.93015313,14.484229,0.3019556701183319,"(np.float64(0.5490196078431373), np.float64(0.33725490196078434), np.float64(0.29411764705882354), np.float64(1.0))","T49
0.30",True
distiluse-base-multilingual-cased-v1,49,Credibility Assessment,289,,1.0853233,14.517143,0.3019556701183319,"(np.float64(0.5490196078431373), np.float64(0.33725490196078434), np.float64(0.29411764705882354), np.float64(1.0))","T49
0.30",True
distiluse-base-multilingual-cased-v1,49,Credibility Assessment,486,,0.94642365,14.6565275,0.3019556701183319,"(np.float64(0.5490196078431373), np.float64(0.33725490196078434), np.float64(0.29411764705882354), np.float64(1.0))","T49
0.30",True
distiluse-base-multilingual-cased-v1,49,Credibility Assessment,919,,1.483969,14.385863,0.3019556701183319,"(np.float64(0.5490196078431373), np.float64(0.33725490196078434), np.float64(0.29411764705882354), np.float64(1.0))","T49
0.30",True
distiluse-base-multilingual-cased-v1,50,Rumor on Social Media,106,,0.65696996,18.544682,0.5116827487945557,"(np.float64(0.7686274509803922), np.float64(0.611764705882353), np.float64(0.5803921568627451), np.float64(1.0))","T50
0.51",False
distiluse-base-multilingual-cased-v1,50,Rumor on Social Media,573,,0.6682319,18.522226,0.5116827487945557,"(np.float64(0.7686274509803922), np.float64(0.611764705882353), np.float64(0.5803921568627451), np.float64(1.0))","T50
0.51",False
distiluse-base-multilingual-cased-v1,50,Rumor on Social Media,616,,0.63819075,18.492607,0.5116827487945557,"(np.float64(0.7686274509803922), np.float64(0.611764705882353), np.float64(0.5803921568627451), np.float64(1.0))","T50
0.51",False
distiluse-base-multilingual-cased-v1,50,Rumor on Social Media,686,,0.6945681,18.45068,0.5116827487945557,"(np.float64(0.7686274509803922), np.float64(0.611764705882353), np.float64(0.5803921568627451), np.float64(1.0))","T50
0.51",False
distiluse-base-multilingual-cased-v1,50,Rumor on Social Media,751,,0.61799943,18.483315,0.5116827487945557,"(np.float64(0.7686274509803922), np.float64(0.611764705882353), np.float64(0.5803921568627451), np.float64(1.0))","T50
0.51",False
distiluse-base-multilingual-cased-v1,50,Rumor on Social Media,894,,1.2715313,17.227865,0.5116827487945557,"(np.float64(0.7686274509803922), np.float64(0.611764705882353), np.float64(0.5803921568627451), np.float64(1.0))","T50
0.51",False
distiluse-base-multilingual-cased-v1,51,Crowdsourced Analysis,544,,0.085600026,14.965464,0.21240374445915222,"(np.float64(0.8901960784313725), np.float64(0.4666666666666667), np.float64(0.7607843137254902), np.float64(1.0))","T51
0.21",True
distiluse-base-multilingual-cased-v1,51,Crowdsourced Analysis,694,,0.09251434,15.275457,0.21240374445915222,"(np.float64(0.8901960784313725), np.float64(0.4666666666666667), np.float64(0.7607843137254902), np.float64(1.0))","T51
0.21",True
distiluse-base-multilingual-cased-v1,51,Crowdsourced Analysis,748,,0.10880711,15.05195,0.21240374445915222,"(np.float64(0.8901960784313725), np.float64(0.4666666666666667), np.float64(0.7607843137254902), np.float64(1.0))","T51
0.21",True
distiluse-base-multilingual-cased-v1,51,Crowdsourced Analysis,952,,0.10381837,15.246149,0.21240374445915222,"(np.float64(0.8901960784313725), np.float64(0.4666666666666667), np.float64(0.7607843137254902), np.float64(1.0))","T51
0.21",True
distiluse-base-multilingual-cased-v1,51,Crowdsourced Analysis,976,,0.13397023,14.891378,0.21240374445915222,"(np.float64(0.8901960784313725), np.float64(0.4666666666666667), np.float64(0.7607843137254902), np.float64(1.0))","T51
0.21",True
distiluse-base-multilingual-cased-v1,52,"evidence, expertise",66,,2.025801,11.975864,0.2300584316253662,"(np.float64(0.9686274509803922), np.float64(0.7137254901960784), np.float64(0.8235294117647058), np.float64(1.0))","T52
0.23",True
distiluse-base-multilingual-cased-v1,52,"evidence, expertise",444,,1.810984,11.790885,0.2300584316253662,"(np.float64(0.9686274509803922), np.float64(0.7137254901960784), np.float64(0.8235294117647058), np.float64(1.0))","T52
0.23",True
distiluse-base-multilingual-cased-v1,52,"evidence, expertise",559,,1.567239,11.793219,0.2300584316253662,"(np.float64(0.9686274509803922), np.float64(0.7137254901960784), np.float64(0.8235294117647058), np.float64(1.0))","T52
0.23",True
distiluse-base-multilingual-cased-v1,52,"evidence, expertise",746,,1.7093799,11.884238,0.2300584316253662,"(np.float64(0.9686274509803922), np.float64(0.7137254901960784), np.float64(0.8235294117647058), np.float64(1.0))","T52
0.23",True
distiluse-base-multilingual-cased-v1,52,"evidence, expertise",947,,1.7718109,11.865887,0.2300584316253662,"(np.float64(0.9686274509803922), np.float64(0.7137254901960784), np.float64(0.8235294117647058), np.float64(1.0))","T52
0.23",True
distiluse-base-multilingual-cased-v1,53,Credibility Assessment,341,,1.7320693,16.589933,1.6621748208999634,"(np.float64(0.4980392156862745), np.float64(0.4980392156862745), np.float64(0.4980392156862745), np.float64(1.0))","T53
1.66",False
distiluse-base-multilingual-cased-v1,53,Credibility Assessment,451,,1.64319,16.347567,1.6621748208999634,"(np.float64(0.4980392156862745), np.float64(0.4980392156862745), np.float64(0.4980392156862745), np.float64(1.0))","T53
1.66",False
distiluse-base-multilingual-cased-v1,53,Credibility Assessment,589,,1.5316578,16.260109,1.6621748208999634,"(np.float64(0.4980392156862745), np.float64(0.4980392156862745), np.float64(0.4980392156862745), np.float64(1.0))","T53
1.66",False
distiluse-base-multilingual-cased-v1,53,Credibility Assessment,752,,2.9813478,12.839095,1.6621748208999634,"(np.float64(0.4980392156862745), np.float64(0.4980392156862745), np.float64(0.4980392156862745), np.float64(1.0))","T53
1.66",False
distiluse-base-multilingual-cased-v1,53,Credibility Assessment,874,,1.6864648,16.136387,1.6621748208999634,"(np.float64(0.4980392156862745), np.float64(0.4980392156862745), np.float64(0.4980392156862745), np.float64(1.0))","T53
1.66",False
distiluse-base-multilingual-cased-v1,54,"1a, task",236,,-1.4954238,11.301863,0.10706879943609238,"(np.float64(0.7803921568627451), np.float64(0.7803921568627451), np.float64(0.7803921568627451), np.float64(1.0))","T54
0.11",True
distiluse-base-multilingual-cased-v1,54,"1a, task",531,,-1.5241501,11.227764,0.10706879943609238,"(np.float64(0.7803921568627451), np.float64(0.7803921568627451), np.float64(0.7803921568627451), np.float64(1.0))","T54
0.11",True
distiluse-base-multilingual-cased-v1,54,"1a, task",536,,-1.4218343,11.355285,0.10706879943609238,"(np.float64(0.7803921568627451), np.float64(0.7803921568627451), np.float64(0.7803921568627451), np.float64(1.0))","T54
0.11",True
distiluse-base-multilingual-cased-v1,54,"1a, task",663,,-1.4104018,11.390213,0.10706879943609238,"(np.float64(0.7803921568627451), np.float64(0.7803921568627451), np.float64(0.7803921568627451), np.float64(1.0))","T54
0.11",True
distiluse-base-multilingual-cased-v1,54,"1a, task",747,,-1.3903224,11.36446,0.10706879943609238,"(np.float64(0.7803921568627451), np.float64(0.7803921568627451), np.float64(0.7803921568627451), np.float64(1.0))","T54
0.11",True
distiluse-base-multilingual-cased-v1,55,Credibility Assessment,174,,3.522673,17.080978,0.45474785566329956,"(np.float64(0.7372549019607844), np.float64(0.7411764705882353), np.float64(0.13333333333333333), np.float64(1.0))","T55
0.45",True
distiluse-base-multilingual-cased-v1,55,Credibility Assessment,347,,3.0509686,16.655342,0.45474785566329956,"(np.float64(0.7372549019607844), np.float64(0.7411764705882353), np.float64(0.13333333333333333), np.float64(1.0))","T55
0.45",True
distiluse-base-multilingual-cased-v1,55,Credibility Assessment,846,,3.4249609,17.022156,0.45474785566329956,"(np.float64(0.7372549019607844), np.float64(0.7411764705882353), np.float64(0.13333333333333333), np.float64(1.0))","T55
0.45",True
distiluse-base-multilingual-cased-v1,55,Credibility Assessment,879,,2.8164823,17.165903,0.45474785566329956,"(np.float64(0.7372549019607844), np.float64(0.7411764705882353), np.float64(0.13333333333333333), np.float64(1.0))","T55
0.45",True
distiluse-base-multilingual-cased-v1,55,Credibility Assessment,903,,3.186875,17.039429,0.45474785566329956,"(np.float64(0.7372549019607844), np.float64(0.7411764705882353), np.float64(0.13333333333333333), np.float64(1.0))","T55
0.45",True
distiluse-base-multilingual-cased-v1,56,Misinformation & Propaganda,155,,0.18112852,16.63169,0.29371070861816406,"(np.float64(0.8588235294117647), np.float64(0.8588235294117647), np.float64(0.5529411764705883), np.float64(1.0))","T56
0.29",True
distiluse-base-multilingual-cased-v1,56,Misinformation & Propaganda,163,,0.065227315,16.643227,0.29371070861816406,"(np.float64(0.8588235294117647), np.float64(0.8588235294117647), np.float64(0.5529411764705883), np.float64(1.0))","T56
0.29",True
distiluse-base-multilingual-cased-v1,56,Misinformation & Propaganda,167,,0.3825928,16.367102,0.29371070861816406,"(np.float64(0.8588235294117647), np.float64(0.8588235294117647), np.float64(0.5529411764705883), np.float64(1.0))","T56
0.29",True
distiluse-base-multilingual-cased-v1,56,Misinformation & Propaganda,220,,0.19092828,16.193085,0.29371070861816406,"(np.float64(0.8588235294117647), np.float64(0.8588235294117647), np.float64(0.5529411764705883), np.float64(1.0))","T56
0.29",True
distiluse-base-multilingual-cased-v1,56,Misinformation & Propaganda,296,,0.11270881,16.574654,0.29371070861816406,"(np.float64(0.8588235294117647), np.float64(0.8588235294117647), np.float64(0.5529411764705883), np.float64(1.0))","T56
0.29",True
distiluse-base-multilingual-cased-v1,57,"bert, networks",108,,-1.050719,16.796429,0.1753288209438324,"(np.float64(0.09019607843137255), np.float64(0.7450980392156863), np.float64(0.8117647058823529), np.float64(1.0))","T57
0.18",True
distiluse-base-multilingual-cased-v1,57,"bert, networks",367,,-1.2308788,16.704302,0.1753288209438324,"(np.float64(0.09019607843137255), np.float64(0.7450980392156863), np.float64(0.8117647058823529), np.float64(1.0))","T57
0.18",True
distiluse-base-multilingual-cased-v1,57,"bert, networks",387,,-1.1973943,16.55741,0.1753288209438324,"(np.float64(0.09019607843137255), np.float64(0.7450980392156863), np.float64(0.8117647058823529), np.float64(1.0))","T57
0.18",True
distiluse-base-multilingual-cased-v1,57,"bert, networks",553,,-1.1820338,16.72615,0.1753288209438324,"(np.float64(0.09019607843137255), np.float64(0.7450980392156863), np.float64(0.8117647058823529), np.float64(1.0))","T57
0.18",True
distiluse-base-multilingual-cased-v1,57,"bert, networks",654,,-1.1051614,16.858047,0.1753288209438324,"(np.float64(0.09019607843137255), np.float64(0.7450980392156863), np.float64(0.8117647058823529), np.float64(1.0))","T57
0.18",True
distiluse-base-multilingual-cased-v1,58,Misinformation & Propaganda,83,,0.17656364,16.170622,0.31976860761642456,"(np.float64(0.6196078431372549), np.float64(0.8549019607843137), np.float64(0.8980392156862745), np.float64(1.0))","T58
0.32",True
distiluse-base-multilingual-cased-v1,58,Misinformation & Propaganda,84,,0.06855012,16.226374,0.31976860761642456,"(np.float64(0.6196078431372549), np.float64(0.8549019607843137), np.float64(0.8980392156862745), np.float64(1.0))","T58
0.32",True
distiluse-base-multilingual-cased-v1,58,Misinformation & Propaganda,157,,-0.014052107,16.35366,0.31976860761642456,"(np.float64(0.6196078431372549), np.float64(0.8549019607843137), np.float64(0.8980392156862745), np.float64(1.0))","T58
0.32",True
distiluse-base-multilingual-cased-v1,58,Misinformation & Propaganda,265,,0.6434712,16.351252,0.31976860761642456,"(np.float64(0.6196078431372549), np.float64(0.8549019607843137), np.float64(0.8980392156862745), np.float64(1.0))","T58
0.32",True
distiluse-base-multilingual-cased-v1,58,Misinformation & Propaganda,336,,0.08365494,16.304474,0.31976860761642456,"(np.float64(0.6196078431372549), np.float64(0.8549019607843137), np.float64(0.8980392156862745), np.float64(1.0))","T58
0.32",True
distiluse-base-multilingual-cased-v1,59,Journalism & Media Studies,62,,3.554975,17.100756,0.10234949737787247,"(np.float64(0.12156862745098039), np.float64(0.4666666666666667), np.float64(0.7058823529411765), np.float64(1.0))","T59
0.10",True
distiluse-base-multilingual-cased-v1,59,Journalism & Media Studies,375,,3.5447047,17.17377,0.10234949737787247,"(np.float64(0.12156862745098039), np.float64(0.4666666666666667), np.float64(0.7058823529411765), np.float64(1.0))","T59
0.10",True
distiluse-base-multilingual-cased-v1,59,Journalism & Media Studies,410,,3.4706838,17.038437,0.10234949737787247,"(np.float64(0.12156862745098039), np.float64(0.4666666666666667), np.float64(0.7058823529411765), np.float64(1.0))","T59
0.10",True
distiluse-base-multilingual-cased-v1,59,Journalism & Media Studies,433,,3.4455614,17.099066,0.10234949737787247,"(np.float64(0.12156862745098039), np.float64(0.4666666666666667), np.float64(0.7058823529411765), np.float64(1.0))","T59
0.10",True
distiluse-base-multilingual-cased-v1,59,Journalism & Media Studies,756,,3.5607615,17.050194,0.10234949737787247,"(np.float64(0.12156862745098039), np.float64(0.4666666666666667), np.float64(0.7058823529411765), np.float64(1.0))","T59
0.10",True
distiluse-base-multilingual-cased-v1,60,"arabic, ensemble",51,,-0.32474357,16.198092,0.6826351881027222,"(np.float64(0.6823529411764706), np.float64(0.7803921568627451), np.float64(0.9098039215686274), np.float64(1.0))","T60
0.68",False
distiluse-base-multilingual-cased-v1,60,"arabic, ensemble",85,,-0.17284012,16.787966,0.6826351881027222,"(np.float64(0.6823529411764706), np.float64(0.7803921568627451), np.float64(0.9098039215686274), np.float64(1.0))","T60
0.68",False
distiluse-base-multilingual-cased-v1,60,"arabic, ensemble",146,,-0.32903332,16.424807,0.6826351881027222,"(np.float64(0.6823529411764706), np.float64(0.7803921568627451), np.float64(0.9098039215686274), np.float64(1.0))","T60
0.68",False
distiluse-base-multilingual-cased-v1,60,"arabic, ensemble",151,,-0.39727014,16.181335,0.6826351881027222,"(np.float64(0.6823529411764706), np.float64(0.7803921568627451), np.float64(0.9098039215686274), np.float64(1.0))","T60
0.68",False
distiluse-base-multilingual-cased-v1,60,"arabic, ensemble",653,,0.38950998,15.498368,0.6826351881027222,"(np.float64(0.6823529411764706), np.float64(0.7803921568627451), np.float64(0.9098039215686274), np.float64(1.0))","T60
0.68",False
distiluse-base-multilingual-cased-v1,61,Misinformation & Propaganda,50,,-0.73842347,17.312237,0.38250207901000977,"(np.float64(1.0), np.float64(0.4980392156862745), np.float64(0.054901960784313725), np.float64(1.0))","T61
0.38",True
distiluse-base-multilingual-cased-v1,61,Misinformation & Propaganda,469,,-0.5047252,17.03282,0.38250207901000977,"(np.float64(1.0), np.float64(0.4980392156862745), np.float64(0.054901960784313725), np.float64(1.0))","T61
0.38",True
distiluse-base-multilingual-cased-v1,61,Misinformation & Propaganda,492,,-0.25975257,17.217823,0.38250207901000977,"(np.float64(1.0), np.float64(0.4980392156862745), np.float64(0.054901960784313725), np.float64(1.0))","T61
0.38",True
distiluse-base-multilingual-cased-v1,61,Misinformation & Propaganda,729,,-0.13819337,16.981585,0.38250207901000977,"(np.float64(1.0), np.float64(0.4980392156862745), np.float64(0.054901960784313725), np.float64(1.0))","T61
0.38",True
distiluse-base-multilingual-cased-v1,61,Misinformation & Propaganda,763,,-0.19594394,17.285645,0.38250207901000977,"(np.float64(1.0), np.float64(0.4980392156862745), np.float64(0.054901960784313725), np.float64(1.0))","T61
0.38",True
distiluse-base-multilingual-cased-v1,62,Fact-Checking & Verification,25,,-1.1931554,17.0541,0.5540276765823364,"(np.float64(1.0), np.float64(0.7333333333333333), np.float64(0.47058823529411764), np.float64(1.0))","T62
0.55",False
distiluse-base-multilingual-cased-v1,62,Fact-Checking & Verification,231,,-1.0953063,17.464552,0.5540276765823364,"(np.float64(1.0), np.float64(0.7333333333333333), np.float64(0.47058823529411764), np.float64(1.0))","T62
0.55",False
distiluse-base-multilingual-cased-v1,62,Fact-Checking & Verification,454,,-1.1143444,16.873915,0.5540276765823364,"(np.float64(1.0), np.float64(0.7333333333333333), np.float64(0.47058823529411764), np.float64(1.0))","T62
0.55",False
distiluse-base-multilingual-cased-v1,62,Fact-Checking & Verification,533,,-1.1596777,16.67851,0.5540276765823364,"(np.float64(1.0), np.float64(0.7333333333333333), np.float64(0.47058823529411764), np.float64(1.0))","T62
0.55",False
distiluse-base-multilingual-cased-v1,62,Fact-Checking & Verification,773,,-1.0144851,17.746471,0.5540276765823364,"(np.float64(1.0), np.float64(0.7333333333333333), np.float64(0.47058823529411764), np.float64(1.0))","T62
0.55",False
distiluse-base-multilingual-cased-v1,63,"big, fact",831,,2.0666287,12.83098,0.3303908705711365,"(np.float64(0.17254901960784313), np.float64(0.6274509803921569), np.float64(0.17254901960784313), np.float64(1.0))","T63
0.33",True
distiluse-base-multilingual-cased-v1,63,"big, fact",871,,2.4452674,13.060034,0.3303908705711365,"(np.float64(0.17254901960784313), np.float64(0.6274509803921569), np.float64(0.17254901960784313), np.float64(1.0))","T63
0.33",True
distiluse-base-multilingual-cased-v1,63,"big, fact",918,,2.282528,12.975279,0.3303908705711365,"(np.float64(0.17254901960784313), np.float64(0.6274509803921569), np.float64(0.17254901960784313), np.float64(1.0))","T63
0.33",True
distiluse-base-multilingual-cased-v1,63,"big, fact",927,,2.5125034,13.142148,0.3303908705711365,"(np.float64(0.17254901960784313), np.float64(0.6274509803921569), np.float64(0.17254901960784313), np.float64(1.0))","T63
0.33",True
distiluse-base-multilingual-cased-v1,63,"big, fact",935,,2.2032716,12.689435,0.3303908705711365,"(np.float64(0.17254901960784313), np.float64(0.6274509803921569), np.float64(0.17254901960784313), np.float64(1.0))","T63
0.33",True
